cell_id,dim1,dim2
W31105,1.178388665358363,0.5578238831948859
W31106,-5.741928824988054,-1.4480494917121676
W31107,8.413071097861122,6.877404245496903
W31108,-7.157015661308998,-5.23774950581487
W31109,7.8229177107535595,6.1837584699001145
W31110,-2.1630082218708484,-0.8433077492888773
W31111,3.6024272922898564,3.777056417954706
W31113,2.5131628030946773,-1.0371177523878852
W31114,2.4446385072806143,2.9764108798130815
W31115,8.006230591481701,1.308045329759797
W31116,3.1072529225266545,1.5004144900787408
W31117,-2.898553576565103,-0.4861023047894997
W31118,-5.0848451501115255,-0.22046278134913525
W31119,-2.439227757036363,0.4470941814117398
W31120,4.0133584661152,3.109095949518644
W31121,0.975085279717908,0.02763298947345656
W31122,6.02775635623069,5.331274655081482
W31123,4.715471412082266,3.3379801763274037
W31124,8.552034015812806,2.3649469764876767
W31125,-0.24898621353299968,7.691578761178283
W31126,3.0998834195796383,1.862106130778922
W31127,-2.405888367382481,1.0437811181288528
W31128,0.5690051294525679,2.5836765356763545
W31129,-1.4807721163480867,0.5651019820557515
W31130,-5.7220943766372985,-0.9320591862281677
W31131,-5.129634180536495,-3.5341974392846605
W31132,5.7083524456148895,-0.4935358270487092
W31133,-1.0115376436791919,-1.424484383468499
W31134,-1.76708327290873,-1.6867919471806285
W31136,5.083740111391178,5.366398055600471
W31137,4.443468516352354,3.994373156102552
W31138,5.051910396678007,6.514742158878342
W31139,4.080019017256228,-1.6117544020103403
W31140,3.933700256377843,5.787495326603707
W31141,-4.602417493576318,-0.18376539187726582
W31142,13.606336568120527,2.282859633191821
W31143,8.890856649189043,4.418504088278252
W31144,2.9894349118866486,2.3588515393687333
W31145,-3.519478154402511,-4.123791588948708
W31146,4.62310280686141,1.5744247073434119
W31147,5.495334726231596,1.0231817958422689
W31148,-5.668923288235825,-0.7201895796249552
W31150,-1.7819304450652382,-1.1130866961677799
W31151,8.92838599311402,7.366293052665496
W31152,-6.842585640758367,1.5489985316019377
W31153,4.3173978040198,3.6677975218352072
W31154,6.152673238673408,1.4759548895968382
W31155,-0.1220011091697657,-0.24077442494644172
W31156,6.002860994732907,1.6821246104142193
W31157,-1.3768886257511501,2.068913502205544
W31158,-3.965634207195757,-3.3373958749695665
W31159,3.2052063347504425,0.4970552271108749
W31160,-4.030062875054575,-0.6162625948413265
W31161,6.883743717986823,0.4006872968645502
W31162,4.08737216962415,0.7216191153364688
W31163,4.249191984958661,2.8448608819446135
W31164,-6.8373670722751765,1.3037396732646698
W31165,8.738236305746904,3.1826686573022114
W31166,-6.160473879639414,0.6914395170174561
W31167,8.649844813052944,3.150196750139258
W31168,-10.141897146466542,2.6394668734602535
W31169,-7.45828530018429,0.9098160919365142
W31170,-8.777313770445211,0.5317481232043022
W31171,0.7971404472250471,0.13711315522878467
W31172,1.6411092857944256,2.1402094093408928
W31173,0.6686387085822458,0.11401848590890647
W31174,-1.900682183295182,3.4718261239796795
W31175,-1.986617637319166,-0.9073269262975225
W31176,1.3579488367925694,1.2049506204760236
W31177,4.346477075117364,0.029617920736249144
W31178,3.651111933253392,-1.1556270126348556
W31179,-4.725373501509519,-3.6313757832247093
W31180,3.9975268473550023,1.22810471781076
W31181,-3.352825312433807,-5.853836941379347
W31182,-3.0643229473158384,-5.422572490982958
W31183,4.8328072003446945,5.4966674171328425
W31184,5.584093217849825,-0.4990843422026046
W31185,4.728834575120155,0.5306674715908313
W31186,-4.639103019943971,2.2527872342324637
W31187,-3.229048075306939,1.7034243738915658
W31188,-2.177583861481758,0.5904505456401342
W31189,-3.820976987269264,-2.5969303043570275
W31190,4.7141625832833025,-0.8804048852493651
W31191,1.697998505851076,0.8725704738176029
W31192,1.5093849955853342,0.40989094199387455
W31193,5.35756864093762,1.663709263290049
W31194,3.723824544153475,-0.5629244665213091
W31195,7.369412626364267,3.345421685844862
W31196,2.283461385047159,0.6629761968888682
W31197,-3.38276927714362,1.9652305700068367
W31198,5.83358305072168,0.8251520859697914
W31199,-1.2195109305102068,-0.7777230593312419
W31200,3.556758219942683,0.11213731244484496
W31201,1.4866660880821925,0.0016833678390292656
W31202,-5.939790087942721,-0.7363875499385866
W31203,-5.521730854565459,-2.2482393554492264
W31204,-1.8255408117732674,3.3985775716411113
W31205,5.166195265477154,0.9367023543218762
W31206,4.9397659028270855,6.518056468106021
W31207,-7.39608390260001,0.21948931259772492
W31209,13.46772647911209,2.9552441345890634
W31210,-5.7367606999023835,-0.8503733972160424
W31211,-6.5769225315516335,-0.9205027691433304
W31212,9.865748690796824,-2.878349623261115
W31213,3.249659960807882,-1.1067117945806364
W31214,7.060588217753543,-0.668219645791566
W31215,4.366777843150673,-1.1724553382755882
W31217,4.13736818263761,4.386552529006055
W31218,-7.106970424120556,0.15800840159997304
W31219,-1.3279610150262258,1.924010587162817
W31220,10.559079557279535,1.0912341466110889
W31221,0.2977981349878396,-0.31718321845626285
W31222,4.880937683222735,3.48150178526074
W31223,-0.007435144471835392,0.8000946348565814
W31224,0.6647747688298007,0.7375762343234435
W31225,5.621093459141359,1.245150857041259
W31226,-4.761786768804057,-7.94780039615534
W31228,-1.6421875876901055,-0.8959367462991353
W31229,3.4761293105831337,2.1246901069274684
W31230,3.088036229857485,0.5106678511302356
W31231,5.820967022616695,-1.1973003886942546
W31232,5.029754708907422,-0.6941198123021171
W31233,4.777419904730049,-0.75601532290392
W31234,5.1555302005183785,-0.2394529892674063
W31236,5.287415267785967,-2.2668380635411336
W31237,-7.520754553128224,1.7940401689680363
W31238,4.355179320036001,2.198962286874572
W31239,-6.6841096894044885,-1.3385342912466667
W31240,4.2899454483215145,2.460774344200153
W31241,5.371317778612868,2.130630747516283
W31242,-3.31151472039184,-3.9294970295866003
W31243,8.918467920745586,1.7368984019841127
W31244,-3.412811615294988,-3.5454482863223364
W31245,-3.0845311189015514,-2.8172004357686653
W31246,6.944247101606437,-0.7556518722626246
W31247,6.522161994392212,3.6924016534760375
W31248,4.303617827199593,4.274411659095935
W31249,-6.229044209770825,-0.565034557909979
W31250,4.783278352107519,-0.5702436711430706
W31251,-5.153423592867892,-7.617720527664946
W31252,-6.2283804345162626,0.5040758903144553
W31253,-3.5193979665405557,-3.3607097460862367
W31254,-7.6520186768291145,1.3440303895753418
W31255,5.6228881817826695,1.3852382586619778
W31256,-4.942066990972916,-2.514377245737764
W31257,1.5307299495869655,0.23324223936937888
W31259,-3.300728319221352,-0.21398864847209395
W31260,-3.4368901180604663,-3.460804962698995
W31262,4.062024483727923,-2.196176901721449
W31263,-2.616588758264784,-1.95016221853067
W31264,-3.1962338015587264,-2.471186125899676
W31265,-7.05561533306204,-0.7367555354291221
W31266,-4.905681165808274,-6.214988036824513
W31267,-1.7607268439781434,1.5521002200236493
W31268,-0.02108850854897835,-0.4674162274109739
W31269,3.6459444918059534,-2.2783104951757913
W31270,-3.2695226520926006,-3.380746160680935
W31271,9.461298275407215,-2.7428625218511895
W31272,-2.6357992249484017,-2.5068501899537106
W31273,-4.619228381644509,-2.354989886428768
W31274,-2.839881846878603,-0.028805304196208435
W31275,-5.431362492551728,-8.911856724031884
W31276,0.27770239660132606,2.290087876399406
W31277,2.7702640230978357,1.1009613810476682
W31278,-5.840278969431435,-0.1536762742527944
W31279,1.3143128691120207,0.5390594762823742
W31280,5.543406909453304,-0.863776376134224
W31281,-7.314410825688793,1.4475973535473692
W31282,-4.703341503624533,-2.1453727322014373
W31283,4.841969770357371,0.42651918153312796
W31284,5.125670034353269,-2.0000425279717193
W31285,-3.575755968037789,-3.03323392346424
W31286,-5.156571937026231,-3.6732169295940045
W31287,0.10324049210000459,2.4931578451092955
W31288,1.037791994811403,-0.4291003784942772
W31289,3.5123460581830117,-2.3882157713561125
W31290,-6.9229864603070626,-1.027265377285818
W31291,6.946385091458529,4.143750159391835
W31292,5.065272575885892,2.8721985137671195
W31293,-4.544732911073252,-2.716043970423494
W31294,5.820865532310947,-1.2217394268361716
W31295,-5.863353813900506,-0.8069503447298995
W31296,-5.636816469533338,-2.4582823832965475
W31297,0.47157797177056715,1.2004180202391983
W31298,6.218351662061891,3.790216793030835
W31299,-6.621336113676573,-4.056193058075409
W31300,0.17975120826504015,1.5787261169459241
W31301,-3.6905296812941097,-0.17945340851623506
W31302,7.327996275682749,5.084329818481372
W31303,2.1983734427630437,0.05142360139491555
W31305,-3.495242252167266,-2.377426382395578
W31306,-8.151399809894341,-4.851487838370636
W31307,-8.256341308650926,1.0174449619334123
W31309,5.004214074593545,2.1400135347474265
W31310,5.299173051691717,4.756096383428381
W31311,-3.3579195445267804,1.7747873233385476
W31312,-0.972297867498121,-1.9715887915941859
W31313,0.32323717727734946,-0.7781447690971832
W31314,1.503084096313435,0.9857597993022202
W31315,4.419609074916076,-0.5930965932094934
W31316,4.969045161776339,0.14633156423513408
W31317,6.371134187395793,5.69410586157716
W31318,8.78914702993392,5.948043835607682
W31319,-5.353966602493517,-2.267558250439083
W31321,2.6020307989290266,3.4713247692020195
W31322,3.946024289301983,3.904405249041035
W31323,3.9465108019430857,4.494130255818653
W31324,1.283953785200469,1.551842638162951
W31325,4.436854772727301,1.0535919613370395
W31326,4.7302857380092584,1.0861908693566327
W31327,-6.116904081443277,-1.6939800280151172
W31328,4.8094038318863515,3.7222289674514566
W31329,-5.537784814563631,-2.654573459703676
W31330,-6.002247319567038,-1.0158642333574714
W31331,1.7357522601587254,1.8591960042204814
W31332,-3.538532350042475,-5.404721373728224
W31333,4.92224656511243,0.4143650632775521
W31334,4.891579120224892,3.2045417913453718
W31335,-3.7332953107532685,-2.2947839814310402
W31336,-5.374202971612323,-2.9892062182454966
W31337,8.498321470293353,7.025224786552744
W31338,-5.374897672283609,-3.258146323747766
W31339,-7.849134277639298,0.5743287462741989
W31340,3.9247395446786433,4.350142624112305
W31341,-2.7729564200046415,-2.549704195297124
W31342,-5.43638836510881,-5.320248014851059
W31343,-10.115270935135086,2.61540967701763
W31345,5.4278880422501565,3.3977013884923744
W31346,4.075301978329369,3.780671007944963
W31347,-4.132970248681021,-0.9189391418743867
W31348,5.132670619955569,0.6422056432961415
W31349,2.5328342752169326,0.6618073859177999
W31350,-7.098836541896965,-6.8871886443400125
W31351,-8.58829329449654,1.159994957135413
W31353,7.84150698258541,1.8781470661219568
W31354,-3.659305544896316,2.0469274950582594
W31355,-5.0049617924376975,-1.9663224981011822
W31356,5.9049085926394955,2.3564964275635822
W31357,5.013839823554842,2.141584356945077
W31358,2.2454711986343483,0.2768874415446847
W31359,-5.86808904096162,1.1565633264188089
W31360,3.945591588325946,4.551845432448007
W31361,-4.384538565835688,-2.4284918822369983
W31362,-9.511417132255824,3.599598356153761
W31363,-4.248775585268385,-2.4804736481575507
W31364,1.3853854654091642,1.421398168062197
W31365,-3.2021295868919166,1.3280975156401522
W31366,-2.7950607423793103,-2.5457965335465933
W31367,-7.7963619411677865,0.6098039021823928
W31368,6.052388103376241,5.313419316418913
W31369,5.973151011277287,-1.3370284705898703
W31370,6.791821823854252,0.4770834177744289
W31371,-2.99993894345496,-1.5281771450256398
W31372,8.82397398736384,1.5597249020954735
W31373,-1.8403802228435444,-2.1168895671234322
W31374,5.650558346921879,1.6415277335548695
W31375,4.356725384140012,2.9376988383727247
W31376,-2.474471697578279,0.6439631945575539
W31377,0.050889086778289974,-0.018272577459634738
W31378,4.808639632876267,-0.8836452995281131
W31379,-0.4045634524259493,1.5254456493401853
W31380,5.7638337959541905,-1.8490516409789914
W31381,-7.859581013340049,1.5140125609363984
W31382,5.201900120488183,6.13368186951844
W31383,-1.8134581159871217,1.3076552906134635
W31386,-4.215815712464511,-3.6302998715251467
W31387,5.867565808978733,-0.6035349656897956
W31388,-1.7669636006460612,0.5283920447145061
W31389,5.541478435993104,2.4097535503832725
W31390,6.02110079562251,-1.9323528048108334
W31391,5.708250963613799,-1.095201722044826
W31392,-3.73557212392123,-1.12940077128418
W31393,-3.6188435259427463,1.7919053306495574
W31394,6.051691663478965,0.4133803812709877
W31395,-6.420889066981127,-1.8781716602737297
W31396,-4.449609106630007,-6.015144125368723
W31397,-0.49260817956851144,-0.39730641956494955
W31398,-5.45138021447266,-1.3744128971855833
W31399,-4.7932679075108995,-1.970485424188263
W31401,5.032600016388793,3.4079760801198624
W31402,-4.332566637619735,0.2917191101498685
W31403,-3.172103194222558,1.6841908399935899
W31405,-2.63815677978892,-2.8890153450229707
W31406,5.3386644884311405,-1.5481431882471763
W31407,0.3103484314478004,1.6334182694694894
W31409,-6.028259767976907,-0.5089572772828082
W31410,5.088386651090572,1.9443704683873688
W31411,-5.350546033691816,-2.228530352213137
W31413,3.495532519796718,4.9124895265772075
W31414,3.8416737188629226,2.1415704771263324
W31415,4.7930503909075615,-1.5310874406750046
W31416,4.459928078402781,0.12716841382390795
W31418,4.653622784153739,1.395187307691478
W31419,4.188017056920145,-2.1660326176767315
W31420,12.16196974914021,2.1663964590792113
W31421,-3.840642174128633,-5.323147402584367
W31422,-7.852955511473331,-0.3573171315017837
W31423,5.7011309956302165,0.11775670880534207
W31424,4.970778682263183,-2.549553783041638
W31425,-4.660518061423393,-5.011186328269829
W31426,4.430409860335754,2.9032114717679556
W31427,7.799398536153056,-2.0641629678736217
W31428,4.975603037101261,1.4499572571307744
W31429,11.200032202669234,2.0514028606184667
W31430,0.9117160617147073,1.0675498273149766
W31431,6.3765040464027045,-0.37427112034758897
W31432,-4.079818172498213,-1.6274632281491055
W31433,0.35843447961096764,3.833833238309586
W31434,5.872219467894496,-0.12926371819139512
W31436,-6.233889297333296,-1.0370135396225648
W31437,1.8500981176976414,-0.22611344895346913
W31439,-0.9897776071281233,2.5308163434576985
W31440,7.899233525748855,5.7145296015273646
W31441,6.03068567369181,-0.19882263199903774
W31442,5.923041548671253,0.022551069202470294
W31443,-0.39938666155432284,-0.208871401538388
W31444,4.975304527914688,-0.8898735173115483
W31445,-3.8682936865344253,-0.253379759296808
W31446,4.524039955908141,0.16985788548766856
W31447,4.980878069884407,-1.1596039791700987
W31448,-4.793694971957975,-2.0063162270897164
W31451,-3.7933712974201725,-1.655909397238605
W31452,7.979162948463609,2.3697704766723438
W31453,3.1688815880448646,-0.5633851990978084
W31454,-3.288377620406115,-3.094219908205731
W31455,10.574387543087354,1.4267849325887618
W31456,4.642630202706245,-1.043687199847883
W31457,-0.7016055785109024,-1.0541816723495723
W31458,-0.33106086440397925,2.716525787307677
W31459,-3.1860028473064523,0.8285827110642743
W31460,-6.106660719793289,-1.5809481343853724
W31461,5.753083800416135,-0.1702388854472515
W31462,4.132557467600052,-2.307862010989234
W31463,9.520306379358859,-1.718150297044699
W31464,-8.490266899007558,1.2496831338077987
W31465,-6.90349691566022,-0.3258603810729233
W31466,-6.510263025419799,-2.0992870233650014
W31467,6.168636268122527,0.002662053159175964
W31468,-3.5175779514809506,-0.38008168537898934
W31469,-3.965564165143613,-6.186091940815712
W31470,4.441568032397052,1.9409863232369993
W31471,-9.043401707549146,3.2385456897464615
W31472,-3.712257229105503,-6.571807607532695
W31473,-4.750426706840164,-2.6992583122889937
W31474,-5.566476905885999,-8.432742514163662
W31475,-8.272156107484742,-0.06922852240582067
W31476,-0.4257865403098845,8.713700386261719
W31477,-1.311097558116866,0.8671738171904744
W31478,-5.420056273758738,-3.0258295265739332
W31479,4.992656203790225,-1.938139579811524
W31480,1.6748217525398874,-0.6901667281029684
W31481,6.2286274791562,0.03386777912929965
W31483,-3.3996718544357183,-1.8572173722500054
W31484,-8.682855890176125,1.3588160011777337
W31485,5.005088099670785,-0.7436462962698469
W31486,3.8044104267410113,-1.5645268286470346
W31487,-7.103941761457603,0.5135527768489299
W31489,-7.454977445418245,0.6269867765790681
W31491,-1.8966836341643512,1.486671399725216
W31492,4.25925356438444,1.6835979858002652
W31493,-2.2173668323582403,-1.0398446772399557
W31494,-4.773459108333707,-2.1631626508428314
W31495,-0.3219557429800083,0.7834210293480646
W31497,1.3173009622851533,0.3279022565167709
W31498,-2.019089259113485,2.8712333452536027
W31499,3.01859521406355,2.6345464912185093
W31500,5.737963477288754,1.5466894520378278
W31501,-7.011597211626256,-0.26814915817897916
W31502,-2.487211091196924,1.0270058494216887
W31503,-3.7905151747654573,-3.005931076858387
W31504,-7.656227782349446,-4.400945996752796
W31505,1.1800941751576608,-0.28064461235901417
W31506,1.863584772464954,0.5111564983184529
W31507,2.104514442773746,1.4929500232365776
W31508,5.838584707103316,-1.114056516036035
W31509,-6.3943986861254825,-1.476101646137736
W31510,-7.125618490949137,0.6586513372924522
W31511,-2.1551471407381437,0.4340162827885034
W31512,1.0324076919539518,1.411260844311988
W31513,5.159181141165059,6.111830901845727
W31514,0.7826058049711898,0.5572014038845455
W31515,-4.743320241669744,1.9312680384782301
W31516,8.977669478351022,1.8356092075927917
W31517,-4.202639357790196,-2.1574628029095657
W31518,-8.755070172954714,1.6351901004416656
W31519,-1.312414679998309,-1.3522823979004814
W31520,-1.8824454179732588,1.3156259324314503
W31521,3.1211852509765228,4.7287841027525035
W31522,-5.5525983021367376,1.064974833683425
W31523,7.658767405124054,2.150510074562675
W31524,-4.735305834041754,-1.2008729984116777
W31525,6.797903901949334,0.9177184648720221
W31526,0.23256970393824125,-0.3678769403036287
W31527,1.3975425379722681,0.5946696327905145
W31528,-4.161408949529835,0.25502149557484705
W31529,3.0745951512474434,2.850852399745194
W31530,-5.684699079918186,-2.193909057185478
W31532,-3.9919883673505727,-4.526989559131824
W31533,-1.5896154667508182,0.6970845207036527
W31534,-0.23543432069355572,7.520011458458247
W31535,-1.7582097369555676,0.17665998225912405
W31536,5.899766208228374,0.3287721206173941
W31537,-4.635914738815412,-0.3505888038762335
W31538,-7.903378406885554,0.0630151769855134
W31539,-4.500579024956686,-1.1239522641759194
W31540,-6.852747208890556,-1.613989264371844
W31541,5.813003807395689,-0.7011011557670669
W31542,-7.047740676506941,0.4390624601374801
W31543,5.329940447142668,-2.039063797439564
W31544,-6.954040842275282,0.06273076489189883
W31545,-2.8685234190554914,-1.1485585199281318
W31546,-7.116546402833262,-8.73230830204314
W31548,-1.7819960230690834,0.8702561962013182
W31549,-7.038484465397028,1.1504625919481428
W31550,8.42812969197701,3.444259902819966
W31551,5.998084610611945,-1.3263767823718138
W31552,-3.3423293236325047,-1.8376846519183043
W31553,0.41930971540398054,-0.7548873461973838
W31554,4.198372489567259,-1.7654199504384107
W31555,2.9947733148047164,-0.8319750869616567
W31556,-4.792784222174035,-1.03821476626006
W31558,-3.029218997511373,-1.6779323324708337
W31559,-7.800591512495633,0.645135572281449
W31560,1.5491331136048183,0.08213241958549371
W31562,-2.0015402167953824,-1.487693240041382
W31563,4.108172224632391,2.623029408878731
W31564,-3.2087367185233933,-2.7580068956886383
W31565,5.210538858295857,-0.47877653637772954
W31566,-4.839345053527425,-3.130298252302836
W31567,-6.932506308276725,-0.2242473605835598
W31568,-5.379741139182581,-2.644798025088972
W31569,0.9358163762647365,0.180188686172278
W31570,1.68616737458899,0.4895209432575868
W31571,-3.7857531749422355,-5.959834457838097
W31572,5.010552886394759,-1.4348621230785574
W31573,3.8236529887270865,-1.434675366413378
W31575,1.1485100177397163,0.526792931084661
W31576,5.0990707024420265,-1.0652321250003831
W31577,-4.560757017591275,-5.357461770737911
W31578,8.42068877840972,1.2118898469486536
W31580,-3.213718706262065,-0.9793988672914686
W31581,-1.9016179189040239,1.2014310499661973
W31583,0.3882147674080651,1.0634848797811185
W31586,5.142631911521025,6.400411952309852
W31587,0.2062926000901643,1.6481395414431859
W31588,-6.0202073632279465,-5.792015371598249
W31590,-7.114822709231649,1.8396761949141716
W31591,-5.591549801948336,-0.9263661148210842
W31593,4.676221608282915,6.215571504475963
W31594,5.074867638717329,1.0130405839357732
W31595,-4.549616489628546,-4.656403619574052
W31596,-6.017280209631531,-8.230902292585805
W31597,-8.287818816584837,0.5616274404115925
W31598,4.626369916357475,1.5104920072796602
W31599,-3.102064909984836,-5.081649495126765
W31600,-1.5458913281079334,-0.6552362788474269
W31601,-3.4704194891815088,-3.758405822075839
W31602,-5.054010027603542,0.2825993736311156
W31603,-3.581964403581263,-5.254443739320126
W31604,1.7601846528847653,0.49476140115091993
W31605,3.4225021393502275,1.6838308636425126
W31606,-5.9766125791212605,-1.6830690152294994
W31607,0.06112941724880648,1.1734419758538512
W31608,-6.837185459925954,1.3896525397292012
W31609,-7.421360397670915,-5.208490025331923
W31611,-5.333149157230449,0.8526791666455732
W31613,3.1646652256211594,0.509724831626135
W31614,1.3816472972972824,0.25522037060831065
W31615,-1.2980536527151931,0.8182571937309114
W31617,-3.734170518871455,-6.2718162225505365
W31618,7.150859372663368,-0.590817434652015
W31620,-3.4255226277237165,-0.010867009946441445
W31621,-1.6055014697723466,-0.12402850484109712
W31622,-4.345166801047948,-2.8559924032366126
W31623,-7.49717621677469,-1.0728286524058621
W31624,-3.573646492730886,-3.0956789933509326
W31625,-4.18224180288704,-4.565337325532038
W31626,3.8901726845850497,-0.443658623253126
W31628,-3.919722813609317,-6.717878490086639
W31629,3.4488062829263333,-1.2723794039254184
W31630,-6.014234859224735,-1.1176504428576166
W31631,-7.289777559552184,1.3726943321628227
W31632,-5.085440481475997,-6.5644403800803035
W31634,7.578498319412191,-0.017793708464204895
W31635,6.622037274195637,-0.766812644178685
W31636,6.859545388277009,0.08549945061577441
W31638,-6.432541643597251,0.08971461738306864
W31639,-5.162786972873409,1.724341805121699
W31640,4.724497976832141,-0.045518943176354465
W31641,5.065349507080386,-0.8143791693044558
W31642,0.38531921731470703,0.38963949290630834
W31644,-5.814448942364589,-0.745788867686509
W31645,1.3429756488160305,0.3842887972975259
W31646,-3.903340806412696,-1.9207741232810949
W31648,-4.591498216723671,-7.681937896465267
W31649,8.304764220538942,2.7329487553019645
W31650,5.729050419129556,-1.567166239036301
W31651,0.10362126520618888,0.3332505271651824
W31652,-0.2643687405517126,7.464875471521027
W31653,6.5028652004146865,-0.4418523648325022
W31654,4.018654421052913,-1.853446807640227
W31655,-9.4950129040638,3.235986640677458
W31656,-7.457757048757531,1.0355810909091114
W31657,-2.326152499899024,-0.09103104792172298
W31658,1.0573227881277716,1.303455251299135
W31659,1.3021680721673736,-0.1686706596365755
W31660,-6.628843658807288,0.11412227406772123
W31661,1.5903056697416478,0.4824041757782793
W31662,5.109815067633511,-1.7814835953924077
W31663,-7.158581668460202,-9.173110345837433
W31664,-7.943959307417781,-1.0172946838291153
W31665,-6.452304068135228,0.41106837027465165
W31666,5.040514693842645,1.386343664192534
W31667,-5.49910852547072,-1.8026602034473205
W31668,3.473127084276809,-1.6699879043356265
W31669,-0.20177859690465857,0.49200682535779566
W31670,-0.3116818072513841,3.2774837687790073
W31674,-2.4128724834411237,-2.033559443564323
W31676,3.9689158803707976,2.885865201195309
W31678,-4.81965431923112,-2.894516614418448
W31681,-1.7138840952869514,-0.31545453240178695
W31682,-0.9215793361504099,1.3385377758626387
W31683,-7.805205300030452,-5.496961701470907
W31684,-3.493101568640608,2.1495955005993084
W31685,0.47505321301754316,0.41668829668980123
W31686,-3.9384425442524393,-5.841798163986632
W31687,-7.302588275079049,1.2578961241116695
W31689,3.6688859600160217,4.767996428986387
W31690,-6.007347611221123,-8.208553377685345
W31691,4.551627585451266,1.8632067750321968
W31692,2.8179718092643578,0.0927745923268136
W31693,-0.1769245932397772,8.57770936729972
W31695,4.820882428321702,0.6228721705248265
W31696,-7.174257534291907,0.39386852129753064
W31697,-1.1498671212020792,1.8451011587461879
W31698,3.3039252491099953,4.9302980665303915
W31699,5.990188617667514,1.7949264969096133
W31700,9.25527517521628,1.1144689128552145
W31701,-5.7881535265762905,-8.74098423669861
W31702,-7.802253336833097,-0.052071651613735837
W31703,-5.359173607800271,-8.153699883720181
W31704,1.427940703300745,1.009848324309348
W31705,-6.433806180558541,-2.7155830020904843
W31706,4.323311727708471,-1.041253593884289
W31707,-6.831060123285636,-0.04510963050199899
W31708,-3.707742168629444,-1.6412372066796723
W31711,-3.6990971085027238,-3.780172032013211
W31712,-1.077851173337138,0.9447525741714509
W31713,-3.1905222625377236,-2.9457037515022986
W31714,-4.469769303600476,0.9846319039863753
W31715,-3.937029434598085,1.512941322488393
W31716,-5.345607259094034,-0.243388752420668
W31717,9.64698628509056,0.6714239311713597
W31718,5.069564847516139,-0.30328623435379903
W31719,4.369274314375376,-2.4144854627305348
W31720,0.7666209778955863,-0.4115640409628461
W31721,-5.825978869105606,-3.8177872035277782
W31722,-1.6242202961283425,2.171045985601033
W31723,1.748032122267843,-0.14318731245143493
W31724,-2.068786941247939,-1.1715018363191712
W31725,1.097191719157799,-0.34116522273981975
W31726,-5.995182579680565,-1.5621660481585173
W31727,-2.9400341633498623,2.019373968879088
W31728,6.490829820643159,0.07948177770898303
W31729,-6.689907931031263,-4.252969281317749
W31730,-5.259033691643319,-2.7301326353121813
W31731,1.3815552603992582,-0.3455095405565017
W31732,-1.5115893368827167,0.7853090768453105
W31733,-7.600715633517007,-1.0033409670167568
W31734,-4.534643344087702,-1.6086674246039585
W31735,5.381141810154317,0.5954211084240871
W31736,3.6871538291354122,0.3619089125301971
W31737,-3.5054458952945318,0.5494054122813411
W31738,-2.7083120322816403,-1.9158052558114493
W31739,-4.735457854523286,-5.273439170380195
W31740,-5.450660582428132,-9.107431222376007
W31741,-1.8394318184715583,1.3570010779193595
W31742,11.988924339136243,2.0242803876024684
W31743,-6.536041959281932,-2.0489942132659444
W31744,-0.8777722451348239,-1.4566520601556698
W31745,-1.9772263783452166,3.6916466060023763
W31746,0.7866839153646928,-1.3875990876734141
W31748,-5.919856502955128,-8.250686567687222
W31749,-0.5017154745938247,0.4886196577402255
W31750,-7.652035512778302,1.8968643135590137
W31751,-4.914823174481272,-8.252508107079372
W31752,0.9726371037631639,-0.22409318699406058
W31755,5.052355643788917,-0.7575832684020735
W31756,-1.6569947413117248,0.9897737318623246
W31758,-5.42890502631285,0.04964696590326157
W31760,-5.138267792162389,-3.1293868700781156
W31761,4.540263594959706,-1.158456074233933
W31762,-5.583090858531298,0.912882890780399
W31764,-7.692638224921654,-0.17341663310320263
W31765,-6.723432856093151,-0.3540452359705597
W31767,-2.592435740070317,-2.2650460740396565
W31768,3.0244479291989603,3.0272037932376925
W31771,-0.5252421114168749,0.8189295454536575
W31773,-1.5677792104917174,-0.031204723155102476
W31775,12.291097241795278,2.345747563328022
W31777,3.9823530359732016,3.054166609057699
W31778,1.383224548452244,0.75910065240037
W31779,1.6921548531006985,0.4541683374830634
W31780,7.120966763542392,0.8767424965246362
W31781,8.696152955198928,2.0844861873745604
W31782,-7.313964750380088,1.0629542621970423
W31783,3.0086713421097793,1.6186903399518908
W31785,-5.983317129065931,-7.170760362100591
W31786,6.535700905623759,0.6300250506338423
W31787,-1.5775694113235388,-0.1530558424002583
W31788,3.3682855056448457,-0.8043691250664876
W31789,-4.776960526071096,-0.5283193758107332
W31791,-1.6446785132704593,2.7542021935851264
W31792,-2.319326220526358,0.9098884901007684
W31793,-1.6882051805913525,-1.8495358913995972
W31794,-3.3781795872378786,0.7369727391110654
W31795,1.682501451361289,1.3222966375940788
W31796,1.4875549422166825,-0.11751114499897637
W31797,3.799253885247748,-0.7173917910252353
W31798,-7.957863061774617,0.2877624364365717
W31799,-6.676449821812138,0.10106678224589524
W31801,-7.4958577651885,0.2957468616613323
W31802,-6.678990330454386,0.4622983289453771
W31803,5.1975743937027765,0.45361843629323123
W31804,-6.332105987674012,-0.2726581879898435
W31805,1.0652322659763942,-0.1911573321061214
W31806,5.521116480664523,2.5301572779534798
W31807,-3.5881503300044724,-0.6993906630558566
W31808,-2.9435488964608774,-4.29197788568853
W31809,-5.724922634299429,-0.08075932172249102
W31811,-3.87534801915366,1.515740702208391
W31812,-3.0580615407779717,-0.9989089941140946
W31813,-5.490416243579059,-1.3301837792669189
W31814,4.969107934553966,0.18498764093666598
W31816,-2.4922358585566147,-0.20946152138245908
W31817,-6.968904527718182,-0.8805975256362188
W31818,6.64847054845282,-0.05907458168865204
W31819,6.9878599591904145,-0.21175697943045124
W31820,-5.3834424519103115,-7.304716332569447
W31821,-5.612372651135396,-0.685271798401344
W31822,-1.2697580114089926,1.060520669201313
W31823,-3.7299427158613256,-5.698698152005093
W31824,-7.62291102682213,0.7861217023820631
W31825,-5.039171678741188,1.5845206933946754
W31826,-3.811201036792804,-3.823660264682434
W31827,4.762765257529905,-2.5674286867239138
W31828,-4.916959480387478,-2.170149280312873
W31829,-0.1319568625376861,-0.24803764525553634
W31830,-1.7671956887029177,2.436549942472664
W31831,5.423110012676966,0.03697104574801637
W31832,7.501448478583138,2.267115233336484
W31834,7.057266747144406,-0.6483818825109509
W31835,4.356845785271141,-1.8817657923311546
W31836,-5.382088752292731,1.9006971560235597
W31837,-3.2902985816566392,-2.9944467744360432
W31838,4.833353220302264,-1.0790704747891702
W31839,5.637201453821673,0.6578699055717063
W31840,-6.125291134060144,-7.6047887452511835
W31841,0.6136581428298866,0.41635962158629547
W31842,-3.9202063453177494,-2.3689976180647103
W31845,-6.858202698828016,0.5138305375003165
W31846,6.21557259186558,-1.38926289998233
W31847,3.622569282641524,-1.9217870032121835
W31849,8.570372774607042,1.589215498401967
W31850,4.739862758670499,-0.687019644944943
W31851,6.058792627722485,-1.241456346468806
W31854,-1.6169071604062333,-1.3799167317404826
W31855,4.79578315956549,-0.4747047352783478
W31856,-4.076243164350373,-1.2717482128073074
W31857,-6.659301102835666,-0.0580571326485016
W31858,5.601294571500834,0.2512644249256869
W31859,-0.5137660046384446,-0.778633734604157
W31860,-2.9765750131813293,0.2291270635097683
W31861,-4.406184402104082,-3.264438193839174
W31864,-5.276122762435919,-1.1066884899110097
W31865,-6.9710700369409135,1.212673848913338
W31866,-8.100920593448913,1.5001799671960092
W31868,-3.7918631890385073,-0.5677662053743651
W31870,-2.5821167207976568,2.4421518931291732
W31871,-4.524814266980125,-3.8385199267724635
W31872,-8.349593949271176,0.6246040179780032
W36865,0.5726446872333539,0.4413224814045226
W36866,-2.7753888531390185,-2.218108780394599
W36867,0.3433357356467475,1.4159935625794167
W36868,-7.2819789008401745,1.4694782468287682
W36869,12.235847759458945,3.4562099607215937
W36871,5.13632132179637,6.701805215834841
W36873,-8.212419697543663,1.1554402750837887
W36874,-7.19545984196835,0.9686146225659005
W36875,-5.386261940823757,-6.365513392009281
W36876,6.878340495535605,1.1531378614231753
W36877,-3.0435761330853177,-1.28821880530499
W36878,5.581061770220416,3.3721375490074332
W36879,-6.226837798653648,-1.2636281408877201
W36881,5.243212674465408,2.392048546848788
W36882,3.043310683812562,-2.0252971552461942
W36883,6.705920918028108,2.0813814680278906
W36885,-3.78791307067118,-3.4613903387144043
W36886,-2.4081098805282677,-1.6511668974959774
W36887,0.5175661468332134,0.8328109199507007
W36889,8.742521868920761,0.9004459360982624
W36890,-0.190758122217902,7.399505762203198
W36891,-8.504591922370166,-0.13353875635691492
W36892,-8.746135560200724,1.079061693085941
W36893,0.055050853084301056,4.116707366861614
W36894,4.432378563724085,2.0937957211807947
W36895,-3.0905989878790976,-2.2969445314645593
W36897,8.100761185800554,2.1309246302330127
W36898,3.543895736852112,5.7351683868289784
W36899,-1.7212711387576203,1.076911223061443
W36900,4.23444869184621,2.368343868893699
W36901,5.239229959462578,2.774945025716386
W36902,4.684597160295696,0.8235263663226219
W36903,-6.68750344200106,-0.4540716487443634
W36905,6.311199633459049,3.629987905332204
W36906,7.51169644528855,5.5995724748817635
W36907,-4.169975007405264,-2.5171745083959425
W36908,-4.194039064039892,-3.6970548802903385
W36909,0.8615329601442238,0.5848722312388036
W36910,-7.06403424541247,-6.448238636482758
W36911,-4.995042997452447,-6.173042770381526
W36912,-3.1319188767400843,0.21179485943574686
W36913,5.552884868303216,2.846503578551561
W36914,-5.253673014731747,-0.6682121915583075
W36915,-1.1367610217217528,2.3926992027104164
W36916,-3.2849739183050732,-3.0551377335894156
W36917,-5.999182511662955,-2.08982449449555
W36918,-2.7375636647119235,-2.7310162800004725
W36919,5.183336145000877,0.3961835824460248
W36920,-4.936805719162216,-1.1485467995584995
W36921,-3.689705855610307,-6.072624255297151
W36922,4.257624391321143,-1.5896591544270078
W36923,5.838914486510943,3.290578327323821
W36924,-6.323502068735927,1.18748386682191
W36925,-7.206803583894266,0.40714427794587404
W36926,-3.739804425978407,-0.026267151109094486
W36927,3.6271205783577654,-0.300604334074591
W36928,-3.170089956740798,-0.5279445080457693
W36929,0.9010653780715739,0.7813601883863949
W36930,-4.117459417643591,-3.966461005547193
W36931,0.78978592400371,0.4257939651340983
W36932,-5.042037971118015,-6.625459331475665
W36933,-4.405787202530479,-3.494541086184392
W36934,-3.415859370277043,-0.7606920547835254
W36935,3.1633681975805445,0.4926064758950035
W36936,-7.4620808004119095,0.19699842839656942
W36939,-3.168311152192806,-3.262329872148706
W36940,-4.7707943792116305,-5.672918869729035
W36941,-5.835808829893434,-1.0084130587833913
W36942,-6.688092266054866,-0.5068730809685582
W36943,5.88874086909233,-0.07601168588444908
W36944,1.7317229310125546,0.8676742363216255
W36945,0.828256834624408,0.2734097030095545
W36946,-3.741105568036578,-0.8026883772430526
W36947,-5.2318075913142925,-1.9298138554989606
W36948,-4.39051629078038,-6.346719663994377
W36949,7.212061135060618,3.5574797445575266
W36950,9.110904869776359,1.7623504758080129
W36951,6.884028020289184,-0.43559571516593965
W36952,6.211905057603299,1.5174763999465164
W36953,4.799090788931029,-1.6953854256199947
W36954,9.638350384206579,1.073903439510041
W36955,-3.9082102051062577,2.184119685164564
W36956,-5.09690651053407,-1.7473034637567775
W36957,-6.442032781991508,-1.0388025787104094
W36958,-6.750743077197165,-6.612517434483218
W36959,7.914479912904629,1.4553390713723497
W36960,3.374411902467623,3.1023287019019055
W36961,-4.565318032909295,-2.4214227548753886
W36962,-6.759399267751685,-1.4095406903797048
W36963,-3.0008119100682986,-3.419475646982561
W36964,-7.620364693901307,0.43906575153164557
W36966,-2.9613029939507225,-2.942862697219322
W36967,12.689468331303717,3.248068478826677
W36969,-0.8704082528433397,8.92808136319116
W36970,-4.104529295462171,-6.453335667919614
W36971,-8.189918033597245,0.732232039244646
W36972,-2.2311914925619574,-0.33336972964259015
W36973,-3.079534989059527,0.41926164898349116
W36974,4.1321551674395955,0.7435836751388489
W36975,-5.277490673300087,-3.7117846966630172
W36976,2.52212502808989,0.04290107037806866
W36978,8.18253078158265,1.8748589430468998
W36979,-4.653903703869823,-0.7900470515330813
W36980,-3.566664084957964,-1.0232672052205831
W36981,-0.33696082795917653,5.76571289954719
W36982,-2.564680890360856,-1.1207509904001238
W36983,4.594180815342485,-0.1049954229588856
W36984,-4.468183137076466,0.16989448862021303
W36985,5.917233781687285,-0.1306517940310828
W36987,-1.1855195496625746,1.851475286004527
W36990,-5.5362930266079555,-2.4652407311985476
W36991,-3.8692563109708753,0.8892423154776629
W36992,5.1355545930920785,5.637511229006608
W36993,8.008769287422894,0.9213010792551578
W36994,-3.9528107694706534,-6.767107669595529
W36995,9.029781486056867,0.14498210991869506
W36996,4.785106255250806,-1.9528822447058767
W36997,7.551966995562274,1.110557141659502
W36998,2.9328324785358904,-1.9964782549066102
W36999,-0.7688605860281666,3.4631500610009582
W37000,-6.329494826019939,0.9982772833587098
W37001,-4.594130016156156,0.7036530813337801
W37003,-1.2837273226685293,1.615533130516199
W37004,-4.94740952655136,-6.888311153961498
W37005,-4.062621590591166,0.9858010163470103
W37006,2.3230143603591302,0.7148278347725422
W37008,5.274677003388164,3.096317440885066
W37009,-4.435001926011002,-1.8224248755623729
W37010,1.5802295741092705,0.23553681197012657
W37011,9.93039390184,-2.3866178875920596
W37012,-3.8050054739722823,-3.072219476615518
W37013,-5.194118276944266,-6.649768184037513
W37014,7.4984312207233055,1.834927950744272
W37015,-2.7821538638204233,-0.872612415702045
W37016,-2.828027979871844,-2.404351340163393
W37017,4.1063672898374755,1.1738355830068143
W37018,10.110570091833628,1.0841889764796888
W37019,6.157073812925051,0.993430687365709
W37020,7.926233267064538,0.3215663097034715
W37022,-0.3863410686718183,2.0806608727718565
W37023,5.371959104779882,0.28433990066632425
W37024,4.6254441890295,3.240905686791624
W37025,-8.015764187350065,-0.0027193264982342804
W37026,-2.233697434482011,-1.2047387369365838
W37027,5.177072979396042,-1.1370366080302534
W37028,-6.327811447579762,-1.4078094633489038
W37029,0.33509838746663495,-0.017425807708845668
W37030,4.7747584759838535,1.4370843961516224
W37031,4.744853325703413,1.4871859325149537
W37032,-6.721183494847898,0.6196440326394675
W37034,-0.9608769329757509,9.105919921097989
W37035,1.091705515144165,0.44753956783519744
W37036,6.6501289574420275,-0.40368357092370394
W37037,3.1934655662778733,0.0006666687402175023
W37039,5.639189250046861,0.22882232410581838
W37040,-4.074290980618441,-3.2734226221400555
W37041,5.783765874713499,0.6013942335777211
W37042,8.287677465434433,-0.8795421108719328
W37043,-3.2175080236764435,-3.2208682061097456
W37044,-2.7887634257761897,-3.2852269207871516
W37045,-3.031596876478615,-0.838431709613367
W37046,-7.084052086640027,-0.842979257423621
W37047,-6.513688466295444,-1.8591317683530835
W37048,-5.145193299439281,-1.9893082119480525
W37049,4.95879936812635,-1.8049907973437245
W37050,1.1493549974388726,-0.176423465046404
W37051,5.191777788830627,2.005964150685572
W37052,4.114691154447537,2.6410956258424356
W37053,0.7465835742946448,0.44075473044022717
W37054,12.087473978216755,2.3594385832831613
W37055,-8.498139883814204,-0.8063282147915737
W37056,5.9885426482389965,0.46368048215741325
W37057,-3.199676279666324,-3.5069680847948628
W37058,-6.0390726829797385,-2.464653912712912
W37059,4.532025816070401,-2.168980283970043
W37060,-6.671400942727704,-1.6285875654295998
W37061,2.819991288550036,-0.7340011541419071
W37063,-3.000783674011956,0.33140831945159355
W37065,9.631477745152386,7.9026807822591225
W37066,2.7713829702611417,-0.014488700964046582
W37067,8.353514857117228,1.8448813476999981
W37068,3.295016926398913,5.53679577993404
W37069,-7.495709216854003,0.8828201959809849
W37070,-1.8770859437586869,1.8646630858584674
W37072,0.39474318654103235,1.2895245724564932
W37073,-5.547092942377079,-3.094997639642084
W37074,-2.7256680941564224,-1.2638159991787419
W37075,-8.05660919519481,0.6185230655816512
W37077,-2.625484640529299,1.3175114222311965
W37078,-1.50053439771741,-0.3162384761726803
W37079,4.483296811736924,-1.7881960670595398
W37080,-3.619148614242921,-7.270797559724631
W37081,-6.779542326628136,-1.0532556388263803
W37082,-4.0964234171212235,-3.5848891123757545
W37083,4.219470370704376,1.7346104324844938
W37084,4.5598946625924155,2.496435161040903
W37085,-2.8633582587514628,-1.788849531405411
W37086,2.7922419001000116,-0.38269416179154053
W37087,5.563037631350041,-1.4718571552244468
W37088,4.816860973676659,3.7523942129150347
W37089,-3.90716385922072,-6.129188267277577
W37090,-0.1592708928877353,0.7029123046930198
W37091,-2.121391756505974,0.777408597895713
W37092,0.537639590588569,0.49104542398192036
W37093,0.399594872012839,0.19846592793305742
W37094,-4.620717645623776,-4.885832866099553
W37095,1.3936100768081539,1.3300249799009698
W37096,-4.303678504916838,-1.6380726486653905
W37097,-2.7662473416665176,-0.6321062259553304
W37098,-5.533924782615242,-1.0826629139449249
W37099,7.116931511312211,2.3805938638768933
W37100,-4.8407482790834875,-6.313223854437421
W37101,-2.387945457357091,0.09948251325673256
W37102,-7.2652338787294815,0.38018935868497516
W37103,9.275679864686571,5.044146578343803
W37104,-4.392396827308911,-2.4674297874698206
W37105,-4.719079563107752,-7.760134357417593
W37106,6.400747182505718,1.4291660812260452
W37107,-4.027168024955764,-0.6403512759533251
W37108,1.583805797089928,0.0014108173644688002
W37109,1.0170045762411475,0.15522350538577526
W37110,6.418477870465367,-1.5328582454758404
W37111,-5.602310812502317,-2.339511656803517
W37112,5.864946928423436,0.4153050633394882
W37113,5.074137561916242,0.11851359189782817
W37114,-5.56338224657341,0.6375840969932627
W37115,1.4337228638808222,0.19225449706533812
W37116,-7.1703573199748725,-0.3214381814263502
W37117,-3.261776659727272,0.04960250846377027
W37118,-3.221194822927575,0.28461387827786855
W37119,6.488416364260625,0.15283443397055543
W37120,6.3776630863662715,0.9274277225187219
W37121,7.041288677089362,1.625951019731305
W37122,-8.08390256246731,0.43045659788289026
W37123,-4.298932344947875,-4.761703863127174
W37124,-3.956090445297632,-1.0974587076301654
W37125,9.181781557195237,2.4034347289923303
W37127,8.656580376426984,1.64882233932672
W37128,-2.970521168264948,-1.3848047671703307
W37130,4.040616240758009,0.469183959435985
W37131,4.416056031656896,1.5662288596774028
W37132,-4.6907637944965845,-5.957854196970451
W37133,-4.584578807100807,-5.569444516084446
W37134,2.4534750456094785,0.04013000019347765
W37135,13.303139830831983,2.7508362791192558
W37137,-3.303072950243355,-0.9286293567477188
W37138,-2.948832911224139,-4.149444776717985
W37139,5.7347156702302815,1.738105783561631
W37140,0.17514482602645962,0.7701047073595593
W37141,4.981059925213331,-2.197326849368003
W37142,-9.292077572455641,3.3099185555509614
W37143,6.9435073150930355,0.7367495531446961
W37144,4.297323323713308,-1.4207189853423696
W37145,5.285588924904463,1.104087150117959
W37146,12.370966847687855,2.3648182057890157
W37147,0.7476396690439099,-0.17258300085931613
W37148,-3.4854175259404006,-3.297704684402315
W37150,-1.743193696999114,2.94162704836239
W37151,6.116221802975903,1.5508399367998804
W37152,6.844130347413761,-1.3356799148108924
W37153,0.9620720515979189,-0.3498498323752278
W37154,3.3620044860954574,2.6549795841447335
W37156,4.878484252715807,3.26845990079645
W37157,-8.995611619351404,0.20436025618089299
W37158,6.042101937154394,3.0231393824237283
W37159,8.182166357685148,1.9947461548756342
W37161,2.006642193602234,0.7684823578184772
W37162,8.765188987330573,2.1527752273573357
W37163,1.7096174209675705,0.9032213560969973
W37164,3.4976489069432892,-1.4399105619634673
W37165,5.810828895499878,5.897034296797024
W37166,4.4400692118957785,3.319530713781647
W37167,-4.153461336559714,0.3427101188764391
W37168,4.485873542461132,4.863870766241723
W37169,-4.815851766833345,-4.321766816373754
W37170,-5.043115798124166,-2.145318914247172
W37171,6.405239854336079,-0.5765980912028007
W37172,-7.936359884790646,-0.2810073351956111
W37173,8.816602865750273,-1.0217457936995293
W37174,5.698734225517586,2.569679273621117
W37175,-4.957539688378546,-6.160582571720577
W37176,-6.056970869113735,-0.5608832094484705
W37177,-5.078451684524834,-0.291230109635149
W37178,4.581377591899553,-1.2057105977927387
W37179,-2.9193174057039175,-3.2499332018298905
W37180,-7.8944664388628665,0.19909610412661768
W37181,-2.418254698207764,-3.942455973567099
W37182,-0.36450537623452045,6.1566737139263745
W37183,1.744314621517285,0.37127622358575413
W37184,0.7664523134546266,-0.167793909683053
W37185,-6.261893707691635,-0.36306373079088483
W37186,-0.5516601022422759,3.016341585913371
W37187,7.246841202510178,-1.1365017600022882
W37188,0.5010284321775337,1.3522239769345528
W37190,5.971152538877499,2.2216057785365395
W37191,-3.5046249150097064,-0.7690819708361428
W37192,-5.752022908764047,-1.8749716323469987
W37193,5.09873533126523,2.379162730161711
W37194,7.148527202948443,-1.482859383216762
W37195,9.230265350635765,0.27952952604998244
W37196,-3.4931839012289667,-2.794303925812567
W37197,9.030963483226735,-2.1063423224264217
W37198,3.592022971838699,0.23045243323225
W37199,4.710327541414732,2.383520200425591
W37200,-4.40077254184654,-2.640770803882136
W37201,-4.180969872568673,-0.37063779188063667
W37202,3.9261373082636974,-2.724969753051611
W37203,-1.1830978746797272,-1.2617904135930156
W37204,-3.66012611758104,-6.685927771579756
W37205,-7.976921009629872,-0.9510491874845796
W37206,-2.9917964618794786,-2.7574356040957566
W37207,-8.252647108222083,0.6184345881436029
W37208,4.541487747552658,0.6164328551592821
W37209,-4.823596674005388,-1.604453909072782
W37210,-4.7958317236944765,-1.4955374721177057
W37211,-0.455781242451866,0.039174450198753666
W37212,-2.2909651196524203,-0.9492383851368756
W37213,1.225237372832145,0.31904513586664807
W37215,7.076085111422246,0.7006020175546825
W37216,4.658352554212984,-1.1814680142054248
W37217,5.829633672169119,0.5568065000054286
W37218,-3.0694735653732796,-3.651908376036402
W37219,3.5278965217189904,-1.9303629834546552
W37220,5.894319542950651,-0.8067552128133072
W37221,5.007939853944746,1.5681844402493184
W37223,6.364303915923454,-0.32556407716809355
W37224,-5.812353041217201,-0.45454438511003914
W37225,-7.874392190052481,-0.5632100451229576
W37226,-0.2707662601698439,8.045461310266107
W37227,5.045014957684326,0.05281882295643012
W37228,1.7803971492982564,1.2579915562097048
W37229,0.9743942487068987,0.3231465556462849
W37230,-4.502918256995095,-5.268998260999998
W37231,9.9712228555772,-3.3553264439024084
W37232,-3.0470439075499933,2.1488925776982963
W37233,6.4013861966160865,1.1885842932232735
W37234,4.7842723855109135,-2.0961634079135
W37235,-3.7705862960339194,-3.10258755480275
W37236,2.2282719359994636,0.6348148116827212
W37237,-5.27041268287851,-1.4015125899273173
W37238,-0.7180367372197397,-0.35520902423677997
W37239,5.196642615736762,-0.3503617299357786
W37240,-3.1112230468353803,-0.06553179721083063
W37241,8.116345822440595,0.4753802107178219
W37242,-5.01399256707417,-1.4334341365525134
W37243,6.007332672778056,-0.23334037410167904
W37244,-2.9100893341920546,-4.416902175832052
W37245,5.012807852546097,-0.6898497434750521
W37246,3.9054291626690834,2.1484430342255965
W37247,-1.1887955685849594,1.4054342595320495
W37248,1.4595381970994488,-0.33814064149855516
W37249,-2.735925703470174,-2.317065700756018
W37250,8.774971672204122,1.1126215526692123
W37251,4.477357021329319,3.9034158299123165
W37252,-0.1315107397635083,1.3582070202006413
W37253,5.555509001114111,-0.4203422550271444
W37258,-9.492603489646841,2.7816050545573505
W37259,3.3032351215330484,4.591175237585462
W37260,2.4815732587873236,-1.0533996255488263
W37261,0.8635559894615997,1.8466136999429796
W37262,2.9520423294327918,2.2623306354528543
W37264,5.154900184377948,3.594001582972562
W37265,4.503905174336115,4.477415179717758
W37266,5.052989057293237,6.683901904838934
W37267,-5.123221783198902,-6.911450474004707
W37268,0.8844731251896909,1.5316528287739173
W37269,9.65588152482553,7.221913119595155
W37270,-7.551810643824153,-5.259512360818144
W37273,-1.8615245191410317,3.371176773104572
W37274,-2.2208465967266746,-1.7226109086451091
W37275,7.481712220982545,5.446120166231372
W37276,4.503450783202832,3.670716235845187
W37277,-7.988961469340355,1.855359942982997
W37278,-2.014760275906608,-0.1497556195384064
W37279,-2.108475918674409,-1.7457848288663818
W37280,-3.9725970540363105,-4.634189956073565
W37281,-5.419129141871988,-5.099116093699858
W37282,5.985788061536592,1.8318376381095316
W37283,-7.906329868147136,-0.5972517599196112
W37284,6.057085808658266,0.5037520089921836
W37285,6.196388938506272,5.807015940734196
W37286,-8.370597499772616,0.5402945235079615
W37288,-6.686495571892146,1.60747648946877
W37289,-0.6675859193502323,8.846310639752781
W37290,-6.989435675138119,-8.88061507153251
W37291,-1.9611606195281623,0.5216166162796748
W37292,4.8449955686004,0.9648496237054005
W37293,8.207519810421395,2.641063351601301
W37294,5.866529985382627,5.092571018553948
W37295,1.2528484819429346,0.7734114688248525
W37296,-4.608811670702629,-5.182146429721685
W37297,-6.8104632779562655,0.3849669546222696
W37298,5.140704412816048,-1.6987849818244458
W37300,-3.7314043907060546,-0.9589094265497926
W37301,5.928171145539844,0.6243851053036847
W37302,-6.175508225348701,1.0897127088524325
W37303,-7.886435882008213,1.1347382285110712
W37304,-9.976491094401515,3.0037224295333353
W37305,-2.9490795327191806,-1.1056107877203791
W37306,5.234440876514579,3.3116463057491816
W37307,6.664737684759778,1.7230710719381603
W37308,-7.324443156939405,-0.2941829695774237
W37309,2.116631147228338,-0.6800087361286314
W37310,0.5867235129524505,0.7352942127505505
W37311,1.2465699839066706,-0.8478578911625798
W37312,-6.596350571132408,-2.266647885247967
W37313,3.068942673676018,5.696914078375723
W37314,3.598075402875069,-0.3337871576589808
W37315,-4.649873605216721,-2.3896064325111848
W37317,2.370806615280174,-1.2124971907688196
W37318,5.792785620147115,-0.7182629781812099
W37319,-0.25758489870822326,4.6729776116133435
W37320,0.6125486591281424,1.3627120414373055
W37322,-4.209080302887917,-7.679914611512304
W37323,3.766764526639679,-0.9081361830944028
W37324,-8.542535625831102,0.20255212354368476
W37325,5.352065066327802,-2.140564932079936
W37326,-5.932090236764,-1.7268774735642476
W37327,-0.6767797362194,3.1119024636619868
W37328,0.6450459299253817,0.4445147749424694
W37330,-4.70174443118959,-3.161983881203625
W37331,1.0901703895923491,-0.09710918838822427
W37332,-5.0676462782795495,1.0376109848458874
W37334,0.1861895138905892,1.5200785588326837
W37335,-7.2100746222848855,0.4612781803771372
W37336,4.128502465900916,4.68332071246082
W37337,-5.918828501988493,-0.8571584657333373
W37338,6.246223939237439,4.035860213378819
W37339,5.2838859110142185,-1.1270327710627486
W37341,-6.504492076291838,-7.624829474040605
W37342,4.206417237936587,5.178882543742585
W37344,5.46257125350316,4.041879728117806
W37345,5.592122152172295,5.526407942311376
W37346,6.231040365501647,3.8756605756980496
W37347,2.1970409452270325,0.8737447507997983
W37348,-5.839580944926288,-4.07639670661605
W37349,-3.905613089210805,1.6121215792323624
W37350,-7.472134667536756,-1.2735228538767842
W37353,6.885030963815669,5.426476805683469
W37354,-0.6310889115470438,2.8961424389395116
W37355,2.1017151198038437,1.161733608738914
W37356,1.5041207076144645,0.1530728903911011
W37357,-5.306466475709636,-3.0166309945082923
W37358,-6.591417185329277,-0.7380271237434142
W37361,3.155802682635318,6.006094523935732
W37362,-1.8849092393176747,-0.294935765631074
W37363,-6.8872635826354305,0.869422561917311
W37364,4.878247252640631,0.14350699199584618
W37365,8.343264112112413,2.134525043337787
W37366,5.045919117916816,6.283071440091775
W37367,-7.68866567864665,0.7201348840164469
W37369,4.283730391129063,1.9986804535031641
W37371,5.790933267559324,-1.1405955881469438
W37372,-0.29729867175313857,3.036411083255061
W37373,-8.820549252433231,2.9730613765884475
W37374,3.6436647164152447,-0.08403010595570017
W37375,1.4332913851706077,-0.04554560091686969
W37376,-7.500356795144215,1.3164385299848929
W37377,6.672364870785896,2.6418805468296958
W37378,7.208101137384868,1.3680736043448458
W37379,-5.844143384307778,-0.768392770387053
W37380,5.535115154853381,4.375729787097407
W37381,5.918820138416206,0.7399298671175706
W37382,0.9094621091911174,-0.7185450477769475
W37384,-7.528942194069175,2.1469494462989664
W37385,-7.141147292059521,0.08430737614511741
W37386,4.248118249185817,2.880339345781184
W37387,5.253483575430315,-2.1189687492446456
W37388,-2.8732394190051243,-2.193519060872981
W37389,4.261901287977988,-1.2936547621159857
W37390,-3.368297677524423,-4.05920770795259
W37391,5.4880665226867436,4.795596728846535
W37392,-3.539553675122963,0.9707837822834291
W37393,4.841993186342719,2.9496413753070256
W37394,-1.5352427125656825,-2.4265709524918457
W37395,3.1217114305883062,-1.7357773250718678
W37396,4.6096924120905935,0.7216682221753888
W37397,0.3834045608695628,-0.34124903221319486
W37398,0.9417040243092726,0.39198066544692317
W37399,-3.795342421962418,-5.719778723878592
W37401,-8.336979857136214,-4.777944616321437
W37402,-2.775951108877838,-2.2115320412133253
W37403,6.189526892228369,1.372109226606102
W37405,-4.541148150483548,-4.429603889651971
W37406,6.061513743209975,0.9420163071467839
W37407,7.271050384089694,3.1872408542440427
W37409,4.88235935840716,0.17573152462001906
W37410,5.9373310346024235,-0.15985827091170987
W37411,4.726501601967176,0.4499091505359136
W37412,-4.339061185083312,0.0734276717073213
W37413,6.797687742305295,2.8547759205462944
W37414,3.6443396938291266,3.116507988037461
W37415,5.047792113833789,2.947373475848754
W37417,-4.391910453536825,-6.54234084279416
W37418,-1.6294787138500497,1.9484397235425124
W37419,-6.049201364405073,-1.376912766741001
W37420,11.105741430884477,1.8288584527732996
W37421,6.965257590450922,-1.0997663120381957
W37422,7.742809677142281,6.011937161762572
W37424,-4.71464166647364,-5.390899092411054
W37425,-0.7774855333858516,2.626869137811277
W37426,5.295109091897192,0.8300843683348713
W37427,0.5891326301291119,1.0923986969697217
W37428,5.240415711113988,-1.6993294573931115
W37429,4.570160426064046,-0.3885345932583416
W37430,-3.7636270168183787,2.2873473394057413
W37431,-7.7441896965469414,-0.5743441955051578
W37432,-6.7056483676601015,-1.2676049585069864
W37433,4.498022099777214,2.8769905531471145
W37434,-3.0601860895085258,-2.938851288540519
W37435,4.678744404164549,-0.2646722557072235
W37436,-1.8410903042431341,-2.3916456620310127
W37437,5.791885014617746,2.071258964463501
W37442,2.2480348478807635,1.8327501979522922
W37443,-5.6758397231990925,-2.217248238906248
W37446,1.4120201661547531,0.95991702628775
W37449,-3.895150372356804,1.372824498114432
W37450,3.890654848334029,1.0360405814381834
W37451,1.0939568313896009,-0.4591562440251734
W37452,-0.9939288975322091,1.072197541593715
W37453,3.4590902738178206,5.215603024186096
W37454,-7.639512039057891,1.141107687162401
W37455,2.39509872506571,3.1971239476179965
W37456,-8.173980677797495,-4.563869100372146
W37457,-5.449234804217495,-1.9412904931637764
W37458,-6.59934461733931,1.288335402033409
W37459,5.130542665641557,2.3317319126844023
W37460,-5.36252218142941,-6.800488489762169
W37461,0.6215226248404733,0.050697918191491505
W37462,8.63864036530343,6.804833618539105
W37463,-6.154560368939281,-2.179456789869533
W37465,6.85715351407443,5.8662678521630935
W37466,-4.12114222080662,-1.809685733906208
W37467,-8.094851037006581,1.7707330642822225
W37468,-0.3452347507195458,5.308778130984061
W37469,-4.382166807511907,-7.080752960844804
W37470,-3.4452462046460317,-1.7253031691781728
W37471,-3.7914674956341505,1.8715267072115063
W37473,8.37753994681249,4.614373930453698
W37474,4.281009310635297,-1.5369929707938983
W37475,-1.9234383315652543,0.6361314325791492
W37476,-4.611500934045398,-7.433685630382694
W37477,6.353345203595972,0.03694966424004743
W37478,-3.8494687255812927,-2.7840669882943456
W37479,1.284341896557163,1.4383298223902266
W37480,-8.015273366826863,0.9741545556916555
W37481,-7.981971500224795,1.4216578478944115
W37482,6.058464859057153,-0.9907853328290125
W37483,-1.3508775336900878,0.4197296913372933
W37484,1.438823844763525,-0.40553753118813435
W37485,5.033855945820747,-1.0730274934381254
W37486,5.842867451118413,0.0032061447229385664
W37487,6.908431577271676,2.90193545326859
W37488,-4.317584879379613,-1.5677684078588947
W37489,1.8794126587584579,1.2429648176999084
W37490,-0.2591324872930655,6.946640525540187
W37491,-7.698685324170854,-0.8246280314911489
W37492,5.466329266473535,-0.2626167863146048
W37493,5.864109025914818,0.06665006841703539
W37494,-3.650199314989738,-2.0173430341292944
W37496,-5.761677200890762,-1.887656136706528
W37497,0.8171878593781731,1.4515038125093322
W37498,7.893999166115283,5.112895368144438
W37499,-5.163837392399451,-0.9401244089106383
W37500,-6.831837196952656,0.34818767395961914
W37501,5.414065161284763,-1.1350078210686056
W37502,5.959173708112586,0.6788672445897137
W37503,-3.8647687914649893,-0.2645224751043824
W37504,-3.851321406639147,-4.278537497307815
W37505,3.195873576996192,3.6660787463409936
W37506,1.8704920592240457,-0.05985635696833627
W37507,7.797262933704592,2.5692995930403275
W37508,-9.601796770970154,3.6626732017577317
W37509,-8.286577800954687,-0.08768191974904048
W37510,2.052711310804639,0.9234366118163251
W37511,4.107541684676651,-0.17040826003455956
W37512,5.239479589088865,2.6506423849655034
W37514,-5.23340106028406,1.4669889949789747
W37515,1.9471607047188388,0.22603646801992086
W37516,2.453787905984974,0.9063484440880688
W37517,5.413131840700407,-1.5502196752057968
W37518,-0.5720139947985419,2.138872458333849
W37519,-4.611785949564607,-6.996097666640466
W37520,3.5915593729072888,2.9942875598058465
W37521,-4.8340995090631385,-2.6124681964813314
W37522,5.475395816568634,5.31226439550628
W37523,5.465517749850868,-0.17606527475233763
W37524,-2.243695761299169,1.7120648293918108
W37525,-4.659677372629731,-5.0176992095708925
W37526,0.9929559702028845,1.3316911976550245
W37527,3.0453848552475415,0.04097092365004114
W37528,-5.4302807476719686,-4.259758715442954
W37529,4.293794901874032,2.819898337673486
W37530,-1.7062640262755915,1.5194872995041007
W37531,1.1817934917432271,0.2732908353595626
W37532,-7.26185407533955,-0.07052634019819382
W37534,5.069025653994142,3.3412387739544624
W37535,-3.971378607744053,-4.12011398464375
W37537,5.487484548113135,5.029156224825202
W37538,3.686567212660041,-0.6392237811782214
W37539,13.43270798159502,2.8345280517423754
W37540,6.427767984952491,5.531266974645868
W37541,7.834211579251851,4.930298675372129
W37542,3.8796499245736724,4.420757094620142
W37545,2.1582517655805478,0.8871386378882742
W37546,-6.410911851609114,1.4123206298205213
W37548,3.627318727910633,3.181235980313936
W37549,4.728264761297478,1.7332741141148256
W37551,-2.4322425274586776,-4.546904437109949
W37552,-6.27425812257058,-2.1739352460433956
W37553,-5.027238838643212,1.120443663620615
W37554,5.430630835788295,3.3228271995671954
W37555,5.34382541165897,-0.14206683426029681
W37557,1.3369012562565648,0.25310124792231525
W37558,-2.204600850733068,2.5071075729886827
W37561,4.9627867431786425,5.0310930000785445
W37562,-2.2111466584584574,-0.7325717145752229
W37563,4.5423525449633,0.46229145066332555
W37564,-6.332588318715257,-0.17246434974071886
W37565,4.918448930681802,2.500441388565839
W37566,3.4898747963230714,3.471352796870252
W37567,-1.3750398363593366,3.0346800746211273
W37568,-6.120309986295483,-6.3888349049799
W37569,-3.5580471550661783,-2.634283333870264
W37570,-4.478133295111726,-4.544925968974297
W37572,-0.9880335003228079,0.5281175950845197
W37573,5.627216785917591,0.7023085866050801
W37574,6.869702026549229,1.2517603619685151
W37575,2.2071071253598533,0.782288056404289
W37577,5.342484401805507,5.29825900354594
W37578,-7.85395959450169,0.1094571216514728
W37579,-4.6673383262714045,-1.3477235396631502
W37580,-3.95698023870381,-4.374973882345959
W37581,-2.740705987827481,-0.40276089540961935
W37582,-7.733568549075947,1.5626692729946254
W37583,3.849212516385552,3.274106847919952
W37584,0.6876143416179796,0.9195368601272264
W37585,-9.104273285770615,2.6689283089826437
W37586,8.4421970471926,0.31450862134761787
W37587,-4.366150111753196,-1.0668826432336111
W37588,-7.757128484269829,1.569005656841035
W37589,-8.340968956861998,-0.2501842356731548
W37591,3.189622184069368,3.1913647232478035
W37593,-3.1368649914089577,-4.05481174818158
W37594,-7.302558311685031,0.24914636895420383
W37595,-2.2090882711938202,1.1972518885893897
W37596,-3.5451593757175317,-0.9970671041578592
W37597,-3.369177665199715,-5.315366983078566
W37599,-0.06984339487316,7.464010602187502
W37601,-6.238746238505816,0.45025376170961046
W37602,4.393624673447505,-0.15997889259654582
W37603,3.7106016316533332,-1.5613171420083165
W37604,-6.240917215192581,0.29492333005413285
W37605,6.060684566567463,-0.006075432154118219
W37606,3.8388993820629205,0.704173423104468
W37607,3.359164030050905,5.640760299999738
W37608,-3.6128797744582126,-3.202540170731674
W37609,1.0778567380527195,1.0282671231161093
W37610,1.3344346820275435,0.4923156139121185
W37611,-7.871915713941749,-0.016605462440096905
W37612,4.169890818344686,-1.2608881697518717
W37613,-9.45258507795524,3.40237468530803
W37614,7.11376355619601,0.4131812767137467
W37615,-4.675616634948175,-4.761447615664343
W37617,1.1581895169595797,0.8476118941861231
W37618,-4.294940264766299,-2.2536889108973845
W37619,-0.28787560517615723,7.682031770065243
W37620,5.20867721972563,-0.09767176988664251
W37621,3.2153006551361196,3.823447175076832
W37622,3.311196310354432,2.6193318445016245
W37624,-7.509943475082616,0.5869092319564352
W37625,0.7923726187714402,0.0891017325210314
W37627,0.39161146101693256,2.6745662756174906
W37628,0.6854979124260309,0.320638322846685
W37629,-6.269145366364538,0.7377708689378892
W37630,6.279198074988463,1.1995238327200777
W37631,8.373112881175029,3.383586471808193
W37633,5.005739954179206,4.528994888737658
W37634,5.336129350558143,5.519408230102697
W37635,2.4324300753215944,0.5758602468547365
W37642,1.0005816491309594,0.5027057007591783
W37644,-0.19376256976802353,1.2569953370474634
W37650,2.622728416166292,-1.3563124290035518
W37651,7.4915496576522225,5.49253513718752
W37653,-0.6603212952362794,1.3578889908003544
W37654,-8.868838004352249,1.4772667860798425
W37657,-3.0468297547016565,-2.18468397571194
W37658,1.9454562404847981,1.1239607514463335
W37660,-4.724271136093129,0.5351129581435847
W37661,5.671908886902848,5.842013992982664
W37663,-4.6445336921514375,-6.18964041900947
W37664,-6.295434189965857,-0.6613245054864981
W37665,5.449427898645599,1.2565992515527826
W37666,1.095362453930853,0.7478816502758735
W37667,-7.597667538457202,1.1147361788536532
W37668,3.131000590533157,3.105624111993184
W37669,-4.059667608380825,-1.130538552896657
W37670,4.581178196319308,2.734700937622289
W37673,-3.5150411410034477,-2.9539055729098034
W37674,-0.15711206527234128,1.377520493640784
W37675,5.016033109310034,4.913460092100663
W37676,-2.672993350692882,-0.43511873429411557
W37680,-4.7440720562204275,0.3346743402665974
W37682,5.97197802091749,2.4750688524910998
W37683,8.076219570651789,2.8791457699764327
W37684,-2.4407136355443946,-0.2867464372156511
W37685,-3.8333873909819003,0.4548300345940895
W37686,0.7868422525342958,1.298240763942231
W37687,-6.031194878608606,-3.1268957769961236
W37689,-4.434202386036263,-1.3329077028840497
W37691,9.04353268627813,5.830460574163536
W37692,7.579974935965169,5.819050211089546
W37693,6.90194406140514,3.131028993155524
W37694,-8.386102070854289,0.2754580602923089
W37696,-3.315313412803851,-4.033820558157201
W37698,-0.22116933698238397,4.271711116724314
W37699,8.778424560471857,4.793409458345278
W37700,-6.869710613402988,0.5155843076630222
W37701,-7.0554093410440695,-0.21152609676941414
W37702,-5.042255582635806,-1.459040460354596
W37704,-2.165380477026204,0.43639029682719926
W37706,-8.291187947351737,1.355559111028825
W37707,-2.9678482173972363,-1.90297469412263
W37708,5.1899281592779545,-0.06300251316354626
W37709,0.6515179447949391,0.10051662682978285
W37710,8.284155566070456,5.094817131011056
W37711,-4.691257832336612,-7.011504644494817
W37712,-2.471472797979762,1.2833760242338736
W37713,2.716188419589395,0.8989624865071265
W37714,7.549798328601554,2.320916883073426
W37715,-6.823047908472266,-1.0969816646492756
W37716,-3.3958611972606247,-2.683728888898449
W37717,-3.4122346128208934,-4.398256757077182
W37718,4.6759079189352715,2.6938054431339995
W37719,-2.157148029480776,-1.159208259235293
W37720,6.705960515127583,2.485223917892578
W37721,-3.9008968991117703,1.8812695419590588
W37722,-5.295506852050857,-0.17032207079287748
W37723,0.4424340201350797,0.45637758419380503
W37724,3.8480521017543503,-1.4913986819734217
W37725,4.217328379248825,1.8444101111765323
W37726,5.399452633384603,1.0895765901928849
W37728,-3.4153256797397225,-3.0185223525484566
W37729,0.15097135431809228,0.5613833842282746
W37730,7.3543474400837665,2.402532713248862
W37731,-4.728882243736478,-5.70406799565895
W37737,5.338895923897683,1.8375470597565837
W37738,1.5142129407397893,0.46608459924061985
W37739,-3.1052675348413508,0.9041581098880426
W37745,5.447887108292001,1.5410815627047458
W37746,6.034463735898029,2.8165590894220034
W37747,4.295068910961099,2.423856280074338
W37748,-2.5573420218274125,-4.494244360666397
W37753,13.099727298993194,3.20382854880118
W37754,-6.572476764015213,-5.4813037536773335
W37756,-4.567936147611244,0.22250674817734864
W37758,-4.485369693831336,-3.2019416243794003
W37759,6.881595890832334,0.9864807653031871
W37761,4.233029850340335,-0.34086265596210613
W37762,0.06434046596492336,-0.8008756442089575
W37763,-1.9479759938204684,-1.742995033146835
W37764,-4.058821612284677,-1.8272348184135832
W37765,4.087878536243261,2.2755937469101406
W37766,-3.17193206781114,-5.569333066763915
W37769,2.4587425567925583,0.7883879657514716
W37770,-7.563877998542601,1.13798359350095
W37771,8.562838238460959,5.262485908631833
W37772,-8.474140158815317,1.0700407457169283
W37776,2.6733708757852277,0.9853501380999438
W37777,-5.7450318401051135,-1.576131624731671
W37778,-0.9416483205408903,1.6784966059981707
W37779,6.892696231416539,0.9312328925419404
W37780,-1.4775571605360516,1.4805709200303017
W37781,4.0053911633714625,2.6074483581237087
W37782,3.4159789918620422,3.5658583622803413
W37786,4.127372237669429,4.038953756379362
W37788,-5.874833533984003,-0.977835936865285
W37790,6.302605132321462,1.6212241995957337
W37793,-3.3252158196996655,1.018849420997657
W37794,-6.43297715682851,-6.11386035985806
W37795,3.3494869611266638,-0.09384458712875268
W37796,-7.789565916582597,0.8477948108245575
W37797,-2.9496781043082607,-3.693096218587002
W37798,5.63807708529841,0.9376863927137574
W37799,-3.1125560531247105,1.873478067779041
W37800,-6.539428191808656,-0.8084704712665955
W37801,1.1998354888932947,1.330875760894127
W37803,-3.1145311153715247,-3.0472613517962874
W37804,6.284274386836976,0.5922057504688658
W37805,-7.130742427738054,0.007811673418264425
W37806,0.4411316480096642,-0.3916937175120018
W37807,-7.035382125016739,1.2795360967758556
W37809,-6.643817632973609,0.6461933327968837
W37811,7.097457711414346,0.8675507104418483
W37812,2.408851102797479,2.105007627733867
W37813,-5.133525239017032,-1.5575888019340598
W37817,5.973650716571088,-1.6221824148711272
W37818,-6.3368110318296065,-8.730570238524846
W37819,4.410411862485149,-1.1430150687642875
W37820,5.191837941086348,0.15096681649193647
W37821,-4.007194470767607,-0.5812384707416279
W37822,-5.727562254236941,-1.1263255309138371
W37825,-5.172305821845988,-1.2889898493723924
W37826,-6.463331948310074,0.2593336867574257
W37828,-4.9335957644837105,-5.971171088713238
W37830,2.8118279227000076,-1.3937227565113088
W37833,7.7085342830407955,4.519080398797048
W37835,-3.428850030027222,1.224973015677797
W37838,2.230370366617385,-1.9075937555724074
W37841,5.346052227421585,2.596007471389987
W37842,-5.873965519009277,-2.7636729634267017
W37843,-1.5382328051591636,-1.858240591278137
W37844,1.0618803913016095,1.5018942012209053
W37847,2.6538201436257762,-1.352715251314903
W37848,3.0934079635680387,-0.3005763915109519
W37849,-3.6915618893512483,-5.492183874594615
W37850,-8.366939734939427,0.22719522087226632
W37851,3.9532485517040348,3.0696819465399767
W37852,3.9736537089332047,3.534089782363953
W37853,-4.95056924797927,0.04946218782604393
W37854,-1.706638362947932,1.7526192895821153
W37857,-1.657178490108632,-2.2951948592218794
W37858,6.001530553362871,2.8506062681989235
W37859,5.020941543742187,-2.1194047023518894
W37860,-0.8115968251192343,1.386710141059374
W37861,-6.885682170028036,-6.447004643369139
W37863,-4.383218943677761,-5.405245766577841
W37864,6.326592414471554,-0.251462200354358
W37865,5.773142269578456,2.864590437116854
W37866,-3.9058995568848744,-5.610239572191771
W37867,1.8302777416912344,1.6989854987436475
W37868,-3.0535624750366988,-1.8392007409341147
W37870,-4.823511493605965,-2.939416645287819
W37872,-2.3956102235870524,-0.5758343724614096
W37873,4.324219440240488,-1.5694912670950094
W37874,4.301429998304393,3.2389106601695605
W37875,4.124744013458161,3.4170023383161694
W37876,5.642911390025577,5.7838057501305755
W37878,7.563048140063431,2.1848468926942224
W37879,-4.014713198320554,-0.43996405051163345
W37880,-5.750941949694204,-1.0765286214844123
W37881,5.586834183189863,2.749579638200767
W37882,-5.294349930651493,-1.6128689686257485
W37883,-2.87061481788199,-2.523418234470681
W37885,-0.28432232496316234,0.674513469001513
W37886,-5.861400524583127,-1.6726962440186073
W37887,4.754559498834222,4.217013593754196
W37888,9.555011810209646,7.356677787719812
W37889,-7.166960815104623,0.5487002591616714
W37890,0.9029002524242083,0.6885316741921194
W37891,1.6349276228380363,0.05985309077697928
W37892,-1.7385706376016024,-2.065771690894592
W37893,5.209573383508484,2.946687890781332
W37894,-5.535187219494886,-0.7864142267874114
W37895,-3.069940919578497,-2.90999692273948
W37896,5.547620820065039,3.002687393565197
W37898,-5.716277019731978,-2.9333214661612943
W37899,5.866430960344125,0.09285495064799486
W37900,4.088741053666104,2.873910658123469
W37901,7.714096457140367,1.5298335447544251
W37902,-3.9503135741585362,-5.899730060778402
W37903,1.8880403781860295,0.2971744243541231
W37904,5.392288446979031,0.7042910163900921
W37906,-2.4694410403073728,1.1798656285727815
W37907,-0.2907980120652263,0.12689716702040973
W37908,2.3787197356863086,-0.5999828000026136
W37909,2.7467907084175587,-1.8283259378548076
W37910,-2.6154874831327772,0.12591957310055854
W37913,1.3146061762470114,0.6325148690623742
W37914,1.2001299176676956,-0.36691255581957416
W37915,3.3104227869040486,3.8153292847074054
W37916,0.8844378108309112,0.4934955899285705
W37917,7.588638368027466,-1.471984691411993
W37918,5.011283048580672,2.547404378045851
W37919,5.576600176160093,-0.70719283259923
W37921,-7.297148475854548,1.4671478035861174
W37922,-5.746859947429505,-1.2159740787197286
W37923,4.0765475535288695,1.7256307105301303
W37924,0.5824194910502446,0.5514907116389783
W37929,-5.019899766935541,-2.3225357048653543
W37935,4.771114920694539,6.360169431826469
W37937,3.7472716148066647,3.5801003573532504
W37938,7.947070492442033,5.46625242284787
W37939,-4.652372445685994,-5.457715165438749
W37940,3.7030803525802582,1.4750151752829694
W37941,-2.0887395921029053,1.3558016816160965
W37942,-3.5256350812911186,-4.119151378844618
W37943,-0.21473050706545774,1.2096718871529604
W37945,-0.9066453040882508,0.6047688088078073
W37946,-5.771806280181714,0.17920749951388665
W37948,-5.728130545351056,-2.098568003701923
W37951,0.29645811031903996,2.1222373751378316
W37952,2.292474761726749,-1.4913040877757833
W37953,-3.427966635168487,-2.121346855338534
W37954,-5.2188884725314075,-2.150524406190135
W37955,8.618911925631219,5.328008897030313
W37956,-5.403958369125595,-6.849577077625389
W37957,-3.259703658114526,-4.252506440255177
W37959,5.215619812916138,3.7849402002823003
W37960,4.2366154234626805,0.6469271650174238
W37961,-0.23632109861519968,5.50078251352187
W37962,-4.846897406979551,-2.3437162528801925
W37963,-3.7395702819812144,-3.2744148424534556
W37964,4.8692401912377585,1.623003269485416
W37965,2.8509573414558327,1.2175577813000646
W37967,2.633201366545795,-0.864418635578454
W37969,6.239653966437218,-0.14423773815899324
W37970,-1.940251311183508,-0.37964496079826066
W37971,0.9644411711672686,0.7739280679377234
W37972,-0.6201618316704767,3.2573908431936904
W37974,-3.2563040595871784,-3.497419980095648
W37975,-9.420358152925003,0.43100909848027086
W37977,-2.839170351851518,-0.5735193534055484
W37978,5.945362681494923,2.846321191722
W37979,0.862321150902643,1.3726086849640975
W37980,8.357290847388436,1.9005826847890783
W37982,-8.320706691060693,0.1374589449935786
W37983,4.259810351837757,-0.7291328732675494
W37984,-2.0356398937738387,2.705066209851174
W37985,8.759968408935784,1.2012618396335328
W37986,6.409451932067597,3.180552738517946
W37988,4.590961331490741,0.3976905566854965
W37989,-2.475144239538284,-1.4848605007196494
W37990,-6.740841273270455,-1.1678949407562917
W37991,12.855379225283682,2.8729882562689273
W37992,-4.499218245944548,-2.5433342983032396
W37993,-3.702492190052023,-1.8125719596534735
W37994,9.96650828452385,2.4931141338151637
W37995,-4.080776521040144,-2.9339742051069146
W37996,-4.4606182833904455,-6.473347118831503
W37997,-7.97751045020687,-0.02847409577436882
W38000,0.1883401477837648,2.818159727606035
W38001,-6.112857134524529,-2.2538355439145414
W38002,-3.9873414096021866,-5.273884423966995
W38003,5.310585501376908,-0.4420700253900005
W38004,-0.27340351321467954,5.159972548579463
W38005,5.110112334524221,1.8191976161950176
W38006,3.6194401403614282,-0.9105337919898394
W38008,-2.651790794839995,-4.488905916161777
W38009,-3.8601479756914228,-1.9384839052861622
W38010,3.53739309803828,-0.006758082891279325
W38011,-5.8851023714108255,-2.1833901925580466
W38012,6.466119536129051,-0.1972663810810297
W38013,3.0421261278265437,-0.9684005061266002
W38014,-5.212422145697286,-7.331128201277876
W38017,8.942121310291201,6.623969432753032
W38018,-6.754217171903528,-4.437736626588055
W38019,1.6133606847568978,0.9991793126553085
W38020,0.98366835995192,-0.11786206337193489
W38021,-4.304758303600424,2.638181784784015
W38022,-6.789833115839673,-1.0593950405341597
W38023,6.425244606752303,6.863459944370352
W38025,4.5554915168647625,3.161696307087396
W38026,-6.499837381687843,0.5501945409593355
W38027,-6.020781381738968,-3.5136405287010906
W38030,-3.2375774123128593,-0.7486325237920358
W38031,4.680123204225244,3.2368876032271925
W38032,3.5067194198946012,3.3298094356161565
W38033,9.460560730288842,7.172752819016131
W38034,8.039122166521382,6.751171147281215
W38035,0.15763163468229976,0.35741303760072596
W38036,-1.0033483978402877,2.0545772254464896
W38037,1.969719544450097,0.8512614015439702
W38039,-6.210814323692224,-6.645784622179717
W38040,4.320404358152015,4.666076202267968
W38041,-9.052113543275054,2.6802741367010996
W38042,3.651621862708842,3.47903414028618
W38043,4.481692383517503,6.069331660983177
W38045,4.208407063775141,-0.7580215961689092
W38046,-7.915789027133002,1.4315815555804194
W38047,-9.070342465800465,0.1740716814780894
W38048,9.636219998765888,7.82038630351588
W38049,-0.5223153069070673,3.1580741345743113
W38050,2.2951005545345526,1.5709980524189624
W38051,4.770235114350145,0.33962377322967974
W38052,-5.252599177003842,-6.152872069204746
W38053,-4.2711718924099715,-4.147623856706926
W38054,1.0350188293867246,0.875400840920464
W38055,5.930615353751929,5.752201242781619
W38056,-2.1795336356549067,0.33636838765076993
W38057,8.97655102755037,7.05819910847732
W38058,-5.017832289249932,0.0021149041578509106
W38059,0.8783039863465851,1.3727539989985296
W38060,4.805403614211249,-1.4240485538336898
W38061,-1.3667886118309431,2.2724132036408564
W38062,-2.7246684938657357,1.2970812630413977
W38063,5.148205471821287,5.862424765406937
W38064,1.037578029445097,-0.0819821558803455
W38065,7.387642454665916,4.513693300272365
W38066,4.584981055028972,0.22747170125454255
W38067,1.7810466378083851,-0.12119732824131936
W38068,-4.740949571706572,1.165805274704475
W38069,2.9292358390897477,-0.22957039128846907
W38070,-4.7895649665786095,-3.7160578264773783
W38071,0.8967468702017372,1.1974122999051837
W38072,-1.4913950974032835,1.3854593797176844
W38073,3.0224955551126196,4.974770747516171
W38074,3.1894702575308718,2.701139720303939
W38075,3.609289268020583,6.034547173047124
W38076,1.4826545292374038,1.1916575768803068
W38077,7.815114688401217,1.2136978268676526
W38078,-3.913322015789528,-5.083970905808923
W38079,4.666688420881815,0.41461851179425313
W38080,4.915569392994459,6.120662063664215
W38081,3.3775737748437455,0.829400157179074
W38082,1.2792601865060638,0.4342404222020825
W38083,1.2027306373071522,0.11142924909285767
W38084,4.986389795822952,3.069389314173694
W38085,-3.230734054183187,-4.347787525157027
W38086,4.706274911238937,2.7353130393028082
W38087,-3.3078299175274686,2.0051366427128694
W38088,-2.0781912274801435,1.7597282497798117
W38090,5.469588875212024,6.561856401830557
W38091,6.243510856561605,6.997899770515202
W38092,-2.7768423293867075,-0.24714507176313172
W38093,2.4286845805732704,-0.17951543432916742
W38094,-2.4809502787087485,-0.16240220260161042
W38095,-5.784386511941385,-4.98601094838174
W38096,0.7118413593556279,1.292980609155331
W38097,-2.6532844767980746,0.40468345449527254
W38098,-6.942683303661653,-0.12761909498426122
W38100,-6.658635332536571,0.07858316609521686
W38101,-5.25941842868115,-0.7149788973643657
W38102,6.422888028709068,0.5027622507986722
W38103,-4.057042253299013,-4.489026952465531
W38104,1.558477142121154,-0.2523795903469895
W38105,-6.685480311403253,-0.7982569195094547
W38106,-3.6427765313451106,2.1751308337968176
W38107,-7.1335218409532,0.5151459669007025
W38108,3.096755284007496,-0.23737732595865046
W38109,-8.84271618283697,0.7483039631492153
W38110,-5.904022584628306,-8.572424832465536
W38111,3.2776167663142934,2.5277016795030223
W38112,-3.35494793343639,1.071348907514891
W38113,-3.6838935369960413,-5.439840250053682
W38114,-4.797835942755169,-0.7110340411567732
W38115,-6.041535745765731,1.3900513345991332
W38116,4.470424307243935,-0.03461750924252653
W38117,-2.3039662833087924,-1.6985083662846865
W38118,4.419533046589977,1.9141344229686925
W38119,8.542335943618758,5.531944108239543
W38121,-2.6565955884390577,2.0616303047964863
W38123,5.519286181941721,1.8051357859177504
W38124,5.659082700158379,-0.4558547450994828
W38125,4.8710120112843205,1.314283577153034
W38126,5.848828079680816,-1.1192154236762566
W38127,4.751298513610836,2.758729514317319
W38128,-6.159702757447343,-0.32129362152353164
W38129,-0.22396508458398048,-1.588764920804089
W38130,-4.8878129410316,-1.9135494004809674
W38131,-5.996967071680071,-8.444187122786822
W38132,4.762781907007138,-0.7569308352790786
W38133,4.861172482984112,2.165441192384585
W38134,1.5701520673007476,0.6229447491753851
W38135,1.2245620891106295,-0.5650307120777216
W38136,5.9087771266854014,5.501974408992899
W38137,5.427027108951892,2.034226228715527
W38138,6.272493240458303,1.0238875298270933
W38140,-6.442665960037797,-1.505667559800642
W38141,-5.283756807072367,0.5943745239292447
W38142,5.338604231763649,-0.42607166385642276
W38143,1.1156038122517544,-0.47157668062195945
W38144,8.660324269080016,4.883307604796726
W38145,5.271589371032367,-0.20417738823138207
W38146,6.044441353527212,0.85503678655938
W38147,9.072087727057664,2.114381039413037
W38148,-3.743461104484408,-5.7983126028780765
W38149,0.05646880197796515,0.18957077449959336
W38150,4.804531707860748,-3.102792071452548
W38151,5.1526025412482195,-0.08542132650149153
W38152,0.6580165124037238,-0.08836531757512246
W38153,2.18798650905754,1.5511298874694381
W38154,4.645723940174656,-0.6453587987161523
W38155,4.8055127503700605,1.9177814850753792
W38156,4.3201014910515125,-2.188631256521685
W38157,-1.9996629298021984,-1.4306033175971804
W38158,9.39356357817044,1.172970273735533
W38159,-1.7668909443243959,0.6121432607330871
W38161,-7.514246989806484,-1.13762342152886
W38162,4.862414664056835,1.9254091255149086
W38163,6.485307526931088,-0.167574235244231
W38164,9.95710638637195,0.6511309487870526
W38165,4.182999030768999,-2.3361614364024725
W38166,4.575825634789131,-1.2420462357907802
W38167,-8.676459783940436,0.08815183039962719
W38168,-6.0177427209662815,-0.7904193115207178
W38169,-4.589955154352699,-6.448678375750821
W38170,0.2057310362441486,2.7175035026308807
W38171,-7.160229027309404,0.4147267660496925
W38172,-6.5574821521527475,-0.8432156195663115
W38173,5.835810370319553,-0.3323884849486153
W38175,7.933430959183781,1.3232156517916218
W38176,4.124844579958398,2.083368151668408
W38177,6.364964091751458,1.237284122860987
W38180,-4.0812982313536414,-5.399423516435395
W38181,6.157235370147672,-1.3876486436578797
W38182,-3.909130917882525,0.9972429935069299
W38183,3.8146021087330415,3.1225815228879905
W38184,-5.172759244127254,-3.2618532365463597
W38185,4.8626726110137755,2.5646618526112532
W38186,4.841996263173864,-0.38832265673938837
W38187,6.107568528585605,0.13374648210211165
W38188,6.069831453083192,-1.3292830129991822
W38189,-6.342266845846133,-8.609291229819394
W38190,4.060237221398679,0.38737070468150675
W38191,-3.2873042773133916,-0.7938101707562158
W38192,4.964627066793409,2.5970240833702656
W38193,-0.4619092932569413,-0.497915002673103
W38194,-6.839200065050664,-2.1481576228567225
W38195,-4.313913703638744,-4.3094847569996055
W38196,-6.441540010906402,0.283865518618479
W38197,-1.017953312112064,2.240384383167563
W38198,3.8131584814421178,-0.1445549857217635
W38199,-2.3299547951499218,-1.47461689222506
W38200,6.309861702534513,3.7402342718295865
W38201,5.239166176839038,4.009542393146411
W38202,4.2911777177015855,0.33047011913749963
W38203,0.08971516206194184,-0.4068672409830204
W38204,5.481475380994131,0.9671332886701317
W38205,-5.380581482514857,-4.330472075916598
W38206,4.467470376648381,2.0244499810297976
W38207,0.030877186593524127,1.4647656643527536
W38208,-3.912766536071794,-2.567200205771082
W38209,3.610564307460056,4.440632559432865
W38210,-8.595513457335143,0.6675367257412751
W38211,6.782599550908089,5.688039399676151
W38212,-4.28458652769179,-3.5027293232161036
W38213,-4.6661758567068725,-4.327350423238094
W38214,-9.010732833244372,1.2839283436361033
W38215,-5.868643384068222,-1.9729627864025225
W38217,9.2493048816229,2.8244642285598567
W38218,-8.651116057256077,1.6328121411051237
W38219,2.192796087750698,1.3545967973881168
W38220,4.200723280594776,5.070678830406732
W38221,-6.126194423645229,-0.013345068004727408
W38222,0.04278294389409684,1.298902697311998
W38223,-0.141131265353408,4.12590336002067
W38224,0.769492558836381,0.8702520243598617
W38225,-5.1536461787155,-5.626248385010254
W38226,-3.367364819167184,-4.611785280355633
W38227,-5.050514619113255,1.9332966537857057
W38228,-4.658818693146916,-6.16537323163381
W38229,1.126970478402499,-0.06781447886678718
W38230,7.262961296849482,4.020242027943771
W38231,6.432880827654165,3.1745845949564964
W38232,-6.22657118160761,-2.3708629948105986
W38233,6.753399382930833,5.943294724044204
W38234,3.950785302241037,4.373853115447375
W38235,-9.496204282046945,2.1188759654158007
W38237,-1.4553637540903899,3.13278374058549
W38238,5.5090616491260205,2.5726364173750964
W38239,8.354940761794925,1.2071212357825887
W38240,1.0828393384933086,0.7026604249258479
W38241,0.5384640641742856,-0.34125106008668016
W38242,2.086796088887908,1.410810384364849
W38243,5.273761140431427,3.973450703810559
W38244,-3.8018536708269064,-4.862423684088518
W38245,1.419437855758863,0.06979764298758465
W38246,-4.5113516300501395,-1.7865407332027055
W38247,2.218937719248921,2.510426126845944
W38248,5.295838709266456,2.6747862811893146
W38249,-1.802559443677727,2.137378113819545
W38250,-1.4088698789168945,-1.9525349504696348
W38251,5.421480611435294,4.049474944249231
W38252,-6.845617085697754,0.32334116086426845
W38253,-2.213269375316029,1.0341203139387578
W38254,4.764831028133757,3.120392969097148
W38255,0.4841609665751803,0.7928218107257092
W38256,3.0652844303016633,0.7015060109308435
W38257,-6.3441144045191695,-0.434829489919725
W38258,-7.385755979126407,1.712718182546836
W38259,5.360896378562325,1.3835267450316933
W38260,6.1414490565504805,2.150021408395788
W38261,4.318951763638356,2.4758553794545066
W38262,6.2064689280063465,1.3804919625610979
W38263,-4.3376784636708905,-4.925324828358448
W38264,7.723721384046524,4.446758245842094
W38266,1.7477150166709048,0.07484805883252507
W38267,-4.0511387920495885,-0.8289258257675213
W38268,2.9863800590593583,2.190507610729709
W38269,-8.817742542917282,1.10339092468604
W38270,5.705105668932306,2.0842267947430693
W38271,-1.7422845028965295,0.777720111452905
W38272,1.9259452270299084,2.3496970504792882
W38273,5.4934090105235995,0.3012030650421453
W38274,0.5823869526177824,-0.3283246751603195
W38275,9.68930146987304,0.6098223287727264
W38276,3.7269164299796786,-0.507056958801008
W38277,-5.768804873112335,0.4077989795511646
W38278,-4.71565533595725,-2.3136552653199915
W38279,-2.8451598527976105,-3.5559162061330083
W38280,-2.3309340573766906,1.496809298193427
W38282,4.022679520630688,5.075052823978259
W38283,6.948238619628619,6.136718687264373
W38284,-4.714681274841002,-5.504703263821251
W38285,-4.2883018119506415,-4.017318836655696
W38286,-3.6046199119887365,-0.959542362094672
W38287,3.7335319813328933,3.403612687579203
W38288,2.767195793390571,-0.6631976026226284
W38289,3.4229000583872926,1.3990962998667003
W38290,-3.6801948491447325,2.27878898322909
W38291,-3.5433354947374123,-2.691534153740773
W38292,5.339736480291152,-0.4885477225716948
W38293,4.913008033027755,1.306302841279361
W38294,-4.262233814019262,-3.7216084292522966
W38295,-7.398628990940688,0.6120531238841503
W38296,-6.146895167324291,-2.864230338155012
W38297,-6.044591068773356,-1.1040233939448072
W38298,-5.463779334241293,1.3012339461785727
W38299,-3.1405726123500837,0.19915815112578214
W38300,-3.4945035522220036,-4.801303406448813
W38301,-2.720704314310067,-0.014796942069917144
W38302,2.2982080650618983,1.2917300778573064
W38303,-3.055098270066067,-2.4677466464070417
W38304,5.441277054017994,0.047865374521128
W38305,-2.976573294870986,-1.2389818600978821
W38306,-2.862307918336194,1.112474488275189
W38307,-4.66342171864049,-3.874041578494658
W38308,4.993424536516752,4.327109139967457
W38309,-0.9802636988610046,0.09055453922262113
W38310,-5.055333324971487,0.7161883721697083
W38311,4.953576136836251,4.330782556477123
W38313,-0.5593298510942339,3.1445591029926043
W38314,5.838343446104079,0.8157788213209638
W38315,-7.333217421624407,0.3000101100611092
W38316,-6.222337306465709,-1.9937298326662265
W38318,-3.4493943601924206,-5.721516223894031
W38319,-3.0831730967553046,-3.301250882770582
W38320,-2.2086773484526616,1.9189730151120268
W38321,-7.121355517582709,-8.847391682552027
W38322,-2.1906615975952977,-0.7950011347889965
W38323,1.2247669917979394,-0.5520254036748183
W38324,-3.8115004617949424,-2.6101084743978618
W38326,-7.533922367710086,-1.0034580849512325
W38327,-6.584238939554412,-0.6345843077434111
W38328,2.3067251862563425,1.4804870638764793
W38329,-8.477432013656832,-0.3678641266480709
W38330,-3.5365296389875365,2.191433650653956
W38331,4.870153467637008,1.6387327282396473
W38332,-3.5341657674055122,-2.532670970732352
W38333,-3.554631596607558,-1.0775864324909121
W38334,4.690685812647782,3.393653629277507
W38335,3.271254464649504,0.7338349594805641
W38336,-5.118746505866407,-5.357119788245488
W38337,6.086678810555517,1.3024211320880845
W38338,5.560447879154903,-2.0674072794919063
W38339,4.871116054941282,-2.2032479692622515
W38340,6.100247921197522,-0.2300369408595785
W38341,7.20746976437075,0.5070124840710364
W38342,-6.9025651341837,-1.9579754349536176
W38343,5.453944147343667,0.7980983218465032
W38344,-6.025825977802652,-0.7820883940889776
W38345,-6.179669272476633,-2.0876463478181218
W38346,5.341918515473115,0.6795244253528608
W38347,1.758050105875943,-0.5661045205051667
W38348,-2.903013880088515,-0.8667550549063069
W38349,1.972700320000986,0.9981096345142669
W38350,-7.36398425925773,0.6579063478393963
W38351,4.4622612623420315,-1.5650672475036445
W38352,-7.323046623399246,0.3289873871887556
W38353,6.031633661316311,0.8370022102917635
W38354,-2.060423938505237,0.0054530448381243535
W38355,9.893675029049277,-2.9609636787603932
W38356,-5.668342910722939,-1.0611584721401603
W38357,6.6145836872147665,-1.2819419624815047
W38358,-3.1041232916682926,-3.4173841205348077
W38359,6.826412887572609,0.8274674908933048
W38360,7.531506536819306,3.570173325541902
W38361,6.496434714367898,0.17655969689821277
W38362,5.225686491687636,-0.5545010262051308
W38363,-8.025010790519561,-0.07554566724604002
W38364,5.804842967498665,-0.6003263622582449
W38365,5.387907652749243,1.2184185616942562
W38366,6.1700141878610095,1.0085824748639176
W38367,6.392387939180563,0.8613574391514556
W38368,-2.158224403591587,0.6342710816506862
W38369,6.213317048415142,-0.8452326019863122
W38370,5.505694942778671,-0.7418975273359139
W38372,0.4047857331793427,0.29936040524865315
W38373,6.129651951431703,-1.2577471823788242
W38374,-1.2844760665539878,-0.18208902981047187
W38375,12.943428801688942,2.4201961906376925
W38376,1.2559640409488113,0.6558141047202806
W38377,-1.517839433096613,1.1098179455082984
W38379,7.533081286758229,0.6744830001446773
W38380,-0.23146498461952164,-1.209278757937204
W38381,-6.728601082627389,0.6599624727169272
W38382,-8.708038203103664,0.4119777801432811
W38383,-5.895940857505566,0.11317439459318027
W38384,0.9157994290859848,0.5430704755844227
W38385,-3.561432209524362,-6.408598185181947
W38386,5.998852272560513,0.2107737262089172
W38387,6.902599415832104,0.6140697588812013
W38388,1.2539889676903082,0.18027999828263433
W38389,0.7459779715527619,0.3223082658467488
W38390,-8.832145136057735,0.24831265030948246
W38391,2.953177992125988,3.4369886499692632
W38392,1.1159504608846322,0.6768727352783416
W38393,6.563766959362737,2.081801022336644
W38394,5.533121940723576,0.8699072905022986
W38395,8.552685555184674,3.2878650075946947
W38396,4.238976472705219,-2.186560252191863
W38398,-0.3731058348908047,2.8192284739868136
W38399,5.897595955364198,0.3116883849339678
W38400,1.5306266184338644,0.5613634239490911
W38401,-8.31253897108946,2.0343210088503474
W38402,3.4417794806099367,1.3370622966158072
W38403,-7.737765464044699,0.40822678568146253
W38404,1.179221932382271,0.471127398104499
W38405,5.34698081680562,6.74991459257566
W38406,9.110171318341074,6.725273813197591
W38407,-6.532859899334393,0.38334814943190376
W38409,3.0505080149241444,1.9177574678977212
W38410,-5.292716207495128,-3.566115648963173
W38411,-6.174699182683863,-1.7865220105113937
W38412,3.893232014176019,1.1838267191473955
W38413,-1.3528842603157014,2.177262363494471
W38414,-5.869136493812156,-6.421400938481428
W38415,4.038354334137617,5.822965879784325
W38416,-8.67051324780477,2.315205361575802
W38417,-9.145127600285141,0.481462019324227
W38418,-0.47829479985016915,0.04826856691627275
W38419,4.929251092986941,2.5174191825385064
W38420,-2.4137334298593007,2.4453735679260817
W38421,-3.1059921478340997,-2.0400575264147496
W38422,2.9652695479184605,5.530906390618733
W38423,4.912143974193808,3.36443087368746
W38425,-3.91778185358895,-3.0804679925077996
W38426,5.75307113140476,2.4127435396146732
W38427,-4.173960994437579,-2.93749599100103
W38428,-3.8725258715717747,-3.7143108910559683
W38429,-2.8705828031055884,0.13883754321817843
W38430,-5.296384309418587,-3.1736620284860257
W38431,-3.9340703971096946,-3.042253619092641
W38433,-5.8491796801623765,-0.3554004849274246
W38434,-7.359779343838734,0.6671208648948825
W38435,-4.260280810082751,-4.980554298934
W38436,-4.285987597742736,-2.3231996383275475
W38437,5.3776903185943965,1.3181973674923615
W38438,-3.594671363447099,-3.4529649649509215
W38439,1.0603533221246075,0.5610687954400809
W38440,6.504949077990199,5.8797993240193795
W38441,-7.630555014903963,-0.42082781283856546
W38443,6.144438863762663,0.943148714017322
W38444,-2.643531993655841,0.8603172894009989
W38445,-3.419684716383039,-3.2908376072471857
W38446,-5.099280658136748,-7.033479353887348
W38447,-4.978706124441059,-1.7312410891513426
W38448,12.933305020760827,3.213018466028552
W38449,1.9491249058729236,1.2492631103296774
W38450,5.865234734237988,-0.8089625073255976
W38451,-3.3747648601852522,-3.673028800616558
W38452,10.429308943070732,-2.9341192357387134
W38453,-3.1848994596295754,-2.558680665676488
W38454,3.326036499272914,-2.305500891494557
W38455,5.133575503497667,0.7905817054971374
W38456,-3.099166670863646,0.8747675913792773
W38457,-8.867027265219933,0.8698308714480388
W38458,10.188180785657323,-3.046018711791744
W38459,3.8514704798781048,-1.7399930530963648
W38460,-3.063327086347551,-5.932667803130109
W38461,-1.9742913092685033,-0.9176707813990307
W38462,-5.443896556207971,-1.3894083295681494
W38463,5.224035948424454,0.7730294211850223
W38464,3.549594563238219,5.827805408816142
W38465,2.0690673032198323,1.7212500092793026
W38466,0.11589769546286338,-0.22224543184133572
W38467,-1.4342307109333385,2.1387007963404585
W38468,6.48948147631973,-1.4027253590883753
W38469,9.451113988490908,-2.4862502836909193
W38470,-4.097454592473015,-4.696208395550653
W38471,-2.609938823679009,-0.8703383579060489
W38474,1.6615297444253883,0.23850144503461618
W38475,-3.871683042363387,-1.3589201831024837
W38477,7.336269238775492,-1.1864075500780287
W38478,1.3257949364724788,-0.35161301310190046
W38480,3.484619544490725,4.431741518439169
W38481,-2.3285137132293876,-0.9311889305215876
W38482,4.659471510739196,-2.2008062513843174
W38483,6.118281839381818,0.951128754360012
W38484,7.937163392781828,0.04362334017668096
W38485,-2.4674851658314294,2.174843772660055
W38486,11.638501827131973,2.309823187743333
W38488,4.897621443077605,2.315508571917402
W38489,-4.534991855377814,-2.3436034426278662
W38491,-2.950250937163824,-3.8390219850927636
W38492,6.821455235980146,1.9000816601829225
W38493,5.9198401378979995,0.4622890329987122
W38494,-5.032882505143932,-3.3530577251025195
W38495,-5.18495702383685,-3.1783784033598503
W38496,-2.827328016906773,0.2325050020042663
W38497,-1.1048927698602367,0.07435857828518241
W38498,-7.990792676049035,-0.44210734516315187
W38500,6.702006286231081,-0.6416383870629427
W38501,5.845427572692488,3.1553499339778313
W38502,5.634987301935332,-1.4376679550172158
W38503,5.3757846915791445,0.34854836063964495
W38505,5.229920712779513,4.538464261010446
W38506,-3.6679405861714867,-6.9342650949030125
W38507,7.56229188436555,0.8214306844676645
W38509,-4.918772458775764,-6.284093539313887
W38510,8.603713527536243,1.4217969315746901
W38512,-2.525985998029909,1.9319628857167657
W38515,6.709551949022605,1.093665141861713
W38516,3.7270054328226503,-2.201097396519419
W38517,4.662593450186516,-3.066279453827534
W38519,-4.6249920079943285,-1.4313764556551853
W38521,8.39501355809244,-2.093638300057624
W38522,10.71392807112132,-3.3865524582619457
W38523,-1.2893687097699362,1.5061186602554126
W38524,-0.1605032626718477,5.722635297896358
W38525,-3.9299360885838666,-2.674127294443992
W38526,-6.237016581165872,-0.7025201539129491
W38527,10.477779522890545,1.2438711777094598
W38528,5.899334456083004,4.704690328037051
W38529,-0.881030561878593,0.8884252649877991
W38530,-2.6105459406970235,-3.761060926245655
W38531,-3.4383747905423485,-4.994533957793886
W38532,-4.342657711786299,-2.2158093861664
W38533,6.533959796497515,-1.9028177761562868
W38534,7.096401794276039,1.6969101603083383
W38535,-7.8203763943416025,-0.2536547670549411
W38536,-3.660716487871074,2.1695395443997847
W38537,4.467184847637464,-2.58877431681529
W38538,10.266523380751893,-2.9486081537334545
W38539,-5.1365076749989855,-0.9881399095959505
W38540,-2.327836940807939,-4.145501569195835
W38541,0.9914733725086614,0.5683856169206185
W38543,4.682303924635695,2.1666590311399614
W38544,8.967019116479118,6.924995365344773
W38545,8.856798691322687,-2.3008980217733512
W38546,1.142758164837917,0.0440531800804197
W38547,3.23632720772607,-2.1462997597300753
W38548,0.598057661849531,-0.09653798888277045
W38549,-1.8388656391876297,-1.3174141794199874
W38550,-0.34658515717718724,0.29643116768080063
W38551,-0.9585931511637245,-0.5590303684664948
W38552,4.910895841956316,2.5270150961708624
W38553,8.355767819507257,-1.48966859782034
W38554,4.159667569145097,-2.2268099674552695
W38555,10.285377921920492,-3.2203569744662155
W38556,-6.080884911453346,-0.21766986105292563
W38558,6.923416617005307,-0.7927018978357745
W38559,2.17487485510743,0.13790912464868627
W38560,6.57120046282196,4.755937074792568
W38561,-0.32966526794377565,-0.06140090998427255
W38563,10.421381616479893,-3.6538649993307746
W38564,-3.882954856802889,-1.677072439532434
W38565,-3.7696548458935344,-6.36281310069852
W38567,-4.101407216847267,-1.2752000241371968
W38568,-5.84386687955269,1.3909173165331505
W38569,4.111173875885319,-2.2372810377043337
W38570,-6.062953690361833,-1.5654346279664468
W38571,-3.638857520816329,-2.0199129643042406
W38572,7.648141662228,-1.6871646868686891
W38573,8.678036227069141,-2.6664007727345864
W38575,2.184042716365903,0.35651226176833445
W38576,-2.538498139108788,1.5840246698907339
W38577,4.974785907586163,0.6909888893563486
W38578,-5.516191192234926,-1.6043252079176729
W38579,-2.6557732853516427,-2.599040987721797
W38580,-3.36309754144084,-2.0056780366000293
W38581,-3.632661723198532,-5.736261237596096
W38582,9.9111189048216,-2.7090428630235723
W38583,-0.33373944004403655,7.746145504774157
W38584,4.727928319849853,0.22730589410682892
W38585,-5.662933378935183,-8.353773859216563
W38586,1.885909519503168,1.0608756885120623
W38587,-4.203626576140205,-3.0418870416994914
W38588,-2.871683219616563,-0.7791612235071694
W38589,-1.0436026049284233,-1.942723942774488
W38590,0.3846755158919309,0.3359483389533142
W38591,-1.7275658370810134,-0.48920387842520374
W38592,-6.416685493027415,-1.3013030454225512
W38593,9.359962766150513,6.841295804034749
W38594,-6.913628624922765,-6.985687474845823
W38595,9.669724539193034,7.593465302701751
W38596,-1.3650284215095476,1.2893048346524723
W38597,5.415000962266332,2.195468692448394
W38598,1.4123648701388736,0.33836733517556483
W38599,5.373382866499386,4.814274357867237
W38601,-7.82783663877172,0.9407482640620599
W38602,-3.7625023275299156,-6.866580235210769
W38603,-5.5586638359788125,2.1396815097466853
W38604,8.72111196771433,5.58264242878342
W38605,-4.336888744215185,-4.110866805541692
W38606,0.45413135689914524,1.2201856549976722
W38607,3.407522726882247,-1.2072589924008554
W38608,5.172527111575414,2.330283511127202
W38609,-8.82741189239639,1.8877916540873412
W38610,-2.432704443988774,0.24482717079643856
W38611,-1.5525556591529182,2.3037576135723126
W38612,-3.2119255168301795,2.7021944057520133
W38613,-6.124698374415003,1.1376635140158493
W38614,0.7195278006339946,0.5213990692903302
W38615,5.820194169077105,-0.365635026503423
W38616,-4.803159274782995,-0.8106748319178505
W38617,-4.243257845073541,-6.648343769354695
W38618,-5.980326327018673,-1.5578192381443958
W38619,-3.251770613079016,0.6961488282514328
W38620,-5.713975980942695,-2.1314512551917617
W38622,4.757555292164859,-1.108990299882465
W38623,3.1527292140604413,-1.912333329957484
W38624,0.5352593677130375,2.8357973276002175
W38625,-5.750994291547179,0.48101599327460737
W38626,0.062314130739187755,0.32252347484153304
W38627,-5.300395647874324,-1.6871780873433582
W38628,-8.208585596922298,0.9010110882715203
W38629,9.026668912019153,-1.8566239859150235
W38630,1.7765237783869539,-0.46858885175106163
W38631,7.186426349968325,1.7771987016598585
W38632,-5.156441208053508,0.20373939850811987
W38633,0.13626219133652964,2.2656264197968303
W38634,-3.9227036112950544,-7.149531176519247
W38636,-7.708047756876015,0.08903132182395494
W38637,5.431369373947107,-2.8560949893235246
W38638,-4.134731273947805,-4.283753788541666
W38640,-1.3643505960410593,0.3886073822379577
W38643,-1.3649234494274312,-1.837833907767426
W38644,-2.291540550742422,1.0257253551629644
W38645,-4.262159460157601,-0.3480936127207617
W38646,11.356639749349629,1.587453103812819
W38647,-4.599461422428056,-4.599891084611226
W38648,0.8232047860526169,0.04286865661123454
W38649,-6.716317890653072,-1.722892028461434
W38650,8.100362464305796,-0.17032758963139896
W38651,-4.164676340265077,-1.5779862221875496
W38652,-1.7614807006157764,1.8738916988395125
W38653,-3.5035175438455184,-3.4536618188328263
W38654,-2.4407175897754696,-4.740279099302396
W38655,-1.3720372776816534,-0.3150249842272079
W38656,3.9314707444136294,-0.5904983804223765
W38657,5.284464504923624,2.530968247831579
W38659,-2.4135176469150856,-2.885231362869663
W38660,9.828806804367339,-2.143066508294265
W38662,-1.1334304448151111,-2.101033260615519
W38663,-0.8748414179303978,0.07653381283143329
W38664,12.101161659050357,2.492485448191732
W38666,6.234754026412513,1.2640029470485086
W38668,5.867691398010789,-1.7184951112342428
W38669,10.39844003920294,-3.3316813667292795
W38670,0.024592957318350442,7.4901884909380225
W38672,6.564964274084705,1.2370738018364011
W38673,-7.224837619963593,-8.497143356956796
W38674,5.499020294676717,-1.827229749273778
W38675,-1.1454705667353164,-0.11853236980104119
W38676,-7.0847419147374096,-0.07429021192659313
W38677,-3.9322349484866685,-7.760326133700025
W38678,-4.208373196967534,-1.969388907252507
W38679,10.760247779476138,-3.040776573805146
W38680,4.87650135168744,-2.4315941597167594
W38681,-8.255734478726326,-0.5889352508077104
W38682,0.826916229880598,-0.2353042266158147
W38683,-3.4257354347381934,-4.324482413293499
W38684,6.148995213385445,-0.8790698606465808
W38685,4.86304020634011,-0.3915436739019878
W38686,5.355732633542099,-1.9757405611726748
W38687,5.039336201737497,0.7439492028751626
W38688,5.962781233962939,2.876561758715266
W38689,-4.0156287579258425,-5.994543309101731
W38690,1.620111362049029,-0.1636744441400249
W38691,5.43525589070748,4.230038152985935
W38692,-7.345686705907605,-0.21630346251323174
W38693,-5.617772047405986,-7.087343479451649
W38694,3.095789934146566,1.0765556734870083
W38695,1.3271090855387164,0.37000026703949745
W38697,4.566073322231861,-0.3976692719541095
W38698,1.8950401788303848,0.6203192926161667
W38699,-2.6265522227673714,2.45767854535088
W38700,4.608498324739282,2.1619898034097207
W38701,-5.128948705534535,-0.3242440415800547
W38702,-2.741808805448897,-2.803460215822332
W38703,-4.809542256804968,-0.5260739672615166
W38704,5.204813787933212,3.608535949514831
W38705,2.152583942484474,0.3248014143084922
W38707,-0.11852025138950967,3.75046594547742
W38709,-4.892410476984484,-1.260584159390925
W38710,6.537436937872954,-0.17321132135526518
W38711,-1.8823768389940791,2.6421929631158565
W38712,2.590904104899943,1.1458185690657843
W38713,-2.6164244579027427,-2.719962779089645
W38714,-3.943162445931421,-1.7952902820647823
W38715,4.3173490219737705,-2.987277570376345
W38716,-4.327790770103417,-6.3070978951206715
W38717,9.311774175813174,1.3321678156594579
W38718,-0.8913481048031618,1.3243217816391393
W38719,-2.4218983584328666,-2.63868558795678
W38720,5.387302567720153,1.9867452875984621
W38721,-4.542763174709959,-1.0786956469071514
W38722,-3.977153000818371,-1.450883046792976
W38723,-5.5259548243196015,-1.6500428405808005
W38724,-5.545344749190805,-1.9511009391540965
W38726,-1.3740241001997686,-0.6570717729438208
W38727,5.2679457074141185,1.9507258153322746
W38728,-8.84437774553262,1.712728645472452
W38729,0.7847860777650814,0.8284141677406837
W38730,-3.1442050416698595,-3.39109412598056
W38732,3.597946538032209,-2.004488224720827
W38733,3.9705185215628243,-1.698402807527935
W38734,-4.015162207479045,-1.2030366554744412
W38735,6.340120383165519,-0.8138095134497245
W38736,6.45749903857388,5.591181828167188
W38737,10.718019474563498,-3.8348453668616638
W38738,9.683990347123437,-2.8480022472537483
W38739,-4.324533604794907,-1.650241688920561
W38740,7.491742192289002,-1.4330648621514468
W38741,2.0033490285238775,-0.1420049903171772
W38742,-1.958506957384238,-0.5730731582313688
W38744,-1.6756903770801839,0.8531903903711077
W38745,-3.8926152828668794,-2.530806845111846
W38747,-1.7618709378460982,2.625757017431137
W38748,-2.4847720280570633,-4.095790966184627
W38750,-3.6141326268085665,0.9447617108659193
W38751,-2.903541968712633,1.2217248536514613
W38752,-6.815921445605251,-0.39829717180407787
W38753,-5.243229936682072,-8.818261445974114
W38754,7.0715012692173955,-2.122735876514896
W38755,-2.0641973463101606,-4.330049042534191
W38756,6.692456711309807,0.22359188442379999
W38757,-7.428835034956425,0.2283145033722595
W38759,-4.896600063274357,-3.452814070070738
W38761,-3.5693840063120583,-3.276389476687112
W38765,-7.511673595245304,1.1448543761626735
W38767,7.206610853656728,1.4052838543099195
W38768,7.653099752665143,3.8053177761638772
W38769,-4.024604050586048,-6.197653834190092
W38770,7.420705884549883,-1.6575726284911727
W38771,5.470510433034952,0.4163557346596343
W38772,-5.475886940146706,-1.6582791015514202
W38773,6.763969186441795,-1.691528171973534
W38774,7.083047681099463,-1.8782846932068706
W38775,1.3481083541662033,-0.06245876294732978
W38776,0.1910438048516756,0.7782749234845664
W38777,6.263240024768631,-0.21215553299720447
W38778,-1.944005526889044,2.0906877861277584
W38779,0.552954346406472,-0.02329805720036528
W38781,1.0404387588734576,1.1931443075881663
W38782,-6.33428746776255,-1.8647325573138702
W38783,4.766026550357484,-0.5286022415165049
W38784,6.311875740517991,-0.6577598059996136
W38785,-6.227510901018519,-4.923866651373102
W38786,-3.8517433191080284,0.13601440014469357
W38788,-0.03557340113278172,7.490141381338913
W38789,-6.938249408803303,0.6533597421090764
W38790,-4.362043866322666,-5.598806491332144
W38791,2.9197365876324244,1.2568497088854245
W38793,-5.583076372970091,-1.4631011247051517
W38794,-3.634385405643374,-2.2743808241227192
W38795,2.824051215909069,0.2966823812596154
W38796,4.358939399410858,5.5751953248696
W38797,-9.59402420117011,2.8260459424066178
W38798,4.62050382119501,1.4757258482445366
W38799,-2.006632858980624,1.8178021830050763
W38800,6.512573746395996,6.2583784951089
W38801,-0.007149109651314475,7.481762973108121
W38802,-0.8166571319527605,8.924638845316212
W38803,-4.252066374865697,-4.33471852802262
W38804,6.012323896321259,0.9823461834644538
W38805,-3.4471563410395794,-0.4777445779289736
W38806,2.1897275257082427,1.2353934955744381
W38807,-6.581871965549389,-7.07362527064389
W38808,-5.077299801609574,-4.554335720971927
W38809,-1.7724466448780969,2.624106064710514
W38810,5.850796800843504,5.4918600948506295
W38811,-3.1781024499066657,1.1268584915462234
W38812,-3.4414774903168035,-5.424884720025524
W38813,-5.234376690170107,-7.102693020659281
W38814,4.162893307668081,3.181675775994297
W38815,4.4937966141546175,4.881643144822076
W38816,-6.635214247746298,-1.3702898094157043
W38818,3.4544771974808124,5.105353246188592
W38819,-6.753087780211108,-7.787425658931501
W38820,3.3351055231759226,0.7302006353909242
W38821,5.412269768197513,-2.475532956117004
W38822,-3.209392469722328,-1.04698702143954
W38823,-6.666252000016607,-2.220382105308877
W38825,-8.38853421864412,1.3794625537290919
W38826,0.17982186918098994,2.9011180987683347
W38827,2.746327822436942,1.1481583159444873
W38828,-6.878784685397161,0.40950852481026234
W38829,-5.700281445750331,-2.0286049337426557
W38830,-0.2784318009222038,2.6411552842967194
W38831,-0.3980743113116685,5.362482647725977
W38832,-5.827278003040723,-5.162457169762582
W38833,-7.518829591694258,-0.5177858851621583
W38834,-3.498990220388569,-3.474249148116619
W38836,0.8761212599435644,0.5682720812235634
W38837,4.262824942752573,-0.2802322890834113
W38838,-3.3826568391571223,-3.0913240059327887
W38839,1.8464683562458117,1.0706099353239962
W38840,-2.9653193126123476,-3.717674010669623
W38841,-7.490668334057378,-5.3989300067837815
W38843,4.813187757075203,1.1309554702005862
W38845,-2.445519434918137,2.218499334787944
W38846,7.699888960310061,2.499250422715051
W38847,-8.655044121357731,2.4573911228265968
W38848,2.407166540995734,-0.7589111535543666
W38849,3.233396537739048,5.0730353290403505
W38850,-4.158401763253571,-2.5970353269301514
W38851,-2.006476542129055,0.6158184028842478
W38852,-4.950639563564117,-5.660189074132628
W38853,-4.272030843290304,-5.995392522413181
W38854,1.3420543290729037,0.8347991774015195
W38855,-5.395800676472186,1.1226728133006574
W38858,-6.457423383362712,-5.770752524769204
W38859,3.0857356905849187,0.6227624982457659
W38860,7.099502636892256,2.295842328755537
W38861,-3.097623199822034,-3.7243513007184683
W38862,4.1315932406599565,3.1618038571314586
W38863,-3.217955323020571,-3.085324888221491
W38864,1.4654834773939123,1.5117340442610503
W38865,-5.50595644409882,-2.2208885426109375
W38866,-0.8600842367052669,0.23162059283349998
W38867,-1.724163641927095,2.784013168357916
W38868,-3.1556332321105023,0.4675488728361791
W38869,-6.233748403862522,-2.029520751097241
W38870,6.75055798058139,2.1838427713292208
W38871,1.3267054379977683,0.9869541863741973
W38872,-2.5833898291690454,1.3510468589553737
W38873,1.3812934464368325,0.42162938723710863
W38874,0.8488409846428631,-0.4138161903116733
W38875,-4.760934368634519,-2.209855695392301
W38876,6.383429536706701,2.2239839583096384
W38877,5.922990891918585,2.231681590572797
W38878,0.931175759238643,0.30278474063888866
W38879,5.473431626575652,2.160162536602106
W38880,-6.931334825664541,0.96688298809146
W38881,-7.3959576223036105,-0.5289185223126365
W38882,-5.626311670162957,-2.79249159794965
W38883,6.541872508616604,4.275790608199292
W38884,-8.15517801404774,1.6211835784472435
W38886,5.023210551193261,3.972499805912713
W38887,4.699444348067419,5.117979581850486
W38889,7.148633883155677,4.160368701624168
W38890,-3.1786115474842247,-3.9265248736922755
W38891,1.6117008963607322,1.1567896448313024
W38892,13.291105200707825,2.7606584359524637
W38893,-4.575543134827228,-6.6057549391993975
W38894,6.0980642392909,2.3536038522555587
W38895,-4.296358576913189,-2.73194079170075
W38896,0.29328791524088843,1.8330334201839777
W38897,-2.149662795392365,0.7422432591582546
W38900,-0.01285998921421539,3.479534266924275
W38901,-3.6215849942386424,1.1673243388242815
W38902,-4.193301154919184,2.2459225632331323
W38903,-3.110735604775527,-1.8810232117093373
W38904,-2.232865867611486,-2.324008741505939
W38905,4.31865597972914,4.882988101878356
W38906,1.603168058960484,1.3882228307619402
W38907,-6.177184108658505,-6.154807122618614
W38908,-2.4675703235425965,1.6735607122694893
W38909,-5.078105060474739,-5.6384592742113
W38910,1.6126129971660317,0.3240835925685195
W38911,-4.121526897524734,-2.4445135738272628
W38912,-6.111964411686934,-1.4953626574219345
W38913,-7.702853331924679,-5.5523393930205245
W38914,-5.909847196000433,-8.094736555567867
W38915,4.198796579529693,4.124000269973005
W38916,0.6639787407254429,0.5997156830486091
W38917,-6.900106770316916,0.09853902604125389
W38918,-7.5797515701495595,0.982655693450506
W38919,4.59319791733271,4.441124563309218
W38920,8.637890922579915,1.0067732361078983
W38921,-5.562831035381253,-2.4723314726388295
W38922,-4.72082841319319,-5.524757615127703
W38923,-2.0102938948899056,0.04578543629099935
W38924,-4.829711736017405,-1.593293762803834
W38925,3.7759200787638405,3.3877014193478825
W38926,-1.4434478751872237,0.3203032174301138
W38927,-5.625893049905212,-2.8873835405418307
W38928,-2.2789074334075683,3.370708850343492
W38929,-1.9419143489111972,1.635172756911552
W38930,-1.933211941805966,2.192009995745837
W38931,-2.5166486715704943,3.1775412065152038
W38932,5.522292693462553,-2.051460647497727
W38933,6.69541468266442,1.2107800034328826
W38934,0.6056615780658715,-0.1645095997500721
W38935,-7.398443434697174,0.029347932929181624
W38937,3.2767214466111176,0.046549069202060395
W38938,1.5371627157928065,0.955633153557613
W38939,-1.1640279941722615,0.2670564064755007
W38940,1.0023208829779873,0.8076940884198964
W38941,-3.1256923509869825,0.7730702761326886
W38942,4.872185224391853,0.8561317094469829
W38943,3.266887590331125,4.090061877414688
W38944,0.7168533071106014,0.6422094868654796
W38945,1.5850979384003676,0.16619117918649376
W38947,-0.18928818956379714,4.586802644805761
W38948,5.388683878501442,1.894836428447152
W38949,-7.3016540058109785,-0.6252684757242022
W38950,-5.836048953849686,-6.321227808263103
W38951,-5.025870701090611,-1.4220947548265104
W38952,-3.1093811320495184,1.7275227064050112
W38953,-2.400811912377465,0.590274981314418
W38954,-7.956002119320243,0.5763520934002384
W38955,0.46925574427849515,0.8651150575856253
W38956,-3.6024067209057775,-5.227848838520662
W38957,-2.3583477571109626,0.7547591445017302
W38958,-4.139352124348413,-2.485534905680401
W38959,-5.235113119779641,-5.062542473059906
W38960,-4.392869179235738,-3.752900903299347
W38961,3.365565992696275,2.259420003432377
W38962,-7.200322927436779,0.9867874844839288
W38963,-1.2879742562504652,-1.1695493642654864
W38964,0.585159362573756,-0.1595709293746805
W38965,-3.701559905380643,-3.1605867498568707
W38966,4.4952266957336064,-0.17095965390781115
W38967,7.767742978167851,1.478081133038959
W38968,0.14606499917457322,2.367133864077733
W38969,1.1028982703458117,-0.0806873878842632
W38970,4.72595922385628,3.190621917706564
W38971,0.7249294785191336,1.156842261410188
W38972,-4.864303534753111,1.3735043042240882
W38973,0.793493770353391,0.09952542501973645
W38974,4.9624252908121536,3.2003156504825125
W38975,-0.03955133242437256,4.58842114424435
W38976,7.702500397255358,2.372501018171134
W38977,7.06898579570291,3.22038949676354
W38978,4.784864508707549,4.095760327940421
W38979,-5.544647935287657,-2.69189822412356
W38980,-6.472994760445239,-6.243866921556266
W38981,-4.262356860179027,1.2637640007644992
W38982,6.456267883437284,4.659314581140717
W38983,5.337719932459319,1.4397292172439957
W38985,3.7725456317065684,-1.043366537186927
W38987,-4.544104571565567,-0.9934966125307747
W38989,5.046712333259466,3.351747465705978
W38990,1.2904085283917006,-0.14913408398679362
W38991,-0.41422862178946007,3.191594093424615
W38992,1.8770893817877876,1.162019578644392
W38993,-6.1226238579614245,-7.773429692937822
W38994,3.614213468583899,3.0099891398593557
W38996,5.545351087912802,-1.6512622743591694
W38997,1.567317029665034,0.5047312055326691
W38998,-0.21689119615520755,1.3869770807467283
W38999,-0.3710173109204576,3.7729314342844202
W39000,-5.123663983306689,-4.915372192827777
W39001,-6.231819599102406,1.3156216965642848
W39002,-3.55274488360686,0.9330969830712968
W39003,-7.396803118982003,-8.61346665014694
W39004,-3.301436484632619,-5.381139581583499
W39005,7.480586691409885,2.4438922034626107
W39006,-6.341624920705419,-0.6121758897287369
W39007,-7.959719696691585,0.6870257192887146
W39008,0.2781546717869799,2.487036594103655
W39009,7.719695510470146,3.112098131305956
W39010,4.645304070812236,3.5113606896913967
W39011,-3.376805855235175,-0.717216683419658
W39012,-3.8145153784020795,-6.019909511273782
W39013,-6.957100152974552,0.648959198642127
W39015,2.6599993897851615,-0.6292556952042333
W39017,-6.638182240750559,-0.5852802567026074
W39018,-1.8451520643604542,3.572895288758313
W39019,-7.72183559296823,0.5287305185965819
W39020,-7.892765912444982,1.664563017380434
W39021,5.570228725180402,0.320359619724866
W39022,0.921714850111902,0.7003965495312405
W39023,-7.741514393708966,-5.086092259765963
W39024,-5.225923321499149,-3.315517938022297
W39025,-6.277567813868857,-1.76706375189255
W39026,-5.1156296207143805,1.3033689955792953
W39027,-7.307491620535419,-0.5686330829783702
W39028,3.0278891749389056,-0.64817240097705
W39029,-7.2099165678414545,1.0228446560051017
W39030,0.21961238219604814,-0.32280279777497
W39031,4.481128716683803,1.02729648903342
W39032,1.0499397193015791,0.7824076265939963
W39033,1.271861972348945,-0.06530882554337393
W39034,-2.5487352311778353,1.9011426945553074
W39035,-1.315597235107198,2.0720858569287217
W39036,3.684915879407845,-0.8654421091336383
W39037,-3.782644984632527,-4.971929490745838
W39038,-4.613262097340876,-4.938108425345828
W39039,2.0262334310230496,0.6222823866813247
W39040,4.820040158645948,3.7066512008460926
W39041,-0.052523598575547746,7.235534988182033
W39042,1.619039790668532,0.5774583598259045
W39043,-3.6337189657129856,-1.7446674472406958
W39044,-3.7217026936503106,-0.8736516845994372
W39045,5.5403471793901415,-1.335998011886243
W39047,-2.0725236793039903,2.8086308692419792
W39048,-0.7049785634739769,1.7757999600169607
W39050,-2.911930187514582,1.892805013238836
W39051,6.379250267644536,0.6183055152016607
W39053,-6.334556349830963,-8.229981219017905
W39054,-3.025269540368539,-2.6305124578910783
W39055,4.677768217740553,-1.0107222226427344
W39056,-1.0563256930154827,2.8769675821776173
W39057,3.4129752183714084,-0.2787297599731673
W39058,6.232498665053758,2.0976476800441404
W39059,-3.9209853724314074,2.031222348418458
W39060,-3.3896523654668576,-4.927434695038814
W39061,-4.479127669135262,-7.983355720458945
W39062,1.7674553825394634,0.5539187604988152
W39064,-1.5235326449114848,0.887754302441977
W39065,-5.246610791810622,-5.21924598358947
W39066,-6.914213210592364,0.7351351644945479
W39067,4.075540020033882,-0.2203620260147071
W39068,0.6349965963361214,0.26104148964159285
W39069,4.6136649122797015,4.535300306524528
W39070,-0.9559443515410881,1.2575396450460417
W39071,3.1405564557183645,2.465137295720363
W39073,-4.630133431463853,-3.055095515947912
W39074,-8.218091462976776,0.5976564898324825
W39075,-2.9627189260540363,-0.5705375594505451
W39076,5.7125269479925525,1.0669282442399828
W39077,9.054950772106043,1.4261412403102065
W39078,-4.1343420724383515,-3.273075699861134
W39079,0.7254934780133009,0.233733581112098
W39081,-0.06956199098119933,-0.31554483183098275
W39082,0.9499803324309054,0.7183398967684979
W39083,-1.9914600553026598,-1.739078893669923
W39084,-3.575768151827958,1.9166461674955857
W39085,4.6148252836370816,-1.4542519719512268
W39087,0.9970712213854241,-0.5434690210888925
W39088,-4.7837742143298,-6.683724025023705
W39089,-7.741957285865476,1.8148350582812083
W39090,-5.8757530667521625,-1.4865336120516182
W39091,1.1680859629589457,1.2651114326442774
W39092,-3.906687425172837,-0.09956073859451602
W39093,1.6828391402697596,-0.23435179930512964
W39094,-2.5619417160141698,-2.958471750777665
W39095,0.09762000344329794,5.055256231105332
W39096,-2.00679724886164,3.1405851977886474
W39097,5.231821940108207,-1.2215744938306534
W39098,-1.1553439010255098,-1.4213803797626556
W39099,7.536210415095762,0.9023376968671143
W39100,-5.70505329551342,-0.8617296344158993
W39101,-3.974309921895692,-4.409804730460272
W39103,-3.6413549311787903,-2.9197231854286274
W39104,3.749186418390546,-1.7877228269365533
W39105,1.6110743418906417,0.3386760987632739
W39106,-3.552167691215639,0.508251780291377
W39107,1.8928351933186436,0.7883378936724605
W39109,-4.457519700460036,-0.11154671852687997
W39110,1.4232048460745537,0.7186644345114662
W39111,-2.3431265529887875,-2.1202469312178973
W39112,5.62964927307022,6.149855609762222
W39113,-5.544267423415894,-0.9318187905428089
W39114,-7.386446786772013,1.6678864814736936
W39115,-6.374794561178,-8.286077447365395
W39116,0.28526052851281347,2.9388799185467054
W39117,-4.839410858349395,-8.287398709967075
W39118,-8.149537378910095,0.7406786936793329
W39119,4.8537118877816345,-1.3201442058622022
W39120,7.289500604645585,3.0312415896684417
W39121,-3.1113731222156975,-2.347868052023834
W39122,-7.222291886203903,-8.52798078397669
W39123,0.8196115104402825,1.6368599639377217
W39125,-3.2404636807923186,-0.47220411369161486
W39126,-2.906289519344835,0.9085559999399082
W39127,3.800464606792144,1.3719016588546642
W39128,-4.118131407152422,-2.4732679590628597
W39129,-6.002715964069075,-1.1146337498643222
W39130,-1.8569811751451402,2.2832667188882887
W39131,-4.035888914835392,-2.0454730676506743
W39134,-2.3669739965933587,-1.464060411289162
W39135,-6.725785079986415,-0.282729862577502
W39137,-3.653316729254187,-4.93367737650054
W39138,-4.299576986403067,-3.982369428886043
W39139,-1.896326540231721,0.2722102220205663
W39140,-6.705517584566094,-6.941674623992521
W39141,-6.666671404384112,-8.525337435628034
W39142,2.932967563731537,-0.562094006950416
W39143,4.804368983897904,0.2971774466929231
W39144,-6.79795412274881,-1.215237080091796
W39145,2.08229553224058,0.16388316921445
W39146,1.0788066431688743,-0.10811920907918376
W39148,0.8493372411935174,0.22747364313539545
W39149,-7.772157318898778,0.4769779918752047
W39150,7.023338270118108,1.6675531009831166
W39152,0.8188727003156158,0.14058171987530327
W39153,-2.100099236617643,-3.0166880488828385
W39154,5.570880309122531,-0.6806406347502955
W39155,-5.95932824058357,-0.09328246720929916
W39156,-8.309832058279737,1.5412472835661268
W39157,0.08631066545816998,7.2555046225995055
W39158,-3.9247910975645706,-2.344092664044982
W39159,-0.26540762022166764,3.4020110250272264
W39160,-3.2609658462997433,1.5351841062338438
W39161,-1.317429543816413,2.4080950146036915
W39162,-3.8365943925153623,-2.8265730052418503
W39163,-6.869169343322385,-7.231380698051451
W39164,4.649808293677799,-0.4854940816974417
W39165,-8.873527652871285,3.51514024188965
W39166,0.7338788057728433,-0.024326945304807824
W39167,-4.503320804839223,-3.7979602736198608
W39168,2.8755231737729234,3.664267178752948
