"cell_id","paul15_clusters","dim1","dim2","pseudotime"
"W31105","7MEP",1.17838866535836,0.557823883194886,0.282254808335283
"W31106","15Mo",-5.74192882498805,-1.44804949171217,12.8327605054189
"W31107","3Ery",8.41307109786112,6.8774042454969,18.7943593677316
"W31108","15Mo",-7.157015661309,-5.23774950581487,16.0782947180172
"W31109","3Ery",7.82291771075356,6.18375846990011,20.0594720842231
"W31110","15Mo",-2.16300822187085,-0.843307749288877,6.75200541413204
"W31111","4Ery",3.60242729228986,3.77705641795471,11.6592236015158
"W31113","2Ery",2.51316280309468,-1.03711775238789,3.64476441528936
"W31114","3Ery",2.44463850728061,2.97641087981308,2.94150814732358
"W31115","2Ery",8.0062305914817,1.3080453297598,9.33546417125309
"W31116","2Ery",3.10725292252665,1.50041449007874,2.42055043989221
"W31117","17Neu",-2.8985535765651,-0.4861023047895,5.83686260266104
"W31118","14Mo",-5.08484515011153,-0.220462781349135,9.85679063781389
"W31119","13Baso",-2.43922775703636,0.44709418141174,4.70559566024659
"W31120","3Ery",4.0133584661152,3.10909594951864,12.6727808128988
"W31121","7MEP",0.975085279717908,0.0276329894734566,1.30143285428375e-05
"W31122","3Ery",6.02775635623069,5.33127465508148,15.7679052976173
"W31123","3Ery",4.71547141208227,3.3379801763274,12.5759079863164
"W31124","2Ery",8.55203401581281,2.36494697648768,9.04205991390489
"W31125","8Mk",-0.248986213533,7.69157876117828,11.6806670027221
"W31126","3Ery",3.09988341957964,1.86210613077892,2.49887423886132
"W31127","9GMP",-2.40588836738248,1.04378111812885,4.37312414550883
"W31128","8Mk",0.569005129452568,2.58367653567635,0.0544086900801155
"W31129","10GMP",-1.48077211634809,0.565101982055751,4.0861936041289
"W31130","15Mo",-5.7220943766373,-0.932059186228168,10.7802772362642
"W31131","16Neu",-5.1296341805365,-3.53419743928466,11.8413172333786
"W31132","4Ery",5.70835244561489,-0.493535827048709,7.04098979804445
"W31133","13Baso",-1.01153764367919,-1.4244843834685,6.91755580654578
"W31134","17Neu",-1.76708327290873,-1.68679194718063,6.91755725258229
"W31136","3Ery",5.08374011139118,5.36639805560047,14.7619784167576
"W31137","2Ery",4.44346851635235,3.99437315610255,11.923144086892
"W31138","3Ery",5.05191039667801,6.51474215887834,16.5039311229146
"W31139","5Ery",4.08001901725623,-1.61175440201034,4.83556912122423
"W31140","3Ery",3.93370025637784,5.78749532660371,15.7942756071495
"W31141","13Baso",-4.60241749357632,-0.183765391877266,6.8386267566339
"W31142","1Ery",13.6063365681205,2.28285963319182,19.8223603270932
"W31143","3Ery",8.89085664918904,4.41850408827825,16.8472033637662
"W31144","6Ery",2.98943491188665,2.35885153936873,2.66165245439631
"W31145","15Mo",-3.51947815440251,-4.12379158894871,10.506019202138
"W31146","3Ery",4.62310280686141,1.57442470734341,11.0940091192148
"W31147","3Ery",5.4953347262316,1.02318179584227,6.83168573586287
"W31148","14Mo",-5.66892328823582,-0.720189579624955,10.6300430810403
"W31150","12Baso",-1.78193044506524,-1.11308669616778,6.84164571624148
"W31151","3Ery",8.92838599311402,7.3662930526655,18.6117023718717
"W31152","14Mo",-6.84258564075837,1.54899853160194,11.4996144174976
"W31153","6Ery",4.3173978040198,3.66779752183521,12.2454851091223
"W31154","4Ery",6.15267323867341,1.47595488959684,9.04808218467632
"W31155","7MEP",-0.122001109169766,-0.240774424946442,0.00458660039303915
"W31156","2Ery",6.00286099473291,1.68212461041422,8.90214511544076
"W31157","13Baso",-1.37688862575115,2.06891350220554,2.48978678921797
"W31158","14Mo",-3.96563420719576,-3.33739587496957,10.165340068807
"W31159","6Ery",3.20520633475044,0.497055227110875,2.71114664954437
"W31160","18Eos",-4.03006287505457,-0.616262594841327,6.80949484825834
"W31161","4Ery",6.88374371798682,0.40068729686455,9.33546561728959
"W31162","3Ery",4.08737216962415,0.721619115336469,5.95991206013544
"W31163","3Ery",4.24919198495866,2.84486088194461,10.669446120953
"W31164","14Mo",-6.83736707227518,1.30373967326467,11.4912490184947
"W31165","2Ery",8.7382363057469,3.18266865730221,16.8472048098027
"W31166","13Baso",-6.16047387963941,0.691439517017456,9.54228163259761
"W31167","2Ery",8.64984481305294,3.15019675013926,16.8472062558393
"W31168","13Baso",-10.1418971464665,2.63946687346025,11.5054821912797
"W31169","13Baso",-7.45828530018429,0.909816091936514,11.5002993914238
"W31170","14Mo",-8.77731377044521,0.531748123204302,11.5054836373162
"W31171","7MEP",0.797140447225047,0.137113155228785,1.15682920380777e-05
"W31172","7MEP",1.64110928579443,2.14020940934089,1.02407411466613
"W31173","7MEP",0.668638708582246,0.114018485908906,1.0122255533318e-05
"W31174","10GMP",-1.90068218329518,3.47182612397968,2.98012633105574
"W31175","12Baso",-1.98661763731917,-0.907326926297523,6.78176509765212
"W31176","6Ery",1.35794883679257,1.20495062047602,0.844165993355847
"W31177","5Ery",4.34647707511736,0.0296179207362491,5.54565658405949
"W31178","5Ery",3.65111193325339,-1.15562701263486,4.43641615355807
"W31179","14Mo",-4.72537350150952,-3.63137578322471,11.2189410088261
"W31180","4Ery",3.997526847355,1.22810471781076,7.92907155995104
"W31181","16Neu",-3.35282531243381,-5.85383694137935,14.9896660523739
"W31182","16Neu",-3.06432294731584,-5.42257249098296,12.6596457320026
"W31183","3Ery",4.83280720034469,5.49666741713284,14.9589968111063
"W31184","2Ery",5.58409321784982,-0.499084342202605,7.19231133140305
"W31185","6Ery",4.72883457512016,0.530667471590831,7.80791951216327
"W31186","13Baso",-4.63910301994397,2.25278723423246,10.0951437661144
"W31187","13Baso",-3.22904807530694,1.70342437389157,7.01545531864131
"W31188","10GMP",-2.17758386148176,0.590450545640134,4.29267630600767
"W31189","14Mo",-3.82097698726926,-2.59693030435703,9.38006296706093
"W31190","5Ery",4.7141625832833,-0.880404885249365,5.02831910946891
"W31191","7MEP",1.69799850585108,0.872570473817603,1.17819328186946
"W31192","7MEP",1.50938499558533,0.409890941993875,0.397915688355027
"W31193","5Ery",5.35756864093762,1.66370926329005,9.0410771906561
"W31194","6Ery",3.72382454415348,-0.562924466521309,4.58476877177361
"W31195","2Ery",7.36941262636427,3.34542168584486,8.71277375946041
"W31196","10GMP",2.28346138504716,0.662976196888868,2.70182503891392
"W31197","10GMP",-3.38276927714362,1.96523057000684,11.1259804193671
"W31198","2Ery",5.83358305072168,0.825152085969791,7.12254255258587
"W31199","7MEP",-1.21951093051021,-0.777723059331242,6.85524633026485
"W31200","6Ery",3.55675821994268,0.112137312444845,4.48037700910414
"W31201","7MEP",1.48666608808219,0.00168336783902927,8.67621902855831e-06
"W31202","14Mo",-5.93979008794272,-0.736387549938587,10.7338877677764
"W31203","16Neu",-5.52173085456546,-2.24823935544923,12.6118405380899
"W31204","10GMP",-1.82554081177327,3.39857757164111,2.90509504595013
"W31205","3Ery",5.16619526547715,0.936702354321876,7.12117782830874
"W31206","3Ery",4.93976590282709,6.51805646810602,16.5039325689511
"W31207","13Baso",-7.39608390260001,0.219489312597725,11.4750662533021
"W31209","1Ery",13.4677264791121,2.95524413458906,19.1700211578365
"W31210","14Mo",-5.73676069990238,-0.850373397216042,10.7802786823007
"W31211","15Mo",-6.57692253155163,-0.92050276914333,11.4591359473658
"W31212","2Ery",9.86574869079682,-2.87834962326112,9.3354670633261
"W31213","5Ery",3.24965996080788,-1.10671179458064,4.00296267506427
"W31214","2Ery",7.06058821775354,-0.668219645791566,7.72446109072694
"W31215","5Ery",4.36677784315067,-1.17245533827559,4.83557056726073
"W31217","3Ery",4.13736818263761,4.38655252900605,11.6603518766822
"W31218","14Mo",-7.10697042412056,0.158008401599973,10.8988515862896
"W31219","10GMP",-1.32796101502623,1.92401058716282,2.44448876832773
"W31220","2Ery",10.5590795572795,1.09123414661109,9.3354685093626
"W31221","7MEP",0.29779813498784,-0.317183218456263,7.23018252379859e-06
"W31222","4Ery",4.88093768322273,3.48150178526074,12.4352610257414
"W31223","9GMP",-0.00743514447183539,0.800094634856581,0.0382639375273143
"W31224","7MEP",0.664774768829801,0.737576234323444,0.00933482296021948
"W31225","3Ery",5.62109345914136,1.24515085704126,7.11265260868023
"W31226","16Neu",-4.76178676880406,-7.94780039615534,14.9546667037025
"W31228","10GMP",-1.64218758769011,-0.895936746299135,6.82260100432083
"W31229","6Ery",3.47612931058313,2.12469010692747,2.41510119747563
"W31230","3Ery",3.08803622985748,0.510667851130236,2.69416652073842
"W31231","2Ery",5.82096702261669,-1.19730038869425,7.18651967635194
"W31232","5Ery",5.02975470890742,-0.694119812302117,5.53257630801426
"W31233","2Ery",4.77741990473005,-0.75601532290392,5.21472333333792
"W31234","2Ery",5.15553020051838,-0.239452989267406,7.6030333534097
"W31236","5Ery",5.28741526778597,-2.26683806354113,4.83557201329724
"W31237","14Mo",-7.52075455312822,1.79404016896804,11.5054850833527
"W31238","5Ery",4.355179320036,2.19896228687457,10.9939228331026
"W31239","14Mo",-6.68410968940449,-1.33853429124667,12.5104122723172
"W31240","3Ery",4.28994544832151,2.46077434420015,10.8577971985992
"W31241","2Ery",5.37131777861287,2.13063074751628,9.12849056142511
"W31242","16Neu",-3.31151472039184,-3.9294970295866,10.1037471555513
"W31243","2Ery",8.91846792074559,1.73689840198411,9.33546995539911
"W31244","13Baso",-3.41281161529499,-3.54544828632234,9.98174304760239
"W31245","16Neu",-3.08453111890155,-2.81720043576867,9.29560294932646
"W31246","2Ery",6.94424710160644,-0.755651872262625,7.53348537490566
"W31247","3Ery",6.52216199439221,3.69240165347604,8.79390491677381
"W31248","3Ery",4.30361782719959,4.27441165909593,11.6536765734626
"W31249","14Mo",-6.22904420977082,-0.565034557909979,12.1492305675754
"W31250","5Ery",4.78327835210752,-0.570243671143071,5.40280190896405
"W31251","16Neu",-5.15342359286789,-7.61772052766495,14.9967449706386
"W31252","14Mo",-6.22838043451626,0.504075890314455,11.3922937408713
"W31253","14Mo",-3.51939796654056,-3.36070974608624,10.1474847036798
"W31254","13Baso",-7.65201867682911,1.34403038957534,11.5054865293892
"W31255","3Ery",5.62288818178267,1.38523825866198,7.19672138084873
"W31256","14Mo",-4.94206699097292,-2.51437724573776,12.5903532918908
"W31257","7MEP",1.53072994958697,0.233242239369379,0.218927300283005
"W31259","14Mo",-3.30072831922135,-0.213988648472094,5.71996216408734
"W31260","10GMP",-3.43689011806047,-3.460804962699,10.0709505309127
"W31262","2Ery",4.06202448372792,-2.19617690172145,4.76512484141343
"W31263","14Mo",-2.61658875826478,-1.95016221853067,8.94705799271651
"W31264","15Mo",-3.19623380155873,-2.47118612589968,9.09484348373068
"W31265","14Mo",-7.05561533306204,-0.736755535429122,11.6759337283966
"W31266","16Neu",-4.90568116580827,-6.21498803682451,15.5250931862979
"W31267","10GMP",-1.76072684397814,1.55210022002365,2.90565795580837
"W31268","7MEP",-0.0210885085489784,-0.467416227410974,5.78414601903887e-06
"W31269","5Ery",3.64594449180595,-2.27831049517579,4.30044064819691
"W31270","16Neu",-3.2695226520926,-3.38074616068094,10.2572021805314
"W31271","2Ery",9.46129827540721,-2.74286252185119,9.33547140143561
"W31272","16Neu",-2.6357992249484,-2.50685018995371,8.53051760340935
"W31273","14Mo",-4.61922838164451,-2.35498988642877,10.9618560674131
"W31274","10GMP",-2.8398818468786,-0.0288053041962084,5.25420817583773
"W31275","16Neu",-5.43136249255173,-8.91185672403188,15.0580499358565
"W31276","8Mk",0.277702396601326,2.29008787639941,2.91487496124796
"W31277","7MEP",2.77026402309784,1.10096138104767,2.52392932950831
"W31278","14Mo",-5.84027896943144,-0.153676274252794,10.014079265241
"W31279","7MEP",1.31431286911202,0.539059476282374,0.376593623340651
"W31280","2Ery",5.5434069094533,-0.863776376134224,7.38657720706286
"W31281","14Mo",-7.31441082568879,1.44759735354737,11.5054879754257
"W31282","14Mo",-4.70334150362453,-2.14537273220144,11.0212069452282
"W31283","4Ery",4.84196977035737,0.426519181533128,7.71370123883851
"W31284","5Ery",5.12567003435327,-2.00004252797172,4.83557345933374
"W31285","14Mo",-3.57575596803779,-3.03323392346424,10.5123208125589
"W31286","14Mo",-5.15657193702623,-3.673216929594,11.8413186794151
"W31287","10GMP",0.103240492100005,2.4931578451093,2.7730254569172
"W31288","6Ery",1.0377919948114,-0.429100378494277,4.33810951427915e-06
"W31289","5Ery",3.51234605818301,-2.38821577135611,4.14153824968399
"W31290","14Mo",-6.92298646030706,-1.02726537728582,11.3231282054143
"W31291","3Ery",6.94638509145853,4.14375015939183,16.1114137196998
"W31292","5Ery",5.06527257588589,2.87219851376712,10.8251065521447
"W31293","15Mo",-4.54473291107325,-2.71604397042349,12.9470336031788
"W31294","5Ery",5.82086553231095,-1.22173942683617,7.19639092984611
"W31295","14Mo",-5.86335381390051,-0.806950344729899,10.7802801283372
"W31296","16Neu",-5.63681646953334,-2.45828238329655,12.3934290414247
"W31297","8Mk",0.471577971770567,1.2004180202392,0.0339797832513304
"W31298","3Ery",6.21835166206189,3.79021679303083,12.1418423670791
"W31299","14Mo",-6.62133611367657,-4.05619305807541,11.8413201254516
"W31300","12Baso",0.17975120826504,1.57872611694592,0.0544101361166203
"W31301","14Mo",-3.69052968129411,-0.179453408516235,6.94426473648595
"W31302","3Ery",7.32799627568275,5.08432981848137,16.3330664385841
"W31303","5Ery",2.19837344276304,0.0514236013949156,3.10812709240677
"W31305","16Neu",-3.49524225216727,-2.37742638239558,9.37762485675594
"W31306","15Mo",-8.15139980989434,-4.85148783837064,16.0782961640537
"W31307","13Baso",-8.25634130865093,1.01744496193341,11.5054894214622
"W31309","5Ery",5.00421407459354,2.14001353474743,11.0940105652513
"W31310","3Ery",5.29917305169172,4.75609638342838,11.641583486942
"W31311","13Baso",-3.35791954452678,1.77478732333855,6.94409788119086
"W31312","12Baso",-0.972297867498121,-1.97158879159419,6.91755869861879
"W31313","8Mk",0.323237177277349,-0.778144769097183,2.89207300951944e-06
"W31314","7MEP",1.50308409631344,0.98575979930222,0.992994954411521
"W31315","6Ery",4.41960907491608,-0.593096593209493,5.00975384186949
"W31316","2Ery",4.96904516177634,0.146331564235134,7.67295781589777
"W31317","3Ery",6.37113418739579,5.69410586157716,15.5414925913533
"W31318","3Ery",8.78914702993392,5.94804383560768,19.546995526729
"W31319","15Mo",-5.35396660249352,-2.26755825043908,12.5964932763161
"W31321","3Ery",2.60203079892903,3.47132476920202,11.6765622616533
"W31322","3Ery",3.94602428930198,3.90440524904104,12.0076531970868
"W31323","3Ery",3.94651080194309,4.49413025581865,11.6675334566246
"W31324","8Mk",1.28395378520047,1.55184263816295,0.749233576365417
"W31325","2Ery",4.4368547727273,1.05359196133704,7.92907300598755
"W31326","2Ery",4.73028573800926,1.08619086935663,7.58464283340509
"W31327","14Mo",-6.11690408144328,-1.69398002801512,12.316340830322
"W31328","3Ery",4.80940383188635,3.72222896745146,12.1961262531815
"W31329","15Mo",-5.53778481456363,-2.65457345970368,12.1948099689282
"W31330","14Mo",-6.00224731956704,-1.01586423335747,12.0178609092326
"W31331","7MEP",1.73575226015873,1.85919600422048,1.13232397656736
"W31332","15Mo",-3.53853235004248,-5.40472137372822,12.6596471780391
"W31333","3Ery",4.92224656511243,0.414365063277552,7.62222273793235
"W31334","3Ery",4.89157912022489,3.20454179134537,10.6335504560091
"W31335","13Baso",-3.73329531075327,-2.29478398143104,9.42561362025518
"W31336","15Mo",-5.37420297161232,-2.9892062182455,11.8560673185328
"W31337","3Ery",8.49832147029335,7.02522478655274,18.6117038179082
"W31338","15Mo",-5.37489767228361,-3.25814632374777,11.8413215714881
"W31339","13Baso",-7.8491342776393,0.574328746274199,11.503076864232
"W31340","3Ery",3.92473954467864,4.3501426241123,11.6647040349676
"W31341","15Mo",-2.77295642000464,-2.54970419529712,8.71630465984781
"W31342","15Mo",-5.43638836510881,-5.32024801485106,12.0264687301531
"W31343","13Baso",-10.1152709351351,2.61540967701763,11.5054908674987
"W31345","4Ery",5.42788804225016,3.39770138849237,12.5233518770413
"W31346","3Ery",4.07530197832937,3.78067100794496,12.1314214956653
"W31347","14Mo",-4.13297024868102,-0.918939141874387,6.80138842077178
"W31348","4Ery",5.13267061995557,0.642205643296141,7.27885893496985
"W31349","6Ery",2.53283427521693,0.6618073859178,2.56438177115402
"W31350","16Neu",-7.09883654189697,-6.88718864434001,16.0782976100902
"W31351","14Mo",-8.58829329449654,1.15999495713541,11.5054923135352
"W31353","3Ery",7.84150698258541,1.87814706612196,9.16883938466348
"W31354","17Neu",-3.65930554489632,2.04692749505826,11.1259818654036
"W31355","15Mo",-5.0049617924377,-1.96632249810118,12.7582854645379
"W31356","4Ery",5.9049085926395,2.35649642756358,8.87175843416783
"W31357","3Ery",5.01383982355484,2.14158435694508,11.0940120112878
"W31358","6Ery",2.24547119863435,0.276887441544685,2.89211745376619
"W31359","14Mo",-5.86808904096162,1.15656332641881,8.83127498557565
"W31360","3Ery",3.94559158832595,4.55184543244801,11.6689011182143
"W31361","16Neu",-4.38453856583569,-2.428491882237,11.179437158328
"W31362","14Mo",-9.51141713225582,3.59959835615376,11.5054937595717
"W31363","15Mo",-4.24877558526839,-2.48047364815755,11.2982070186518
"W31364","7MEP",1.38538546540916,1.4213981680622,0.851401317924316
"W31365","13Baso",-3.20212958689192,1.32809751564015,7.26762205470719
"W31366","15Mo",-2.79506074237931,-2.54579653354659,8.73625136326099
"W31367","14Mo",-7.79636194116779,0.609803902182393,11.5023746753463
"W31368","3Ery",6.05238810337624,5.31341931641891,15.7456110141832
"W31369","2Ery",5.97315101127729,-1.33702847058987,7.05962583854813
"W31370","2Ery",6.79182182385425,0.477083417774429,9.33547284747211
"W31371","14Mo",-2.99993894345496,-1.52817714502564,6.814793611447
"W31372","2Ery",8.82397398736384,1.55972490209547,9.33547429350862
"W31373","13Baso",-1.84038022284354,-2.11688956712343,9.63527006291807
"W31374","2Ery",5.65055834692188,1.64152773355487,8.87029768507881
"W31375","3Ery",4.35672538414001,2.93769883837272,10.6481496027448
"W31376","13Baso",-2.47447169757828,0.643963194557554,4.57010248969767
"W31377","12Baso",0.05088908677829,-0.0182725774596347,0.00591095295622801
"W31378","2Ery",4.80863963287627,-0.883645299528113,5.12142901865997
"W31379","10GMP",-0.404563452425949,1.52544564934019,2.67652267349251
"W31380","5Ery",5.76383379595419,-1.84905164097899,5.14857716046539
"W31381","13Baso",-7.85958101334005,1.5140125609364,11.5054952056082
"W31382","3Ery",5.20190012048818,6.13368186951844,16.5039340149876
"W31383","9GMP",-1.81345811598712,1.30765529061346,4.70138618964062
"W31386","15Mo",-4.21581571246451,-3.63029987152515,10.7084647720579
"W31387","2Ery",5.86756580897873,-0.603534965689796,6.89380167450787
"W31388","10GMP",-1.76696360064606,0.528392044714506,4.08619505016541
"W31389","5Ery",5.5414784359931,2.40975355038327,9.08884802819865
"W31390","5Ery",6.02110079562251,-1.93235280481083,5.3291198924359
"W31391","2Ery",5.7082509636138,-1.09520172204483,7.28106536959046
"W31392","14Mo",-3.73557212392123,-1.12940077128418,7.09788217441915
"W31393","13Baso",-3.61884352594275,1.79190533064956,11.0500672075748
"W31394","2Ery",6.05169166347897,0.413380381270988,7.14399772949822
"W31395","14Mo",-6.42088906698113,-1.87817166027373,12.0761072477334
"W31396","16Neu",-4.44960910663001,-6.01514412536872,14.2349248063474
"W31397","12Baso",-0.492608179568511,-0.39730641956495,0.0135314245223362
"W31398","14Mo",-5.45138021447266,-1.37441289718558,12.8327619514554
"W31399","14Mo",-4.7932679075109,-1.97048542418826,12.7582869105744
"W31401","3Ery",5.03260001638879,3.40797608011986,12.5095042275707
"W31402","14Mo",-4.33256663761973,0.291719110149869,6.86154426151734
"W31403","13Baso",-3.17210319422256,1.68419083999359,7.03889117985656
"W31405","12Baso",-2.63815677978892,-2.88901534502297,8.88625706603114
"W31406","5Ery",5.33866448843114,-1.54814318824718,5.01022835660965
"W31407","10GMP",0.3103484314478,1.63341826946949,0.0544115821531251
"W31409","14Mo",-6.02825976797691,-0.508957277282808,10.4927518749927
"W31410","4Ery",5.08838665109057,1.94437046838737,9.25105683292744
"W31411","15Mo",-5.35054603369182,-2.22853035221314,12.6366002894208
"W31413","3Ery",3.49553251979672,4.91248952657721,11.6806684487586
"W31414","4Ery",3.84167371886292,2.14157047712633,10.9148002166885
"W31415","4Ery",4.79305039090756,-1.531087440675,4.83557490537025
"W31416","4Ery",4.45992807840278,0.127168413823908,5.75690050438844
"W31418","4Ery",4.65362278415374,1.39518730769148,7.55340841908639
"W31419","5Ery",4.18801705692015,-2.16603261767673,4.83557635140675
"W31420","1Ery",12.1619697491402,2.16639645907921,16.8472077018758
"W31421","16Neu",-3.84064217412863,-5.32314740258437,12.5805149134694
"W31422","14Mo",-7.85295551147333,-0.357317131501784,12.0474946464112
"W31423","2Ery",5.70113099563022,0.117756708805342,6.80586033218837
"W31424","5Ery",4.97077868226318,-2.54955378304164,4.83557779744326
"W31425","15Mo",-4.66051806142339,-5.01118632826983,12.2594633285424
"W31426","5Ery",4.43040986033575,2.90321147176796,10.6795193732018
"W31427","2Ery",7.79939853615306,-2.06416296787362,7.79646536378667
"W31428","5Ery",4.97560303710126,1.44995725713077,9.21424051806016
"W31429","1Ery",11.2000322026692,2.05140286061847,16.8472091479123
"W31430","7MEP",0.911716061714707,1.06754982731498,0.624784071347539
"W31431","2Ery",6.3765040464027,-0.374271120347589,7.07395003304834
"W31432","14Mo",-4.07981817249821,-1.62746322814911,9.4634259935863
"W31433","10GMP",0.358434479610968,3.83383323830959,2.64813796527047
"W31434","2Ery",5.8722194678945,-0.129263718191395,6.72746719752726
"W31436","14Mo",-6.2338892973333,-1.03701353962256,11.7419044798461
"W31437","6Ery",1.85009811769764,-0.226113448953469,3.36451842668022
"W31439","9GMP",-0.989777607128123,2.5308163434577,2.23185468654814
"W31440","3Ery",7.89923352574885,5.71452960152736,20.5311982732726
"W31441","2Ery",6.03068567369181,-0.198822631999038,6.76078697073939
"W31442","3Ery",5.92304154867125,0.0225510692024703,6.76081304470561
"W31443","12Baso",-0.399386661554323,-0.208871401538388,0.0167563920048471
"W31444","2Ery",4.97530452791469,-0.889873517311548,5.28518504466358
"W31445","18Eos",-3.86829368653443,-0.253379759296808,6.84395024473113
"W31446","5Ery",4.52403995590814,0.169857885487669,5.86408243292172
"W31447","3Ery",4.98087806988441,-1.1596039791701,5.02645662837845
"W31448","15Mo",-4.79369497195797,-2.00631622708972,12.7582883566109
"W31451","14Mo",-3.79337129742017,-1.6559093972386,9.4634274396228
"W31452","2Ery",7.97916294846361,2.36977047667234,8.92212087559611
"W31453","6Ery",3.16888158804486,-0.563385199097808,3.97767316980935
"W31454","14Mo",-3.28837762040612,-3.09421990820573,10.5927355887905
"W31455","2Ery",10.5743875430874,1.42678493258876,9.33547573954512
"W31456","5Ery",4.64263020270625,-1.04368719984788,4.79536476558728
"W31457","12Baso",-0.701605578510902,-1.05418167234957,6.9175601446553
"W31458","7MEP",-0.331060864403979,2.71652578730768,2.47719817887842
"W31459","17Neu",-3.18600284730645,0.828582711064274,5.24761796800434
"W31460","14Mo",-6.10666071979329,-1.58094813438537,12.2364757753225
"W31461","2Ery",5.75308380041614,-0.170238885447251,6.85837557216888
"W31462","5Ery",4.13255746760005,-2.30786201098923,4.82931581984045
"W31463","2Ery",9.52030637935886,-1.7181502970447,9.33547718558163
"W31464","14Mo",-8.49026689900756,1.2496831338078,11.5054966516447
"W31465","13Baso",-6.90349691566022,-0.325860381072923,11.1998020238607
"W31466","15Mo",-6.5102630254198,-2.099287023365,12.0275860365657
"W31467","2Ery",6.16863626812253,0.00266205315917596,7.0444407894121
"W31468","13Baso",-3.51757795148095,-0.380081685378989,7.09425980539133
"W31469","16Neu",-3.96556416514361,-6.18609194081571,14.2757407242306
"W31470","5Ery",4.44156803239705,1.940986323237,11.0940134573243
"W31471","14Mo",-9.04340170754915,3.23854568974646,11.5054980976812
"W31472","16Neu",-3.7122572291055,-6.57180760753269,16.3155539977694
"W31473","14Mo",-4.75042670684016,-2.69925831228899,12.7101124648805
"W31474","16Neu",-5.566476905886,-8.43274251416366,15.2311330637453
"W31475","14Mo",-8.27215610748474,-0.0692285224058207,12.0474960924478
"W31476","8Mk",-0.425786540309884,8.71370038626172,11.6806698947951
"W31477","10GMP",-1.31109755811687,0.867173817190474,4.27047421637419
"W31478","14Mo",-5.42005627375874,-3.02582952657393,11.8413230175246
"W31479","5Ery",4.99265620379022,-1.93813957981152,4.83557924347976
"W31480","7MEP",1.67482175253989,-0.690166728102968,3.64476586132586
"W31481","2Ery",6.2286274791562,0.0338677791292996,7.13481218409361
"W31483","14Mo",-3.39967185443572,-1.85721737225001,9.46342888565931
"W31484","13Baso",-8.68285589017612,1.35881600117773,11.5054995437177
"W31485","2Ery",5.00508809967079,-0.743646296269847,5.45888613152897
"W31486","5Ery",3.80441042674101,-1.56452682864703,4.55664818839814
"W31487","14Mo",-7.1039417614576,0.51355277684893,11.4744315700878
"W31489","14Mo",-7.45497744541824,0.626986776579068,11.4907480910053
"W31491","9GMP",-1.89668363416435,1.48667139972522,4.88600362528657
"W31492","4Ery",4.25925356438444,1.68359798580027,11.0940149033608
"W31493","10GMP",-2.21736683235824,-1.03984467723996,6.77533518069482
"W31494","13Baso",-4.77345910833371,-2.16316265084283,13.0023199667081
"W31495","10GMP",-0.321955742980008,0.783421029348065,2.87476680611659
"W31497","7MEP",1.31730096228515,0.327902256516771,0.143535542549977
"W31498","10GMP",-2.01908925911349,2.8712333452536,3.12456580746684
"W31499","3Ery",3.01859521406355,2.63454649121851,2.70222552904154
"W31500","2Ery",5.73796347728875,1.54668945203783,8.92365920629331
"W31501","14Mo",-7.01159721162626,-0.268149158178979,11.2844302335864
"W31502","10GMP",-2.48721109119692,1.02700584942169,4.34882693906718
"W31503","15Mo",-3.79051517476546,-3.00593107685839,10.4301813744359
"W31504","13Baso",-7.65622778234945,-4.4009459967528,16.0782990561267
"W31505","7MEP",1.18009417515766,-0.280644612359014,1.44603650475972e-06
"W31506","6Ery",1.86358477246495,0.511156498318453,1.35702783064346
"W31507","7MEP",2.10451444277375,1.49295002323658,2.94150959336009
"W31508","5Ery",5.83858470710332,-1.11405651603603,7.13218062019597
"W31509","14Mo",-6.39439868612548,-1.47610164613774,12.3614790061939
"W31510","13Baso",-7.12561849094914,0.658651337292452,11.480050558498
"W31511","10GMP",-2.15514714073814,0.434016282788503,4.40643492776138
"W31512","7MEP",1.03240769195395,1.41126084431199,1.00198006396622
"W31513","3Ery",5.15918114116506,6.11183090184573,16.5039354610241
"W31514","7MEP",0.78260580497119,0.557201403884546,0
"W31515","13Baso",-4.74332024166974,1.93126803847823,9.78083430440781
"W31516","1Ery",8.97766947835102,1.83560920759279,9.33547863161813
"W31517","14Mo",-4.2026393577902,-2.15746280290957,11.593846340826
"W31518","13Baso",-8.75507017295471,1.63519010044167,11.5055009897542
"W31519","10GMP",-1.31241467999831,-1.35228239790048,6.9175615906918
"W31520","9GMP",-1.88244541797326,1.31562593243145,4.70448362885935
"W31521","3Ery",3.12118525097652,4.7287841027525,11.6806713408316
"W31522","13Baso",-5.55259830213674,1.06497483368343,8.78041412738948
"W31523","2Ery",7.65876740512405,2.15051007456267,8.97914564685497
"W31524","13Baso",-4.73530583404175,-1.20087299841168,6.77298578762697
"W31525","2Ery",6.79790390194933,0.917718464872022,9.33548007765464
"W31526","6Ery",0.232569703938241,-0.367876940303629,1.44603650475972e-06
"W31527","6Ery",1.39754253797227,0.594669632790515,0.509218208908835
"W31528","13Baso",-4.16140894952983,0.255021495574847,6.84484701377651
"W31529","3Ery",3.07459515124744,2.85085239974519,12.6727822589353
"W31530","13Baso",-5.68469907991819,-2.19390905718548,12.7788462231348
"W31532","14Mo",-3.99198836735057,-4.52698955913182,13.1427108110263
"W31533","10GMP",-1.58961546675082,0.697084520703653,4.08619649620191
"W31534","8Mk",-0.235434320693556,7.52001145845825,11.6806727868681
"W31535","9GMP",-1.75820973695557,0.176659982259124,4.19978425406757
"W31536","2Ery",5.89976620822837,0.328772120617394,6.91187932322112
"W31537","13Baso",-4.63591473881541,-0.350588803876233,6.8258297532995
"W31538","14Mo",-7.90337840688555,0.0630151769855134,12.0474975384843
"W31539","13Baso",-4.50057902495669,-1.12395226417592,6.77298723366348
"W31540","14Mo",-6.85274720889056,-1.61398926437184,12.3407411288538
"W31541","5Ery",5.81300380739569,-0.701101155767067,6.998185589523
"W31542","14Mo",-7.04774067650694,0.43906246013748,10.9393341800837
"W31543","5Ery",5.32994044714267,-2.03906379743956,4.83558068951627
"W31544","13Baso",-6.95404084227528,0.0627307648918988,10.8633835310325
"W31545","12Baso",-2.86852341905549,-1.14855851992813,6.84332531762357
"W31546","16Neu",-7.11654640283326,-8.73230830204314,16.0783005021632
"W31548","13Baso",-1.78199602306908,0.870256196201318,4.23680338720349
"W31549","13Baso",-7.03848446539703,1.15046259194814,11.4933254379663
"W31550","2Ery",8.42812969197701,3.44425990281997,16.8472105939488
"W31551","2Ery",5.99808461061195,-1.32637678237181,7.02545825544435
"W31552","14Mo",-3.3423293236325,-1.8376846519183,9.45949850490382
"W31553","7MEP",0.419309715403981,-0.754887346197384,2.89207300951944e-06
"W31554","4Ery",4.19837248956726,-1.76541995043841,4.83558213555277
"W31555","6Ery",2.99477331480472,-0.831975086961657,3.75604423624659
"W31556","13Baso",-4.79278422217403,-1.03821476626006,6.77454084121135
"W31558","14Mo",-3.02921899751137,-1.67793233247083,8.74708510750933
"W31559","14Mo",-7.80059151249563,0.645135572281449,11.5037034930942
"W31560","6Ery",1.54913311360482,0.0821324195854937,0.0659388591971566
"W31562","12Baso",-2.00154021679538,-1.48769324004138,6.87716514290088
"W31563","6Ery",4.10817222463239,2.62302940887873,10.7442608114802
"W31564","14Mo",-3.20873671852339,-2.75800689568864,9.37326479032972
"W31565","2Ery",5.21053885829586,-0.47877653637773,7.63246819776421
"W31566","13Baso",-4.83934505352742,-3.13029825230284,12.3461896867463
"W31567","13Baso",-6.93250630827673,-0.22424736058356,11.1600235527468
"W31568","14Mo",-5.37974113918258,-2.64479802508897,12.2090359573943
"W31569","7MEP",0.935816376264736,0.180188686172278,4.33810951427915e-06
"W31570","7MEP",1.68616737458899,0.489520943257587,1.19855656993447
"W31571","15Mo",-3.78575317494224,-5.9598344578381,14.6406626797022
"W31572","5Ery",5.01055288639476,-1.43486212307856,4.78688406293353
"W31573","5Ery",3.82365298872709,-1.43467536641338,4.59277575465659
"W31575","5Ery",1.14851001773972,0.526792931084661,0.222290045549402
"W31576","5Ery",5.09907070244203,-1.06523212500038,5.23942567024705
"W31577","15Mo",-4.56075701759127,-5.35746177073791,12.1443831618827
"W31578","1Ery",8.42068877840972,1.21188984694865,9.33548152369114
"W31580","13Baso",-3.21371870626206,-0.979398867291469,6.96170464900847
"W31581","10GMP",-1.90161791890402,1.2014310499662,4.58104142135025
"W31583","12Baso",0.388214767408065,1.06348487978112,0.0322556282220881
"W31586","4Ery",5.14263191152102,6.40041195230985,16.5039369070606
"W31587","7MEP",0.206292600090164,1.64813954144319,0.0544130281896298
"W31588","15Mo",-6.02020736322795,-5.79201537159825,15.9457529626248
"W31590","13Baso",-7.11482270923165,1.83967619491417,11.5055024357908
"W31591","13Baso",-5.59154980194834,-0.926366114821084,10.7802815743737
"W31593","3Ery",4.67622160828291,6.21557150447596,14.6131296535261
"W31594","3Ery",5.07486763871733,1.01304058393577,7.20033184785128
"W31595","15Mo",-4.54961648962855,-4.65640361957405,12.7367717731156
"W31596","16Neu",-6.01728020963153,-8.2309022925858,15.6280318505847
"W31597","13Baso",-8.28781881658484,0.561627440411593,11.5055038818273
"W31598","2Ery",4.62636991635747,1.51049200727966,11.0940163493973
"W31599","15Mo",-3.10206490998484,-5.08164949512677,12.6596486240756
"W31600","17Neu",-1.54589132810793,-0.655236278847427,6.79421637455383
"W31601","15Mo",-3.47041948918151,-3.75840582207584,10.0914444124993
"W31602","13Baso",-5.05401002760354,0.282599373631116,9.4696835923853
"W31603","16Neu",-3.58196440358126,-5.25444373932013,12.6596500701121
"W31604","6Ery",1.76018465288477,0.49476140115092,1.26497812620766
"W31605","5Ery",3.42250213935023,1.68383086364251,2.41510264351213
"W31606","15Mo",-5.97661257912126,-1.6830690152295,12.4863862458224
"W31607","9GMP",0.0611294172488065,1.17344197585385,0.0492460966372652
"W31608","13Baso",-6.83718545992595,1.3896525397292,11.4941117231163
"W31609","15Mo",-7.42136039767091,-5.20849002533192,16.0783019481997
"W31611","13Baso",-5.33314915723045,0.852679166645573,8.92439072134598
"W31613","6Ery",3.16466522562116,0.509724831626135,2.69759082688726
"W31614","7MEP",1.38164729729728,0.255220370608311,0.117015577824272
"W31615","12Baso",-1.29805365271519,0.818257193730911,4.21926207100237
"W31617","15Mo",-3.73417051887145,-6.27181622255054,14.2904201243055
"W31618","2Ery",7.15085937266337,-0.590817434652015,7.87823497608495
"W31620","13Baso",-3.42552262772372,-0.0108670099464414,5.54047427358997
"W31621","10GMP",-1.60550146977235,-0.124028504841097,4.29858503638989
"W31622","14Mo",-4.34516680104795,-2.85599240323661,13.0742231950349
"W31623","14Mo",-7.49717621677469,-1.07282865240586,12.0474989845208
"W31624","14Mo",-3.57364649273089,-3.09567899335093,10.4381239702893
"W31625","15Mo",-4.18224180288704,-4.56533732553204,13.0112070020937
"W31626","5Ery",3.89017268458505,-0.443658623253126,4.78058091670435
"W31628","16Neu",-3.91972281360932,-6.71787849008664,16.3155554438059
"W31629","5Ery",3.44880628292633,-1.27237940392542,4.20156674556632
"W31630","14Mo",-6.01423485922473,-1.11765044285762,11.9178297974119
"W31631","13Baso",-7.28977755955218,1.37269433216282,11.5055053278638
"W31632","15Mo",-5.085440481476,-6.5644403800803,15.07700543506
"W31634","2Ery",7.57849831941219,-0.0177937084642049,9.33548296972765
"W31635","2Ery",6.62203727419564,-0.766812644178685,7.13962249476715
"W31636","2Ery",6.85954538827701,0.0854994506157744,7.92344906005215
"W31638","13Baso",-6.43254164359725,0.0897146173830686,11.1135194814378
"W31639","13Baso",-5.16278697287341,1.7243418051217,9.15510532017533
"W31640","5Ery",4.72449797683214,-0.0455189431763545,5.85725566759999
"W31641","5Ery",5.06534950708039,-0.814379169304456,5.45096497564431
"W31642","9GMP",0.385319217314707,0.389639492906308,0.00763312784875669
"W31644","14Mo",-5.81444894236459,-0.745788867686509,10.7058037413515
"W31645","7MEP",1.34297564881603,0.384288797297526,0.228222597296526
"W31646","14Mo",-3.9033408064127,-1.92077412328109,9.46343033169581
"W31648","16Neu",-4.59149821672367,-7.68193789646527,14.954668149739
"W31649","2Ery",8.30476422053894,2.73294875530196,8.78569034322474
"W31650","2Ery",5.72905041912956,-1.5671662390363,5.38945405170019
"W31651","10GMP",0.103621265206189,0.333250527165182,0.0167253066753618
"W31652","8Mk",-0.264368740551713,7.46487547152103,11.6806742329046
"W31653","2Ery",6.50286520041469,-0.441852364832502,7.1863516097072
"W31654","5Ery",4.01865442105291,-1.85344680764023,4.75746808114117
"W31655","13Baso",-9.4950129040638,3.23598664067746,11.5055067739003
"W31656","13Baso",-7.45775704875753,1.03558109090911,11.5044738464254
"W31657","12Baso",-2.32615249989902,-0.091031047921723,5.05764250465442
"W31658","7MEP",1.05732278812777,1.30345525129914,1.00198151000273
"W31659","7MEP",1.30216807216737,-0.168670659636575,5.78414601903887e-06
"W31660","13Baso",-6.62884365880729,0.114122274067721,10.8312865287408
"W31661","6Ery",1.59030566974165,0.482404175778279,1.11255909769836
"W31662","5Ery",5.10981506763351,-1.78148359539241,4.83558358158928
"W31663","16Neu",-7.1585816684602,-9.17311034583743,16.0783033942362
"W31664","14Mo",-7.94395930741778,-1.01729468382912,12.0475004305573
"W31665","13Baso",-6.45230406813523,0.411068370274652,11.133388840893
"W31666","2Ery",5.04051469384264,1.38634366419253,7.09267172742949
"W31667","14Mo",-5.49910852547072,-1.80266020344732,12.7951465250291
"W31668","5Ery",3.47312708427681,-1.66998790433563,4.18201434630551
"W31669","7MEP",-0.201778596904659,0.492006825357796,0.034656759366701
"W31670","10GMP",-0.311681807251384,3.27748376877901,2.37451981319018
"W31674","14Mo",-2.41287248344112,-2.03355944356432,9.09186781091394
"W31676","4Ery",3.9689158803708,2.88586520119531,12.6727837049718
"W31678","14Mo",-4.81965431923112,-2.89451661441845,12.5105050676366
"W31681","12Baso",-1.71388409528695,-0.315454532401787,6.75200686016854
"W31682","9GMP",-0.92157933615041,1.33853777586264,2.41624133484888
"W31683","15Mo",-7.80520530003045,-5.49696170147091,16.0783048402728
"W31684","17Neu",-3.49310156864061,2.14959550059931,11.1259833114401
"W31685","7MEP",0.475053213017543,0.416688296689801,0.00506685044489763
"W31686","16Neu",-3.93844254425244,-5.84179816398663,14.7051740264561
"W31687","13Baso",-7.30258827507905,1.25789612411167,11.5055082199368
"W31689","3Ery",3.66888596001602,4.76799642898639,11.6806756789411
"W31690","15Mo",-6.00734761122112,-8.20855337768534,15.6227500993927
"W31691","3Ery",4.55162758545127,1.8632067750322,11.0940177954338
"W31692","7MEP",2.81797180926436,0.0927745923268136,3.08854499087598
"W31693","8Mk",-0.176924593239777,8.57770936729972,11.6806771249776
"W31695","3Ery",4.8208824283217,0.622872170524826,7.66070299034966
"W31696","13Baso",-7.17425753429191,0.393868521297531,11.4729508055073
"W31697","9GMP",-1.14986712120208,1.84510115874619,2.26319859995466
"W31698","3Ery",3.30392524911,4.93029806653039,11.6806785710141
"W31699","3Ery",5.99018861766751,1.79492649690961,8.83648138834748
"W31700","2Ery",9.25527517521628,1.11446891285521,9.33548441576415
"W31701","16Neu",-5.78815352657629,-8.74098423669861,15.3736214905532
"W31702","14Mo",-7.8022533368331,-0.0520716516137358,12.0475018765938
"W31703","16Neu",-5.35917360780027,-8.15369988372018,15.0966947433799
"W31704","6Ery",1.42794070330074,1.00984832430935,0.923185510870939
"W31705","14Mo",-6.43380618055854,-2.71558300209048,12.0275874826022
"W31706","5Ery",4.32331172770847,-1.04125359388429,4.83558502762578
"W31707","14Mo",-6.83106012328564,-0.045109630501999,10.8295449739009
"W31708","14Mo",-3.70774216862944,-1.64123720667967,9.46343177773232
"W31711","15Mo",-3.69909710850272,-3.78017203201321,10.3418315608015
"W31712","13Baso",-1.07785117333714,0.944752574171451,2.40601833478265
"W31713","14Mo",-3.19052226253772,-2.9457037515023,9.52733123814227
"W31714","13Baso",-4.46976930360048,0.984631903986375,9.55283314017126
"W31715","17Neu",-3.93702943459808,1.51294132248839,10.5036688466572
"W31716","14Mo",-5.34560725909403,-0.243388752420668,9.96542721314202
"W31717","1Ery",9.64698628509056,0.67142393117136,9.33548586180066
"W31718","2Ery",5.06956484751614,-0.303286234353799,5.95625146230948
"W31719","5Ery",4.36927431437538,-2.41448546273053,4.83558647366228
"W31720","6Ery",0.766620977895586,-0.411564040962846,7.23018252379859e-06
"W31721","15Mo",-5.82597886910561,-3.81778720352778,11.8413244635611
"W31722","10GMP",-1.62422029612834,2.17104598560103,2.74182571490793
"W31723","6Ery",1.74803212226784,-0.143187312451435,3.28115163981964
"W31724","10GMP",-2.06878694124794,-1.17150183631917,6.81583351100688
"W31725","7MEP",1.0971917191578,-0.34116522273982,8.67621902855831e-06
"W31726","14Mo",-5.99518257968056,-1.56216604815852,12.5042592975946
"W31727","13Baso",-2.94003416334986,2.01937396887909,6.86213862481632
"W31728","2Ery",6.49082982064316,0.079481777708983,7.47668156278275
"W31729","14Mo",-6.68990793103126,-4.25296928131775,11.8413259095976
"W31730","14Mo",-5.25903369164332,-2.73013263531218,12.1247522782058
"W31731","6Ery",1.38155526039926,-0.345509540556502,1.0122255533318e-05
"W31732","13Baso",-1.51158933688272,0.78530907684531,4.16732103363457
"W31733","14Mo",-7.60071563351701,-1.00334096701676,12.0475033226303
"W31734","14Mo",-4.5346433440877,-1.60866742460396,11.6193559160059
"W31735","2Ery",5.38114181015432,0.595421108424087,6.99935159276976
"W31736","6Ery",3.68715382913541,0.361908912530197,5.19942104951115
"W31737","13Baso",-3.50544589529453,0.549405412281341,5.22556835559228
"W31738","10GMP",-2.70831203228164,-1.91580525581145,8.87897335104147
"W31739","15Mo",-4.73545785452329,-5.2734391703802,12.0264701761896
"W31740","16Neu",-5.45066058242813,-9.10743122237601,15.0486373330615
"W31741","10GMP",-1.83943181847156,1.35700107791936,4.7520403106541
"W31742","1Ery",11.9889243391362,2.02428038760247,16.8472120399853
"W31743","14Mo",-6.53604195928193,-2.04899421326594,12.0275889286387
"W31744","12Baso",-0.877772245134824,-1.45665206015567,6.91756303672831
"W31745","10GMP",-1.97722637834522,3.69164660600238,3.05123904706353
"W31746","12Baso",0.786683915364693,-1.38759908767341,1.15682920380777e-05
"W31748","16Neu",-5.91985650295513,-8.25068656768722,15.5453372749539
"W31749","10GMP",-0.501715474593825,0.488619657740225,2.83090615583027
"W31750","13Baso",-7.6520355127783,1.89686431355901,11.5055096659733
"W31751","16Neu",-4.91482317448127,-8.25250810707937,14.9546695957755
"W31752","6Ery",0.972637103763164,-0.224093186994061,1.30143285428375e-05
"W31755","5Ery",5.05235564378892,-0.757583268402073,5.49339738870912
"W31756","10GMP",-1.65699474131172,0.989773731862325,4.37423780157007
"W31758","13Baso",-5.42890502631285,0.0496469659032616,9.94266775856049
"W31760","14Mo",-5.13826779216239,-3.12938687007812,11.9878815480473
"W31761","5Ery",4.54026359495971,-1.15845607423393,4.83558791969879
"W31762","13Baso",-5.5830908585313,0.912882890780399,8.97959675979107
"W31764","13Baso",-7.69263822492165,-0.173416633103203,12.012654808834
"W31765","13Baso",-6.72343285609315,-0.35404523597056,11.0095325923838
"W31767","13Baso",-2.59243574007032,-2.26504607403966,8.68866077115169
"W31768","4Ery",3.02444792919896,3.02720379323769,12.6727851510083
"W31771","12Baso",-0.525242111416875,0.818929545453657,2.75029749144183
"W31773","10GMP",-1.56777921049172,-0.0312047231551025,4.1752583082009
"W31775","1Ery",12.2910972417953,2.34574756332802,16.8472134860218
"W31777","3Ery",3.9823530359732,3.0541666090577,12.6727865970449
"W31778","6Ery",1.38322454845224,0.75910065240037,0.680518357787108
"W31779","6Ery",1.6921548531007,0.454168337483063,1.2068295541599
"W31780","2Ery",7.12096676354239,0.876742496524636,9.33548730783716
"W31781","2Ery",8.69615295519893,2.08448618737456,9.2283777954266
"W31782","13Baso",-7.31396475038009,1.06295426219704,11.5002482686729
"W31783","3Ery",3.00867134210978,1.61869033995189,2.49907415275973
"W31785","15Mo",-5.98331712906593,-7.17076036210059,15.7371551260273
"W31786","2Ery",6.53570090562376,0.630025050633842,7.85250485292601
"W31787","10GMP",-1.57756941132354,-0.153055842400258,4.2936939874555
"W31788","5Ery",3.36828550564485,-0.804369125066488,4.16781507297464
"W31789","13Baso",-4.7769605260711,-0.528319375810733,6.82038672083274
"W31791","9GMP",-1.64467851327046,2.75420219358513,2.74163516749137
"W31792","9GMP",-2.31932622052636,0.909888490100768,4.23694863804555
"W31793","12Baso",-1.68820518059135,-1.8495358913996,6.91756448276481
"W31794","17Neu",-3.37817958723788,0.736972739111065,5.25521451993204
"W31795","6Ery",1.68250145136129,1.32229663759408,1.12774684227851
"W31796","7MEP",1.48755494221668,-0.117511144998976,1.44603650475972e-05
"W31797","6Ery",3.79925388524775,-0.717391791025235,4.64935227217801
"W31798","14Mo",-7.95786306177462,0.287762436436572,11.4974070550497
"W31799","14Mo",-6.67644982181214,0.101066782245895,10.8350430173266
"W31801","13Baso",-7.4958577651885,0.295746861661332,11.4811758154204
"W31802","13Baso",-6.67899033045439,0.462298328945377,10.8969560470825
"W31803","2Ery",5.19757439370278,0.453618436293231,7.2761829045158
"W31804","13Baso",-6.33210598767401,-0.272658187989843,11.1772715184561
"W31805","7MEP",1.06523226597639,-0.191157332106121,1.59064015523569e-05
"W31806","3Ery",5.52111648066452,2.53015727795348,9.1249543958545
"W31807","13Baso",-3.58815033000447,-0.699390663055857,7.11018560074824
"W31808","15Mo",-2.94354889646088,-4.29197788568853,10.0985117837542
"W31809","13Baso",-5.72492263429943,-0.080759321722491,9.89182700822399
"W31811","17Neu",-3.87534801915366,1.51574070220839,10.5794329091713
"W31812","13Baso",-3.05806154077797,-0.998908994114095,6.91773476783525
"W31813","14Mo",-5.49041624357906,-1.33018377926692,12.8327633974919
"W31814","2Ery",4.96910793455397,0.184987640936666,7.65746537259656
"W31816","13Baso",-2.49223585855661,-0.209461521382459,5.28942114199517
"W31817","13Baso",-6.96890452771818,-0.880597525636219,11.6788296680767
"W31818","2Ery",6.64847054845282,-0.059074581688652,7.58518252185186
"W31819","2Ery",6.98785995919041,-0.211756979430451,7.90390813029687
"W31820","16Neu",-5.38344245191031,-7.30471633256945,15.2264167379932
"W31821","14Mo",-5.6123726511354,-0.685271798401344,10.5710918204536
"W31822","10GMP",-1.26975801140899,1.06052066920131,2.41590255021301
"W31823","16Neu",-3.72994271586133,-5.69869815200509,14.9843639209243
"W31824","13Baso",-7.62291102682213,0.786121702382063,11.5020549490662
"W31825","10GMP",-5.03917167874119,1.58452069339468,9.22141674891219
"W31826","16Neu",-3.8112010367928,-3.82366026468243,10.497405905545
"W31827","2Ery",4.7627652575299,-2.56742868672391,4.83558936573529
"W31828","14Mo",-4.91695948038748,-2.17014928031287,12.7079870104393
"W31829","12Baso",-0.131956862537686,-0.248037645255536,0.00471571794698811
"W31830","9GMP",-1.76719568870292,2.43654994247266,2.87997002908895
"W31831","2Ery",5.42311001267697,0.0369710457480164,7.17170417088384
"W31832","2Ery",7.50144847858314,2.26711523333648,8.88175300281375
"W31834","2Ery",7.05726674714441,-0.648381882510951,7.73206726083356
"W31835","6Ery",4.35684578527114,-1.88176579233115,4.8355908117718
"W31836","13Baso",-5.38208875229273,1.90069715602356,8.9953021409224
"W31837","14Mo",-3.29029858165664,-2.99444677443604,10.7120643538759
"W31838","2Ery",4.83335322030226,-1.07907047478917,4.95504919531656
"W31839","5Ery",5.63720145382167,0.657869905571706,6.78864218966197
"W31840","16Neu",-6.12529113406014,-7.60478874525118,15.7978220576237
"W31841","6Ery",0.613658142829887,0.416359621586295,1.73524380571166e-05
"W31842","13Baso",-3.92020634531775,-2.36899761806471,11.7634589470483
"W31845","14Mo",-6.85820269882802,0.513830537500316,10.9282629772743
"W31846","5Ery",6.21557259186558,-1.38926289998233,6.7895501065234
"W31847","5Ery",3.62256928264152,-1.92178700321218,4.31625832177073
"W31849","2Ery",8.57037277460704,1.58921549840197,9.33548875387367
"W31850","4Ery",4.7398627586705,-0.687019644944943,5.24408189075579
"W31851","2Ery",6.05879262772249,-1.24145634646881,6.91873986658747
"W31854","10GMP",-1.61690716040623,-1.37991673174048,6.90683175620184
"W31855","5Ery",4.79578315956549,-0.474704735278348,5.50920424060865
"W31856","13Baso",-4.07624316435037,-1.27174821280731,6.90577298760582
"W31857","13Baso",-6.65930110283567,-0.0580571326485016,10.8443976563864
"W31858","2Ery",5.60129457150083,0.251264424925687,6.87242252834839
"W31859","12Baso",-0.513766004638445,-0.778633734604157,6.91756592880132
"W31860","12Baso",-2.97657501318133,0.229127063509768,5.04827743173349
"W31861","15Mo",-4.40618440210408,-3.26443819383917,12.7861698149085
"W31864","13Baso",-5.27612276243592,-1.10668848991101,10.7802830204102
"W31865","13Baso",-6.97107003694091,1.21267384891334,11.492990720757
"W31866","13Baso",-8.10092059344891,1.50017996719601,11.5055111120098
"W31868","13Baso",-3.79186318903851,-0.567766205374365,6.95363979232692
"W31870","10GMP",-2.58211672079766,2.44215189312917,5.06479261259961
"W31871","14Mo",-4.52481426698013,-3.83851992677246,11.2256674834406
"W31872","13Baso",-8.34959394927118,0.624604017978003,11.5055125580463
"W36865","7MEP",0.572644687233354,0.441322481404523,0.00209970267265291
"W36866","13Baso",-2.77538885313902,-2.2181087803946,8.53334405985101
"W36867","9GMP",0.343335735646748,1.41599356257942,0.0469698703777092
"W36868","14Mo",-7.28197890084017,1.46947824682877,11.5055140040828
"W36869","1Ery",12.2358477594589,3.45620996072159,19.5955619589883
"W36871","3Ery",5.13632132179637,6.70180521583484,16.5039383530971
"W36873","13Baso",-8.21241969754366,1.15544027508379,11.5055154501193
"W36874","13Baso",-7.19545984196835,0.9686146225659,11.4928682799571
"W36875","15Mo",-5.38626194082376,-6.36551339200928,15.3501645116069
"W36876","2Ery",6.87834049553561,1.15313786142318,9.33549019991017
"W36877","13Baso",-3.04357613308532,-1.28821880530499,6.8659879805482
"W36878","5Ery",5.58106177022042,3.37213754900743,10.6973719490392
"W36879","14Mo",-6.22683779865365,-1.26362814088772,11.556774962545
"W36881","3Ery",5.24321267446541,2.39204854684879,9.25448868190653
"W36882","6Ery",3.04331068381256,-2.02529715524619,3.64476730736237
"W36883","2Ery",6.70592091802811,2.08138146802789,8.82279377630688
"W36885","15Mo",-3.78791307067118,-3.4613903387144,10.1117156505762
"W36886","12Baso",-2.40810988052827,-1.65116689749598,6.85410175411269
"W36887","7MEP",0.517566146833213,0.832810919950701,0.0186652721144231
"W36889","2Ery",8.74252186892076,0.900445936098262,9.33549164594668
"W36890","8Mk",-0.190758122217902,7.3995057622032,11.6806800170507
"W36891","14Mo",-8.50459192237017,-0.133538756356915,12.0475047686668
"W36892","14Mo",-8.74613556020072,1.07906169308594,11.5055168961558
"W36893","8Mk",0.0550508530843011,4.11670736686161,2.41573574098187
"W36894","5Ery",4.43237856372409,2.09379572118079,11.0591244836537
"W36895","14Mo",-3.0905989878791,-2.29694453146456,8.82121650358357
"W36897","2Ery",8.10076118580055,2.13092463023301,9.08055278939677
"W36898","3Ery",3.54389573685211,5.73516838682898,11.6806814630872
"W36899","9GMP",-1.72127113875762,1.07691122306144,4.46223586953065
"W36900","5Ery",4.23444869184621,2.3683438688937,10.889641795318
"W36901","3Ery",5.23922995946258,2.77494502571639,10.906579845376
"W36902","5Ery",4.6845971602957,0.823526366322622,7.7442137145781
"W36903","14Mo",-6.68750344200106,-0.454071648744363,11.0400622860406
"W36905","2Ery",6.31119963345905,3.6299879053322,12.3014284357323
"W36906","2Ery",7.51169644528855,5.59957247488176,16.4328139183908
"W36907","14Mo",-4.16997500740526,-2.51717450839594,11.3622541778295
"W36908","16Neu",-4.19403906403989,-3.69705488029034,10.7534749998647
"W36909","9GMP",0.861532960144224,0.584872231238804,0.0437061441273687
"W36910","16Neu",-7.06403424541247,-6.44823863648276,16.0783062863093
"W36911","15Mo",-4.99504299745245,-6.17304277038153,15.4498400741702
"W36912","10GMP",-3.13191887674008,0.211794859435747,5.06991443487517
"W36913","3Ery",5.55288486830322,2.84650357855156,10.9378072903636
"W36914","14Mo",-5.25367301473175,-0.668212191558307,10.4387649871551
"W36915","8Mk",-1.13676102172175,2.39269920271042,2.23185613258464
"W36916","14Mo",-3.28497391830507,-3.05513773358942,10.641710311145
"W36917","15Mo",-5.99918251166295,-2.08982449449555,12.3253605332064
"W36918","16Neu",-2.73756366471192,-2.73101628000047,8.84616589534771
"W36919","5Ery",5.18333614500088,0.396183582446025,7.31617726009582
"W36920","14Mo",-4.93680571916222,-1.1485467995585,10.7802844664467
"W36921","16Neu",-3.68970585561031,-6.07262425529715,14.5535611429312
"W36922","4Ery",4.25762439132114,-1.58965915442701,4.8355922578083
"W36923","2Ery",5.83891448651094,3.29057832732382,10.7888085774748
"W36924","13Baso",-6.32350206873593,1.18748386682191,11.470994987866
"W36925","14Mo",-7.20680358389427,0.407144277945874,11.4745594902065
"W36926","13Baso",-3.73980442597841,-0.0262671511090945,6.88306498289881
"W36927","5Ery",3.62712057835777,-0.300604334074591,4.50943277239222
"W36928","13Baso",-3.1700899567408,-0.527944508045769,6.03011574048853
"W36929","7MEP",0.901065378071574,0.781360188386395,0.29646325809745
"W36930","15Mo",-4.11745941764359,-3.96646100554719,10.9464247031618
"W36931","6Ery",0.78978592400371,0.425793965134098,1.87984745618763e-05
"W36932","16Neu",-5.04203797111801,-6.62545933147566,15.0334125247769
"W36933","15Mo",-4.40578720253048,-3.49454108618439,10.7625684148002
"W36934","12Baso",-3.41585937027704,-0.760692054783525,7.23297136463371
"W36935","6Ery",3.16336819758054,0.492606475895004,2.71406866694219
"W36936","13Baso",-7.46208080041191,0.196998428396569,11.4766802960255
"W36939","14Mo",-3.16831115219281,-3.26232987214871,10.4542853552047
"W36940","16Neu",-4.77079437921163,-5.67291886972903,12.0775546109475
"W36941","14Mo",-5.83580882989343,-1.00841305878339,12.2095486581529
"W36942","14Mo",-6.68809226605487,-0.506873080968558,11.0790645962644
"W36943","2Ery",5.88874086909233,-0.0760116858844491,6.72746864356377
"W36944","6Ery",1.73172293101255,0.867674236321626,1.20904978192767
"W36945","6Ery",0.828256834624408,0.273409703009554,2.02445110666361e-05
"W36946","13Baso",-3.74110556803658,-0.802688377243053,7.03150246597865
"W36947","14Mo",-5.23180759131429,-1.92981385549896,12.7454522836794
"W36948","16Neu",-4.39051629078038,-6.34671966399438,16.0370545768974
"W36949","2Ery",7.21206113506062,3.55747974455753,8.71277520549691
"W36950","2Ery",9.11090486977636,1.76235047580801,9.33549309198318
"W36951","5Ery",6.88402802028918,-0.43559571516594,7.64821930409087
"W36952","2Ery",6.2119050576033,1.51747639994652,9.03698653514954
"W36953","5Ery",4.79909078893103,-1.69538542561999,4.83559370384481
"W36954","1Ery",9.63835038420658,1.07390343951004,9.33549453801969
"W36955","13Baso",-3.90821020510626,2.18411968516456,10.9330165822174
"W36956","14Mo",-5.09690651053407,-1.74730346375678,12.7465073288235
"W36957","14Mo",-6.44203278199151,-1.03880257871041,11.5086004925871
"W36958","16Neu",-6.75074307719717,-6.61251743448322,16.0783077323458
"W36959","1Ery",7.91447991290463,1.45533907137235,9.33549598405619
"W36960","6Ery",3.37441190246762,3.10232870190191,12.6727880430814
"W36961","14Mo",-4.5653180329093,-2.42142275487539,10.9747089981367
"W36962","14Mo",-6.75939926775168,-1.4095406903797,12.4721353333051
"W36963","15Mo",-3.0008119100683,-3.41947564698256,10.3544739375234
"W36964","13Baso",-7.62036469390131,0.439065751531646,11.4903901621716
"W36966","15Mo",-2.96130299395072,-2.94286269721932,9.28041659276614
"W36967","1Ery",12.6894683313037,3.24806847882668,19.465764143944
"W36969","8Mk",-0.87040825284334,8.92808136319116,11.6806829091237
"W36970","15Mo",-4.10452929546217,-6.45333566791961,16.2974883829577
"W36971","14Mo",-8.18991803359724,0.732232039244646,11.5055183421923
"W36972","10GMP",-2.23119149256196,-0.33336972964259,5.30169067436154
"W36973","9GMP",-3.07953498905953,0.419261648983491,5.11770683289283
"W36974","4Ery",4.1321551674396,0.743583675138849,6.02708106106129
"W36975","15Mo",-5.27749067330009,-3.71178469666302,11.8413273556341
"W36976","4Ery",2.52212502808989,0.0429010703780687,3.12696890333239
"W36978","2Ery",8.18253078158265,1.8748589430469,9.24047313304023
"W36979","14Mo",-4.65390370386982,-0.790047051533081,6.7866522520193
"W36980","14Mo",-3.56666408495796,-1.02326720522058,7.18629699916387
"W36981","8Mk",-0.336960827959177,5.76571289954719,2.23185757862115
"W36982","13Baso",-2.56468089036086,-1.12075099040012,6.7684190505203
"W36983","6Ery",4.59418081534248,-0.104995422958886,5.66615023965877
"W36984","13Baso",-4.46818313707647,0.169894488620213,6.86084084557364
"W36985","4Ery",5.91723378168729,-0.130651794031083,6.72747008960027
"W36987","13Baso",-1.18551954966257,1.85147528600453,2.29983491009311
"W36990","15Mo",-5.53629302660796,-2.46524073119855,12.3889664637707
"W36991","13Baso",-3.86925631097088,0.889242315477663,7.43032613392801
"W36992","4Ery",5.13555459309208,5.63751122900661,14.5021821073239
"W36993","2Ery",8.00876928742289,0.921301079255158,9.3354974300927
"W36994","16Neu",-3.95281076947065,-6.76710766959553,16.2530673812862
"W36995","2Ery",9.02978148605687,0.144982109918695,9.3354988761292
"W36996","5Ery",4.78510625525081,-1.95288224470588,4.83559514988131
"W36997","2Ery",7.55196699556227,1.1105571416595,9.33550032216571
"W36998","5Ery",2.93283247853589,-1.99647825490661,3.64476875339887
"W36999","10GMP",-0.768860586028167,3.46315006100096,2.23185902465765
"W37000","13Baso",-6.32949482601994,0.99827728335871,11.4709964339025
"W37001","13Baso",-4.59413001615616,0.70365308133378,6.91990612592341
"W37003","8Mk",-1.28372732266853,1.6155331305162,2.41003050970644
"W37004","16Neu",-4.94740952655136,-6.8883111539615,14.9980909201964
"W37005","13Baso",-4.06262159059117,0.98580101634701,7.3301771607411
"W37006","7MEP",2.32301436035913,0.714827834772542,2.69070946297576
"W37008","4Ery",5.27467700338816,3.09631744088507,10.7633393779901
"W37009","13Baso",-4.435001926011,-1.82242487556237,11.5749436280557
"W37010","6Ery",1.58022957410927,0.235536811970127,0.263471510208113
"W37011","2Ery",9.93039390184,-2.38661788759206,9.33550176820221
"W37012","14Mo",-3.80500547397228,-3.07221947661552,10.3424576747782
"W37013","16Neu",-5.19411827694427,-6.64976818403751,15.1553676289584
"W37014","2Ery",7.49843122072331,1.83492795074427,9.12278822184691
"W37015","13Baso",-2.78215386382042,-0.872612415702045,6.8664623626098
"W37016","14Mo",-2.82802797987184,-2.40435134016339,8.64064992386743
"W37017","6Ery",4.10636728983748,1.17383558300681,7.92907445202405
"W37018","2Ery",10.1105700918336,1.08418897647969,9.33550321423871
"W37019","2Ery",6.15707381292505,0.993430687365709,7.60980977050333
"W37020","2Ery",7.92623326706454,0.321566309703471,9.33550466027522
"W37022","8Mk",-0.386341068671818,2.08066087277186,2.57435992752697
"W37023","2Ery",5.37195910477988,0.284339900666324,7.13443407177638
"W37024","4Ery",4.6254441890295,3.24090568679162,12.6712390496447
"W37025","14Mo",-8.01576418735007,-0.00271932649823428,12.0475062147033
"W37026","17Neu",-2.23369743448201,-1.20473873693658,6.80093862306013
"W37027","5Ery",5.17707297939604,-1.13703660803025,5.24853769999909
"W37028","13Baso",-6.32781144757976,-1.4078094633489,12.3992899794994
"W37029","7MEP",0.335098387466635,-0.0174258077088457,2.16905475713958e-05
"W37030","3Ery",4.77475847598385,1.43708439615162,11.0940192414704
"W37031","5Ery",4.74485332570341,1.48718593251495,11.0940206875069
"W37032","13Baso",-6.7211834948479,0.619644032639468,10.9290889375712
"W37034","8Mk",-0.960876932975751,9.10591992109799,11.6806843551602
"W37035","6Ery",1.09170551514417,0.447539567835197,0.0856906350988047
"W37036","5Ery",6.65012895744203,-0.403683570923704,7.38569761663071
"W37037","5Ery",3.19346556627787,0.000666668740217502,3.18974229616058
"W37039","5Ery",5.63918925004686,0.228822324105818,6.83589733633588
"W37040","15Mo",-4.07429098061844,-3.27342262214006,10.209967146352
"W37041","2Ery",5.7837658747135,0.601394233577721,6.93182389054633
"W37042","2Ery",8.28767746543443,-0.879542110871933,9.33550610631172
"W37043","15Mo",-3.21750802367644,-3.22086820610975,10.4779389084306
"W37044","15Mo",-2.78876342577619,-3.28522692078715,10.6300347462399
"W37045","13Baso",-3.03159687647861,-0.838431709613367,6.93740880740561
"W37046","14Mo",-7.08405208664003,-0.842979257423621,11.7862809863901
"W37047","14Mo",-6.51368846629544,-1.85913176835308,12.105769688834
"W37048","14Mo",-5.14519329943928,-1.98930821194805,12.7582898026474
"W37049","5Ery",4.95879936812635,-1.80499079734372,4.83559659591782
"W37050","7MEP",1.14935499743887,-0.176423465046404,2.31365840761555e-05
"W37051","3Ery",5.19177778883063,2.00596415068557,9.20494665446127
"W37052","2Ery",4.11469115444754,2.64109562584244,10.737141138929
"W37053","7MEP",0.746583574294645,0.440754730440227,2.45826205809152e-05
"W37054","1Ery",12.0874739782168,2.35943858328316,16.8472149320583
"W37055","14Mo",-8.4981398838142,-0.806328214791574,12.0475076607398
"W37056","2Ery",5.988542648239,0.463680482157413,7.09748492927931
"W37057","15Mo",-3.19967627966632,-3.50696808479486,10.1423686714613
"W37058","13Baso",-6.03907268297974,-2.46465391271291,12.1543233182005
"W37059","4Ery",4.5320258160704,-2.16898028397004,4.83559804195432
"W37060","13Baso",-6.6714009427277,-1.6285875654296,12.2990800655929
"W37061","6Ery",2.81999128855004,-0.734001154141907,3.64477019943538
"W37063","9GMP",-3.00078367401196,0.331408319451594,5.0803344677412
"W37065","3Ery",9.63147774515239,7.90268078225912,18.6117052639447
"W37066","6Ery",2.77138297026114,-0.0144887009640466,3.19052552798251
"W37067","1Ery",8.35351485711723,1.8448813477,9.2922293752451
"W37068","4Ery",3.29501692639891,5.53679577993404,11.6806858011967
"W37069","13Baso",-7.495709216854,0.882820195980985,11.5007366260745
"W37070","9GMP",-1.87708594375869,1.86466308585847,3.01455444719889
"W37072","7MEP",0.394743186541032,1.28952457245649,0.0402952232201279
"W37073","14Mo",-5.54709294237708,-3.09499763964208,11.8413288016706
"W37074","13Baso",-2.72566809415642,-1.26381599917874,6.78683548964413
"W37075","13Baso",-8.05660919519481,0.618523065581651,11.5055197882288
"W37077","10GMP",-2.6254846405293,1.3175114222312,4.64817405033057
"W37078","9GMP",-1.50053439771741,-0.31623847617268,4.35369909228231
"W37079","5Ery",4.48329681173692,-1.78819606705954,4.83559948799083
"W37080","16Neu",-3.61914861424292,-7.27079755972463,16.2876707041143
"W37081","14Mo",-6.77954232662814,-1.05325563882638,11.3231296514508
"W37082","15Mo",-4.09642341712122,-3.58488911237575,10.5436813790122
"W37083","2Ery",4.21947037070438,1.73461043248449,11.0940221335434
"W37084","3Ery",4.55989466259242,2.4964351610409,10.8968169677755
"W37085","13Baso",-2.86335825875146,-1.78884953140541,8.82611808219729
"W37086","6Ery",2.79224190010001,-0.382694161791541,3.54650361757873
"W37087","4Ery",5.56303763135004,-1.47185715522445,5.31368436282926
"W37088","3Ery",4.81686097367666,3.75239421291503,12.166312294082
"W37089","16Neu",-3.90716385922072,-6.12918826727758,14.3742485249165
"W37090","9GMP",-0.159270892887735,0.70291230469302,0.0407135739502425
"W37091","9GMP",-2.12139175650597,0.777408597895713,4.11102132462031
"W37092","12Baso",0.537639590588569,0.49104542398192,0.00531770176256419
"W37093","7MEP",0.399594872012839,0.198465927933057,4.2716933860043e-05
"W37094","16Neu",-4.62071764562378,-4.88583286609955,12.4283836531534
"W37095","6Ery",1.39361007680815,1.33002497990097,0.866234280299771
"W37096","13Baso",-4.30367850491684,-1.63807264866539,11.8656460840749
"W37097","17Neu",-2.76624734166652,-0.63210622595533,6.90216389171772
"W37098","14Mo",-5.53392478261524,-1.08266291394492,10.7802859124832
"W37099","3Ery",7.11693151131221,2.38059386387689,8.73960269563366
"W37100","16Neu",-4.84074827908349,-6.31322385443742,15.5316776489212
"W37101","13Baso",-2.38794545735709,0.0994825132567326,4.95680685944546
"W37102","14Mo",-7.26523387872948,0.380189358684975,11.4757524998859
"W37103","3Ery",9.27567986468657,5.0441465783438,20.181469901511
"W37104","14Mo",-4.39239682730891,-2.46742978746982,11.1411299132781
"W37105","16Neu",-4.71907956310775,-7.76013435741759,14.954671041812
"W37106","2Ery",6.40074718250572,1.42916608122605,9.12501676237395
"W37107","18Eos",-4.02716802495576,-0.640351275953325,6.81599213091516
"W37108","7MEP",1.58380579708993,0.0014108173644688,0.00528330658679288
"W37109","7MEP",1.01700457624115,0.155223505385775,2.60286570856749e-05
"W37110","5Ery",6.41847787046537,-1.53285824547584,6.72747153563678
"W37111","16Neu",-5.60231081250232,-2.33951165680352,12.5161171098547
"W37112","2Ery",5.86494692842344,0.415305063339488,6.92061593738288
"W37113","5Ery",5.07413756191624,0.118513591897828,7.55794526473031
"W37114","13Baso",-5.56338224657341,0.637584096993263,9.30180836511848
"W37115","6Ery",1.43372286388082,0.192254497065338,0.0909276839400758
"W37116","14Mo",-7.17035731997487,-0.32143818142635,11.5088732206831
"W37117","12Baso",-3.26177665972727,0.0496025084637703,5.38141558924811
"W37118","13Baso",-3.22119482292758,0.284613878277869,5.10496594632988
"W37119","5Ery",6.48841636426063,0.152834433970555,7.51666562094293
"W37120","2Ery",6.37766308636627,0.927427722518722,7.83640022921673
"W37121","2Ery",7.04128867708936,1.6259510197313,9.14608057218237
"W37122","14Mo",-8.08390256246731,0.43045659788289,11.5055212342653
"W37123","16Neu",-4.29893234494788,-4.76170386312717,12.7222284441936
"W37124","14Mo",-3.95609044529763,-1.09745870763017,6.94967377789272
"W37125","1Ery",9.18178155719524,2.40343472899233,9.14942939299405
"W37127","1Ery",8.65658037642698,1.64882233932672,9.33550755234823
"W37128","13Baso",-2.97052116826495,-1.38480476717033,6.83086009278045
"W37130","3Ery",4.04061624075801,0.469183959435985,5.66482157374521
"W37131","5Ery",4.4160560316569,1.5662288596774,11.0940235795799
"W37132","16Neu",-4.69076379449658,-5.95785419697045,15.9602128026434
"W37133","16Neu",-4.58457880710081,-5.56944451608445,12.1716407376521
"W37134","6Ery",2.45347504560948,0.0401300001934776,3.12739287090143
"W37135","1Ery",13.303139830832,2.75083627911926,19.5353073492658
"W37137","14Mo",-3.30307295024335,-0.928629356747719,6.99350143487061
"W37138","16Neu",-2.94883291122414,-4.14944477671798,9.96120467348215
"W37139","2Ery",5.73471567023028,1.73810578356163,8.84223630257803
"W37140","10GMP",0.17514482602646,0.770104707359559,0.0299300363556519
"W37141","5Ery",4.98105992521333,-2.197326849368,4.83560093402733
"W37142","14Mo",-9.29207757245564,3.30991855555096,11.5055226803018
"W37143","2Ery",6.94350731509304,0.736749553144696,9.33550899838473
"W37144","6Ery",4.29732332371331,-1.42071898534237,4.83560238006384
"W37145","5Ery",5.28558892490446,1.10408715011796,6.91115124418093
"W37146","1Ery",12.3709668476879,2.36481820578902,20.7269900163313
"W37147","5Ery",0.74763966904391,-0.172583000859316,2.74746935904346e-05
"W37148","15Mo",-3.4854175259404,-3.29770468440231,10.2416920245599
"W37150","10GMP",-1.74319369699911,2.94162704836239,2.83665528583628
"W37151","2Ery",6.1162218029759,1.55083993679988,8.99875079950145
"W37152","5Ery",6.84413034741376,-1.33567991481089,7.07400826770657
"W37153","7MEP",0.962072051597919,-0.349849832375228,2.89207300951944e-05
"W37154","6Ery",3.36200448609546,2.65497958414473,12.6727894891179
"W37156","4Ery",4.87848425271581,3.26845990079645,12.6462888638585
"W37157","15Mo",-8.9956116193514,0.204360256180893,11.5055241263383
"W37158","3Ery",6.04210193715439,3.02313938242373,8.92984504046575
"W37159","2Ery",8.18216635768515,1.99474615487563,9.17336391923953
"W37161","7MEP",2.00664219360223,0.768482357818477,2.87579500227221
"W37162","1Ery",8.76518898733057,2.15277522735734,9.20432336728615
"W37163","7MEP",1.70961742096757,0.903221356096997,1.186202436714
"W37164","5Ery",3.49764890694329,-1.43991056196347,4.23554884588322
"W37165","3Ery",5.81082889549988,5.89703429679702,16.0205822321937
"W37166","3Ery",4.44006921189578,3.31953071378165,12.5916320741555
"W37167","13Baso",-4.15346133655971,0.342710118876439,6.85232446643756
"W37168","3Ery",4.48587354246113,4.86387076624172,11.6629571180368
"W37169","15Mo",-4.81585176683334,-4.32176681637375,13.0207532622191
"W37170","15Mo",-5.04311579812417,-2.14531891424717,12.730092667966
"W37171","4Ery",6.40523985433608,-0.576598091202801,6.99020011625793
"W37172","14Mo",-7.93635988479065,-0.281007335195611,12.0475091067763
"W37173","2Ery",8.81660286575027,-1.02174579369953,9.33551044442124
"W37174","2Ery",5.69873422551759,2.56967927362112,9.03222026616627
"W37175","16Neu",-4.95753968837855,-6.16058257172058,15.5027636010496
"W37176","13Baso",-6.05697086911374,-0.56088320944847,10.5631006292284
"W37177","14Mo",-5.07845168452483,-0.291230109635149,9.9384318460693
"W37178","5Ery",4.58137759189955,-1.20571059779274,4.83560382610034
"W37179","16Neu",-2.91931740570392,-3.24993320182989,10.6026527551874
"W37180","14Mo",-7.89446643886287,0.199096104126618,11.492182618256
"W37181","16Neu",-2.41825469820776,-3.9424559735671,10.0357473050039
"W37182","8Mk",-0.36450537623452,6.15667371392637,11.6806872472332
"W37183","7MEP",1.74431462151728,0.371276223585754,1.26065211727569
"W37184","8Mk",0.766452313454627,-0.167793909683053,3.03667665999541e-05
"W37185","14Mo",-6.26189370769163,-0.363063730790885,11.2429545188308
"W37186","10GMP",-0.551660102242276,3.01634158591337,2.28910074009765
"W37187","5Ery",7.24684120251018,-1.13650176000229,7.67458153104465
"W37188","10GMP",0.501028432177534,1.35222397693455,0.0383867331615061
"W37190","3Ery",5.9711525388775,2.22160577853654,8.80666267430025
"W37191","13Baso",-3.50462491500971,-0.769081970836143,7.17739531476314
"W37192","14Mo",-5.75202290876405,-1.874971632347,12.8217596391976
"W37193","3Ery",5.09873533126523,2.37916273016171,11.0629952250889
"W37194","2Ery",7.14852720294844,-1.48285938321676,7.35389034759549
"W37195","2Ery",9.23026535063577,0.279529526049982,9.33551189045774
"W37196","14Mo",-3.49318390122897,-2.79430392581257,9.29809427250228
"W37197","2Ery",9.03096348322673,-2.10634232242642,9.33551333649425
"W37198","6Ery",3.5920229718387,0.23045243323225,4.53268771416696
"W37199","4Ery",4.71032754141473,2.38352020042559,10.9807764737699
"W37200","15Mo",-4.40077254184654,-2.64077080388214,11.0015118523527
"W37201","13Baso",-4.18096987256867,-0.370637791880637,6.78860062425637
"W37202","6Ery",3.9261373082637,-2.72496975305161,4.55509152303669
"W37203","12Baso",-1.18309787467973,-1.26179041359302,6.91756737483782
"W37204","16Neu",-3.66012611758104,-6.68592777157976,16.3155568898424
"W37205","14Mo",-7.97692100962987,-0.95104918748458,12.0475105528128
"W37206","15Mo",-2.99179646187948,-2.75743560409576,9.14153381115262
"W37207","13Baso",-8.25264710822208,0.618434588143603,11.5055255723748
"W37208","2Ery",4.54148774755266,0.616432855159282,7.92907589806056
"W37209","14Mo",-4.82359667400539,-1.60445390907278,12.7582912486839
"W37210","14Mo",-4.79583172369448,-1.49553747211771,12.7582926947204
"W37211","12Baso",-0.455781242451866,0.0391744501987537,0.0280953564392308
"W37212","10GMP",-2.29096511965242,-0.949238385136876,6.75200830620505
"W37213","7MEP",1.22523737283215,0.319045135866648,0.055572975406235
"W37215","2Ery",7.07608511142225,0.700602017554683,9.33551478253075
"W37216","4Ery",4.65835255421298,-1.18146801420542,4.83560527213685
"W37217","3Ery",5.82963367216912,0.556806500005429,6.96089498853347
"W37218","16Neu",-3.06947356537328,-3.6519083760364,10.0372936765222
"W37219","5Ery",3.52789652171899,-1.93036298345466,4.21170074270078
"W37220","2Ery",5.89431954295065,-0.806755212813307,6.94274394776011
"W37221","3Ery",5.00793985394475,1.56818444024932,9.21999969552824
"W37223","2Ery",6.36430391592345,-0.325564077168094,7.08776378090945
"W37224","14Mo",-5.8123530412172,-0.454544385110039,10.3609310493209
"W37225","14Mo",-7.87439219005248,-0.563210045122958,12.0475119988493
"W37226","8Mk",-0.270766260169844,8.04546131026611,11.6806886932697
"W37227","5Ery",5.04501495768433,0.0528188229564301,7.61908895469623
"W37228","7MEP",1.78039714929826,1.2579915562097,1.22137186780207
"W37229","7MEP",0.974394248706899,0.323146555646285,3.18128031047138e-05
"W37230","16Neu",-4.50291825699509,-5.268998261,12.1624697474098
"W37231","2Ery",9.9712228555772,-3.35532644390241,9.33551622856726
"W37232","13Baso",-3.04704390754999,2.1488925776983,11.1259847574766
"W37233","5Ery",6.40138619661609,1.18858429322327,9.25966963028039
"W37234","5Ery",4.78427238551091,-2.0961634079135,4.83560671817335
"W37235","14Mo",-3.77058629603392,-3.10258755480275,10.3242675371934
"W37236","6Ery",2.22827193599946,0.634814811682721,2.72640985466918
"W37237","14Mo",-5.27041268287851,-1.40151258992732,12.8066518162735
"W37238","7MEP",-0.71803673721974,-0.35520902423678,0.0240104020656376
"W37239","2Ery",5.19664261573676,-0.350361729935779,7.59792959600439
"W37240","13Baso",-3.11122304683538,-0.0655317972108306,5.44118878053661
"W37241","2Ery",8.11634582244059,0.475380210717822,9.33551767460376
"W37242","14Mo",-5.01399256707417,-1.43343413655251,12.7685145622078
"W37243","2Ery",6.00733267277806,-0.233340374101679,6.72747298167328
"W37244","15Mo",-2.91008933419205,-4.41690217583205,10.1900367186602
"W37245","3Ery",5.0128078525461,-0.689849743475052,5.51949020995703
"W37246","5Ery",3.90542916266908,2.1484430342256,10.9247416855526
"W37247","10GMP",-1.18879556858496,1.40543425953205,2.31955027809035
"W37248","6Ery",1.45953819709945,-0.338140641498555,3.32588396094735e-05
"W37249","15Mo",-2.73592570347017,-2.31706570075602,8.48658372615064
"W37250","1Ery",8.77497167220412,1.11262155266921,9.33551912064027
"W37251","4Ery",4.47735702132932,3.90341582991232,12.013562026849
"W37252","12Baso",-0.131510739763508,1.35820702020064,2.86796288786688
"W37253","4Ery",5.55550900111411,-0.420342255027144,7.19521005296956
"W37258","13Baso",-9.49260348964684,2.78160505455735,11.5055270184113
"W37259","6Ery",3.30323512153305,4.59117523758546,11.6806901393062
"W37260","3Ery",2.48157325878732,-1.05339962554883,3.64477164547188
"W37261","8Mk",0.8635559894616,1.84661369994298,1.00198295603923
"W37262","6Ery",2.95204232943279,2.26233063545285,2.66240625490772
"W37264","3Ery",5.15490018437795,3.59400158297256,12.3263546820409
"W37265","3Ery",4.50390517433611,4.47741517971776,11.6535103438983
"W37266","4Ery",5.05298905729324,6.68390190483893,16.5039397991337
"W37267","16Neu",-5.1232217831989,-6.91145047400471,15.0632177107094
"W37268","7MEP",0.884473125189691,1.53165282877392,1.00198440207574
"W37269","3Ery",9.65588152482553,7.22191311959515,18.6117067099812
"W37270","15Mo",-7.55181064382415,-5.25951236081814,16.0783091783823
"W37273","10GMP",-1.86152451914103,3.37117677310457,2.9433145144697
"W37274","12Baso",-2.22084659672667,-1.72261090864511,9.5803285949743
"W37275","3Ery",7.48171222098255,5.44612016623137,16.4242538974287
"W37276","3Ery",4.50345078320283,3.67071623584519,12.2443178894097
"W37277","14Mo",-7.98896146934035,1.855359942983,11.5055284644478
"W37278","9GMP",-2.01476027590661,-0.149755619538406,4.7689684232375
"W37279","12Baso",-2.10847591867441,-1.74578482886638,9.68083326000231
"W37280","15Mo",-3.97259705403631,-4.63418995607357,13.0222009255496
"W37281","15Mo",-5.41912914187199,-5.09911609369986,12.0264716222261
"W37282","2Ery",5.98578806153659,1.83183763810953,8.81494044087458
"W37283","14Mo",-7.90632986814714,-0.597251759919611,12.0475134448858
"W37284","4Ery",6.05708580865827,0.503752008992184,7.20332042294017
"W37285","3Ery",6.19638893850627,5.8070159407342,15.6977499710165
"W37286","14Mo",-8.37059749977262,0.540294523507961,11.5055299104843
"W37288","14Mo",-6.68649557189215,1.60747648946877,11.4959895066942
"W37289","8Mk",-0.667585919350232,8.84631063975278,11.6806915853427
"W37290","16Neu",-6.98943567513812,-8.88061507153251,16.0783106244188
"W37291","10GMP",-1.96116061952816,0.521616616279675,4.11680614911911
"W37292","2Ery",4.8449955686004,0.964849623705401,7.49538813427114
"W37293","2Ery",8.2075198104214,2.6410633516013,8.81716739034941
"W37294","3Ery",5.86652998538263,5.09257101855395,15.8647893703746
"W37295","9GMP",1.25284848194293,0.773411468824852,0.585923195011857
"W37296","15Mo",-4.60881167070263,-5.18214642972169,12.0801658989993
"W37297","14Mo",-6.81046327795627,0.38496695462227,10.9002929258144
"W37298","5Ery",5.14070441281605,-1.69878498182445,4.83560816420986
"W37300","14Mo",-3.73140439070605,-0.958909426549793,7.06778782422184
"W37301","2Ery",5.92817114553984,0.624385105303685,7.11886953162974
"W37302","13Baso",-6.1755082253487,1.08971270885243,9.06924713372894
"W37303","14Mo",-7.88643588200821,1.13473822851107,11.5055313565208
"W37304","14Mo",-9.97649109440152,3.00372242953334,11.5055328025574
"W37305","14Mo",-2.94907953271918,-1.10561078772038,6.87152792906674
"W37306","2Ery",5.23444087651458,3.31164630574918,10.6541563337089
"W37307","2Ery",6.66473768475978,1.72307107193816,9.01470750131453
"W37308","13Baso",-7.32444315693941,-0.294182969577424,11.6694093459891
"W37309","6Ery",2.11663114722834,-0.680008736128631,3.64477309150839
"W37310","7MEP",0.586723512952451,0.735294212750551,0.0123409704225667
"W37311","7MEP",1.24656998390667,-0.84785789116258,3.47048761142332e-05
"W37312","13Baso",-6.59635057113241,-2.26664788524797,12.0275903746752
"W37313","3Ery",3.06894267367602,5.69691407837572,11.6806930313792
"W37314","3Ery",3.59807540287507,-0.333787157658981,4.47380695220113
"W37315","14Mo",-4.64987360521672,-2.38960643251118,13.0155809616193
"W37317","2Ery",2.37080661528017,-1.21249719076882,3.64477453754489
"W37318","2Ery",5.79278562014712,-0.71826297818121,7.02929435239595
"W37319","8Mk",-0.257584898708223,4.67297761161334,2.23186047069416
"W37320","7MEP",0.612548659128142,1.36271204143731,0.0343527601378661
"W37322","16Neu",-4.20908030288792,-7.6799146115123,15.3039133205585
"W37323","5Ery",3.76676452663968,-0.908136183094403,4.59166849581382
"W37324","14Mo",-8.5425356258311,0.202552123543685,11.5055342485939
"W37325","2Ery",5.3520650663278,-2.14056493207994,4.83560961024636
"W37326","14Mo",-5.932090236764,-1.72687747356425,12.5247538283963
"W37327","8Mk",-0.6767797362194,3.11190246366199,2.23186191673066
"W37328","7MEP",0.645045929925382,0.444514774942469,3.61509126189929e-05
"W37330","14Mo",-4.70174443118959,-3.16198388120362,12.4924741732777
"W37331","12Baso",1.09017038959235,-0.0971091883882243,3.75969491237527e-05
"W37332","13Baso",-5.06764627827955,1.03761098484589,8.86556455539128
"W37334","12Baso",0.186189513890589,1.52007855883268,0.0544144742261346
"W37335","13Baso",-7.21007462228489,0.461278180377137,11.4764867721767
"W37336","4Ery",4.12850246590092,4.68332071246082,11.6674909779648
"W37337","14Mo",-5.91882850198849,-0.857158465733337,12.2459097403134
"W37338","2Ery",6.24622393923744,4.03586021337882,11.8987639895067
"W37339","5Ery",5.28388591101422,-1.12703277106275,5.36720328672585
"W37341","16Neu",-6.50449207629184,-7.62482947404061,16.0783120704553
"W37342","3Ery",4.20641723793659,5.17888254374258,15.9235433081717
"W37344","3Ery",5.46257125350316,4.04187972811781,11.885532703619
"W37345","4Ery",5.5921221521723,5.52640794231138,16.1455488664481
"W37346","3Ery",6.23104036550165,3.87566057569805,12.0573192541262
"W37347","6Ery",2.19704094522703,0.873744750799798,2.79265274808626
"W37348","15Mo",-5.83958094492629,-4.07639670661605,11.8413302477071
"W37349","17Neu",-3.90561308921081,1.61212157923236,10.5997475905883
"W37350","14Mo",-7.47213466753676,-1.27352285387678,12.0475148909223
"W37353","4Ery",6.88503096381567,5.42647680568347,15.9160917734596
"W37354","9GMP",-0.631088911547044,2.89614243893951,2.26767948063262
"W37355","7MEP",2.10171511980384,1.16173360873891,2.90424370889319
"W37356","7MEP",1.50412070761446,0.153072890391101,0.106915161162267
"W37357","14Mo",-5.30646647570964,-3.01663099450829,11.853230390974
"W37358","13Baso",-6.59141718532928,-0.738027123743414,11.5983918846523
"W37361","4Ery",3.15580268263532,6.00609452393573,11.6806944774157
"W37362","13Baso",-1.88490923931767,-0.294935765631074,6.75200975224155
"W37363","14Mo",-6.88726358263543,0.869422561917311,11.4785637553102
"W37364","3Ery",4.87824725264063,0.143506991995846,7.78303112327453
"W37365","2Ery",8.34326411211241,2.13452504333779,9.12817598059036
"W37366","3Ery",5.04591911791682,6.28307144009178,16.5039412451702
"W37367","14Mo",-7.68866567864665,0.720134884016447,11.5022049333289
"W37369","6Ery",4.28373039112906,1.99868045350316,11.0730001470323
"W37371","2Ery",5.79093326755932,-1.14059558814694,7.19994936124638
"W37372","10GMP",-0.297298671753139,3.03641108325506,2.43174757477954
"W37373","13Baso",-8.82054925243323,2.97306137658845,11.5055356946304
"W37374","5Ery",3.64366471641524,-0.0840301059557002,4.55267240494704
"W37375","7MEP",1.43329138517061,-0.0455456009168697,3.90429856285124e-05
"W37376","13Baso",-7.50035679514422,1.31643852998489,11.5055371406669
"W37377","3Ery",6.6723648707859,2.6418805468297,8.71277665153342
"W37378","2Ery",7.20810113738487,1.36807360434485,9.32441508694031
"W37379","14Mo",-5.84414338430778,-0.768392770387053,10.741807328029
"W37380","3Ery",5.53511515485338,4.37572978709741,11.6415849329785
"W37381","2Ery",5.91882013841621,0.739929867117571,7.1751858938336
"W37382","10GMP",0.909462109191117,-0.718545047776947,4.04890221332721e-05
"W37384","13Baso",-7.52894219406917,2.14694944629897,11.5055385867034
"W37385","14Mo",-7.14114729205952,0.0843073761451174,10.890574283272
"W37386","4Ery",4.24811824918582,2.88033934578118,10.6526033495229
"W37387","5Ery",5.25348357543032,-2.11896874924465,4.83561105628287
"W37388","18Eos",-2.87323941900512,-2.19351906087298,8.4939691480311
"W37389","2Ery",4.26190128797799,-1.29365476211599,4.83561250231937
"W37390","14Mo",-3.36829767752442,-4.05920770795259,10.2902759552268
"W37391","3Ery",5.48806652268674,4.79559672884653,11.641586379015
"W37392","13Baso",-3.53955367512296,0.970783782283429,7.43901895752031
"W37393","5Ery",4.84199318634272,2.94964137530703,10.7427339966934
"W37394","12Baso",-1.53524271256568,-2.42657095249185,9.68523991380858
"W37395","5Ery",3.12171143058831,-1.73577732507187,3.78998057158707
"W37396","2Ery",4.60969241209059,0.721668222175389,7.87471237162277
"W37397","7MEP",0.383404560869563,-0.341249032213195,4.19350586380318e-05
"W37398","5Ery",0.941704024309273,0.391980665446923,4.33810951427915e-05
"W37399","16Neu",-3.79534242196242,-5.71977872387859,14.9255245841522
"W37401","15Mo",-8.33697985713621,-4.77794461632144,16.0783135164918
"W37402","14Mo",-2.77595110887784,-2.21153204121333,8.53868132399248
"W37403","5Ery",6.18952689222837,1.3721092266061,9.11368703890492
"W37405","16Neu",-4.54114815048355,-4.42960388965197,13.0139190429632
"W37406","2Ery",6.06151374320998,0.942016307146784,7.4648710376201
"W37407","2Ery",7.27105038408969,3.18724085424404,8.71277809756992
"W37409","6Ery",4.88235935840716,0.175731524620019,7.76524625116858
"W37410","2Ery",5.93733103460242,-0.15985827091171,6.72747442770979
"W37411","5Ery",4.72650160196718,0.449909150535914,7.8429256406333
"W37412","14Mo",-4.33906118508331,0.0734276717073213,6.84189459266192
"W37413","2Ery",6.7976877423053,2.85477592054629,8.71277954360643
"W37414","3Ery",3.64433969382913,3.11650798803746,12.6727909351544
"W37415","5Ery",5.04779211383379,2.94737347584875,10.7862776350891
"W37417","16Neu",-4.39191045353683,-6.54234084279416,15.8965516921785
"W37418","10GMP",-1.62947871385005,1.94843972354251,2.7554128231424
"W37419","14Mo",-6.04920136440507,-1.376912766741,11.6581123938649
"W37420","1Ery",11.1057414308845,1.8288584527733,9.33552056667677
"W37421","2Ery",6.96525759045092,-1.0997663120382,7.35755420459678
"W37422","3Ery",7.74280967714228,6.01193716176257,20.3194815580676
"W37424","15Mo",-4.71464166647364,-5.39089909241105,12.0563379422699
"W37425","7MEP",-0.777485533385852,2.62686913781128,2.23788194867362
"W37426","4Ery",5.29510909189719,0.830084368334871,7.00900414878634
"W37427","7MEP",0.589132630129112,1.09239869696972,0.0253583603797662
"W37428","5Ery",5.24041571111399,-1.69932945739311,4.76190575183262
"W37429","2Ery",4.57016042606405,-0.388534593258342,5.36371991534458
"W37430","13Baso",-3.76362701681838,2.28734733940574,11.1259862035131
"W37431","14Mo",-7.74418969654694,-0.574344195505158,12.0475163369588
"W37432","15Mo",-6.7056483676601,-1.26760495850699,11.3231310974873
"W37433","2Ery",4.49802209977721,2.87699055314711,10.7057623462167
"W37434","14Mo",-3.06018608950853,-2.93885128854052,9.38209577636761
"W37435","6Ery",4.67874440416455,-0.264672255707224,5.59580713573861
"W37436","12Baso",-1.84109030424313,-2.39164566203101,9.38626136872648
"W37437","2Ery",5.79188501461775,2.0712589644635,8.87773116253708
"W37442","6Ery",2.24803484788076,1.83275019795229,2.94151103939659
"W37443","14Mo",-5.67583972319909,-2.21724823890625,12.7751732280389
"W37446","6Ery",1.41202016615475,0.95991702628775,0.912853110866936
"W37449","17Neu",-3.8951503723568,1.37282449811443,10.4715892683529
"W37450","6Ery",3.89065484833403,1.03604058143818,6.0676359750344
"W37451","6Ery",1.0939568313896,-0.459156244025173,4.48271316475513e-05
"W37452","9GMP",-0.993928897532209,1.07219754159372,2.42856368850284
"W37453","3Ery",3.45909027381782,5.2156030241861,11.6806959234522
"W37454","14Mo",-7.63951203905789,1.1411076871624,11.5055400327399
"W37455","6Ery",2.39509872506571,3.197123947618,2.9415124854331
"W37456","15Mo",-8.17398067779749,-4.56386910037215,16.0783149625283
"W37457","15Mo",-5.44923480421749,-1.94129049316378,12.7736990484001
"W37458","13Baso",-6.59934461733931,1.28833540203341,11.4822438499042
"W37459","3Ery",5.13054266564156,2.3317319126844,11.0917828515505
"W37460","16Neu",-5.36252218142941,-6.80048848976217,15.2744006624513
"W37461","7MEP",0.621522624840473,0.0506979181914915,4.6273168152311e-05
"W37462","3Ery",8.63864036530343,6.8048336185391,18.6946600075126
"W37463","13Baso",-6.15456036893928,-2.17945678986953,12.111433077888
"W37465","3Ery",6.85715351407443,5.86626785216309,15.8432702001006
"W37466","14Mo",-4.12114222080662,-1.80968573390621,11.9491186936971
"W37467","14Mo",-8.09485103700658,1.77073306428222,11.5055414787764
"W37468","8Mk",-0.345234750719546,5.30877813098406,2.23186336276717
"W37469","16Neu",-4.38216680751191,-7.0807529608448,15.5258080580641
"W37470","14Mo",-3.44524620464603,-1.72530316917817,9.46343322376882
"W37471","17Neu",-3.79146749563415,1.87152670721151,10.8894632363341
"W37473","3Ery",8.37753994681249,4.6143739304537,16.8472163780948
"W37474","5Ery",4.2810093106353,-1.5369929707939,4.83561394835588
"W37475","10GMP",-1.92343833156525,0.636131432579149,4.08619794223842
"W37476","16Neu",-4.6115009340454,-7.43368563038269,15.0057452350709
"W37477","2Ery",6.35334520359597,0.0369496642400474,7.28654098365551
"W37478","14Mo",-3.84946872558129,-2.78406698829435,9.34834892447964
"W37479","6Ery",1.28434189655716,1.43832982239023,0.758784525312545
"W37480","14Mo",-8.01527336682686,0.974154555691656,11.5055429248129
"W37481","13Baso",-7.98197150022479,1.42165784789441,11.5055443708494
"W37482","5Ery",6.05846485905715,-0.990785332829012,6.81915990336775
"W37483","10GMP",-1.35087753369009,0.419729691337293,4.08619938827492
"W37484","7MEP",1.43882384476353,-0.405537531188134,4.77192046570707e-05
"W37485","2Ery",5.03385594582075,-1.07302749343813,5.16531771128563
"W37486","2Ery",5.84286745111841,0.00320614472293857,6.72747587374629
"W37487","2Ery",6.90843157727168,2.90193545326859,8.71278098964293
"W37488","14Mo",-4.31758487937961,-1.56776840785889,11.9021712488579
"W37489","7MEP",1.87941265875846,1.24296481769991,1.31201021976831
"W37490","8Mk",-0.259132487293065,6.94664052554019,11.6806973694887
"W37491","14Mo",-7.69868532417085,-0.824628031491149,12.0475177829953
"W37492","2Ery",5.46632926647353,-0.262616786314605,7.23932488690179
"W37493","2Ery",5.86410902591482,0.0666500684170354,6.7274773197828
"W37494","14Mo",-3.65019931498974,-2.01734303412929,9.46343466980533
"W37496","13Baso",-5.76167720089076,-1.88765613670653,12.8217227119116
"W37497","7MEP",0.817187859378173,1.45150381250933,0.972965036457391
"W37498","4Ery",7.89399916611528,5.11289536814444,16.8140058582079
"W37499","13Baso",-5.16383739239945,-0.940124408910638,10.7320445272644
"W37500","13Baso",-6.83183719695266,0.348187673959619,10.8967040621518
"W37501","5Ery",5.41406516128476,-1.13500782106861,5.49206275428384
"W37502","2Ery",5.95917370811259,0.678867244589714,7.18799746492236
"W37503","18Eos",-3.86476879146499,-0.264522475104382,6.84836459134825
"W37504","15Mo",-3.85132140663915,-4.27853749730782,10.9925647925169
"W37505","5Ery",3.19587357699619,3.66607874634099,11.666578396812
"W37506","7MEP",1.87049205922405,-0.0598563569683363,3.20475870621018
"W37507","2Ery",7.79726293370459,2.56929959304033,8.77332290046618
"W37508","13Baso",-9.60179677097015,3.66267320175773,11.5055458168859
"W37509","14Mo",-8.28657780095469,-0.0876819197490405,12.0475192290318
"W37510","6Ery",2.05271131080464,0.923436611816325,2.88227030266565
"W37511","5Ery",4.10754168467665,-0.17040826003456,5.10605230214954
"W37512","4Ery",5.23947958908887,2.6506423849655,10.9648668102522
"W37514","13Baso",-5.23340106028406,1.46698899497897,8.9189040370968
"W37515","7MEP",1.94716070471884,0.226036468019921,2.797128280865
"W37516","5Ery",2.45378790598497,0.906348444088069,2.65808721448201
"W37517","5Ery",5.41313184070041,-1.5502196752058,5.08408780803236
"W37518","10GMP",-0.572013994798542,2.13887245833385,2.4554492189691
"W37519","16Neu",-4.61178594956461,-6.99609766664047,15.3160295106397
"W37520","2Ery",3.59155937290729,2.99428755980585,12.6727923811909
"W37521","14Mo",-4.83409950906314,-2.61246819648133,12.661444997077
"W37522","3Ery",5.47539581656863,5.31226439550628,16.2099941471894
"W37523","2Ery",5.46551774985087,-0.176065274752338,7.20578297518466
"W37524","10GMP",-2.24369576129917,1.71206482939181,5.06479405863611
"W37525","16Neu",-4.65967737262973,-5.01769920957089,12.2519893248084
"W37526","8Mk",0.992955970202885,1.33169119765502,0.988354908018183
"W37527","6Ery",3.04538485524754,0.0409709236500411,3.14599377222461
"W37528","15Mo",-5.43028074767197,-4.25975871544295,12.8200662933556
"W37529","5Ery",4.29379490187403,2.81989833767349,10.6903490839034
"W37530","10GMP",-1.70626402627559,1.5194872995041,2.85052299776772
"W37531","7MEP",1.18179349174323,0.273290835359563,4.91652411618304e-05
"W37532","14Mo",-7.26185407533955,-0.0705263401981938,10.8793412954161
"W37534","2Ery",5.06902565399414,3.34123877395446,12.575960309285
"W37535","15Mo",-3.97137860774405,-4.12011398464375,10.9541013306273
"W37537","3Ery",5.48748454811313,5.0291562248252,16.1612154758335
"W37538","6Ery",3.68656721266004,-0.639223781178221,4.53515274552225
"W37539","1Ery",13.432707981595,2.83452805174238,19.3355237171704
"W37540","2Ery",6.42776798495249,5.53126697464587,15.5133101852279
"W37541","3Ery",7.83421157925185,4.93029867537213,16.7832019362349
"W37542","4Ery",3.87964992457367,4.42075709462014,11.6674536146131
"W37545","6Ery",2.15825176558055,0.887138637888274,2.81674484525071
"W37546","13Baso",-6.41091185160911,1.41232062982052,11.4796466357334
"W37548","3Ery",3.62731872791063,3.18123598031394,12.6727938272274
"W37549","5Ery",4.72826476129748,1.73327411411483,11.0940250256164
"W37551","14Mo",-2.43224252745868,-4.54690443710995,9.95266305720885
"W37552","13Baso",-6.27425812257058,-2.1739352460434,12.0275918207117
"W37553","13Baso",-5.02723883864321,1.12044366362061,8.96283474534424
"W37554","3Ery",5.4306308357883,3.3228271995672,10.6894172054203
"W37555","4Ery",5.34382541165897,-0.142066834260297,7.33825088704996
"W37557","7MEP",1.33690125625656,0.253101247922315,0.0767008961832312
"W37558","10GMP",-2.20460085073307,2.50710757298868,5.06479550467262
"W37561","3Ery",4.96278674317864,5.03109300007854,11.6551979238292
"W37562","13Baso",-2.21114665845846,-0.732571714575223,6.75201119827806
"W37563","2Ery",4.5423525449633,0.462291450663326,6.16939389386942
"W37564","13Baso",-6.33258831871526,-0.172464349740719,11.1897276162984
"W37565","2Ery",4.9184489306818,2.50044138856584,10.9689650219749
"W37566","4Ery",3.48987479632307,3.47135279687025,12.4324126527142
"W37567","10GMP",-1.37503983635934,3.03468007462113,2.45252120254237
"W37568","16Neu",-6.12030998629548,-6.3888349049799,15.950932130434
"W37569","14Mo",-3.55804715506618,-2.63428333387026,9.33730880041496
"W37570","16Neu",-4.47813329511173,-4.5449259689743,12.9031747035753
"W37572","10GMP",-0.988033500322808,0.52811759508452,4.08620083431143
"W37573","2Ery",5.62721678591759,0.70230858660508,6.80262079317971
"W37574","2Ery",6.86970202654923,1.25176036196852,9.32019327135245
"W37575","6Ery",2.20710712535985,0.782288056404289,2.76833501535984
"W37577","3Ery",5.34248440180551,5.29825900354594,16.3150677898113
"W37578","14Mo",-7.85395959450169,0.109457121651473,11.9961949103233
"W37579","14Mo",-4.6673383262714,-1.34772353966315,12.7582941407569
"W37580","15Mo",-3.95698023870381,-4.37497388234596,11.1946640463417
"W37581","10GMP",-2.74070598782748,-0.402760895409619,5.6533069078215
"W37582","13Baso",-7.73356854907595,1.56266927299463,11.5055472629224
"W37583","3Ery",3.84921251638555,3.27410684791995,12.6311488773334
"W37584","7MEP",0.68761434161798,0.919536860127226,0.0151073427731552
"W37585","13Baso",-9.10427328577062,2.66892830898264,11.5055487089589
"W37586","2Ery",8.4421970471926,0.314508621347618,9.33552201271328
"W37587","14Mo",-4.3661501117532,-1.06688264323361,6.77298867969998
"W37588","14Mo",-7.75712848426983,1.56900565684104,11.5055501549954
"W37589","15Mo",-8.340968956862,-0.250184235673155,12.0475206750683
"W37591","4Ery",3.18962218406937,3.1913647232478,12.6727952732639
"W37593","15Mo",-3.13686499140896,-4.05481174818158,10.0545109052808
"W37594","14Mo",-7.30255831168503,0.249146368954204,11.4727080526639
"W37595","10GMP",-2.20908827119382,1.19725188858939,4.55244549560565
"W37596","13Baso",-3.54515937571753,-0.997067104157859,7.19511501081666
"W37597","16Neu",-3.36917766519971,-5.31536698307857,12.6596515161486
"W37599","8Mk",-0.06984339487316,7.4640106021875,11.6806988155252
"W37601","13Baso",-6.23874623850582,0.45025376170961,11.3738896547732
"W37602","5Ery",4.3936246734475,-0.159978892596546,5.40784852016261
"W37603","6Ery",3.71060163165333,-1.56131714200832,4.45439787733573
"W37604","14Mo",-6.24091721519258,0.294923330054133,11.3513623355144
"W37605","2Ery",6.06068456656746,-0.00607543215411822,6.90955313964372
"W37606","6Ery",3.83889938206292,0.704173423104468,5.68959069380878
"W37607","3Ery",3.35916403005091,5.64076029999974,11.6807002615617
"W37608","14Mo",-3.61287977445821,-3.20254017073167,10.2881942998644
"W37609","7MEP",1.07785673805272,1.02826712311611,0.721849012907456
"W37610","7MEP",1.33443468202754,0.492315613912118,0.341504992041881
"W37611","14Mo",-7.87191571394175,-0.0166054624400969,12.0475221211048
"W37612","5Ery",4.16989081834469,-1.26088816975187,4.83561539439238
"W37613","13Baso",-9.45258507795524,3.40237468530803,11.5055516010319
"W37614","2Ery",7.11376355619601,0.413181276713747,9.33552345874978
"W37615","16Neu",-4.67561663494817,-4.76144761566434,12.5536888836967
"W37617","12Baso",1.15818951695958,0.847611894186123,0.588431439531474
"W37618","14Mo",-4.2949402647663,-2.25368891089738,11.4145091772356
"W37619","8Mk",-0.287875605176157,7.68203177006524,11.6807017075982
"W37620","4Ery",5.20867721972563,-0.0976717698866425,7.48271627820845
"W37621","3Ery",3.21530065513612,3.82344717507683,11.6697780537834
"W37622","2Ery",3.31119631035443,2.61933184450162,12.6727967193004
"W37624","14Mo",-7.50994347508262,0.586909231956435,11.4913768217313
"W37625","7MEP",0.79237261877144,0.0891017325210314,5.06112776665901e-05
"W37627","7MEP",0.391611461016933,2.67456627561749,2.90254820271511
"W37628","10GMP",0.685497912426031,0.320638322846685,5.20573141713498e-05
"W37629","13Baso",-6.26914536636454,0.737770868937889,10.8924234523381
"W37630","2Ery",6.27919807498846,1.19952383272008,9.22854677815241
"W37631","2Ery",8.37311288117503,3.38358647180819,16.8472178241313
"W37633","3Ery",5.00573995417921,4.52899488873766,11.6424471678928
"W37634","3Ery",5.33612935055814,5.5194082301027,16.350684214849
"W37635","6Ery",2.43243007532159,0.575860246854736,2.60197265034045
"W37642","7MEP",1.00058164913096,0.502705700759178,0.069958306579316
"W37644","8Mk",-0.193762569768024,1.25699533704746,2.85259672773123
"W37650","2Ery",2.62272841616629,-1.35631242900355,3.6447759835814
"W37651","1Ery",7.49154965765222,5.49253513718752,16.4275005544911
"W37653","9GMP",-0.660321295236279,1.35788899080035,2.56301152916453
"W37654","13Baso",-8.86883800435225,1.47726678607984,11.5055530470684
"W37657","15Mo",-3.04682975470166,-2.18468397571194,8.67080941236618
"W37658","6Ery",1.9454562404848,1.12396075144633,1.38130042851723
"W37660","13Baso",-4.72427113609313,0.535112958143585,6.91446511866269
"W37661","3Ery",5.67190888690285,5.84201399298266,16.1248368789165
"W37663","16Neu",-4.64453369215144,-6.18964041900947,15.8500093992732
"W37664","14Mo",-6.29543418996586,-0.661324505486498,11.9933016664342
"W37665","5Ery",5.4494278986456,1.25659925155278,6.91297266563187
"W37666","7MEP",1.09536245393085,0.747881650275873,0.423889091272781
"W37667","13Baso",-7.5976675384572,1.11473617885365,11.5055544931049
"W37668","4Ery",3.13100059053316,3.10562411199318,12.6727981653369
"W37669","13Baso",-4.05966760838082,-1.13053855289666,6.88930111314343
"W37670","2Ery",4.58117819631931,2.73470093762229,10.7895878691085
"W37673","15Mo",-3.51504114100345,-2.9539055729098,10.6405469824175
"W37674","7MEP",-0.157112065272341,1.37752049364078,2.84927378984887
"W37675","3Ery",5.01603310931003,4.91346009210066,11.6511500905213
"W37676","10GMP",-2.67299335069288,-0.435118734294116,5.65675258332149
"W37680","13Baso",-4.74407205622043,0.334674340266597,6.89750206649385
"W37682","3Ery",5.97197802091749,2.4750688524911,8.85787688014965
"W37683","1Ery",8.07621957065179,2.87914576997643,8.71278243567943
"W37684","13Baso",-2.44071363554439,-0.286746437215651,5.35559109057758
"W37685","13Baso",-3.8333873909819,0.454830034594089,5.25540486760965
"W37686","7MEP",0.786842252534296,1.29824076394223,0.776252795431366
"W37687","16Neu",-6.03119487860861,-3.12689577699612,11.8413316937436
"W37689","14Mo",-4.43420238603626,-1.33290770288405,6.77299012573649
"W37691","3Ery",9.04353268627813,5.83046057416354,19.4751831813512
"W37692","2Ery",7.57997493596517,5.81905021108955,16.466774502411
"W37693","1Ery",6.90194406140514,3.13102899315552,8.71278388171594
"W37694","13Baso",-8.38610207085429,0.275458060292309,11.5055559391414
"W37696","15Mo",-3.31531341280385,-4.0338205581572,10.2119111425282
"W37698","8Mk",-0.221169336982384,4.27171111672431,2.23186480880367
"W37699","2Ery",8.77842456047186,4.79340945834528,16.8472192701678
"W37700","14Mo",-6.86971061340299,0.515584307663022,10.9300105216583
"W37701","14Mo",-7.05540934104407,-0.211526096769414,11.2946179707039
"W37702","14Mo",-5.04225558263581,-1.4590404603546,12.7696328523746
"W37704","9GMP",-2.1653804770262,0.436390296827199,4.41553030171833
"W37706","14Mo",-8.29118794735174,1.35555911102882,11.5055573851779
"W37707","14Mo",-2.96784821739724,-1.90297469412263,8.61008214718317
"W37708","2Ery",5.18992815927795,-0.0630025131635463,7.49138875828507
"W37709","7MEP",0.651517944794939,0.100516626829783,5.35033506761096e-05
"W37710","2Ery",8.28415556607046,5.09481713101106,16.8472207162043
"W37711","16Neu",-4.69125783233661,-7.01150464449482,15.2116904739363
"W37712","10GMP",-2.47147279797976,1.28337602423387,4.62381277811806
"W37713","6Ery",2.7161884195894,0.898962486507127,2.51220051548454
"W37714","2Ery",7.54979832860155,2.32091688307343,8.86156500329154
"W37715","15Mo",-6.82304790847227,-1.09698166464928,11.3231325435238
"W37716","14Mo",-3.39586119726062,-2.68372888889845,9.30591973641699
"W37717","15Mo",-3.41223461282089,-4.39825675707718,10.6733792255517
"W37718","3Ery",4.67590791893527,2.693805443134,10.8283029831846
"W37719","12Baso",-2.15714802948078,-1.15920825923529,6.80280988074848
"W37720","2Ery",6.70596051512758,2.48522391789258,8.71278532775244
"W37721","13Baso",-3.90089689911177,1.88126954195906,10.7636996045845
"W37722","13Baso",-5.29550685205086,-0.170322070792877,9.86340385832355
"W37723","7MEP",0.44243402013508,0.456377584193805,0.00782117545946437
"W37724","6Ery",3.84805210175435,-1.49139868197342,4.61288222706098
"W37725","5Ery",4.21732837924883,1.84441011117653,11.0940264716529
"W37726","2Ery",5.3994526333846,1.08957659019288,6.78030109145029
"W37728","14Mo",-3.41532567973972,-3.01852235254846,10.6160294095262
"W37729","12Baso",0.150971354318092,0.561383384228275,0.0232249433597943
"W37730","2Ery",7.35434744008377,2.40253271324886,8.77592511575691
"W37731","16Neu",-4.72888224373648,-5.70406799565895,12.1094972220967
"W37737","4Ery",5.33889592389768,1.83754705975658,9.08712259902084
"W37738","6Ery",1.51421294073979,0.46608459924062,0.464704308474134
"W37739","13Baso",-3.10526753484135,0.904158109888043,5.25456203567112
"W37745","4Ery",5.447887108292,1.54108156270475,8.96482361528971
"W37746","2Ery",6.03446373589803,2.816559089422,8.89205513867025
"W37747","4Ery",4.2950689109611,2.42385628007434,10.8761501505335
"W37748","15Mo",-2.55734202182741,-4.4942443606664,9.95266450324536
"W37753","1Ery",13.0997272989932,3.20382854880118,19.184689217241
"W37754","15Mo",-6.57247676401521,-5.48130375367733,16.0783164085648
"W37756","13Baso",-4.56793614761124,0.222506748177349,6.87345466880664
"W37758","15Mo",-4.48536969383134,-3.2019416243794,12.7283953905232
"W37759","3Ery",6.88159589083233,0.986480765303187,9.33552490478629
"W37761","6Ery",4.23302985034034,-0.340862655962106,5.06685617601848
"W37762","12Baso",0.0643404659649234,-0.800875644208958,5.49493871808693e-05
"W37763","12Baso",-1.94797599382047,-1.74299503314683,6.91756882087433
"W37764","13Baso",-4.05882161228468,-1.82723481841358,12.0083694714493
"W37765","5Ery",4.08787853624326,2.27559374691014,10.9028370723984
"W37766","16Neu",-3.17193206781114,-5.56933306676391,12.6596529621851
"W37769","6Ery",2.45874255679256,0.788387965751472,2.63113807994349
"W37770","13Baso",-7.5638779985426,1.13798359350095,11.5055588312144
"W37771","2Ery",8.56283823846096,5.26248590863183,20.5090419788595
"W37772","14Mo",-8.47414015881532,1.07004074571693,11.5055602772509
"W37776","3Ery",2.67337087578523,0.985350138099944,2.55349926172723
"W37777","14Mo",-5.74503184010511,-1.57613162473167,12.8327648435284
"W37778","8Mk",-0.94164832054089,1.67849660599817,2.3356688056681
"W37779","2Ery",6.89269623141654,0.93123289254194,9.33552635082279
"W37780","9GMP",-1.47755716053605,1.4805709200303,2.61542867084486
"W37781","4Ery",4.00539116337146,2.60744835812371,10.730340637172
"W37782","3Ery",3.41597899186204,3.56585836228034,12.3381089924148
"W37786","3Ery",4.12737223766943,4.03895375637936,11.6524942630582
"W37788","14Mo",-5.874833533984,-0.977835936865285,12.1921292202033
"W37790","2Ery",6.30260513232146,1.62122419959573,8.99753976457914
"W37793","10GMP",-3.32521581969967,1.01884942099766,7.44792659681171
"W37794","16Neu",-6.43297715682851,-6.11386035985806,16.0783178546013
"W37795","6Ery",3.34948696112666,-0.0938445871287527,4.22973438174576
"W37796","14Mo",-7.7895659165826,0.847794810824558,11.5055617232874
"W37797","16Neu",-2.94967810430826,-3.693096218587,10.051800464782
"W37798","5Ery",5.63807708529841,0.937686392713757,6.95330095285322
"W37799","10GMP",-3.11255605312471,1.87347806777904,6.92554482304741
"W37800","16Neu",-6.53942819180866,-0.808470471266596,11.5962945289394
"W37801","12Baso",1.19983548889329,1.33087576089413,1.00198584811224
"W37803","15Mo",-3.11453111537152,-3.04726135179629,10.7425345228552
"W37804","2Ery",6.28427438683698,0.592205750468866,7.52814077537449
"W37805","13Baso",-7.13074242773805,0.00781167341826442,10.8762228499008
"W37806","7MEP",0.441131648009664,-0.391693717512002,5.6395423685629e-05
"W37807","13Baso",-7.03538212501674,1.27953609677586,11.4975210958921
"W37809","13Baso",-6.64381763297361,0.646193332796884,10.923892657962
"W37811","2Ery",7.09745771141435,0.867550710441848,9.3355277968593
"W37812","6Ery",2.40885110279748,2.10500762773387,2.9289622500847
"W37813","14Mo",-5.13352523901703,-1.55758880193406,12.7715645439561
"W37817","5Ery",5.97365071657109,-1.62218241487113,7.17274824230395
"W37818","16Neu",-6.33681103182961,-8.73057023852485,15.8262578784203
"W37819","5Ery",4.41041186248515,-1.14301506876429,4.83561684042888
"W37820","6Ery",5.19183794108635,0.150966816491936,7.40376628050079
"W37821","18Eos",-4.00719447076761,-0.581238470741628,6.817496419056
"W37822","14Mo",-5.72756225423694,-1.12632553091384,12.2296753491556
"W37825","14Mo",-5.17230582184599,-1.28898984937239,12.8052766838803
"W37826","13Baso",-6.46333194831007,0.259333686757426,11.101561367783
"W37828","15Mo",-4.93359576448371,-5.97117108871324,12.0363826865388
"W37830","2Ery",2.81182792270001,-1.39372275651131,3.6447774296179
"W37833","2Ery",7.7085342830408,4.51908039879705,16.721498815823
"W37835","13Baso",-3.42885003002722,1.2249730156778,7.29262036422885
"W37838","3Ery",2.23037036661739,-1.90759375557241,3.64477887565441
"W37841","2Ery",5.34605222742158,2.59600747138999,11.0124648013595
"W37842","15Mo",-5.87396551900928,-2.7636729634267,12.074012954055
"W37843","12Baso",-1.53823280515916,-1.85824059127814,6.91757026691083
"W37844","7MEP",1.06188039130161,1.50189420122091,1.00198729414875
"W37847","3Ery",2.65382014362578,-1.3527152513149,3.64478032169091
"W37848","4Ery",3.09340796356804,-0.300576391510952,3.92562295349429
"W37849","15Mo",-3.69156188935125,-5.49218387459462,12.6596544082216
"W37850","14Mo",-8.36693973493943,0.227195220872266,11.505563169324
"W37851","4Ery",3.95324855170403,3.06968194653998,12.6727996113734
"W37852","4Ery",3.9736537089332,3.53408978236395,12.3747504399378
"W37853","13Baso",-4.95056924797927,0.0494621878260439,9.69816938050827
"W37854","9GMP",-1.70663836294793,1.75261928958212,2.84237545293582
"W37857","12Baso",-1.65717849010863,-2.29519485922188,9.67215900973669
"W37858","2Ery",6.00153055336287,2.85060626819892,8.91768423090451
"W37859","4Ery",5.02094154374219,-2.11940470235189,4.83561828646539
"W37860","9GMP",-0.811596825119234,1.38671014105937,2.46990793848754
"W37861","16Neu",-6.88568217002804,-6.44700464336914,16.0783193006378
"W37863","16Neu",-4.38321894367776,-5.40524576657784,12.2630281641883
"W37864","2Ery",6.32659241447155,-0.251462200354358,7.08575228527724
"W37865","2Ery",5.77314226957846,2.86459043711685,9.05013413190699
"W37866","16Neu",-3.90589955688487,-5.61023957219177,15.0012966885472
"W37867","7MEP",1.83027774169123,1.69898549874365,1.23067646631476
"W37868","14Mo",-3.0535624750367,-1.83920074093411,8.5750692319122
"W37870","14Mo",-4.82351149360596,-2.93941664528782,12.4790833316383
"W37872","14Mo",-2.39561022358705,-0.57583437246141,6.81449119976954
"W37873","5Ery",4.32421944024049,-1.56949126709501,4.83561973250189
"W37874","5Ery",4.30142999830439,3.23891066016956,12.6702090344964
"W37875","3Ery",4.12474401345816,3.41700233831617,12.4921413629342
"W37876","3Ery",5.64291139002558,5.78380575013058,16.1401559921837
"W37878","2Ery",7.56304814006343,2.18484689269422,8.94035840482129
"W37879","18Eos",-4.01471319832055,-0.439964050511633,6.78548754782168
"W37880","14Mo",-5.7509419496942,-1.07652862148441,12.2460495022791
"W37881","3Ery",5.58683418318986,2.74957963820077,9.13240772908287
"W37882","14Mo",-5.29434993065149,-1.61286896862575,12.7875041244929
"W37883","14Mo",-2.87061481788199,-2.52341823447068,8.79608898564432
"W37885","12Baso",-0.284322324963162,0.674513469001513,0.0446220285198295
"W37886","14Mo",-5.86140052458313,-1.67269624401861,12.6265017929482
"W37887","4Ery",4.75455949883422,4.2170135937542,11.7054835544287
"W37888","3Ery",9.55501181020965,7.35667778771981,18.6117081560177
"W37889","14Mo",-7.16696081510462,0.548700259161671,11.4778624226751
"W37890","7MEP",0.902900252424208,0.688531674192119,0.194444564031104
"W37891","5Ery",1.63492762283804,0.0598530907769793,0.113845038591644
"W37892","12Baso",-1.7385706376016,-2.06577169089459,6.91757171294734
"W37893","2Ery",5.20957338350848,2.94668789078133,10.8199977352279
"W37894","15Mo",-5.53518721949489,-0.786414226787411,10.6664947990437
"W37895","14Mo",-3.0699409195785,-2.90999692273948,9.36582067265287
"W37896","3Ery",5.54762082006504,3.0026873935652,10.8635491804173
"W37898","14Mo",-5.71627701973198,-2.93332146616129,11.9042687192949
"W37899","2Ery",5.86643096034413,0.0928549506479949,6.73386256466053
"W37900","3Ery",4.0887410536661,2.87391065812347,10.6227118064282
"W37901","2Ery",7.71409645714037,1.52983354475443,9.3355292428958
"W37902","16Neu",-3.95031357415854,-5.8997300607784,14.6291844083378
"W37903","7MEP",1.88804037818603,0.297174424354123,2.84426448460348
"W37904","2Ery",5.39228844697903,0.704291016390092,6.9425552776821
"W37906","10GMP",-2.46944104030737,1.17986562857278,4.5134459387918
"W37907","7MEP",-0.290798012065226,0.12689716702041,0.0247801640534117
"W37908","5Ery",2.37871973568631,-0.599982800002614,3.64478176772742
"W37909","5Ery",2.74679070841756,-1.82832593785481,3.64478321376392
"W37910","13Baso",-2.61548748313278,0.125919573100559,5.18231205519904
"W37913","6Ery",1.31460617624701,0.632514869062374,0.481107602939113
"W37914","7MEP",1.2001299176677,-0.366912555819574,5.78414601903887e-05
"W37915","3Ery",3.31042278690405,3.81532928470741,11.6672573725489
"W37916","10GMP",0.884437810830911,0.493495589928571,5.92874966951484e-05
"W37917","5Ery",7.58863836802747,-1.47198469141199,7.88932540505307
"W37918","5Ery",5.01128304858067,2.54740437804585,10.966126927438
"W37919","1Ery",5.57660017616009,-0.70719283259923,7.28430436795613
"W37921","13Baso",-7.29714847585455,1.46714780358612,11.5055646153605
"W37922","15Mo",-5.74685994742951,-1.21597407871973,12.131837282086
"W37923","3Ery",4.07654755352887,1.72563071053013,11.0940279176894
"W37924","6Ery",0.582419491050245,0.551490711638978,0.00576458018952886
"W37929","14Mo",-5.01989976693554,-2.32253570486535,12.5490091693386
"W37935","3Ery",4.77111492069454,6.36016943182647,14.3960861286141
"W37937","3Ery",3.74727161480666,3.58010035735325,12.3270723624305
"W37938","3Ery",7.94707049244203,5.46625242284787,16.8200495073921
"W37939","16Neu",-4.65237244568599,-5.45771516543875,12.1078518300621
"W37940","3Ery",3.70308035258026,1.47501517528297,2.41510408954864
"W37941","9GMP",-2.08873959210291,1.3558016816161,4.73119096234207
"W37942","14Mo",-3.52563508129112,-4.11915137884462,10.5075336539975
"W37943","12Baso",-0.214730507065458,1.20967188715296,2.85010541299928
"W37945","9GMP",-0.906645304088251,0.604768808807807,2.57377667364587
"W37946","14Mo",-5.77180628018171,0.179207499513887,9.96171780856128
"W37948","14Mo",-5.72813054535106,-2.09856800370192,12.7948326242245
"W37951","8Mk",0.29645811031904,2.12223737513783,2.95975842115807
"W37952","5Ery",2.29247476172675,-1.49130408777578,3.64478465980043
"W37953","15Mo",-3.42796663516849,-2.12134685533853,9.41718559906009
"W37954","15Mo",-5.21888847253141,-2.15052440619014,12.7200805841061
"W37955","3Ery",8.61891192563122,5.32800889703031,20.3892739072633
"W37956","16Neu",-5.4039583691256,-6.84957707762539,15.3021372405197
"W37957","15Mo",-3.25970365811453,-4.25250644025518,10.3750873053106
"W37959","4Ery",5.21561981291614,3.7849402002823,12.1377688239556
"W37960","3Ery",4.23661542346268,0.646927165017424,6.03879495072319
"W37961","8Mk",-0.2363210986152,5.50078251352187,2.23186625484018
"W37962","15Mo",-4.84689740697955,-2.34371625288019,12.8064309169557
"W37963","14Mo",-3.73957028198121,-3.27441484245346,10.1336055957207
"W37964","5Ery",4.86924019123776,1.62300326948542,11.0940293637259
"W37965","3Ery",2.85095734145583,1.21755778130006,2.50347512639705
"W37967","4Ery",2.6332013665458,-0.864418635578454,3.64478610583693
"W37969","2Ery",6.23965396643722,-0.144237738158993,7.04392500100887
"W37970","8Mk",-1.94025131118351,-0.379644960798261,6.75201264431456
"W37971","7MEP",0.964441171167269,0.773928067937723,0.341917588289666
"W37972","10GMP",-0.620161831670477,3.25739084319369,2.23186770087668
"W37974","15Mo",-3.25630405958718,-3.49741998009565,10.1235423528773
"W37975","14Mo",-9.420358152925,0.431009098480271,11.505566061397
"W37977","13Baso",-2.83917035185152,-0.573519353405548,6.93095960762164
"W37978","3Ery",5.94536268149492,2.846321191722,8.94868517952146
"W37979","7MEP",0.862321150902643,1.3726086849641,0.923221679775638
"W37980","2Ery",8.35729084738844,1.90058268478908,9.26185650122746
"W37982","13Baso",-8.32070669106069,0.137458944993579,11.505356123251
"W37983","2Ery",4.25981035183776,-0.729132873267549,4.8356211785384
"W37984","10GMP",-2.03563989377384,2.70506620985117,3.14776438621582
"W37985","2Ery",8.75996840893578,1.20126183963353,9.33553068893231
"W37986","2Ery",6.4094519320676,3.18055273851795,8.75349192832024
"W37988","2Ery",4.59096133149074,0.397690556685497,6.15560828108565
"W37989","12Baso",-2.47514423953828,-1.48486050071965,6.81791596225861
"W37990","14Mo",-6.74084127327045,-1.16789494075629,11.3231339895603
"W37991","1Ery",12.8553792252837,2.87298825626893,19.7581102742466
"W37992","14Mo",-4.49921824594455,-2.54333429830324,10.9601492119971
"W37993","14Mo",-3.70249219005202,-1.81257195965347,9.46343611584183
"W37994","2Ery",9.96650828452385,2.49311413381516,16.8472221622408
"W37995","14Mo",-4.08077652104014,-2.93397420510691,11.1535721705308
"W37996","16Neu",-4.46061828339045,-6.4733471188315,15.8647751157509
"W37997","14Mo",-7.97751045020687,-0.0284740957743688,12.0475235671413
"W38000","8Mk",0.188340147783765,2.81815972760604,2.75615250106334
"W38001","16Neu",-6.11285713452453,-2.25383554391454,12.1363638724949
"W38002","16Neu",-3.98734140960219,-5.27388442396699,12.4805446511166
"W38003","2Ery",5.31058550137691,-0.442070025390001,7.49777885896336
"W38004","8Mk",-0.27340351321468,5.15997254857946,2.23186914691319
"W38005","5Ery",5.11011233452422,1.81919761619502,9.21320433535574
"W38006","6Ery",3.61944014036143,-0.910533791989839,4.43022162579398
"W38008","15Mo",-2.65179079483999,-4.48890591616178,10.0038453383553
"W38009","13Baso",-3.86014797569142,-1.93848390528616,9.46343756187834
"W38010","5Ery",3.53739309803828,-0.00675808289127932,4.44538857802464
"W38011","14Mo",-5.88510237141083,-2.18339019255805,12.4298251784312
"W38012","5Ery",6.46611953612905,-0.19726638108103,7.28517388196231
"W38013","6Ery",3.04212612782654,-0.9684005061266,3.79200598548334
"W38014","16Neu",-5.21242214569729,-7.33112820127788,15.0823320814509
"W38017","3Ery",8.9421213102912,6.62396943275303,18.6551266049156
"W38018","15Mo",-6.75421717190353,-4.43773662658806,11.8413331397801
"W38019","7MEP",1.6133606847569,0.999179312655308,1.09149655894595
"W38020","7MEP",0.98366835995192,-0.117862063371935,6.07335331999082e-05
"W38021","10GMP",-4.30475830360042,2.63818178478401,10.7235439442989
"W38022","14Mo",-6.78983311583967,-1.05939504053416,11.3231354355968
"W38023","3Ery",6.4252446067523,6.86345994437035,15.6591966784888
"W38025","4Ery",4.55549151686476,3.1616963070874,12.6728010574099
"W38026","13Baso",-6.49983738168784,0.550194540959336,10.8894259379625
"W38027","15Mo",-6.02078138173897,-3.51364052870109,11.8413345858166
"W38030","17Neu",-3.23757741231286,-0.748632523792036,7.00619586117571
"W38031","4Ery",4.68012320422524,3.23688760322719,12.6728025034464
"W38032","6Ery",3.5067194198946,3.32980943561616,12.5727907174728
"W38033","3Ery",9.46056073028884,7.17275281901613,18.6117096020543
"W38034","3Ery",8.03912216652138,6.75117114728122,19.2398763071409
"W38035","7MEP",0.1576316346823,0.357413037600726,0.0154725294715471
"W38036","8Mk",-1.00334839784029,2.05457722544649,2.23187059294969
"W38037","6Ery",1.9697195444501,0.85126140154397,2.9131112925388
"W38039","16Neu",-6.21081432369222,-6.64578462217972,15.9921550370197
"W38040","3Ery",4.32040435815201,4.66607620226797,11.6623914323479
"W38041","14Mo",-9.05211354327505,2.6802741367011,11.5055675074335
"W38042","4Ery",3.65162186270884,3.47903414028618,12.4263024037627
"W38043","4Ery",4.4816923835175,6.06933166098318,14.947636902314
"W38045","3Ery",4.20840706377514,-0.758021596168909,4.8356226245749
"W38046","14Mo",-7.915789027133,1.43158155558042,11.50556895347
"W38047","15Mo",-9.07034246580046,0.174071681478089,11.5055703995065
"W38048","3Ery",9.63621999876589,7.82038630351588,18.6117110480908
"W38049","10GMP",-0.522315306907067,3.15807413457431,2.27726209701969
"W38050","6Ery",2.29510055453455,1.57099805241896,2.88188563710965
"W38051","2Ery",4.77023511435014,0.33962377322968,7.83442846829808
"W38052","16Neu",-5.25259917700384,-6.15287206920475,15.2677112392136
"W38053","15Mo",-4.27117189240997,-4.14762385670693,11.2813267761733
"W38054","7MEP",1.03501882938672,0.875400840920464,0.514981913948884
"W38055","3Ery",5.93061535375193,5.75220124278162,15.9041683134972
"W38056","10GMP",-2.17953363565491,0.33636838765077,4.51943319014105
"W38057","3Ery",8.97655102755037,7.05819910847732,18.6117124941273
"W38058","14Mo",-5.01783228924993,0.00211490415785091,9.78973158873606
"W38059","7MEP",0.878303986346585,1.37275399899853,0.936938247939307
"W38060","6Ery",4.80540361421125,-1.42404855383369,4.83562407061141
"W38061","10GMP",-1.36678861183094,2.27241320364086,2.47189233362616
"W38062","10GMP",-2.72466849386574,1.2970812630414,7.37836552221142
"W38063","3Ery",5.14820547182129,5.86242476540694,14.3220496262813
"W38064","7MEP",1.0375780294451,-0.0819821558803455,6.21795697046679e-05
"W38065","2Ery",7.38764245466592,4.51369330027237,16.4476351215059
"W38066","4Ery",4.58498105502897,0.227471701254543,5.98266298146591
"W38067","7MEP",1.78104663780839,-0.121197328241319,3.26101474797241
"W38068","13Baso",-4.74094957170657,1.16580527470447,9.33352473504531
"W38069","6Ery",2.92923583908975,-0.229570391288469,3.40324429758867
"W38070","15Mo",-4.78956496657861,-3.71605782647738,11.3678302180265
"W38071","8Mk",0.896746870201737,1.19741229990518,0.756967268232647
"W38072","10GMP",-1.49139509740328,1.38545937971768,2.6332212407268
"W38073","4Ery",3.02249555511262,4.97477074751617,11.6807031536347
"W38074","4Ery",3.18947025753087,2.70113972030394,12.6728039494829
"W38075","3Ery",3.60928926802058,6.03454717304712,15.9911664309225
"W38076","7MEP",1.4826545292374,1.19165757688031,0.957860121629873
"W38077","2Ery",7.81511468840122,1.21369782686765,9.33553213496881
"W38078","16Neu",-3.91332201578953,-5.08397090580892,12.4885277184483
"W38079","3Ery",4.66668842088182,0.414618511794253,7.92876733078491
"W38080","3Ery",4.91556939299446,6.12066206366421,14.4036308721639
"W38081","6Ery",3.37757377484375,0.829400157179074,2.41510553558514
"W38082","6Ery",1.27926018650606,0.434240422202082,0.229919098732966
"W38083","7MEP",1.20273063730715,0.111429249092858,6.36256062094276e-05
"W38084","4Ery",4.98638979582295,3.06938931417369,10.7164427630209
"W38085","16Neu",-3.23073405418319,-4.34778752515703,10.4414429272179
"W38086","2Ery",4.70627491123894,2.73531303930281,10.815124077902
"W38087","13Baso",-3.30782991752747,2.00513664271287,11.1259876495497
"W38088","10GMP",-2.07819122748014,1.75972824977981,5.06479695070912
"W38090","3Ery",5.46958887521202,6.56185640183056,16.3870047160762
"W38091","3Ery",6.24351085656161,6.9978997705152,15.8240538320773
"W38092","10GMP",-2.77684232938671,-0.247145071763132,5.48453079250747
"W38093","6Ery",2.42868458057327,-0.179515434329167,3.33852854937522
"W38094","14Mo",-2.48095027870875,-0.16240220260161,5.2267012990126
"W38095","15Mo",-5.78438651194138,-4.98601094838174,12.0264730682626
"W38096","7MEP",0.711841359355628,1.29298060915533,0.7067802459332
"W38097","13Baso",-2.65328447679807,0.404683454495273,4.97721584209179
"W38098","14Mo",-6.94268330366165,-0.127619094984261,11.1018229836675
"W38100","14Mo",-6.65863533253657,0.0785831660952169,10.8289680078381
"W38101","14Mo",-5.25941842868115,-0.714978897364366,10.4958353590244
"W38102","2Ery",6.42288802870907,0.502762250798672,7.64248219931231
"W38103","16Neu",-4.05704225329901,-4.48902695246553,13.1593053215842
"W38104","7MEP",1.55847714212115,-0.252379590346989,6.50716427141873e-05
"W38105","14Mo",-6.68548031140325,-0.798256919509455,11.4423528512427
"W38106","10GMP",-3.64277653134511,2.17513083379682,11.1259890955862
"W38107","14Mo",-7.1335218409532,0.515145966900702,11.4755459710584
"W38108","6Ery",3.0967552840075,-0.23737732595865,3.41627221401091
"W38109","14Mo",-8.84271618283697,0.748303963149215,11.505571845543
"W38110","16Neu",-5.90402258462831,-8.57242483246554,15.4907181257492
"W38111","2Ery",3.27761676631429,2.52770167950302,10.6174596039689
"W38112","10GMP",-3.35494793343639,1.07134890751489,7.40773734811865
"W38113","16Neu",-3.68389353699604,-5.43984025005368,12.6596558542581
"W38114","14Mo",-4.79783594275517,-0.711034041156773,6.80514171158581
"W38115","14Mo",-6.04153574576573,1.39005133459913,7.00046923620761
"W38116","5Ery",4.47042430724393,-0.0346175092425265,5.60901021455442
"W38117","12Baso",-2.30396628330879,-1.69850836628469,6.87495918510113
"W38118","4Ery",4.41953304658998,1.91413442296869,11.0940308097624
"W38119","3Ery",8.54233594361876,5.53194410823954,20.2193140941032
"W38121","13Baso",-2.65659558843906,2.06163030479649,5.06479839674563
"W38123","2Ery",5.51928618194172,1.80513578591775,8.97815334884147
"W38124","4Ery",5.65908270015838,-0.455854745099483,7.0850821004932
"W38125","4Ery",4.87101201128432,1.31428357715303,7.32481635295392
"W38126","3Ery",5.84882807968082,-1.11921542367626,7.1219460941785
"W38127","3Ery",4.75129851361084,2.75872951431732,10.8134471529548
"W38128","13Baso",-6.15970275744734,-0.321293621523532,10.3120581999056
"W38129","12Baso",-0.22396508458398,-1.58876492080409,6.91757315898384
"W38130","14Mo",-4.8878129410316,-1.91354940048097,12.7582955867934
"W38131","16Neu",-5.99696707168007,-8.44418712278682,15.5837479428957
"W38132","3Ery",4.76278190700714,-0.756930835279079,5.198905919564
"W38133","5Ery",4.86117248298411,2.16544119238459,11.0940322557989
"W38134","6Ery",1.57015206730075,0.622944749175385,1.08296709251818
"W38135","7MEP",1.22456208911063,-0.565030712077722,6.6517679218947e-05
"W38136","4Ery",5.9087771266854,5.5019744089929,15.8872395046195
"W38137","4Ery",5.42702710895189,2.03422622871553,9.077217428766
"W38138","5Ery",6.2724932404583,1.02388752982709,7.76636525466397
"W38140","14Mo",-6.4426659600378,-1.50566755980064,12.3484458263819
"W38141","14Mo",-5.28375680707237,0.594374523929245,9.21090386957677
"W38142","2Ery",5.33860423176365,-0.426071663856423,7.45777333026672
"W38143","12Baso",1.11560381225175,-0.471576680621959,6.79637157237067e-05
"W38144","3Ery",8.66032426908002,4.88330760479673,16.8472236082773
"W38145","5Ery",5.27158937103237,-0.204177388231382,7.44969664765281
"W38146","2Ery",6.04444135352721,0.85503678655938,7.39349815110562
"W38147","2Ery",9.07208772705766,2.11438103941304,9.2886023182165
"W38148","16Neu",-3.74346110448441,-5.79831260287808,14.8572211800437
"W38149","7MEP",0.0564688019779652,0.189570774499593,0.01331813837748
"W38150","5Ery",4.80453170786075,-3.10279207145255,4.83562551664791
"W38151","2Ery",5.15260254124822,-0.0854213265014915,7.54511816771876
"W38152","7MEP",0.658016512403724,-0.0883653175751225,6.94097522284665e-05
"W38153","3Ery",2.18798650905754,1.55112988746944,2.936741421976
"W38154","4Ery",4.64572394017466,-0.645358798716152,5.18897384553584
"W38155","2Ery",4.80551275037006,1.91778148507538,11.0940337018354
"W38156","5Ery",4.32010149105151,-2.18863125652169,4.83562696268442
"W38157","10GMP",-1.9996629298022,-1.43060331759718,6.86782976928861
"W38158","1Ery",9.39356357817044,1.17297027373553,9.33553358100531
"W38159","10GMP",-1.7668909443244,0.612143260733087,4.08620228034793
"W38161","16Neu",-7.51424698980648,-1.13762342152886,12.0475250131778
"W38162","2Ery",4.86241466405683,1.92540912551491,11.0940351478719
"W38163","2Ery",6.48530752693109,-0.167574235244231,7.3256008352039
"W38164","2Ery",9.95710638637195,0.651130948787053,9.33553502704182
"W38165","5Ery",4.182999030769,-2.33616143640247,4.83562840872092
"W38166","5Ery",4.57582563478913,-1.24204623579078,4.83562985475743
"W38167","14Mo",-8.67645978394044,0.0881518303996272,11.5055732915795
"W38168","14Mo",-6.01774272096628,-0.790419311520718,12.1925948167771
"W38169","16Neu",-4.5899551543527,-6.44867837575082,15.7302776629487
"W38170","10GMP",0.205731036244149,2.71750350263088,2.78661165402675
"W38171","14Mo",-7.1602290273094,0.414726766049692,11.4731460827008
"W38172","14Mo",-6.55748215215275,-0.843215619566312,11.5466006536259
"W38173","4Ery",5.83581037031955,-0.332388484948615,6.82376896167227
"W38175","2Ery",7.93343095918378,1.32321565179162,9.33553647307832
"W38176","6Ery",4.1248445799584,2.08336815166841,11.000527840516
"W38177","2Ery",6.36496409175146,1.23728412286099,9.22498375227453
"W38180","16Neu",-4.08129823135364,-5.3994235164354,12.447573344869
"W38181","1Ery",6.15723537014767,-1.38764864365788,6.85891364038376
"W38182","13Baso",-3.90913091788252,0.99724299350693,7.35168169426236
"W38183","3Ery",3.81460210873304,3.12258152288799,12.6728053955194
"W38184","15Mo",-5.17275924412725,-3.26185323654636,11.8674385908952
"W38185","3Ery",4.86267261101378,2.56466185261125,10.9273600600642
"W38186","5Ery",4.84199626317386,-0.388322656739388,5.64097809419019
"W38187","2Ery",6.10756852858561,0.133746482102112,7.04766954012804
"W38188","2Ery",6.06983145308319,-1.32928301299918,6.94051786712246
"W38189","16Neu",-6.34226684584613,-8.60929122981939,15.8464256746846
"W38190","4Ery",4.06023722139868,0.387370704681507,5.60461991151844
"W38191","12Baso",-3.28730427731339,-0.793810170756216,7.32215690919855
"W38192","3Ery",4.96462706679341,2.59702408337027,10.9332463561225
"W38193","12Baso",-0.461909293256941,-0.497915002673103,0.00862274623646542
"W38194","14Mo",-6.83920006505066,-2.14815762285672,12.0275932667482
"W38195","15Mo",-4.31391370363874,-4.30948475699961,13.2605538277491
"W38196","14Mo",-6.4415400109064,0.283865518618479,11.1287659982282
"W38197","10GMP",-1.01795331211206,2.24038438316756,2.2318720389862
"W38198","6Ery",3.81315848144212,-0.144554985721764,4.73105715274277
"W38199","12Baso",-2.32995479514992,-1.47461689222506,6.8342174945963
"W38200","2Ery",6.30986170253451,3.74023427182959,12.1922041249556
"W38201","3Ery",5.23916617683904,4.00954239314641,11.9154956357474
"W38202","4Ery",4.29117771770159,0.3304701191375,5.78420393686005
"W38203","7MEP",0.0897151620619418,-0.40686724098302,7.08557887332262e-05
"W38204","4Ery",5.48147538099413,0.967133288670132,6.78224871331551
"W38205","15Mo",-5.38058148251486,-4.3304720759166,12.7571162259668
"W38206","2Ery",4.46747037664838,2.0244499810298,11.0940365939084
"W38207","7MEP",0.0308771865935241,1.46476566435275,2.94000296268346
"W38208","14Mo",-3.91276653607179,-2.56720020577108,11.6235900400433
"W38209","3Ery",3.61056430746006,4.44063255943287,11.6744978905856
"W38210","13Baso",-8.59551345733514,0.667536725741275,11.505574737616
"W38211","3Ery",6.78259955090809,5.68803939967615,15.7993501278053
"W38212","15Mo",-4.28458652769179,-3.5027293232161,10.6495946748439
"W38213","15Mo",-4.66617585670687,-4.32735042323809,13.0811176780832
"W38214","13Baso",-9.01073283324437,1.2839283436361,11.5055761836525
"W38215","14Mo",-5.86864338406822,-1.97296278640252,12.5188052028722
"W38217","4Ery",9.2493048816229,2.82446422855986,16.8472250543138
"W38218","14Mo",-8.65111605725608,1.63281214110512,11.505577629689
"W38219","6Ery",2.1927960877507,1.35459679738812,2.89373607721005
"W38220","3Ery",4.20072328059478,5.07067883040673,16.0097463999396
"W38221","14Mo",-6.12619442364523,-0.0133450680047274,11.4378747921052
"W38222","8Mk",0.0427829438940968,1.298902697312,2.98053240185599
"W38223","8Mk",-0.141131265353408,4.12590336002067,2.30071059851826
"W38224","7MEP",0.769492558836381,0.870252024359862,0.284055809519461
"W38225","15Mo",-5.1536461787155,-5.62624838501025,12.0264745142991
"W38226","15Mo",-3.36736481916718,-4.61178528035563,12.6596573002946
"W38227","13Baso",-5.05051461911325,1.93329665378571,9.41289980371576
"W38228","16Neu",-4.65881869314692,-6.16537323163381,15.8504480029803
"W38229","6Ery",1.1269704784025,-0.0678144788667872,7.23018252379859e-05
"W38230","3Ery",7.26296129684948,4.02024202794377,16.3959400062423
"W38231","2Ery",6.43288082765416,3.1745845949565,8.73898042734311
"W38232","13Baso",-6.22657118160761,-2.3708629948106,12.0275947127847
"W38233","3Ery",6.75339938293083,5.9432947240442,15.7459470984046
"W38234","3Ery",3.95078530224104,4.37385311544737,11.6646185649251
"W38235","13Baso",-9.49620428204694,2.1188759654158,11.5055790757255
"W38237","10GMP",-1.45536375409039,3.13278374058549,2.532000554259
"W38238","4Ery",5.50906164912602,2.5726364173751,9.14045948480427
"W38239","2Ery",8.35494076179492,1.20712123578259,9.33553791911483
"W38240","7MEP",1.08283933849331,0.702660424925848,0.362815584414556
"W38241","7MEP",0.538464064174286,-0.34125106008668,7.37478617427456e-05
"W38242","6Ery",2.08679608888791,1.41081038436485,2.9415139314696
"W38243","3Ery",5.27376114043143,3.97345070381056,11.9515714572604
"W38244","16Neu",-3.80185367082691,-4.86242368408852,12.513289840509
"W38245","7MEP",1.41943785575886,0.0697976429875846,7.51938982475053e-05
"W38246","14Mo",-4.51135163005014,-1.78654073320271,11.5131317247403
"W38247","3Ery",2.21893771924892,2.51042612684594,2.94151537750611
"W38248","6Ery",5.29583870926646,2.67478628118931,10.9651917070952
"W38249","9GMP",-1.80255944367773,2.13737811381954,2.92749733449757
"W38250","12Baso",-1.40886987891689,-1.95253495046963,6.91757460502035
"W38251","3Ery",5.42148061143529,4.04947494424923,11.8776267529301
"W38252","14Mo",-6.84561708569775,0.323341160864268,10.8941982233943
"W38253","10GMP",-2.21326937531603,1.03412031393876,4.37792979629483
"W38254","4Ery",4.76483102813376,3.12039296909715,10.6468066868775
"W38255","7MEP",0.48416096657518,0.792821810725709,0.0185196601602656
"W38256","6Ery",3.06528443030166,0.701506010930844,2.50927798890474
"W38257","14Mo",-6.34411440451917,-0.434829489919725,11.1430133399773
"W38258","14Mo",-7.38575597912641,1.71271818254684,11.505580521762
"W38259","4Ery",5.36089637856232,1.38352674503169,6.88074892285146
"W38260","3Ery",6.14144905655048,2.15002140839579,8.71278677378895
"W38261","3Ery",4.31895176363836,2.47585537945451,10.8567186517715
"W38262","2Ery",6.20646892800635,1.3804919625611,9.11246594247835
"W38263","16Neu",-4.33767846367089,-4.92532482835845,12.5076588783732
"W38264","3Ery",7.72372138404652,4.44675824584209,16.7425435948912
"W38266","7MEP",1.7477150166709,0.0748480588325251,1.28775084382231
"W38267","18Eos",-4.05113879204959,-0.828925825767521,6.8368056997372
"W38268","6Ery",2.98638005905936,2.19050761072971,2.6287615782105
"W38269","13Baso",-8.81774254291728,1.10339092468604,11.5055819677985
"W38270","4Ery",5.70510566893231,2.08422679474307,8.92961684636238
"W38271","10GMP",-1.74228450289653,0.777720111452905,4.14111013656663
"W38272","6Ery",1.92594522702991,2.34969705047929,1.26433170268564
"W38273","2Ery",5.4934090105236,0.301203065042145,6.98196857637864
"W38274","12Baso",0.582386952617782,-0.328324675160319,7.6639934752265e-05
"W38275","1Ery",9.68930146987304,0.609822328772726,9.33553936515133
"W38276","4Ery",3.72691642997968,-0.507056958801008,4.59464139643151
"W38277","13Baso",-5.76880487311233,0.407798979551165,9.68426393346256
"W38278","14Mo",-4.71565533595725,-2.31365526531999,12.9819215996009
"W38279","14Mo",-2.84515985279761,-3.55591620613301,10.2732823819525
"W38280","13Baso",-2.33093405737669,1.49680929819343,4.86274405893186
"W38282","3Ery",4.02267952063069,5.07505282397826,16.214279749876
"W38283","3Ery",6.94823861962862,6.13671868726437,15.8910595143455
"W38284","16Neu",-4.714681274841,-5.50470326382125,12.0788139716429
"W38285","15Mo",-4.28830181195064,-4.0173188366557,11.1680923420677
"W38286","14Mo",-3.60461991198874,-0.959542362094672,7.14959046642736
"W38287","3Ery",3.73353198133289,3.4036126875792,12.5017780396304
"W38288","6Ery",2.76719579339057,-0.663197602622628,3.64478755187344
"W38289","2Ery",3.42290005838729,1.3990962998667,2.41510698162165
"W38290","10GMP",-3.68019484914473,2.27878898322909,11.1259905416227
"W38291","14Mo",-3.54333549473741,-2.69153415374077,9.32443067278327
"W38292","5Ery",5.33973648029115,-0.488547722571695,7.48133025678605
"W38293","4Ery",4.91300803302776,1.30630284127936,7.27760232233936
"W38294","15Mo",-4.26223381401926,-3.7216084292523,10.8462111812259
"W38295","13Baso",-7.39862899094069,0.61205312388415,11.4882374348121
"W38296","15Mo",-6.14689516732429,-2.86423033815501,11.96365698549
"W38297","13Baso",-6.04459106877336,-1.10402339394481,11.8956303555282
"W38298","14Mo",-5.46377933424129,1.30123394617857,7.00047068224411
"W38299","12Baso",-3.14057261235008,0.199158151125782,5.06792958177769
"W38300","16Neu",-3.494503552222,-4.80130340644881,12.6596587463311
"W38301","13Baso",-2.72070431431007,-0.0147969420699171,5.17464460465715
"W38302","6Ery",2.2982080650619,1.29173007785731,2.82282600199182
"W38303","15Mo",-3.05509827006607,-2.46774664640704,8.9412519534384
"W38304","4Ery",5.44127705401799,0.047865374521128,7.14556138287479
"W38305","14Mo",-2.97657329487099,-1.23898186009788,6.85661407777966
"W38306","13Baso",-2.86230791833619,1.11247448827519,5.27023672459532
"W38307","15Mo",-4.66342171864049,-3.87404157849466,11.3997698137343
"W38308","3Ery",4.99342453651675,4.32710913996746,11.6415878250515
"W38309","10GMP",-0.980263698861005,0.0905545392226211,4.08620372638444
"W38310","13Baso",-5.05533332497149,0.716188372169708,6.95691812803583
"W38311","4Ery",4.95357613683625,4.33078255647712,11.641589271088
"W38313","8Mk",-0.559329851094234,3.1445591029926,2.25865233281224
"W38314","3Ery",5.83834344610408,0.815778821320964,7.1227864820123
"W38315","14Mo",-7.33321742162441,0.300010110061109,11.4755055150704
"W38316","15Mo",-6.22233730646571,-1.99372983266623,12.0923196776511
"W38318","16Neu",-3.44939436019242,-5.72151622389403,15.1000769951434
"W38319","15Mo",-3.0831730967553,-3.30125088277058,10.4529531159447
"W38320","9GMP",-2.20867734845266,1.91897301511203,5.06479984278213
"W38321","16Neu",-7.12135551758271,-8.84739168255203,16.0783207466743
"W38322","12Baso",-2.1906615975953,-0.795001134788996,6.75201409035107
"W38323","10GMP",1.22476699179794,-0.552025403674818,7.80859712570248e-05
"W38324","14Mo",-3.81150046179494,-2.61010847439786,9.37627043817624
"W38326","14Mo",-7.53392236771009,-1.00345808495123,12.0475264592144
"W38327","14Mo",-6.58423893955441,-0.634584307743411,11.0501930893017
"W38328","7MEP",2.30672518625634,1.48048706387648,2.85690184170949
"W38329","15Mo",-8.47743201365683,-0.367864126648071,12.0475279052509
"W38330","17Neu",-3.53652963898754,2.19143365065396,11.1259919876592
"W38331","2Ery",4.87015346763701,1.63873272823965,11.0940380399449
"W38332","14Mo",-3.53416576740551,-2.53267097073235,9.35338998429696
"W38333","14Mo",-3.55463159660756,-1.07758643249091,7.2044939499037
"W38334","4Ery",4.69068581264778,3.39365362927751,12.5205234999368
"W38335","6Ery",3.2712544646495,0.733834959480564,2.48483543233822
"W38336","15Mo",-5.11874650586641,-5.35711978824549,12.0264759603356
"W38337","2Ery",6.08667881055552,1.30242113208808,9.13161030771358
"W38338","2Ery",5.5604478791549,-2.06740727949191,4.83563130079393
"W38339","5Ery",4.87111605494128,-2.20324796926225,4.83563274683044
"W38340","2Ery",6.10024792119752,-0.230036940859578,6.82616771442541
"W38341","2Ery",7.20746976437075,0.507012484071036,9.33554081118784
"W38342","14Mo",-6.9025651341837,-1.95797543495362,12.1012586877834
"W38343","2Ery",5.45394414734367,0.798098321846503,6.8311561709165
"W38344","14Mo",-6.02582597780265,-0.782088394088978,12.1906853283596
"W38345","15Mo",-6.17966927247663,-2.08764634781812,12.1119468764689
"W38346","5Ery",5.34191851547311,0.679524425352861,7.01287893927282
"W38347","6Ery",1.75805010587594,-0.566104520505167,3.64478899790994
"W38348","13Baso",-2.90301388008852,-0.866755054906307,6.89906132381335
"W38349","6Ery",1.97270032000099,0.998109634514267,1.41610167100088
"W38350","13Baso",-7.36398425925773,0.657906347839396,11.4885293641082
"W38351","5Ery",4.46226126234203,-1.56506724750364,4.83563419286694
"W38352","15Mo",-7.32304662339925,0.328987387188756,11.476111218725
"W38353","3Ery",6.03163366131631,0.837002210291763,7.36755554460233
"W38354","10GMP",-2.06042393850524,0.00545304483812435,4.68170182942789
"W38355","2Ery",9.89367502904928,-2.96096367876039,9.33554225722434
"W38356","14Mo",-5.66834291072294,-1.06115847214016,10.7802873585198
"W38357","2Ery",6.61458368721477,-1.2819419624815,6.82946760452576
"W38358","14Mo",-3.10412329166829,-3.41738412053481,10.3016367432749
"W38359","2Ery",6.82641288757261,0.827467490893305,9.33554370326085
"W38360","2Ery",7.53150653681931,3.5701733255419,16.6757554040915
"W38361","2Ery",6.4964347143679,0.176559696898213,7.5401795480225
"W38362","5Ery",5.22568649168764,-0.554501026205131,5.86911540641667
"W38363","14Mo",-8.02501079051956,-0.07554566724604,12.0475293512874
"W38364","1Ery",5.80484296749867,-0.600326362258245,6.96778852286571
"W38365","5Ery",5.38790765274924,1.21841856169426,6.816685742306
"W38366","4Ery",6.17001418786101,1.00858247486392,7.63422368529803
"W38367","2Ery",6.39238793918056,0.861357439151456,7.8154721045928
"W38368","10GMP",-2.15822440359159,0.634271081650686,4.2327608841281
"W38369","2Ery",6.21331704841514,-0.845232601986312,6.7274787658193
"W38370","2Ery",5.50569494277867,-0.741897527335914,7.38322377768799
"W38372","7MEP",0.404785733179343,0.299360405248653,0.00353888642409372
"W38373","2Ery",6.1296519514317,-1.25774718237882,6.84020583429263
"W38374","7MEP",-1.28447606655399,-0.182089029810472,4.08620517242094
"W38375","1Ery",12.9434288016889,2.42019619063769,20.2016734563105
"W38376","7MEP",1.25596404094881,0.655814104720281,0.45736945987035
"W38377","9GMP",-1.51783943309661,1.1098179455083,4.51333968392299
"W38379","2Ery",7.53308128675823,0.674483000144677,9.33554514929735
"W38380","17Neu",-0.231464984619522,-1.2092787579372,6.91757605105685
"W38381","14Mo",-6.72860108262739,0.659962472716927,10.9368966248623
"W38382","14Mo",-8.70803820310366,0.411977780143281,11.505583413835
"W38383","13Baso",-5.89594085750557,0.11317439459318,11.7080951994228
"W38384","7MEP",0.915799429085985,0.543070475584423,0.0430888217632912
"W38385","16Neu",-3.56143220952436,-6.40859818518195,14.2135148857933
"W38386","2Ery",5.99885227256051,0.210773726208917,6.96200989690818
"W38387","2Ery",6.9025994158321,0.614069758881201,9.33554659533386
"W38388","7MEP",1.25398896769031,0.180279998282634,7.95320077617845e-05
"W38389","6Ery",0.745977971552762,0.322308265846749,8.09780442665442e-05
"W38390","14Mo",-8.83214513605773,0.248312650309482,11.5055848598715
"W38391","4Ery",2.95317799212599,3.43698864996926,12.4614779354545
"W38392","6Ery",1.11595046088463,0.676872735278342,0.362123754714449
"W38393","2Ery",6.56376695936274,2.08180102233664,8.79346523671922
"W38394","4Ery",5.53312194072358,0.869907290502299,6.78749209076998
"W38395","1Ery",8.55268555518467,3.28786500759469,16.8472265003503
"W38396","5Ery",4.23897647270522,-2.18656025219186,4.83563563890345
"W38398","8Mk",-0.373105834890805,2.81922847398681,2.43210023404866
"W38399","4Ery",5.8975959553642,0.311688384933968,6.89928051942146
"W38400","6Ery",1.53062661843386,0.561363423949091,1.05226404507207
"W38401","13Baso",-8.31253897108946,2.03432100885035,11.505586305908
"W38402","6Ery",3.44177948060994,1.33706229661581,2.41510842765815
"W38403","13Baso",-7.7377654640447,0.408226785681463,11.4935599171
"W38404","7MEP",1.17922193238227,0.471127398104499,0.186227427328653
"W38405","3Ery",5.34698081680562,6.74991459257566,16.5039426912067
"W38406","3Ery",9.11017131834107,6.72527381319759,18.6117139401638
"W38407","13Baso",-6.53285989933439,0.383348149431904,10.8651283223706
"W38409","3Ery",3.05050801492414,1.91775746789772,2.53747108955982
"W38410","15Mo",-5.29271620749513,-3.56611564896317,11.8413360318531
"W38411","14Mo",-6.17469918268386,-1.78652201051139,12.217230210671
"W38412","6Ery",3.89323201417602,1.1838267191474,2.41510987369466
"W38413","10GMP",-1.3528842603157,2.17726236349447,2.46099515224424
"W38414","16Neu",-5.86913649381216,-6.42140093848143,15.7401200154526
"W38415","4Ery",4.03835433413762,5.82296587978433,15.6460812908813
"W38416","14Mo",-8.67051324780477,2.3152053615758,11.5055877519445
"W38417","14Mo",-9.14512760028514,0.481462019324227,11.505589197981
"W38418","10GMP",-0.478294799850169,0.0482685669162728,0.0293210057400719
"W38419","3Ery",4.92925109298694,2.51741918253851,10.9632363406341
"W38420","10GMP",-2.4137334298593,2.44537356792608,5.06480128881864
"W38421","14Mo",-3.1059921478341,-2.04005752641475,8.60018569026233
"W38422","3Ery",2.96526954791846,5.53090639061873,11.6807045996712
"W38423","4Ery",4.91214397419381,3.36443087368746,12.5515267203048
"W38425","14Mo",-3.91778185358895,-3.0804679925078,10.2720713194919
"W38426","3Ery",5.75307113140476,2.41274353961467,8.9693899860911
"W38427","15Mo",-4.17396099443758,-2.93749599100103,11.0426742425801
"W38428","15Mo",-3.87252587157177,-3.71431089105597,10.4493212686698
"W38429","10GMP",-2.87058280310559,0.138837543218178,5.06806069645976
"W38430","15Mo",-5.29638430941859,-3.17366202848603,11.8413374778896
"W38431","15Mo",-3.93407039710969,-3.04225361909264,10.3094470291025
"W38433","14Mo",-5.84917968016238,-0.355400484927425,10.2552705165904
"W38434","13Baso",-7.35977934383873,0.667120864894883,11.488687445417
"W38435","16Neu",-4.26028081008275,-4.980554298934,12.2546829859585
"W38436","14Mo",-4.28598759774274,-2.32319963832755,11.3728238028198
"W38437","4Ery",5.3776903185944,1.31819736749236,6.86274247951703
"W38438","14Mo",-3.5946713634471,-3.45296496495092,9.99586007842753
"W38439","9GMP",1.06035332212461,0.561068795440081,0.185763656183432
"W38440","3Ery",6.5049490779902,5.87979932401938,15.5405136784852
"W38441","14Mo",-7.63055501490396,-0.420827812838565,12.0475307973239
"W38443","3Ery",6.14443886376266,0.943148714017322,7.56522287042573
"W38444","10GMP",-2.64353199365584,0.860317289400999,4.56374726216908
"W38445","16Neu",-3.41968471638304,-3.29083760724719,10.2851995835151
"W38446","16Neu",-5.09928065813675,-7.03347935388735,15.0277444488705
"W38447","13Baso",-4.97870612444106,-1.73124108915134,12.7582970328299
"W38448","1Ery",12.9333050207608,3.21301846602855,19.3086610125475
"W38449","6Ery",1.94912490587292,1.24926311032968,1.37445580044653
"W38450","2Ery",5.86523473423799,-0.808962507325598,6.97852500883592
"W38451","14Mo",-3.37476486018525,-3.67302880061656,9.95266594928186
"W38452","2Ery",10.4293089430707,-2.93411923573871,9.33554804137036
"W38453","14Mo",-3.18489945962958,-2.55868066567649,9.16363224368981
"W38454","5Ery",3.32603649927291,-2.30550089149456,3.94734908131813
"W38455","2Ery",5.13357550349767,0.790581705497137,7.21860201985181
"W38456","9GMP",-3.09916667086365,0.874767591379277,5.24549401933843
"W38457","13Baso",-8.86702726521993,0.869830871448039,11.5055906440175
"W38458","2Ery",10.1881807856573,-3.04601871179174,9.33554948740687
"W38459","3Ery",3.8514704798781,-1.73999305309636,4.58775942837362
"W38460","16Neu",-3.06332708634755,-5.93266780313011,15.0423356205024
"W38461","13Baso",-1.9742913092685,-0.917670781399031,6.78502868296071
"W38462","14Mo",-5.44389655620797,-1.38940832956815,12.831441805744
"W38463","4Ery",5.22403594842445,0.773029421185022,7.11704303984613
"W38464","3Ery",3.54959456323822,5.82780540881614,16.2128287924099
"W38465","6Ery",2.06906730321983,1.7212500092793,2.94151682354261
"W38466","7MEP",0.115897695462863,-0.222245431841336,8.24240807713039e-05
"W38467","10GMP",-1.43423071093334,2.13870079634046,2.54653418648321
"W38468","4Ery",6.48948147631973,-1.40272535908838,6.72748021185581
"W38469","2Ery",9.45111398849091,-2.48625028369092,9.33555093344337
"W38470","16Neu",-4.09745459247301,-4.69620839555065,12.891482135979
"W38471","12Baso",-2.60993882367901,-0.870338357906049,6.82176867687009
"W38474","7MEP",1.66152974442539,0.238501445034616,1.19665038587991
"W38475","13Baso",-3.87168304236339,-1.35892018310248,9.46343900791484
"W38477","4Ery",7.33626923877549,-1.18640755007803,7.7529057162093
"W38478","7MEP",1.32579493647248,-0.3516130131019,8.38701172760636e-05
"W38480","4Ery",3.48461954449072,4.43174151843917,11.6773709454425
"W38481","12Baso",-2.32851371322939,-0.931188930521588,6.75201553638757
"W38482","5Ery",4.6594715107392,-2.20080625138432,4.83563708493995
"W38483","2Ery",6.11828183938182,0.951128754360012,7.53844368001292
"W38484","2Ery",7.93716339278183,0.043623340176681,9.33555237947988
"W38485","9GMP",-2.46748516583143,2.17484377266006,5.06480273485514
"W38486","1Ery",11.638501827132,2.30982318774333,16.8472279463869
"W38488","3Ery",4.8976214430776,2.3155085719174,11.0512981927687
"W38489","14Mo",-4.53499185537781,-2.34360344262787,11.0682547849528
"W38491","16Neu",-2.95025093716382,-3.83902198509276,9.95266739531837
"W38492","2Ery",6.82145523598015,1.90008166018292,8.94780934790856
"W38493","5Ery",5.919840137898,0.462289032998712,7.01407473264496
"W38494","14Mo",-5.03288250514393,-3.35305772510252,11.9809451560146
"W38495","15Mo",-5.18495702383685,-3.17837840335985,11.9025999518219
"W38496","9GMP",-2.82732801690677,0.232505002004266,5.31978808902015
"W38497","9GMP",-1.10489276986024,0.0743585782851824,4.08620661845745
"W38498","14Mo",-7.99079267604904,-0.442107345163152,12.0475322433604
"W38500","2Ery",6.70200628623108,-0.641638387062943,7.30893772817953
"W38501","4Ery",5.84542757269249,3.15534993397783,10.8535045449059
"W38502","5Ery",5.63498730193533,-1.43766795501722,5.42053195559784
"W38503","4Ery",5.37578469157914,0.348548360639645,7.10423349283551
"W38505","3Ery",5.22992071277951,4.53846426101045,11.6415907171246
"W38506","16Neu",-3.66794058617149,-6.93426509490301,16.3155583358789
"W38507","2Ery",7.56229188436555,0.821430684467665,9.33555382551638
"W38509","16Neu",-4.91877245877576,-6.28409353931389,15.4606512346006
"W38510","2Ery",8.60371352753624,1.42179693157469,9.33555527155289
"W38512","13Baso",-2.52598599802991,1.93196288571677,5.06480418089165
"W38515","2Ery",6.7095519490226,1.09366514186171,9.33555671758939
"W38516","6Ery",3.72700543282265,-2.20109739651942,4.39807096212734
"W38517","6Ery",4.66259345018652,-3.06627945382753,4.83563853097646
"W38519","14Mo",-4.62499200799433,-1.43137645565519,12.7582984788664
"W38521","2Ery",8.39501355809244,-2.09363830005762,9.3355581636259
"W38522","2Ery",10.7139280711213,-3.38655245826195,9.3355596096624
"W38523","8Mk",-1.28936870976994,1.50611866025541,2.41987344253672
"W38524","8Mk",-0.160503262671848,5.72263529789636,2.2318734850227
"W38525","14Mo",-3.92993608858387,-2.67412729444399,11.5235200557118
"W38526","14Mo",-6.23701658116587,-0.702520153912949,12.0232731804831
"W38527","1Ery",10.4777795228905,1.24387117770946,9.33556105569891
"W38528","4Ery",5.899334456083,4.70469032803705,15.7848837958511
"W38529","7MEP",-0.881030561878593,0.888425264987799,2.53098473762031
"W38530","16Neu",-2.61054594069702,-3.76106092624565,10.1515322413291
"W38531","16Neu",-3.43837479054235,-4.99453395779389,12.6596601923676
"W38532","14Mo",-4.3426577117863,-2.2158093861664,11.3874561995786
"W38533","3Ery",6.53395979649752,-1.90281777615629,6.72748165789231
"W38534","2Ery",7.09640179427604,1.69691016030834,9.11767846079288
"W38535","16Neu",-7.8203763943416,-0.253654767054941,12.0475336893969
"W38536","17Neu",-3.66071648787107,2.16953954439978,11.1259934336957
"W38537","6Ery",4.46718484763746,-2.58877431681529,4.83563997701296
"W38538","2Ery",10.2665233807519,-2.94860815373345,9.33556250173541
"W38539","14Mo",-5.13650767499899,-0.988139909595951,10.7802501989528
"W38540","16Neu",-2.32783694080794,-4.14550156919583,9.95266884135487
"W38541","7MEP",0.991473372508661,0.568385616920619,0.135514772040029
"W38543","2Ery",4.6823039246357,2.16665903113996,11.0765855167743
"W38544","3Ery",8.96701911647912,6.92499536534477,18.6117153862003
"W38545","2Ery",8.85679869132269,-2.30089802177335,9.33556394777191
"W38546","6Ery",1.14275816483792,0.0440531800804197,8.53161537808234e-05
"W38547","6Ery",3.23632720772607,-2.14629975973008,3.86770138571409
"W38548","6Ery",0.598057661849531,-0.0965379888827704,8.67621902855831e-05
"W38549","10GMP",-1.83886563918763,-1.31741417941999,6.86881896075547
"W38550","12Baso",-0.346585157177187,0.296431167680801,0.0332126044130483
"W38551","12Baso",-0.958593151163724,-0.559030368466495,6.85097845033529
"W38552","4Ery",4.91089584195632,2.52701509617086,10.9549515953633
"W38553","2Ery",8.35576781950726,-1.48966859782034,9.33556539380842
"W38554","4Ery",4.1596675691451,-2.22680996745527,4.83564142304947
"W38555","2Ery",10.2853779219205,-3.22035697446622,9.33556683984492
"W38556","14Mo",-6.08088491145335,-0.217669861052926,11.4613397163816
"W38558","3Ery",6.92341661700531,-0.792701897835774,7.48678265840852
"W38559","6Ery",2.17487485510743,0.137909124648686,3.02390381248962
"W38560","3Ery",6.57120046282196,4.75593707479257,15.7223345897587
"W38561","10GMP",-0.329665267943776,-0.0614009099842725,0.0194095094490008
"W38563","2Ery",10.4213816164799,-3.65386499933077,9.33556828588143
"W38564","14Mo",-3.88295485680289,-1.67707243953243,9.46344045395135
"W38565","16Neu",-3.76965484589353,-6.36281310069852,14.1624588915916
"W38567","18Eos",-4.10140721684727,-1.2752000241372,6.89022433441654
"W38568","13Baso",-5.84386687955269,1.39091731653315,7.00047212828062
"W38569","6Ery",4.11117387588532,-2.23728103770433,4.81411773544053
"W38570","14Mo",-6.06295369036183,-1.56543462796645,12.4227741318574
"W38571","13Baso",-3.63885752081633,-2.01991296430424,9.46344189998785
"W38572","2Ery",7.648141662228,-1.68716468686869,7.83504926281356
"W38573","2Ery",8.67803622706914,-2.66640077273459,9.33556973191793
"W38575","5Ery",2.1840427163659,0.356512261768334,2.69359122349487
"W38576","10GMP",-2.53849813910879,1.58402466989073,4.93957915305038
"W38577","5Ery",4.97478590758616,0.690988889356349,7.4488557197072
"W38578","14Mo",-5.51619119223493,-1.60432520791767,12.8184717431072
"W38579","13Baso",-2.65577328535164,-2.5990409877218,8.63701250912957
"W38580","14Mo",-3.36309754144084,-2.00567803660003,9.43038047447081
"W38581","16Neu",-3.63266172319853,-5.7362612375961,14.9886973327094
"W38582","2Ery",9.9111189048216,-2.70904286302357,9.33557117795444
"W38583","10GMP",-0.333739440044037,7.74614550477416,11.6807060457077
"W38584","4Ery",4.72792831984985,0.227305894106829,6.12817968949671
"W38585","16Neu",-5.66293337893518,-8.35377385921656,15.3206834397919
"W38586","6Ery",1.88590951950317,1.06087568851206,1.3326360978794
"W38587","15Mo",-4.2036265761402,-3.04188704169949,10.9299848010723
"W38588","14Mo",-2.87168321961656,-0.779161223507169,6.90538300406722
"W38589","12Baso",-1.04360260492842,-1.94272394277449,6.91757749709335
"W38590","7MEP",0.384675515891931,0.335948338953314,0.0056860063103229
"W38591","10GMP",-1.72756583708101,-0.489203878425204,6.75201698242408
"W38592","15Mo",-6.41668549302741,-1.30130304542255,12.4913460749521
"W38593","3Ery",9.35996276615051,6.84129580403475,18.6117168322368
"W38594","15Mo",-6.91362862492277,-6.98568747484582,16.0783221927108
"W38595","3Ery",9.66972453919303,7.59346530270175,18.6117182782733
"W38596","9GMP",-1.36502842150955,1.28930483465247,2.50605918081788
"W38597","2Ery",5.41500096226633,2.19546869244839,9.11692217774668
"W38598","7MEP",1.41236487013887,0.338367335175565,0.235837519589049
"W38599","3Ery",5.37338286649939,4.81427435786724,11.6415921631611
"W38601","13Baso",-7.82783663877172,0.94074826406206,11.505592090054
"W38602","16Neu",-3.76250232752992,-6.86658023521077,16.3155597819154
"W38603","13Baso",-5.55866383597881,2.13968150974669,8.92366734776044
"W38604","2Ery",8.72111196771433,5.58264242878342,20.0172889855205
"W38605","15Mo",-4.33688874421518,-4.11086680554169,11.3102528009869
"W38606","7MEP",0.454131356899145,1.22018565499767,0.0353991126178451
"W38607","6Ery",3.40752272688225,-1.20725899240086,4.16396526677867
"W38608","5Ery",5.17252711157541,2.3302835111272,11.0940394859814
"W38609","13Baso",-8.82741189239639,1.88779165408734,11.5055935360906
"W38610","10GMP",-2.43270444398877,0.244827170796439,4.87727223043595
"W38611","9GMP",-1.55255565915292,2.30375761357231,2.66285685909687
"W38612","13Baso",-3.21192551683018,2.70219440575201,11.1259948797322
"W38613","13Baso",-6.124698374415,1.13766351401585,8.98537398667808
"W38614","12Baso",0.719527800633995,0.52139906929033,8.82082267903428e-05
"W38615","5Ery",5.82019416907711,-0.365635026503423,6.85576855376879
"W38616","13Baso",-4.803159274783,-0.810674831917851,6.79635559317353
"W38617","15Mo",-4.24325784507354,-6.6483437693547,15.9960148349036
"W38618","14Mo",-5.98032632701867,-1.5578192381444,12.523321916834
"W38619","10GMP",-3.25177061307902,0.696148828251433,5.22259651119812
"W38620","15Mo",-5.71397598094269,-2.13145125519176,12.7894316938771
"W38622","4Ery",4.75755529216486,-1.10899029988247,4.8484747978786
"W38623","5Ery",3.15272921406044,-1.91233332995748,3.80341677097311
"W38624","8Mk",0.535259367713038,2.83579732760022,2.95268249114863
"W38625","13Baso",-5.75099429154718,0.481015993274607,9.58677529398781
"W38626","7MEP",0.0623141307391878,0.322523474841533,0.0179694120168862
"W38627","14Mo",-5.30039564787432,-1.68717808734336,12.78045123921
"W38628","14Mo",-8.2085855969223,0.90101108827152,11.5055949821271
"W38629","2Ery",9.02666891201915,-1.85662398591502,9.33557262399094
"W38630","6Ery",1.77652377838695,-0.468588851751062,3.59607568621114
"W38631","2Ery",7.18642634996833,1.77719870165986,9.09120894446903
"W38632","13Baso",-5.15644120805351,0.20373939850812,9.61727703754578
"W38633","7MEP",0.13626219133653,2.26562641979683,2.83825213954821
"W38634","16Neu",-3.92270361129505,-7.14953117651925,16.0169893526724
"W38636","14Mo",-7.70804775687601,0.0890313218239549,11.4818636030081
"W38637","3Ery",5.43136937394711,-2.85609498932352,4.83564286908597
"W38638","16Neu",-4.13473127394781,-4.28375378854167,11.2811083211546
"W38640","10GMP",-1.36435059604106,0.388607382237958,4.08620806449395
"W38643","12Baso",-1.36492344942743,-1.83783390776743,6.91757894312986
"W38644","10GMP",-2.29154055074242,1.02572535516296,4.36281862280588
"W38645","13Baso",-4.2621594601576,-0.348093612720762,6.79699744217494
"W38646","1Ery",11.3566397493496,1.58745310381282,9.33557407002745
"W38647","16Neu",-4.59946142242806,-4.59989108461123,12.7825415702751
"W38648","6Ery",0.823204786052617,0.0428686566112345,8.96542632951025e-05
"W38649","14Mo",-6.71631789065307,-1.72289202846143,12.2387932148009
"W38650","2Ery",8.1003624643058,-0.170327589631399,9.33557551606395
"W38651","14Mo",-4.16467634026508,-1.57798622218755,9.46344334602436
"W38652","10GMP",-1.76148070061578,1.87389169883951,2.89465627264101
"W38653","14Mo",-3.50351754384552,-3.45366181883283,10.0438656793471
"W38654","16Neu",-2.44071758977547,-4.7402790993024,12.6596616384041
"W38655","9GMP",-1.37203727768165,-0.315024984227208,4.21207378500858
"W38656","3Ery",3.93147074441363,-0.590498380422376,4.80870964409351
"W38657","3Ery",5.28446450492362,2.53096824783158,11.0302191514001
"W38659","14Mo",-2.41351764691509,-2.88523136286966,8.64334625873751
"W38660","2Ery",9.82880680436734,-2.14306650829427,9.33557696210046
"W38662","12Baso",-1.13343044481511,-2.10103326061552,6.91758038916636
"W38663","9GMP",-0.874841417930398,0.0765338128314333,4.08620951053045
"W38664","1Ery",12.1011616590504,2.49248544819173,16.8472293924234
"W38666","3Ery",6.23475402641251,1.26400294704851,9.18339752540989
"W38668","5Ery",5.86769139801079,-1.71849511123424,5.38240932625783
"W38669","2Ery",10.3984400392029,-3.33168136672928,9.33557840813696
"W38670","8Mk",0.0245929573183504,7.49018849093802,11.6807074917442
"W38672","2Ery",6.5649642740847,1.2370738018364,9.26603700006561
"W38673","16Neu",-7.22483761996359,-8.4971433569568,16.0783236387473
"W38674","5Ery",5.49902029467672,-1.82722974927378,4.90008519593061
"W38675","10GMP",-1.14547056673532,-0.118532369801041,4.08621095656696
"W38676","13Baso",-7.08474191473741,-0.0742902119265931,11.2293708292216
"W38677","16Neu",-3.93223494848667,-7.76032613370003,15.5722114330333
"W38678","14Mo",-4.20837319696753,-1.96938890725251,11.7281093264468
"W38679","2Ery",10.7602477794761,-3.04077657380515,9.33557985417347
"W38680","5Ery",4.87650135168744,-2.43159415971676,4.83564431512248
"W38681","15Mo",-8.25573447872633,-0.58893525080771,12.0475351354334
"W38682","7MEP",0.826916229880598,-0.235304226615815,9.11002997998622e-05
"W38683","15Mo",-3.42573543473819,-4.3244824132935,10.6130728238228
"W38684","5Ery",6.14899521338544,-0.879069860646581,6.72748310392882
"W38685","6Ery",4.86304020634011,-0.391543673901988,5.65926766647235
"W38686","5Ery",5.3557326335421,-1.97574056117267,4.83564576115898
"W38687","2Ery",5.0393362017375,0.743949202875163,7.35028305718616
"W38688","3Ery",5.96278123396294,2.87656175871527,8.94496640453962
"W38689","15Mo",-4.01562875792584,-5.99454330910173,14.481387980821
"W38690","7MEP",1.62011136204903,-0.163674444140025,9.25463363046219e-05
"W38691","3Ery",5.43525589070748,4.23003815298594,11.698893052402
"W38692","15Mo",-7.3456867059076,-0.216303462513232,11.6377628054606
"W38693","16Neu",-5.61777204740599,-7.08734347945165,15.4472665410245
"W38694","6Ery",3.09578993414657,1.07655567348701,2.41511131973116
"W38695","7MEP",1.32710908553872,0.370000267039497,0.198822673933627
"W38697","6Ery",4.56607332223186,-0.39766927195411,5.35059986389701
"W38698","6Ery",1.89504017883038,0.620319292616167,1.37658924879763
"W38699","10GMP",-2.62655222276737,2.45767854535088,5.06480562692815
"W38700","4Ery",4.60849832473928,2.16198980340972,11.0635361957538
"W38701","13Baso",-5.12894870553454,-0.324244041580055,9.99324163613809
"W38702","14Mo",-2.7418088054489,-2.80346021582233,8.91765057507621
"W38703","13Baso",-4.80954225680497,-0.526073967261517,6.8231282967125
"W38704","3Ery",5.20481378793321,3.60853594951483,12.3124190751709
"W38705","6Ery",2.15258394248447,0.324801414308492,2.7043908472123
"W38707","8Mk",-0.11852025138951,3.75046594547742,2.38994599544049
"W38709","14Mo",-4.89241047698448,-1.26058415939093,12.7703522142348
"W38710","2Ery",6.53743693787295,-0.173211321355265,7.38497213324748
"W38711","9GMP",-1.88237683899408,2.64219296311586,2.99156482261088
"W38712","6Ery",2.59090410489994,1.14581856906578,2.63182393712496
"W38713","15Mo",-2.61642445790274,-2.71996277908965,8.70684324098011
"W38714","13Baso",-3.94316244593142,-1.79529028206478,9.46344479206086
"W38715","3Ery",4.31734902197377,-2.98727757037635,4.83564720719548
"W38716","16Neu",-4.32779077010342,-6.30709789512067,16.1388994050374
"W38717","2Ery",9.31177417581317,1.33216781565946,9.33558130020997
"W38718","9GMP",-0.891348104803162,1.32432178163914,2.43656773390731
"W38719","14Mo",-2.42189835843287,-2.63868558795678,8.53537299400876
"W38720","3Ery",5.38730256772015,1.98674528759846,9.09008007711758
"W38721","14Mo",-4.54276317470996,-1.07869564690715,6.77299157177299
"W38722","14Mo",-3.97715300081837,-1.45088304679298,9.46344623809737
"W38723","16Neu",-5.5259548243196,-1.6500428405808,12.814951600637
"W38724","14Mo",-5.5453447491908,-1.9511009391541,12.7856846886167
"W38726","9GMP",-1.37402410019977,-0.657071772943821,6.81585273299539
"W38727","3Ery",5.26794570741412,1.95072581533227,9.15046615923317
"W38728","13Baso",-8.84437774553262,1.71272864547245,11.5055964281636
"W38729","10GMP",0.784786077765081,0.828414167740684,0.250345860515566
"W38730","14Mo",-3.14420504166986,-3.39109412598056,10.3118754143585
"W38732","3Ery",3.59794653803221,-2.00448822472083,4.27972328023932
"W38733","6Ery",3.97051852156282,-1.69840280752793,4.72281097500241
"W38734","14Mo",-4.01516220747904,-1.20303665547444,6.93191354002799
"W38735","4Ery",6.34012038316552,-0.813809513449725,6.773216892483
"W38736","3Ery",6.45749903857388,5.59118182816719,15.5320685380942
"W38737","2Ery",10.7180194745635,-3.83484536686166,9.33558274624648
"W38738","2Ery",9.68399034712344,-2.84800224725375,9.33558419228298
"W38739","14Mo",-4.32453360479491,-1.65024168892056,11.832299058527
"W38740","2Ery",7.491742192289,-1.43306486215145,7.79559465327758
"W38741","8Mk",2.00334902852388,-0.142004990317177,3.2883850284407
"W38742","10GMP",-1.95850695738424,-0.573073158231369,6.75201842846058
"W38744","10GMP",-1.67569037708018,0.853190390371108,4.22692367843792
"W38745","14Mo",-3.89261528286688,-2.53080684511185,9.40234515603275
"W38747","10GMP",-1.7618709378461,2.62575701743114,2.86753537156199
"W38748","16Neu",-2.48477202805706,-4.09579096618463,9.95267028739138
"W38750","10GMP",-3.61413262680857,0.944761710865919,7.442042393318
"W38751","10GMP",-2.90354196871263,1.22172485365146,7.3941357207437
"W38752","13Baso",-6.81592144560525,-0.398297171804078,11.1498753076516
"W38753","16Neu",-5.24322993668207,-8.81826144597411,14.9546724878485
"W38754","2Ery",7.0715012692174,-2.1227358765149,6.88717275683142
"W38755","16Neu",-2.06419734631016,-4.33004904253419,9.95267173342788
"W38756","2Ery",6.69245671130981,0.2235918844238,7.80332164211184
"W38757","14Mo",-7.42883503495642,0.22831450337226,11.4765356593813
"W38759","14Mo",-4.89660006327436,-3.45281407007074,12.0850346235485
"W38761","14Mo",-3.56938400631206,-3.27638947668711,10.2224129537595
"W38765","13Baso",-7.5116735952453,1.14485437616267,11.5055978742001
"W38767","2Ery",7.20661085365673,1.40528385430992,9.30330245803351
"W38768","2Ery",7.65309975266514,3.80531777616388,16.7535729559596
"W38769","16Neu",-4.02460405058605,-6.19765383419009,14.231636568472
"W38770","2Ery",7.42070588454988,-1.65757262849117,7.57894173647038
"W38771","2Ery",5.47051043303495,0.416355734659634,6.96352092874643
"W38772","14Mo",-5.47588694014671,-1.65827910155142,12.8072959537194
"W38773","5Ery",6.76396918644179,-1.69152817197353,6.76957602069076
"W38774","2Ery",7.08304768109946,-1.87828469320687,7.04397907680768
"W38775","7MEP",1.3481083541662,-0.0624587629473298,9.39923728093817e-05
"W38776","9GMP",0.191043804851676,0.778274923484566,0.0295990046975683
"W38777","2Ery",6.26324002476863,-0.212155532997204,7.03256967169498
"W38778","10GMP",-1.94400552688904,2.09068778612776,3.07548726343358
"W38779","7MEP",0.552954346406472,-0.0232980572003653,9.54384093141414e-05
"W38781","6Ery",1.04043875887346,1.19314430758817,0.874055822277809
"W38782","15Mo",-6.33428746776255,-1.86473255731387,12.0709286166156
"W38783","5Ery",4.76602655035748,-0.528602241516505,5.42604263837105
"W38784","5Ery",6.31187574051799,-0.657759805999614,6.83050480749919
"W38785","15Mo",-6.22751090101852,-4.9238666513731,12.0264774063721
"W38786","14Mo",-3.85174331910803,0.136014400144694,6.80977916109356
"W38788","8Mk",-0.0355734011327817,7.49014138133891,11.6807089377807
"W38789","14Mo",-6.9382494088033,0.653359742109076,11.4731739316778
"W38790","15Mo",-4.36204386632267,-5.59880649133214,12.3143173830411
"W38791","4Ery",2.91973658763242,1.25684970888542,2.47370101665545
"W38793","14Mo",-5.58307637297009,-1.46310112470515,12.8327662895649
"W38794","13Baso",-3.63438540564337,-2.27438082412272,9.41607972370452
"W38795","6Ery",2.82405121590907,0.296682381259615,2.89198962196187
"W38796","4Ery",4.35893939941086,5.5751953248696,15.4541845341937
"W38797","13Baso",-9.59402420117011,2.82604594240662,11.5055993202366
"W38798","4Ery",4.62050382119501,1.47572584824454,11.0940409320179
"W38799","9GMP",-2.00663285898062,1.81780218300508,3.15024569116656
"W38800","3Ery",6.512573746396,6.2583784951089,15.5054404949006
"W38801","8Mk",-0.00714910965131448,7.48176297310812,11.6807103838173
"W38802","8Mk",-0.81665713195276,8.92463884531621,11.6807118298538
"W38803","15Mo",-4.2520663748657,-4.33471852802262,13.2578629246043
"W38804","2Ery",6.01232389632126,0.982346183464454,7.42931903419014
"W38805","12Baso",-3.44715634103958,-0.477744577928974,7.1584068647404
"W38806","3Ery",2.18972752570824,1.23539349557444,2.87094267033769
"W38807","15Mo",-6.58187196554939,-7.07362527064389,16.0783250847838
"W38808","15Mo",-5.07729980160957,-4.55433572097193,12.6232526100608
"W38809","9GMP",-1.7724466448781,2.62410606471051,2.87853358409221
"W38810","3Ery",5.8507968008435,5.49186009485063,15.9325260525549
"W38811","10GMP",-3.17810244990667,1.12685849154622,7.40464822655585
"W38812","15Mo",-3.4414774903168,-5.42488472002552,12.6596630844406
"W38813","16Neu",-5.23437669017011,-7.10269302065928,15.1299246832488
"W38814","4Ery",4.16289330766808,3.1816757759943,12.6728068415559
"W38815","3Ery",4.49379661415462,4.88164314482208,11.663178862616
"W38816","14Mo",-6.6352142477463,-1.3702898094157,12.4791186134689
"W38818","3Ery",3.45447719748081,5.10535324618859,11.6807132758903
"W38819","16Neu",-6.75308778021111,-7.7874256589315,16.0783265308203
"W38820","6Ery",3.33510552317592,0.730200635390924,2.49043754052672
"W38821","5Ery",5.41226976819751,-2.475532956117,4.83564865323199
"W38822","13Baso",-3.20939246972233,-1.04698702143954,6.94936967949207
"W38823","13Baso",-6.66625200001661,-2.22038210530888,12.0275961588212
"W38825","13Baso",-8.38853421864412,1.37946255372909,11.5056007662731
"W38826","8Mk",0.17982186918099,2.90111809876833,2.73440201560036
"W38827","2Ery",2.74632782243694,1.14815831594449,2.54679106446064
"W38828","13Baso",-6.87878468539716,0.409508524810262,10.9130608359978
"W38829","13Baso",-5.70028144575033,-2.02860493374266,12.7984718744739
"W38830","8Mk",-0.278431800922204,2.64115528429672,2.52284962193583
"W38831","8Mk",-0.398074311311668,5.36248264772598,2.23187493105921
"W38832","15Mo",-5.82727800304072,-5.16245716976258,12.0264788524086
"W38833","14Mo",-7.51882959169426,-0.517785885162158,12.0475365814699
"W38834","14Mo",-3.49899022038857,-3.47424914811662,10.0214545662701
"W38836","6Ery",0.876121259943564,0.568272081223563,0.0375552678359189
"W38837","5Ery",4.26282494275257,-0.280232289083411,5.15665635630193
"W38838","15Mo",-3.38265683915712,-3.09132400593279,10.5457137213669
"W38839","7MEP",1.84646835624581,1.070609935324,1.29622831904756
"W38840","15Mo",-2.96531931261235,-3.71767401066962,10.0137671491052
"W38841","15Mo",-7.49066833405738,-5.39893000678378,16.0783279768569
"W38843","6Ery",4.8131877570752,1.13095547020059,7.46731078104915
"W38845","12Baso",-2.44551943491814,2.21849933478794,5.06480707296466
"W38846","2Ery",7.69988896031006,2.49925042271505,8.79256823054608
"W38847","13Baso",-8.65504412135773,2.4573911228266,11.5056022123096
"W38848","3Ery",2.40716654099573,-0.758911153554367,3.64479044394645
"W38849","4Ery",3.23339653773905,5.07303532904035,11.6807147219268
"W38850","14Mo",-4.15840176325357,-2.59703532693015,11.3158595007778
"W38851","10GMP",-2.00647654212906,0.615818402884248,4.08621240260346
"W38852","16Neu",-4.95063956356412,-5.66018907413263,12.0264802984451
"W38853","15Mo",-4.2720308432903,-5.99539252241318,14.3494412607541
"W38854","6Ery",1.3420543290729,0.83479917740152,0.730057735932429
"W38855","13Baso",-5.39580067647219,1.12267281330066,7.00047357431712
"W38858","15Mo",-6.45742338336271,-5.7707525247692,16.0783294228934
"W38859","6Ery",3.08573569058492,0.622762498245766,2.58592963260802
"W38860","2Ery",7.09950263689226,2.29584232875554,8.78342585177224
"W38861","15Mo",-3.09762319982203,-3.72435130071847,9.95267317946439
"W38862","3Ery",4.13159324065996,3.16180385713146,12.6728082875924
"W38863","13Baso",-3.21795532302057,-3.08532488822149,10.6412047064994
"W38864","6Ery",1.46548347739391,1.51173404426105,0.916411762366721
"W38865","13Baso",-5.50595644409882,-2.22088854261094,12.6403041584155
"W38866","9GMP",-0.860084236705267,0.2316205928335,4.08621384863997
"W38867","10GMP",-1.72416364192709,2.78401316835792,2.82274391475342
"W38868","10GMP",-3.1556332321105,0.467548872836179,5.14381790350789
"W38869","14Mo",-6.23374840386252,-2.02952075109724,12.0669679930905
"W38870","2Ery",6.75055798058139,2.18384277132922,8.77463148493915
"W38871","6Ery",1.32670543799777,0.986954186374197,0.833618752912534
"W38872","10GMP",-2.58338982916905,1.35104685895537,4.68728642002754
"W38873","7MEP",1.38129344643683,0.421629387237109,0.302383761311378
"W38874","6Ery",0.848840984642863,-0.413816190311673,9.68844458189011e-05
"W38875","14Mo",-4.76093436863452,-2.2098556953923,12.9894959861128
"W38876","2Ery",6.3834295367067,2.22398395830964,8.71278821982545
"W38877","2Ery",5.92299089191858,2.2316815905728,8.83604468955721
"W38878","7MEP",0.931175759238643,0.302784740638889,9.83304823236608e-05
"W38879","5Ery",5.47343162657565,2.16016253660211,9.07656370579098
"W38880","13Baso",-6.93133482566454,0.96688298809146,11.4833847481999
"W38881","13Baso",-7.39595762230361,-0.528918522312636,11.9234099212507
"W38882","14Mo",-5.62631167016296,-2.79249159794965,12.0510503643454
"W38883","3Ery",6.5418725086166,4.27579060819929,15.7507222680042
"W38884","13Baso",-8.15517801404774,1.62118357844724,11.5056036583461
"W38886","4Ery",5.02321055119326,3.97249980591271,11.9501884437385
"W38887","3Ery",4.69944434806742,5.11797958185049,15.393038408994
"W38889","2Ery",7.14863388315568,4.16036870162417,16.2825482228705
"W38890","15Mo",-3.17861154748422,-3.92652487369228,9.9679092675758
"W38891","7MEP",1.61170089636073,1.1567896448313,1.07722076891963
"W38892","1Ery",13.2911052007078,2.76065843595246,19.5338614801668
"W38893","15Mo",-4.57554313482723,-6.6057549391994,15.6357157008312
"W38894","2Ery",6.0980642392909,2.35360385225556,8.76156481254311
"W38895","13Baso",-4.29635857691319,-2.73194079170075,11.0545032480805
"W38896","8Mk",0.293287915240888,1.83303342018398,0.0544159202626393
"W38897","9GMP",-2.14966279539237,0.742243259158255,4.12794114752277
"W38900","8Mk",-0.0128599892142154,3.47953426692427,2.50588406142589
"W38901","17Neu",-3.62158499423864,1.16732433882428,7.29411186593836
"W38902","13Baso",-4.19330115491918,2.24592256323313,10.6267892964251
"W38903","13Baso",-3.11073560477553,-1.88102321170934,8.4754881982179
"W38904","13Baso",-2.23286586761149,-2.32400874150594,9.0239788983075
"W38905","3Ery",4.31865597972914,4.88298810187836,11.6674974467627
"W38906","12Baso",1.60316805896048,1.38822283076194,1.05075761643432
"W38907","16Neu",-6.1771841086585,-6.15480712261861,16.0279691260136
"W38908","10GMP",-2.4675703235426,1.67356071226949,5.04074848633797
"W38909","15Mo",-5.07810506047474,-5.6384592742113,12.0264817444816
"W38910","7MEP",1.61261299716603,0.324083592568519,1.1455396523689
"W38911","13Baso",-4.12152689752473,-2.44451357382726,11.4729887819335
"W38912","13Baso",-6.11196441168693,-1.49536265742193,12.2991004091055
"W38913","14Mo",-7.70285333192468,-5.55233939302052,16.0783308689299
"W38914","16Neu",-5.90984719600043,-8.09473655556787,15.5572672599222
"W38915","3Ery",4.19879657952969,4.12400026997301,11.6527315552209
"W38916","7MEP",0.663978740725443,0.599715683048609,0.00429661080182753
"W38917","13Baso",-6.90010677031692,0.0985390260412539,10.8627106835686
"W38918","13Baso",-7.57975157014956,0.982655693450506,11.5056051043826
"W38919","3Ery",4.59319791733271,4.44112456330922,11.6504775313235
"W38920","1Ery",8.63789092257992,1.0067732361079,9.33558563831949
"W38921","14Mo",-5.56283103538125,-2.47233147263883,12.3809896323489
"W38922","15Mo",-4.72082841319319,-5.5247576151277,12.0789991483516
"W38923","10GMP",-2.01029389488991,0.0457854362909993,4.59121643172587
"W38924","15Mo",-4.8297117360174,-1.59329376280383,12.7582999249029
"W38925","4Ery",3.77592007876384,3.38770141934788,12.5179349438941
"W38926","9GMP",-1.44344787518722,0.320303217430114,4.08621529467647
"W38927","14Mo",-5.62589304990521,-2.88738354054183,11.9537710847839
"W38928","9GMP",-2.27890743340757,3.37070885034349,5.06480851900116
"W38929","13Baso",-1.9419143489112,1.63517275691155,3.08999918529208
"W38930","10GMP",-1.93321194180597,2.19200999574584,3.06061553176179
"W38931","9GMP",-2.51664867157049,3.1775412065152,5.06480996503767
"W38932","5Ery",5.52229269346255,-2.05146064749773,4.83565009926849
"W38933","2Ery",6.69541468266442,1.21078000343288,9.30743768021697
"W38934","7MEP",0.605661578065872,-0.164509599750072,9.97765188284205e-05
"W38935","13Baso",-7.39844343469717,0.0293479329291816,10.9135401682495
"W38937","6Ery",3.27672144661112,0.0465490692020604,3.14819923459463
"W38938","7MEP",1.53716271579281,0.955633153557613,1.02621161180235
"W38939","10GMP",-1.16402799417226,0.267056406475501,4.08621674071298
"W38940","7MEP",1.00232088297799,0.807694088419896,0.411713834807412
"W38941","10GMP",-3.12569235098698,0.773070276132689,5.22220711498831
"W38942","3Ery",4.87218522439185,0.856131709446983,7.50611993162089
"W38943","5Ery",3.26688759033112,4.09006187741469,11.6747300959077
"W38944","10GMP",0.716853307110601,0.64220948686548,0.00376077876091829
"W38945","6Ery",1.58509793840037,0.166191179186494,0.190226046250948
"W38947","8Mk",-0.189288189563797,4.58680264480576,2.23187637709571
"W38948","4Ery",5.38868387850144,1.89483642844715,9.0705499413258
"W38949","14Mo",-7.30165400581098,-0.625268475724202,11.8829612114828
"W38950","16Neu",-5.83604895384969,-6.3212278082631,15.7258529659666
"W38951","14Mo",-5.02587070109061,-1.42209475482651,12.7713286501393
"W38952","10GMP",-3.10938113204952,1.72752270640501,7.02223020051076
"W38953","10GMP",-2.40081191237747,0.590274981314418,4.53699651043802
"W38954","13Baso",-7.95600211932024,0.576352093400238,11.5056065504191
"W38955","7MEP",0.469255744278495,0.865115057585625,0.0217639571186456
"W38956","15Mo",-3.60240672090578,-5.22784883852066,12.6596645304771
"W38957","10GMP",-2.35834775711096,0.75475914450173,4.34513691996232
"W38958","15Mo",-4.13935212434841,-2.4855349056804,11.4215417458229
"W38959","15Mo",-5.23511311977964,-5.06254247305991,12.0264831905181
"W38960","14Mo",-4.39286917923574,-3.75290090329935,11.0081106431394
"W38961","5Ery",3.36556599269628,2.25942000343238,2.43429104557655
"W38962","13Baso",-7.20032292743678,0.986787484483929,11.4936518357716
"W38963","9GMP",-1.28797425625047,-1.16954936426549,6.91240135338975
"W38964","7MEP",0.585159362573756,-0.159570929374681,0.00010122255533318
"W38965","14Mo",-3.70155990538064,-3.16058674985687,10.2912864408702
"W38966","6Ery",4.49522669573361,-0.170959653907811,5.50063675128191
"W38967","2Ery",7.76774297816785,1.47808113303896,9.33558708435599
"W38968","8Mk",0.146064999174573,2.36713386407773,2.82330413007994
"W38969","7MEP",1.10289827034581,-0.0806873878842632,0.00010266859183794
"W38970","5Ery",4.72595922385628,3.19062191770656,10.6058822108609
"W38971","7MEP",0.724929478519134,1.15684226141019,0.566000832015138
"W38972","13Baso",-4.86430353475311,1.37350430422409,9.30744501049236
"W38973","7MEP",0.793493770353391,0.0995254250197364,0.0001041146283427
"W38974","5Ery",4.96242529081215,3.20031565048251,10.6501570228747
"W38975","8Mk",-0.0395513324243726,4.58842114424435,2.26543221825333
"W38976","2Ery",7.70250039725536,2.37250101817113,8.86397518891024
"W38977","2Ery",7.06898579570291,3.22038949676354,8.71278966586196
"W38978","4Ery",4.78486450870755,4.09576032794042,11.8258736048203
"W38979","14Mo",-5.54464793528766,-2.69189822412356,12.1563589955883
"W38980","15Mo",-6.47299476044524,-6.24386692155627,16.0783323149664
"W38981","13Baso",-4.26235686017903,1.2637640007645,9.96621489250688
"W38982","3Ery",6.45626788343728,4.65931458114072,15.6347910005933
"W38983","2Ery",5.33771993245932,1.439729217244,6.88574780071709
"W38985","5Ery",3.77254563170657,-1.04336653718693,4.58229044014369
"W38987","13Baso",-4.54410457156557,-0.993496612530775,6.7729930178095
"W38989","3Ery",5.04671233325947,3.35174746570598,12.5653396511459
"W38990","6Ery",1.2904085283917,-0.149134083986794,0.000105560664847459
"W38991","8Mk",-0.41422862178946,3.19159409342461,2.3328029104885
"W38992","6Ery",1.87708938178779,1.16201957864439,1.31647357227884
"W38993","15Mo",-6.12262385796142,-7.77342969293782,15.7738248892968
"W38994","2Ery",3.6142134685839,3.00998913985936,12.6728097336289
"W38996","5Ery",5.5453510879128,-1.65126227435917,5.11979241142257
"W38997","6Ery",1.56731702966503,0.504731205532669,1.08998854814941
"W38998","9GMP",-0.216891196155208,1.38697708074673,2.81287155446191
"W38999","8Mk",-0.371017310920458,3.77293143428442,2.23974282674277
"W39000","15Mo",-5.12366398330669,-4.91537219282778,12.1673353992827
"W39001","13Baso",-6.23181959910241,1.31562169656428,8.82537426995773
"W39002","10GMP",-3.55274488360686,0.933096983071297,7.46133632039204
"W39003","15Mo",-7.396803118982,-8.61346665014694,16.0783337610029
"W39004","15Mo",-3.30143648463262,-5.3811395815835,12.6596659765136
"W39005","2Ery",7.48058669140988,2.44389220346261,8.77863643461579
"W39006","13Baso",-6.34162492070542,-0.612175889728737,11.983718887445
"W39007","14Mo",-7.95971969669159,0.687025719288715,11.5056079964556
"W39008","9GMP",0.27815467178698,2.48703659410365,2.87516620907277
"W39009","2Ery",7.71969551047015,3.11209813130596,8.71279111189846
"W39010","3Ery",4.64530407081224,3.5113606896914,12.4034947652989
"W39011","17Neu",-3.37680585523518,-0.717216683419658,7.24977329543912
"W39012","16Neu",-3.81451537840208,-6.01990951127378,14.5534601403035
"W39013","13Baso",-6.95710015297455,0.648959198642127,11.4737008132982
"W39015","6Ery",2.65999938978516,-0.629255695204233,3.64479188998295
"W39017","13Baso",-6.63818224075056,-0.585280256702607,11.0775462388435
"W39018","10GMP",-1.84515206436045,3.57289528875831,2.91899747812122
"W39019","13Baso",-7.72183559296823,0.528730518596582,11.4970075964908
"W39020","13Baso",-7.89276591244498,1.66456301738043,11.5056094424921
"W39021","2Ery",5.5702287251804,0.320359619724866,6.88214549001877
"W39022","6Ery",0.921714850111902,0.700396549531241,0.223640607868534
"W39023","15Mo",-7.74151439370897,-5.08609225976596,16.0783352070394
"W39024","14Mo",-5.22592332149915,-3.3155179380223,11.8413389239261
"W39025","14Mo",-6.27756781386886,-1.76706375189255,12.1316193896617
"W39026","13Baso",-5.11562962071438,1.3033689955793,8.96420072048323
"W39027","14Mo",-7.30749162053542,-0.56863308297837,11.8487002150461
"W39028","6Ery",3.02788917493891,-0.64817240097705,3.813607511066
"W39029","13Baso",-7.20991656784145,1.0228446560051,11.4951959502993
"W39030","17Neu",0.219612382196048,-0.32280279777497,0.000107006701352219
"W39031","2Ery",4.4811287166838,1.02729648903342,7.90709695158898
"W39032","6Ery",1.04993971930158,0.782407626593996,0.423886199199771
"W39033","7MEP",1.27186197234895,-0.0653088255433739,0.000108452737856979
"W39034","10GMP",-2.54873523117784,1.90114269455531,5.06481141107417
"W39035","10GMP",-1.3155972351072,2.07208585692872,2.4262820221264
"W39036","6Ery",3.68491587940784,-0.865442109133638,4.5070834635036
"W39037","15Mo",-3.78264498463253,-4.97192949074584,12.5467531650494
"W39038","15Mo",-4.61326209734088,-4.93810842534583,12.3687210694109
"W39039","6Ery",2.02623343102305,0.622282386681325,2.83499261067174
"W39040","4Ery",4.82004015864595,3.70665120084609,12.211656910961
"W39041","8Mk",-0.0525235985755477,7.23553498818203,11.6807161679633
"W39042","6Ery",1.61903979066853,0.577458359825905,1.13080516133147
"W39043","13Baso",-3.63371896571299,-1.7446674472407,9.46344768413387
"W39044","13Baso",-3.72170269365031,-0.873651684599437,7.05764577225819
"W39045","5Ery",5.54034717939014,-1.33599801188624,5.42374239964473
"W39047","10GMP",-2.07252367930399,2.80863086924198,3.18211807772971
"W39048","10GMP",-0.704978563473977,1.77579996001696,2.45243899257255
"W39050","10GMP",-2.91193018751458,1.89280501323884,6.95077664407762
"W39051","2Ery",6.37925026764454,0.618305515201661,7.65757828898022
"W39053","16Neu",-6.33455634983096,-8.2299812190179,15.8891223926557
"W39054","14Mo",-3.02526954036854,-2.63051245789108,9.05989749033861
"W39055","5Ery",4.67776821774055,-1.01072222264273,4.86348714236639
"W39056","10GMP",-1.05632569301548,2.87696758217762,2.23187782313222
"W39057","6Ery",3.41297521837141,-0.278729759973167,4.27772008675357
"W39058","2Ery",6.23249866505376,2.09764768004414,8.71680374655115
"W39059","10GMP",-3.92098537243141,2.03122234841846,10.8277470933414
"W39060","15Mo",-3.38965236546686,-4.92743469503881,12.6596674225502
"W39061","16Neu",-4.47912766913526,-7.98335572045895,14.954673933885
"W39062","6Ery",1.76745538253946,0.553918760498815,1.26675079995379
"W39064","10GMP",-1.52353264491148,0.887754302441977,4.27577696710401
"W39065","15Mo",-5.24661079181062,-5.21924598358947,12.0264846365546
"W39066","13Baso",-6.91421321059236,0.735135164494548,11.4750431009884
"W39067","5Ery",4.07554002003388,-0.220362026014707,5.02446981801843
"W39068","7MEP",0.634996596336121,0.261041489641593,0.000109898774361739
"W39069","4Ery",4.6136649122797,4.53530030652453,11.6521732634452
"W39070","7MEP",-0.955944351541088,1.25753964504604,2.41285543711986
"W39071","3Ery",3.14055645571836,2.46513729572036,2.60033076596106
"W39073","13Baso",-4.63013343146385,-3.05509551594791,12.6422177528965
"W39074","13Baso",-8.21809146297678,0.597656489832483,11.5056108885286
"W39075","13Baso",-2.96271892605404,-0.570537559450545,5.97248178589177
"W39076","3Ery",5.71252694799255,1.06692824423998,7.11837006974501
"W39077","1Ery",9.05495077210604,1.42614124031021,9.3355885303925
"W39078","15Mo",-4.13434207243835,-3.27307569986113,10.2696534431999
"W39079","8Mk",0.725493478013301,0.233733581112098,0.000111344810866498
"W39081","7MEP",-0.0695619909811993,-0.315544831830983,0.000112790847371258
"W39082","7MEP",0.949980332430905,0.718339896768498,0.267634543213667
"W39083","13Baso",-1.99146005530266,-1.73907889366992,6.91758183520287
"W39084","13Baso",-3.57576815182796,1.91664616749559,11.1259963257687
"W39085","5Ery",4.61482528363708,-1.45425197195123,4.835651545305
"W39087","6Ery",0.997071221385424,-0.543469021088893,0.000114236883876018
"W39088","15Mo",-4.7837742143298,-6.6837240250237,15.3356343462476
"W39089","13Baso",-7.74195728586548,1.81483505828121,11.5056123345651
"W39090","14Mo",-5.87575306675216,-1.48653361205162,12.6709165352888
"W39091","10GMP",1.16808596295895,1.26511143264428,1.00198874018525
"W39092","13Baso",-3.90668742517284,-0.099560738594516,6.7923005941033
"W39093","7MEP",1.68283914026976,-0.23435179930513,0.000115682920380777
"W39094","15Mo",-2.56194171601417,-2.95847175077767,8.86922598105938
"W39095","8Mk",0.0976200034432979,5.05525623110533,2.24980785450964
"W39096","9GMP",-2.00679724886164,3.14058519778865,3.10199425909814
"W39097","4Ery",5.23182194010821,-1.22157449383065,5.22146479044156
"W39098","17Neu",-1.15534390102551,-1.42138037976266,6.91758328123937
"W39099","2Ery",7.53621041509576,0.902337696867114,9.335589976429
"W39100","14Mo",-5.70505329551342,-0.861729634415899,10.7802888045563
"W39101","15Mo",-3.97430992189569,-4.40980473046027,11.2468349244328
"W39103","14Mo",-3.64135493117879,-2.91972318542863,10.6140963357868
"W39104","6Ery",3.74918641839055,-1.78772282693655,4.47032305450665
"W39105","6Ery",1.61107434189064,0.338676098763274,1.14296625891915
"W39106","10GMP",-3.55216769121564,0.508251780291377,5.22225317838976
"W39107","6Ery",1.89283519331864,0.788337893672461,1.3609791196026
"W39109","13Baso",-4.45751970046004,-0.11154671852688,6.83402702654248
"W39110","6Ery",1.42320484607455,0.718664434511466,0.942508031891246
"W39111","12Baso",-2.34312655298879,-2.1202469312179,9.08891898410095
"W39112","3Ery",5.62964927307022,6.14985560976222,16.201319259559
"W39113","13Baso",-5.54426742341589,-0.931818790542809,10.7802902505928
"W39114","13Baso",-7.38644678677201,1.66788648147369,11.5056137806016
"W39115","16Neu",-6.374794561178,-8.2860774473654,15.9149676870651
"W39116","10GMP",0.285260528512813,2.93887991854671,2.78755768158858
"W39117","16Neu",-4.8394108583494,-8.28739870996707,14.9546753799215
"W39118","13Baso",-8.14953737891009,0.740678693679333,11.5056152266381
"W39119","5Ery",4.85371188778163,-1.3201442058622,4.73949230405229
"W39120","2Ery",7.28950060464558,3.03124158966844,8.71279255793497
"W39121","9GMP",-3.1113731222157,-2.34786805202383,8.89042652736362
"W39122","16Neu",-7.2222918862039,-8.52798078397669,16.0783366530759
"W39123","8Mk",0.819611510440282,1.63685996393772,1.00199018622176
"W39125","13Baso",-3.24046368079232,-0.472204113691615,5.9998548590016
"W39126","10GMP",-2.90628951934483,0.908555999939908,5.22197733339186
"W39127","5Ery",3.80046460679214,1.37190165885466,2.41511276576767
"W39128","15Mo",-4.11813140715242,-2.47326795906286,11.4553868718309
"W39129","13Baso",-6.00271596406907,-1.11463374986432,11.9332266505787
"W39130","9GMP",-1.85698117514514,2.28326671888829,2.97843785436619
"W39131","14Mo",-4.03588891483539,-2.04547306765067,11.8714850751177
"W39134","13Baso",-2.36697399659336,-1.46406041128916,6.8278547138159
"W39135","14Mo",-6.72578507998641,-0.282729862577502,10.9605423282503
"W39137","15Mo",-3.65331672925419,-4.93367737650054,12.6187361768101
"W39138","15Mo",-4.29957698640307,-3.98236942888604,11.1443993329141
"W39139","10GMP",-1.89632654023172,0.272210222020566,4.2663839418245
"W39140","15Mo",-6.70551758456609,-6.94167462399252,16.0783380991124
"W39141","16Neu",-6.66667140438411,-8.52533743562803,16.0783395451489
"W39142","6Ery",2.93296756373154,-0.562094006950416,3.71976636553584
"W39143","2Ery",4.8043689838979,0.297177446692923,7.81039810659015
"W39144","13Baso",-6.79795412274881,-1.2152370800918,11.3231368816333
"W39145","5Ery",2.08229553224058,0.16388316921445,2.71001905937396
"W39146","7MEP",1.07880664316887,-0.108119209079184,0.000117128956885537
"W39148","6Ery",0.849337241193517,0.227473643135395,0.000118574993390297
"W39149","13Baso",-7.77215731889878,0.476977991875205,11.4970810370618
"W39150","2Ery",7.02333827011811,1.66755310098312,9.11914137424034
"W39152","7MEP",0.818872700315616,0.140581719875303,0.000120021029895057
"W39153","13Baso",-2.10009923661764,-3.01668804888284,8.54162023348977
"W39154","2Ery",5.57088030912253,-0.680640634750295,7.28057651662246
"W39155","14Mo",-5.95932824058357,-0.0932824672092992,11.6114600075389
"W39156","13Baso",-8.30983205827974,1.54124728356613,11.5056166726746
"W39157","8Mk",0.08631066545817,7.25550462259951,11.6807176139998
"W39158","13Baso",-3.92479109756457,-2.34409266404498,11.7767949839569
"W39159","7MEP",-0.265407620221668,3.40201102502723,2.37593949867647
"W39160","10GMP",-3.26096584629974,1.53518410623384,7.12017057234203
"W39161","10GMP",-1.31742954381641,2.40809501460369,2.4158737183267
"W39162","14Mo",-3.83659439251536,-2.82657300524185,9.3385225715338
"W39163","16Neu",-6.86916934332239,-7.23138069805145,16.0783409911854
"W39164","2Ery",4.6498082936778,-0.485494081697442,5.34984690515928
"W39165","13Baso",-8.87352765287129,3.51514024188965,11.5056181187111
"W39166","7MEP",0.733878805772843,-0.0243269453048078,0.000121467066399816
"W39167","15Mo",-4.50332080483922,-3.79796027361986,11.1636020386228
"W39168","3Ery",2.87552317377292,3.66426717875295,11.6743711338812
