cell_id,dim1,dim2
W31105,0.9381523046525806,0.6108163716495416
W31106,-6.294929982548929,-1.5277733638415398
W31107,7.358812620655416,3.6850437399027083
W31108,-7.461092307743696,-3.1786466422797472
W31109,7.461382724753034,3.1401329362327375
W31110,-4.280935730563501,-1.2568120003717311
W31111,5.379443439291681,2.965024650608491
W31113,2.4207949634088535,-0.004864552681922884
W31114,3.8138194327452477,2.576084936155281
W31115,8.036620459090772,2.2547095918066513
W31116,6.666215805979578,1.2360624840066516
W31117,-1.8121857180346725,0.5079360391047202
W31118,-6.065119889849846,-1.5118076892477903
W31119,-4.132828135589625,-0.4308745651525729
W31120,7.221485160929835,3.019476712820429
W31121,0.7281891145978935,0.22440245657463884
W31122,6.343919552196846,4.205871980243815
W31123,7.449152841171596,3.114058697916898
W31124,8.731389661310654,2.2428105908808917
W31125,-0.6644349785109932,3.0725576662909373
W31126,4.744004222383889,2.388532586111253
W31127,-3.197555720706604,0.6872250844040781
W31128,-0.7547033739584272,1.6069066598918496
W31129,-2.2974348633933284,-0.6338824851393163
W31130,-5.456379625337987,-1.9832160581055525
W31131,-6.344000348245649,-2.6698063772406035
W31132,7.0568146354356935,1.704168007484118
W31133,-2.6268076584730635,0.05317486461403156
W31134,-2.2176601876568913,-0.8070048231743298
W31136,6.727725156786819,3.0093112548168226
W31137,7.289635074267918,2.745673515260584
W31138,5.035272115886049,3.687490223543141
W31139,4.466658909700459,1.0721154019751662
W31140,5.282971490890469,2.723397815555647
W31141,-5.361022467476346,-0.42989094519610604
W31142,10.52802833853241,1.860672296534797
W31143,8.501958179431504,3.7748073294323903
W31144,4.404266717166059,2.7263842674006673
W31145,-5.829905973358631,-3.965443774530074
W31146,5.664646123736985,2.099978216826374
W31147,7.40900306129375,2.645788350319203
W31148,-7.108438842133871,-1.2058951294197233
W31150,-2.3215577090287765,0.28299005027543844
W31151,7.625309970707232,5.071534359601661
W31152,-6.343230714899454,-0.9445919635841159
W31153,5.87958714259538,2.9077982327058836
W31154,6.648784083584677,2.4118200566552623
W31155,0.10597193647034901,-0.37660429627085057
W31156,8.104112561143845,2.11871684010194
W31157,-2.8698867565885458,-0.01045398273500418
W31158,-6.263528687049063,-3.3445997684688873
W31159,4.102094550431845,1.724783277147659
W31160,-3.3790028561290115,0.6136440338852555
W31161,7.222289823482544,2.188867609948117
W31162,6.040930801724668,1.3164569391356025
W31163,5.78390338605832,3.05431488974435
W31164,-6.290444742150076,-1.1080180805954076
W31165,8.389028863969584,2.7751312043443987
W31166,-6.36183339606392,-0.42756567277221164
W31167,8.342866119299952,2.6626763964990543
W31168,-8.038639111676877,-1.2445886774686186
W31169,-6.557441986264066,-0.5964140112015377
W31170,-7.460728236865028,-1.7817460002271852
W31171,0.7956271713348505,0.538839206247878
W31172,2.7300012912311025,1.8720243741929454
W31173,0.28252258985394074,0.7109766755775959
W31174,-3.2609964778233547,-0.2997429130269287
W31175,-2.662951098209728,0.4075840819537726
W31176,2.004415426531304,1.024095745761883
W31177,4.313900471370989,1.907443452937948
W31178,4.346951614419759,1.191040550009749
W31179,-5.850762545532316,-3.0792366898037358
W31180,7.131530554019103,1.9695336986336154
W31181,-5.564661402999464,-3.979877494890583
W31182,-5.586102586979721,-4.197112319440404
W31183,6.412489026602608,3.0530495531829875
W31184,7.923567612796302,1.7676129188358591
W31185,6.644617707832181,1.655648149820828
W31186,-5.224847141110218,0.32033590755971086
W31187,-4.058366010096668,0.3102210070662713
W31188,-3.0724910683446374,0.3830012394098444
W31189,-5.6702563481323365,-2.7647542305695048
W31190,6.341986815301674,1.0489056895566737
W31191,1.0712902252262635,0.9033457946936011
W31192,0.8447337955043305,0.6980622832547354
W31193,6.125172182436745,2.0587943697033815
W31194,3.7850232431563002,0.6689239036866401
W31195,8.317405527246963,2.541577514532625
W31196,3.4772329270587674,1.1620327463569657
W31197,-4.085695924850582,0.17765791155504956
W31198,7.077558044534171,1.6942438610703807
W31199,-0.772546735541886,0.14495989496635867
W31200,3.113404521073436,1.1932547914429223
W31201,1.3354305954724623,0.11083012996833594
W31202,-5.949681854215719,-1.0453212981516962
W31203,-5.730581693017701,-2.3161553702954154
W31204,-3.2384405758822146,-0.4342198752167394
W31205,7.091363769695761,1.6588001015170912
W31206,6.9588214290343755,4.184214312539225
W31207,-6.995046579646976,-1.3175151682292592
W31209,9.650307192642508,3.349332632504903
W31210,-5.717258759473344,-1.4530544428694454
W31211,-6.4377719823530555,-1.8634458069528714
W31212,6.867222612250046,0.3634322570497291
W31213,3.6745358227174956,0.3379809820681035
W31214,8.719102062936653,0.8672837480914365
W31215,4.872374752980183,0.8132691316616426
W31217,6.914239682604198,3.700274372880578
W31218,-5.957916990334317,-1.7460876586937961
W31219,-3.257863931641383,-0.29993670496986347
W31220,8.637182251208047,0.8070861301132661
W31221,0.3378468895402271,-0.17583190602705853
W31222,6.584069457474556,3.1450555901335657
W31223,-2.22595797819656,0.9064078376811411
W31224,0.707117196467888,0.8707493737003492
W31225,7.841722648251578,1.8743266853758231
W31226,-5.265598165720718,-4.632382015948795
W31228,-2.23291924573862,-0.9946155342600517
W31229,4.832434362814326,2.8400952936382167
W31230,4.362062360588861,1.9973437586648781
W31231,8.065848343710112,0.7996720248973976
W31232,6.992249593830583,1.7512345342986309
W31233,7.388894672125672,1.5572230041748778
W31234,7.477085703436308,1.6118390771137812
W31236,5.396204067871893,0.07992532142130085
W31237,-5.726342836332259,-0.9462366850401485
W31238,5.393924707645747,2.5568016371835354
W31239,-6.273317977992512,-1.3325804560349495
W31240,5.389139290589177,2.720287318349482
W31241,7.5283455567830115,1.690577154021802
W31242,-5.174416142296696,-3.9281134316090767
W31243,7.548968252816986,2.011908516367148
W31244,-3.7174420676705644,-1.7490043514570484
W31245,-4.921266958454546,-3.015141690346458
W31246,8.64125105912278,1.0507017423359615
W31247,7.548761655334998,3.2427978790398804
W31248,6.742965516937544,3.9111826966510157
W31249,-5.675824667300751,-0.9645222810410075
W31250,6.921693574669622,0.8391370797640226
W31251,-5.46204074741929,-4.709965961301929
W31252,-5.8618680222173145,-1.0623354060242742
W31253,-4.00993270879675,-1.8675548002734352
W31254,-7.554976333811058,-0.5818177279243921
W31255,7.142589155119555,2.6099314439109436
W31256,-5.034747193098493,-2.0023708573393053
W31257,1.219862098462328,-0.15369360327752146
W31259,-4.236923951591644,-0.3304938839437479
W31260,-3.651450317490283,-1.4781221383307623
W31262,5.006119909394846,0.2592589732041018
W31263,-3.341590097279995,-1.9462775282006708
W31264,-4.9242044548330295,-2.8663493066583516
W31265,-6.378872353347199,-0.9778669655768026
W31266,-5.963799508800721,-4.131275494791075
W31267,-2.322874374540843,-0.09316721563367455
W31268,-0.05642973604447089,0.4377731815176048
W31269,4.529532940801768,0.20448550444476596
W31270,-4.878767430724327,-3.7983630733540603
W31271,6.859425986879228,0.202358157036017
W31272,-5.069184668989557,-2.8890789384163917
W31273,-5.099927379322594,-2.926409370762719
W31274,-3.791619616087332,-0.26382837595718484
W31275,-5.119771893619814,-4.432327402456742
W31276,-0.15634574734167436,1.6952533373178709
W31277,1.51553773938497,0.38000709518834735
W31278,-6.401266555789271,-0.7436639706504067
W31279,0.5258317260856501,0.8537830940287675
W31280,7.811540744563993,1.4112394526840937
W31281,-6.018721008784224,-0.7165280229900666
W31282,-5.062413427610696,-1.598217398543121
W31283,6.776009717100001,1.8939939702463129
W31284,5.634747974492679,0.6041565249021267
W31285,-4.253702660477007,-1.3868440292290565
W31286,-4.5868035007802,-2.2629412384554635
W31287,-0.14264198858246804,1.4711705046386143
W31288,1.1600018546499111,-0.03989477930128294
W31289,4.833067705780584,0.7574130787086238
W31290,-6.050882644836296,-1.859881979718341
W31291,6.747075966923549,2.9572088631763047
W31292,5.1317450269883915,2.2769015486131456
W31293,-6.1847083145637765,-2.9772687316030484
W31294,6.1252003607481305,0.3710746294891743
W31295,-5.7598510229623505,-1.665438939047321
W31296,-5.82896221414226,-2.206444533956345
W31297,0.3270319579574198,-0.03805995906307935
W31298,8.364258091505574,2.4913578439168877
W31299,-7.279725035754968,-2.182269380495578
W31300,-0.4903613739337966,0.4512425473301162
W31301,-4.379586061888012,0.21722044825081763
W31302,7.06187406167283,3.4336987852474987
W31303,3.717239620590521,0.7266895119936845
W31305,-5.087540029733718,-3.7539825728366516
W31306,-8.143939037914933,-3.2595758177048224
W31307,-6.492560443782857,-0.8140100456162023
W31309,5.750305585419516,1.5401181642314
W31310,6.612529332594786,3.5172094191017473
W31311,-4.823402822225677,-0.04669841430163093
W31312,-1.5842318971072473,0.6192400568780261
W31313,-0.4413984110042714,-0.024669502492918677
W31314,0.12317995614724835,0.982904915182001
W31315,3.9654423346417462,1.8697560873417263
W31316,7.530081122670747,1.9125514981292573
W31317,7.690724707049614,3.635662826912264
W31318,7.933561604475525,3.9296891700537664
W31319,-6.533054213829752,-2.2827535383527606
W31321,4.075933026721333,2.5138545824934835
W31322,6.651083388411895,3.4170180089138036
W31323,5.062994170083949,2.993374546113604
W31324,0.5584734389854853,1.2474482150398871
W31325,7.275555635551441,1.35294047246174
W31326,7.239239446643964,2.7476648395112186
W31327,-7.082361632251129,-1.8761023723751198
W31328,6.40907705048736,3.671303787271768
W31329,-7.374593209351833,-2.3004644186808387
W31330,-6.929287781564079,-1.6998690346741356
W31331,1.3308305648536074,0.3936436720189689
W31332,-5.2764560909830935,-4.07663710437143
W31333,6.168685167614749,2.139168435588726
W31334,6.84694535097014,3.1135915681420427
W31335,-4.878518750266219,-1.7157966492852204
W31336,-7.188293787890322,-2.347609615459521
W31337,7.311185585048834,4.410138893032222
W31338,-6.7545330220582125,-2.4565416730659067
W31339,-7.074828268041142,-0.9460244536536643
W31340,5.9622356101722565,2.9667273339444113
W31341,-5.517984471409986,-2.6877120769178853
W31342,-6.3401674638784336,-4.122556386507566
W31343,-7.801748027567639,-1.5725276360075433
W31345,6.2412051591088815,3.1545541496838494
W31346,5.577691901842308,2.4763468717448087
W31347,-5.072280867748068,-1.1765587412086573
W31348,6.443618306193827,1.3671480391807551
W31349,3.3333727460978766,1.6152773700139889
W31350,-6.5643992006944805,-4.056049409882821
W31351,-7.385455067822486,-1.5560930770718635
W31353,7.909987001924884,2.610685776928924
W31354,-0.4707282148485068,1.3593981402504853
W31355,-6.963226923238426,-2.080218035602483
W31356,5.545065943960187,2.3636850181727307
W31357,7.050579626316647,2.7610762142478174
W31358,2.4702022526907896,0.8207389727735336
W31359,-5.932384295374007,-0.8778875136795578
W31360,5.508241472351597,3.7264577421910245
W31361,-5.723847198462218,-3.826352548083828
W31362,-5.88326927682066,-0.9177571606149515
W31363,-5.722931186464251,-2.817658045569723
W31364,1.4213785438129727,1.1224589190878294
W31365,-4.93930467402459,-0.12731218899151206
W31366,-5.171405120140246,-3.0069157778937927
W31367,-6.663067688737948,-0.8814963428711359
W31368,6.61593733032993,4.14568920269769
W31369,7.517961800920216,0.8888078981924465
W31370,7.791665530178589,1.9656598158155516
W31371,-5.002536836003393,-0.8351644733148005
W31372,7.572767966276564,2.086902192363483
W31373,-2.7467222299461787,0.0858255244343062
W31374,7.590672686561434,2.1162842470385854
W31375,5.442901548471078,2.784855430197557
W31376,-3.6401009135372253,0.45873518097940685
W31377,-0.5286288429840127,0.26195453250991496
W31378,7.032757617940651,0.8384499999731261
W31379,-1.9913137160262329,0.005711887884011521
W31380,5.688040320896887,0.9075449783226506
W31381,-5.912532285521134,-0.33408964787780926
W31382,6.556473546707697,3.4189863416547337
W31383,-2.8426546644850723,-0.29023638769453924
W31386,-6.012428717995537,-3.894284210575001
W31387,7.415245732551581,1.398717298186974
W31388,-2.3113180182058177,-0.48936355224927747
W31389,5.543114770465859,1.9929937889694394
W31390,5.669214634879314,0.968050689496573
W31391,7.012866187342488,1.025425648270901
W31392,-4.361992400628641,-1.2141526503238178
W31393,-4.732992692776975,-0.457871874005618
W31394,7.780169512047452,1.9294171312531865
W31395,-6.24676507431977,-0.6944442220149228
W31396,-5.214705586922977,-4.583403166415803
W31397,-0.5070599133992489,0.09190568062360183
W31398,-5.566056277955147,-1.1173926523403435
W31399,-5.130915247690019,-1.0487302322491232
W31401,7.129768673930131,2.5470813996439987
W31402,-5.323440877905844,-0.7399656448652434
W31403,-4.649879164341033,0.20876092356961218
W31405,-3.6301587539713482,-1.169326728665424
W31406,5.551159239737209,0.8904216602113212
W31407,-0.7731119498967033,1.1036616449626495
W31409,-5.698830243172758,-0.8998955323071215
W31410,5.587609679058521,1.9985937730346093
W31411,-5.595659152195408,-2.2333341434837304
W31413,5.104575745607919,3.0137941196633573
W31414,5.655760429554895,1.967497837002259
W31415,5.512564869599598,0.6220079603395735
W31416,6.298990410479097,1.5825775831237865
W31418,7.097239957757088,2.0296643487845456
W31419,5.781603736287717,1.0297743757512767
W31420,9.553069737339834,1.7102710719672
W31421,-5.7955371900430706,-4.5987795566943745
W31422,-6.4246060714668625,-1.3993610807485883
W31423,7.42445653767168,1.4792063424022122
W31424,4.667275984126191,0.8747567178051638
W31425,-5.912260391771914,-3.729391304464882
W31426,5.2621580770158065,1.3690586296701943
W31427,5.8028979594552395,0.12226865670141676
W31428,5.5110714799867,1.6605376574517767
W31429,9.063638731145646,1.5771148919647262
W31430,1.1755487672052645,0.6149065334578814
W31431,7.545150170201339,0.6270359678540759
W31432,-5.528393856276009,-2.2984324234556053
W31433,0.37263950269288304,1.296476356849336
W31434,6.971253912833529,1.3938770420257276
W31436,-5.821638706423994,-1.256453732779711
W31437,1.995384189957721,0.24909276607259906
W31439,-1.3195205116904039,1.260294873474588
W31440,7.707204505566654,3.5881428673131746
W31441,7.073741297139106,0.658148186371186
W31442,6.965826204653808,1.1484804994666808
W31443,-0.20105866749372714,-0.2632705491779172
W31444,6.938355942261216,0.7341168394675556
W31445,-3.3082304965084606,0.8529597177181593
W31446,5.342186320558931,0.9217413225326594
W31447,5.9238428003269705,1.6955119792843487
W31448,-6.381759517283488,-2.241698243279186
W31451,-4.116126178538904,-1.4143774999919436
W31452,8.556618056666276,1.2254052855742088
W31453,3.9915169561655865,0.447276666757987
W31454,-4.043920395800405,-1.5271146552304542
W31455,8.719066723535446,0.6811143180681419
W31456,6.101230789994952,1.6950333006250855
W31457,-1.1107915724337718,0.056545155096774304
W31458,-0.5082289990043763,1.0836811958571517
W31459,-0.9341439448171391,0.4314687653821086
W31460,-5.47810546323482,-1.860898630153466
W31461,7.146533384984735,0.5580523509007831
W31462,5.96990379850475,0.36067605499405425
W31463,7.888075877113816,0.4302744611820596
W31464,-5.638650728238863,-0.3107159532595644
W31465,-5.620676820640917,-1.5667537392955169
W31466,-6.158257727779994,-1.4916852286556002
W31467,7.1415222438278,1.5574596050416798
W31468,-4.571569776960693,-0.9740780393201312
W31469,-5.319021476510496,-3.9031303566189983
W31470,6.768054268239987,1.9324982609742833
W31471,-6.350082157768388,-0.27817221886621823
W31472,-5.407878522428656,-3.6770865803276367
W31473,-5.4564147358158985,-1.4682898593771403
W31474,-5.810605693555055,-5.239937316749036
W31475,-5.6694783100807316,-1.0614146079953053
W31476,-0.1321785677707843,3.5970545666701725
W31477,-2.6481708628101237,0.010644550008347596
W31478,-5.061340654830722,-2.250154482963858
W31479,5.760503132142988,0.621871652822719
W31480,1.1330586328647037,-0.03927833399094006
W31481,7.570267633418455,0.7132061229277193
W31483,-3.9979360715110133,-0.6897275333167668
W31484,-6.099763621560418,-0.1958687939594393
W31485,6.530852563955509,0.6647923351505184
W31486,5.867011715672842,0.9797011754752374
W31487,-5.584659390285253,-1.1832504885831627
W31489,-6.894854817386306,-1.1865183496549254
W31491,-2.8220283813281517,0.09099702952807147
W31492,6.422817373746354,2.748654444217504
W31493,-2.583906629734668,-0.608259105524934
W31494,-6.335783203757937,-2.2547566639913383
W31495,-2.3119916941784266,0.49611010917954107
W31497,1.070620125582949,0.09044100389167925
W31498,-3.057405109465793,-0.07914347937620829
W31499,4.71155377323192,2.219394895535895
W31500,7.53306119409573,1.7293471253755104
W31501,-6.74123865235666,-1.257504355547138
W31502,-2.8193422562248562,-0.5306897429936535
W31503,-6.154705986664332,-2.8595972162617977
W31504,-7.905394274439072,-2.381326785889881
W31505,0.5326351248983366,0.28320629490472066
W31506,1.9131643046286266,0.4809761792107807
W31507,2.0865209196089904,1.2622715648454332
W31508,5.016182227792047,1.817257142689413
W31509,-6.256815237729398,-1.3504181348756015
W31510,-6.1565686758931175,-0.5899042625363103
W31511,-3.7056786120693297,0.11637533346734358
W31512,1.867422717988999,1.3439192667400477
W31513,5.962588362844291,3.610690664795828
W31514,0.6630701116349251,0.6219987317894992
W31515,-5.826566981869283,0.1352941774423566
W31516,8.867404436086826,1.8689759040500586
W31517,-4.802389074669013,-1.9196722451853254
W31518,-6.16371572645552,-0.051799799852676603
W31519,-2.02291112763747,-1.0637190437464021
W31520,-2.9622297367049364,0.6535867819362994
W31521,4.6841866013859645,3.2148529127624244
W31522,-6.285148941498407,-0.13983785027363807
W31523,8.067474480487993,1.1195741070803154
W31524,-5.006698376215648,-0.6222001478055607
W31525,7.4028492024921455,1.229321071452007
W31526,1.1115793114637367,0.2345037018396064
W31527,1.7518363674390454,0.34391516655586496
W31528,-5.9424747338343415,-0.4865202921744616
W31529,5.071632200638976,3.09382474356485
W31530,-7.106222580860279,-0.9679214506531364
W31532,-5.228287699449982,-3.468687115377771
W31533,-1.8402369029986982,-0.4626617748524216
W31534,-0.9855965741791058,3.105210701674577
W31535,-2.352509107917801,0.15067498885158354
W31536,7.284617925389522,1.358018459743922
W31537,-3.955230217663987,-0.9000771759579532
W31538,-5.914670507064206,-0.593594629500749
W31539,-4.0282897120732395,-1.1073859399528816
W31540,-5.607109981415486,-1.9331006708658962
W31541,6.572151756380366,0.7638621585859247
W31542,-5.708595503854656,-1.3584493246714011
W31543,4.501314298996456,0.9109889780467235
W31544,-6.183793272534478,-0.6194153800639943
W31545,-2.1488423696383747,-0.09998549080597449
W31546,-6.455061867489862,-5.442883090741955
W31548,-2.661712819658411,-0.564397579756135
W31549,-5.273467458669523,-0.585941673825439
W31550,8.42002147061742,1.4137495579428097
W31551,6.661844680414503,0.8099259044196494
W31552,-4.748760913126117,-1.3059099989932792
W31553,0.1535549889341425,0.2012330559867382
W31554,5.827140068690194,1.4473165957312795
W31555,3.501227757414216,0.43178591788896964
W31556,-4.657137978893261,-1.3133577869216766
W31558,-4.41597895390902,-1.9114659445813398
W31559,-5.630819037107612,-0.7267909788811306
W31560,0.9204038963390463,0.22034237170077867
W31562,-1.6060195334405802,-0.3881815390595703
W31563,5.10261667798407,2.170774018072951
W31564,-4.6542692451630145,-2.6552315544969964
W31565,6.368535520661738,0.8761311133972893
W31566,-5.126891699369422,-2.122409637236511
W31567,-5.622472040450153,-0.8298706731371804
W31568,-5.1398762601445664,-2.476010020587833
W31569,0.7688307660679634,-0.029985811577471048
W31570,0.6415263950938566,0.47649146334874865
W31571,-5.985501774823815,-4.370437765330801
W31572,4.992000978276603,1.3866533516280397
W31573,4.201829968343495,0.7968307779139272
W31575,1.9384774857109521,0.35410756122564596
W31576,5.622431112847541,1.1385446565709754
W31577,-6.559595822405805,-3.9995577033266247
W31578,8.277319485032354,1.5665909234267525
W31580,-4.603019285095337,-0.606585830062369
W31581,-3.4506511475463824,0.08585311819800763
W31583,-0.22407082153445512,0.7976123224039214
W31586,6.316722927820608,3.6772198742109596
W31587,-0.4711324447085999,0.5701711062998239
W31588,-7.2075265950723395,-5.00525562351104
W31590,-7.3990640349692995,-0.7627391960018403
W31591,-7.0983794643396445,-1.1060679686733985
W31593,6.49782062957063,3.5620575783583877
W31594,6.351671562670938,1.7740606359213198
W31595,-5.729092480321671,-3.6906704971656747
W31596,-5.692006343542957,-5.3029732060759684
W31597,-6.9897610088191,-1.2654052637657676
W31598,7.354073958472648,2.2321532402600304
W31599,-6.73968002565015,-4.230794360758689
W31600,-0.6077514988741042,-0.4673089714632291
W31601,-5.326362215662254,-2.91427871607477
W31602,-5.042214868533914,-0.3806758020660695
W31603,-5.13185296452202,-4.411085529521223
W31604,1.6512609942235754,0.5248011920482134
W31605,3.988826935497175,1.9727872973582232
W31606,-6.3424194088784365,-1.8377190234923737
W31607,-1.681414899372123,0.6108887398089028
W31608,-6.70315930992768,-0.9102461076296204
W31609,-7.624922707036088,-3.360808360193097
W31611,-5.950783213299849,-0.9998278091595121
W31613,1.711131505791522,0.7854138112385701
W31614,0.20642551672452583,0.25068754099535007
W31615,-1.6492507806158985,-0.22284352464590232
W31617,-6.127977186457673,-4.883966622220762
W31618,8.576137460155929,0.7680430073828862
W31620,-3.549121161608741,-0.4078316538843629
W31621,-2.1279110865555193,-0.15759731028138446
W31622,-5.876634161262455,-3.1330213210808515
W31623,-6.573613475870464,-1.0261986812011166
W31624,-5.5956468552561285,-3.244160095038171
W31625,-6.548728595961193,-4.4070365415782895
W31626,3.7556627385648427,0.9360688653889913
W31628,-5.324953439938963,-4.771620641658111
W31629,4.953689463159568,0.8460887018743116
W31630,-6.0655814709322895,-2.212123623234158
W31631,-6.989263323551659,-0.6669007200399694
W31632,-6.925315446662861,-4.413275547748029
W31634,7.8094712276514375,1.096299592738082
W31635,8.57521974089138,1.5875790278943431
W31636,7.836872313916588,0.7708139883427312
W31638,-4.884730338790585,-1.0183295551826639
W31639,-5.511600123240019,0.11634141775973303
W31640,4.082573767006652,1.3293027315557133
W31641,4.763164260865354,1.7039860182826416
W31642,-0.7133841821641317,-0.34485367672007416
W31644,-5.674530716972068,-1.409320009628237
W31645,0.7812034111372095,0.3183013829853557
W31646,-5.43227780998312,-1.528862043474835
W31648,-5.220412170959659,-4.65147126194711
W31649,7.223151622989681,1.9857577329311098
W31650,6.757775151419678,0.7873767274411435
W31651,-0.299238624895298,-0.20261293244119147
W31652,-1.08811758763491,3.6187587964187458
W31653,6.890438328027271,0.6421336100812551
W31654,6.059813990827071,1.0238624329828252
W31655,-6.056305574312067,-0.36984102260460977
W31656,-6.260199141818027,-0.4914865164254677
W31657,-3.1077775970212786,0.16212726466904676
W31658,1.3132274644665316,0.4084051946084739
W31659,0.9206123671254726,0.31211765480495646
W31660,-5.515358322526504,-1.1052544052459965
W31661,1.0893544651094729,0.151216712005021
W31662,5.700127580180624,0.9264751320742224
W31663,-6.216678978692077,-5.739986912663059
W31664,-6.034631097312948,-1.7349505887702685
W31665,-6.182530449338976,-0.4436341569886205
W31666,7.123082968929876,1.182431615949528
W31667,-5.069634898593106,-1.9551973356735124
W31668,4.8655620818792595,0.5551892775817537
W31669,0.037313622448981135,-0.1634935659651666
W31670,-4.457020442904788,0.11947316975302023
W31674,-3.3009020774891633,-1.2589394202099953
W31676,6.303427154729667,2.293553993691155
W31678,-5.856276658189603,-2.1739352435193213
W31681,-1.9990897199739834,0.16875654348268038
W31682,-1.7907091409133347,0.256512480453334
W31683,-7.846032515260477,-3.7934293711483913
W31684,-0.7687869094277755,1.8338961602804573
W31685,0.2606277843749889,0.8620161857813468
W31686,-5.912352654687315,-4.557826228181
W31687,-7.169142152844523,-0.28775325390702544
W31689,5.398621993575618,3.2766753565606845
W31690,-6.207231990239478,-5.087566551489268
W31691,7.019817929602513,1.7549887534683553
W31692,2.553491924831696,0.39611589099927963
W31693,-0.8383531035705128,3.8901002503270865
W31695,5.498157338189106,1.5960700885420083
W31696,-6.198603287292642,-0.7066773933273264
W31697,-2.020067565807927,-0.12617774393801454
W31698,5.645072936227807,2.654113430900155
W31699,6.118504928415911,1.852003663594082
W31700,7.65830809790207,1.4871323047830658
W31701,-5.407493095615043,-5.138388280503628
W31702,-6.090265692983777,-1.041114743792904
W31703,-5.840104669123526,-5.127958138387285
W31704,1.981046516969311,0.4549584398499008
W31705,-6.539040243234464,-1.3324992370805686
W31706,4.051527320511275,0.9505955678913556
W31707,-6.251447233493103,-0.8682293181232326
W31708,-5.413101425292376,-1.8614980886326962
W31711,-5.054720234889669,-3.5674206701102364
W31712,-3.1049134264289844,-0.9815596306362796
W31713,-5.469486782677569,-2.6554741299215396
W31714,-5.141965207988897,-0.7602198312997194
W31715,-0.9355209534440742,1.3021549962555239
W31716,-5.25199499732268,-1.4741669740479268
W31717,8.76746426348633,0.5389585828937554
W31718,6.771905564513822,0.9376831779558358
W31719,4.889521563767893,0.5729503518424361
W31720,0.6505118773430827,-0.137235771658315
W31721,-7.8055568749383335,-3.0025345993573946
W31722,-2.8721996660159683,0.4898215520525797
W31723,1.289919533223558,0.5136205483218812
W31724,-2.1576082393303984,-0.5085376638730547
W31725,0.4620341278136915,-0.021611110552137925
W31726,-5.445281649007467,-1.7200944125741142
W31727,-4.379336418704994,0.13902381738858752
W31728,7.1745204169074395,0.8664205409477389
W31729,-6.335307240543684,-2.8254252974792915
W31730,-5.484102619766066,-2.570334878364653
W31731,1.0266646750259927,-0.062315251757172695
W31732,-2.44623915581562,-1.0213128416055213
W31733,-5.608552234937166,-1.366140281545656
W31734,-4.530719533088461,-1.5804459342866948
W31735,6.772262742203645,0.8525015959293554
W31736,4.607729597100175,1.454566769750141
W31737,-5.242868039095198,-0.3616778143988366
W31738,-3.215283570203665,-1.0897900137684393
W31739,-5.595166892088024,-3.859955132964552
W31740,-4.982591981274312,-4.565794404025988
W31741,-3.143895478224703,0.1316198415389023
W31742,9.565587486281338,1.5458137621114756
W31743,-5.687560746379524,-1.1872668840837255
W31744,-1.5568337804561987,0.564156580619632
W31745,-3.4895396173085054,-0.15368004162210394
W31746,-0.291153978434306,-0.5121732552021728
W31748,-5.593630321812961,-5.292874233574138
W31749,-2.179064603082472,0.756134868013336
W31750,-6.162295610083189,-0.12557934924743605
W31751,-5.73173014733154,-5.053123798703384
W31752,1.2535272931838366,0.32245081119271735
W31755,4.535543317103735,0.7552684117260602
W31756,-3.192443968932539,-0.4250914572019691
W31758,-5.49620165602034,-0.6925747987770862
W31760,-5.421684827188127,-2.4765770830485327
W31761,5.222774871100381,1.0760304153306217
W31762,-6.168652288781029,-0.2794838038676946
W31764,-6.252846181305749,-0.9000751258110831
W31765,-5.706365998477106,-0.8346890554883608
W31767,-4.000018247405765,-1.5007559732604205
W31768,6.285520726957524,2.1714054869005692
W31771,-1.209136791260214,0.28092026325299535
W31773,-2.5571166807823835,-0.21237807712757256
W31775,9.728110115129603,1.8040327171677262
W31777,6.847160690215673,3.1495099229054215
W31778,1.67448463028931,0.4307816838462856
W31779,1.4253805519001903,0.42691543401947846
W31780,7.50853580298433,1.0740224383447674
W31781,8.48435569392837,2.040662403547196
W31782,-6.582427871130652,-0.6074863598314482
W31783,4.341935192852338,2.4541060084786923
W31785,-6.580843658807991,-4.261635783758774
W31786,7.618630563581944,1.776269034141464
W31787,-2.4276692769852235,-0.304104003636022
W31788,3.5564238469161746,0.8461991967594955
W31789,-4.274253904374639,-1.1673885152763688
W31791,-2.866520865501705,-0.2143884676057915
W31792,-2.818260217658605,-0.27196552992612055
W31793,-2.545260880982856,-0.47106399676072563
W31794,-0.8495272059722977,0.11316918254574594
W31795,1.7089299581132071,0.21384713302565747
W31796,1.084968397074746,-0.006267698706347968
W31797,4.3799980483087,1.2820185421695829
W31798,-6.05674315565646,-0.7088433515201558
W31799,-6.208030565814645,-1.0327492625214478
W31801,-6.019891428800702,-0.5242027879828217
W31802,-5.233849707156124,-0.8926773451439503
W31803,6.916939856373902,0.3616809736665164
W31804,-5.341553236185082,-0.36965609483189804
W31805,0.0652994700320637,0.4181433791638126
W31806,5.927615551891557,1.8439392010916549
W31807,-4.0616957891234975,-1.097782218665459
W31808,-6.981974873410924,-3.673243640238171
W31809,-5.191762063000178,-1.3794405715654932
W31811,-0.7414076442026768,1.4909214946118472
W31812,-4.433231178627849,-0.673488935765687
W31813,-5.331540415651345,-1.7708443883514353
W31814,6.730650178398287,0.605595372956425
W31816,-3.5447735383749377,-0.6346972060629941
W31817,-5.32483908310452,-1.46138887424831
W31818,7.232095276027369,0.8165194106550979
W31819,8.118168607239815,0.5705675385091449
W31820,-5.340725396174965,-4.601241949651413
W31821,-5.45484184137074,-1.6401447849494781
W31822,-1.9513546781993156,-0.5239426485871571
W31823,-5.341933968947403,-4.446493636162274
W31824,-7.032554265790734,-0.961334890241997
W31825,-5.594496498322954,-0.09099330679796455
W31826,-4.9471494836764505,-3.622924181349972
W31827,5.693874066970355,0.279925188884035
W31828,-5.29382051104324,-1.3072404844623526
W31829,-0.8184435048638526,-0.16993023549301792
W31830,-2.7786277326935624,-0.3864409170828634
W31831,7.285202907015475,1.3629012994777185
W31832,7.613057571276989,1.8873259942878307
W31834,6.648241035017996,0.28891896581948384
W31835,4.573141295959139,0.5937028102371786
W31836,-5.619976854422021,0.11048135955841565
W31837,-3.9050460612438256,-1.689930548431767
W31838,6.917926369984299,0.6749092561335139
W31839,5.951711670914477,1.4009601997745802
W31840,-6.4388219167976875,-5.100120477644643
W31841,1.5797178632820408,0.5351072917708409
W31842,-4.8214119287865795,-2.0296394120837085
W31845,-5.4004614513808225,-1.03671662967629
W31846,5.083818749947015,0.9408623240903814
W31847,5.301415283572989,0.6975853764833634
W31849,8.147682017817482,1.3115228067794016
W31850,5.458590372642846,0.9649282343293214
W31851,7.949885870578712,0.7684368167628655
W31854,-2.1400721501213127,-1.32875931535568
W31855,6.656387265781111,1.0870964402162844
W31856,-4.827431832118913,-1.7414044972980778
W31857,-6.018740520074044,-0.7260825358019929
W31858,6.228789559285887,1.1543447181455944
W31859,-0.9615474181003204,0.4610561465737175
W31860,-1.6184301372143004,0.632851108579197
W31861,-4.998757115377321,-3.313647430527709
W31864,-6.075108318333732,-1.127120891171797
W31865,-5.749226713084642,-0.232644009566516
W31866,-5.600728612407529,-0.5387592313966859
W31868,-4.601480675173659,-1.0037547679505285
W31870,-3.069062666242588,0.16836042563736148
W31871,-5.865960479286989,-4.676081689665842
W31872,-7.303386380661751,-1.170808941751191
W36865,0.1875099971985109,0.44129469139370564
W36866,-6.1561595807035765,-1.7760501447274122
W36867,0.12071759429164163,0.8392198325786391
W36868,-7.530929563909342,-1.4068300648400403
W36869,9.195746054935723,3.1344270411330943
W36871,5.833537806709652,4.3109215319687495
W36873,-7.446088997367489,-0.4819929313852525
W36874,-6.1938058383326595,-0.9911019901753679
W36875,-5.695207366805891,-4.4467380948020185
W36876,7.810344359147808,1.868366922622081
W36877,-4.610007460858004,-0.5366820101240979
W36878,6.645410684989184,2.4101484433950686
W36879,-6.1704082781183365,-1.4853056867111756
W36881,6.771047912817382,2.922833074296042
W36882,3.37431972563819,0.6075491869677692
W36883,7.323899988829987,2.2660769833975767
W36885,-6.166077526711751,-3.498208068263573
W36886,-2.3742122613226986,-0.22114494743955093
W36887,0.14900625701136092,0.571141115155396
W36889,8.335751871939788,2.999535498001452
W36890,-0.5048595305782289,2.6241426678322073
W36891,-6.828411449647568,-1.7702126884499296
W36892,-7.471443292721348,-1.7722615415524017
W36893,-0.07618853480952599,0.6965119174975974
W36894,4.862558841269235,1.9198187523558292
W36895,-5.092566089592794,-2.3757850342887763
W36897,8.206041478732308,2.0678776809305575
W36898,5.728031558506089,2.9877914910001246
W36899,-3.1469979070558955,0.35948240652532054
W36900,5.247079853821901,2.0084747905495353
W36901,6.686665070407147,2.296119901831706
W36902,5.53871036673613,1.7800058888511232
W36903,-5.811962552967126,-1.0664724446881992
W36905,7.417601388152403,2.6376427264042204
W36906,7.401052876038794,2.3383886362219553
W36907,-5.325014910892055,-2.6207195441334967
W36908,-5.574581250417322,-4.0786689581013995
W36909,0.598884855656288,0.7722614221314018
W36910,-5.698573493653244,-3.978248196277437
W36911,-5.810609932184728,-4.295508740016968
W36912,-4.203725388710335,0.13034879358310583
W36913,7.050930614585726,2.593199755670332
W36914,-5.82869900164888,-1.4997321297433974
W36915,-1.0199050235295233,1.28467391699436
W36916,-4.843533723627737,-2.442769137684844
W36917,-6.100077803471133,-1.9513688047152031
W36918,-4.76109101106452,-3.0185337783835373
W36919,5.09157524890406,1.6838682094623947
W36920,-6.0176722683177495,-1.5925742110510475
W36921,-5.030810539111614,-4.47923942013236
W36922,4.719786591690783,0.775571464819643
W36923,8.100335297805863,2.991803249688938
W36924,-6.398197884125487,-0.42124024093843787
W36925,-6.6914023292742115,-0.9183614241737702
W36926,-5.4194136787787865,-1.0943201348914553
W36927,4.393117296434333,1.1307714460310918
W36928,-4.386283654092421,-0.24163470566193315
W36929,0.68253623031887,0.7163196012349193
W36930,-5.274855141210192,-4.432751840855857
W36931,1.7836393803980193,0.6082267237881479
W36932,-5.946118899597346,-4.165224362823742
W36933,-6.4270564257175025,-3.355284700332998
W36934,-1.7150313684199576,0.14690678852845243
W36935,2.2699732497105205,0.3088484538156155
W36936,-6.264560000084588,-0.8424546543301391
W36939,-5.2681724926175475,-2.911783389782836
W36940,-5.367937102248118,-4.353420989025418
W36941,-6.17099249562338,-1.382324190015621
W36942,-5.942506018995103,-1.3172161092058996
W36943,8.145162329151278,1.8857216658985128
W36944,1.9003224361648983,0.8054844867675743
W36945,0.9799466908170769,-0.0147967683910456
W36946,-4.686082984721695,-0.5549152424003969
W36947,-5.487286596641519,-1.9187554829771933
W36948,-5.636184177938237,-4.372828076214238
W36949,8.11411736088837,2.2284006277306743
W36950,7.821860452535705,1.6559088423735424
W36951,5.774203558610785,0.802358173620968
W36952,6.715442392097579,1.22497449018025
W36953,5.119638997556302,0.7867949080040554
W36954,8.109094905223907,1.0761465315531886
W36955,-4.922198203229208,0.3596600760660911
W36956,-5.239364339297267,-1.1292204529732843
W36957,-6.165319289127268,-1.911607118463722
W36958,-6.43159337149474,-4.233884068749678
W36959,8.85130395675219,2.1876799077142683
W36960,4.992002079218093,2.0579105361085737
W36961,-6.4689157941473905,-2.4987945377452356
W36962,-6.861792174923381,-1.7149681477289722
W36963,-6.846030991401676,-2.662662819039462
W36964,-6.882488400153112,-0.6016188924852905
W36966,-5.213738903100611,-2.521471026247844
W36967,9.630923425573863,3.1420765582231365
W36969,-0.8765119423258833,3.980388057444705
W36970,-6.333189169299503,-4.3406142298665475
W36971,-6.368830084665576,-1.754537881908305
W36972,-3.5164754785219756,-0.2761356436182785
W36973,-2.96906936617394,0.3695526607226567
W36974,5.249678718931968,2.17293946219503
W36975,-6.766036344825221,-2.542810516263795
W36976,1.315729526170789,-0.2504241858887187
W36978,7.922222635533502,1.465979054070417
W36979,-5.62281300163102,-1.4750771613666402
W36980,-4.09848752675348,-2.0353209642434327
W36981,-1.4076565657564324,2.0386868636115363
W36982,-3.6779069745828794,-0.5908080376177467
W36983,4.4550410140898435,1.3971279667512424
W36984,-6.1165088930767855,-0.8216530118234138
W36985,5.486067310570358,1.7282117123331988
W36987,-2.5918144606434517,-0.17209218786373945
W36990,-5.826991823002865,-2.3802862195795127
W36991,-5.0811207633463455,-0.42051166493793024
W36992,6.220559177844965,3.8555758821070616
W36993,8.223001158809918,1.3308139932845642
W36994,-5.265914190298272,-4.364459789232855
W36995,8.265299838571993,0.12625876692277563
W36996,4.828974784613901,0.9240184908393765
W36997,8.751075979492938,1.666328205613836
W36998,3.4756132049772286,0.523856395014223
W36999,-4.089628295981102,0.30064714474391396
W37000,-7.266893207015237,-0.8954473218127076
W37001,-5.69486915745814,-0.49351218191856844
W37003,-0.05157265286192298,1.4988338946715523
W37004,-5.727984695397693,-4.027492722365021
W37005,-5.223629047055068,-0.12485589428954064
W37006,1.1323995076629707,-0.18440371467211614
W37008,6.597274936993329,3.1791829452844285
W37009,-5.450785281785644,-0.928067650622763
W37010,0.9154105303666036,0.17236846513991722
W37011,7.384943090171384,0.2057411814103804
W37012,-4.022492585111974,-1.6199064476569427
W37013,-5.083234200001848,-3.7723837327851832
W37014,8.046708011170828,2.569908680195516
W37015,-4.220184869416289,-0.5075234450492342
W37016,-4.412466793508955,-2.370831612452665
W37017,4.683015296523061,1.407744479713474
W37018,8.369777844380666,0.6084191254539172
W37019,6.783199032251768,0.5136298016935048
W37020,8.540859528781535,1.00501925908708
W37022,-0.8604759063811029,1.4951050517745046
W37023,7.911337336682636,2.186418070109932
W37024,7.083127351850084,3.0523036172151548
W37025,-5.448998877078638,-1.248279178710398
W37026,-1.6951244987657565,-1.0071247990893057
W37027,5.183574631251701,0.7832079398251768
W37028,-6.078750247747015,-1.3163141841568402
W37029,0.33419723241945626,0.6730282065629206
W37030,5.228565210331709,1.9016003282177532
W37031,5.574225271414968,1.2672170137210081
W37032,-5.955735977533737,-0.5096034623118552
W37034,-0.7753478105163764,5.177820086246104
W37035,1.169445472836658,0.02185963976876073
W37036,5.958298012497797,1.1613179579291808
W37037,3.8681802637817033,1.0903493722727882
W37039,7.468913826619413,2.0829401966904975
W37040,-5.751307071483482,-3.481730494502933
W37041,7.133721207385369,0.8415597466706504
W37042,6.963846668578432,1.3644923978177181
W37043,-5.601635690703455,-3.594586758947456
W37044,-4.564993029559732,-2.9093584858701522
W37045,-4.7927400088943735,-0.7951187052610295
W37046,-6.033248382738026,-1.3630108874291231
W37047,-5.979927682280736,-2.0975265544214587
W37048,-5.194418142243005,-1.1468713868476876
W37049,5.192173907377596,0.855596622128902
W37050,0.8387254169425171,-0.07577939466200201
W37051,5.555600792632508,1.6609327121109758
W37052,7.499301326567079,2.6228825677288086
W37053,0.6577968336891242,0.6184198238618414
W37054,9.694405839645254,1.9122964867224423
W37055,-6.1396255928747925,-1.8567469822455924
W37056,7.4109586350415135,1.2166314680075523
W37057,-5.799489649917133,-3.8815226356707244
W37058,-7.626376715019777,-1.8073962571392002
W37059,5.584935939251953,1.5981128758289065
W37060,-6.659470045414448,-1.7994102120864615
W37061,3.9065113647900347,1.3268323299528593
W37063,-3.406099094852365,0.1988956794889061
W37065,6.71021635071267,5.0910669582499
W37066,3.384215026416988,1.1556691033533386
W37067,8.629937414612423,2.12337423333167
W37068,5.36044817111041,2.730750161778089
W37069,-7.072389119344883,-1.0066222117355108
W37070,-2.9595782814622162,0.4687937527656348
W37072,0.8439833424737928,0.3368306345132896
W37073,-6.3864336075500905,-1.9442659213955336
W37074,-4.879437573693784,-1.1916279697078984
W37075,-7.036858944048557,-1.2410184906122153
W37077,-2.7974171097465654,-0.15481271207020447
W37078,-2.7161469001204956,0.2139288009535163
W37079,4.668357284539332,1.1491781195413306
W37080,-5.706303449804705,-4.883280879362381
W37081,-6.12873854915483,-1.5102595556750613
W37082,-6.18147533024497,-3.616614486993164
W37083,7.301464586984588,2.1267652610883814
W37084,7.216256327328996,2.9670333421155766
W37085,-4.776459366996673,-1.2925679405478538
W37086,4.5432060591336985,1.5966146425656482
W37087,6.731183109755173,0.5680728764582931
W37088,7.402164663764057,2.977382064442328
W37089,-5.2688477841095445,-4.268657946637095
W37090,-2.3823313971851747,0.8242863497228121
W37091,-2.084234479963312,-0.25950604734264365
W37092,-0.1744362089546594,0.07289168606965127
W37093,0.2707539306378966,0.04961951935600085
W37094,-5.8829863036782495,-4.046650581294648
W37095,2.4342471046056975,0.8835606005045226
W37096,-5.435297479888319,-1.4657939962480604
W37097,-1.8153596044832008,-0.16736066311724843
W37098,-6.008635599426447,-1.4616010700114277
W37099,7.982834369634445,3.089828269995521
W37100,-6.117933420100812,-4.26175248646729
W37101,-3.9183112049514834,0.09451013007608537
W37102,-5.89844360881444,-1.112224784866465
W37103,8.542541638568741,3.4030474601116865
W37104,-5.131269660638383,-1.960251720892361
W37105,-5.839380952894487,-4.001073805093724
W37106,8.19733988107684,2.3153511144938466
W37107,-3.4064312767613236,0.6078422344250939
W37108,0.7319286752145127,0.17893606636904316
W37109,0.8316951572222604,0.19874108577957794
W37110,5.009975809459332,1.019209558776282
W37111,-5.93557712833297,-2.5229474009599135
W37112,7.605222606954371,1.1575500686440787
W37113,5.9221110435044215,1.554855399516102
W37114,-5.829815927753599,-1.0689883378384264
W37115,1.3392199442358952,0.23935666322567956
W37116,-6.161551302028789,-1.6940628134348752
W37117,-2.004002539722345,0.5409893322698635
W37118,-4.655039570454643,-0.2817897775109542
W37119,6.041192112701464,1.292240899937434
W37120,6.838858638485598,1.3373505738671252
W37121,7.197653759812725,2.098873292070276
W37122,-6.673817873995901,-1.4510428897256857
W37123,-5.720692556280506,-4.015279225984061
W37124,-4.76763000538065,-2.3462739614272103
W37125,9.135870144345203,2.2200898589979556
W37127,7.887679547431217,1.3315903184098632
W37128,-4.032193893034175,-0.842488298626133
W37130,6.503593629833257,1.9988585168021424
W37131,6.488169118299565,1.4357809790038158
W37132,-5.754768648325479,-4.72731561979252
W37133,-5.736321901294182,-4.658803669291245
W37134,3.094493195725319,0.8754277304178356
W37135,9.852902357273,2.8900303629241355
W37137,-4.461008804856426,-0.7397107470171604
W37138,-6.090718459605721,-3.43628103572015
W37139,7.284816499362222,2.4384199667435413
W37140,-0.14915536934698415,0.9968838055363346
W37141,5.4366715545807,0.4316056289666801
W37142,-5.96221420192618,-0.7950300624967094
W37143,7.487850676851564,1.1676484551124624
W37144,4.658604183578752,1.595192851368138
W37145,5.496355691815608,1.5357337139915177
W37146,9.833152587484333,1.8764082356357108
W37147,0.7532003648753635,-0.233047611869152
W37148,-4.772767515309043,-3.1539557966421095
W37150,-2.8431437992456883,-0.33058371073961884
W37151,7.686936026599033,1.294712863419268
W37152,5.167490489080207,0.7805187322341973
W37153,0.9943088031034876,0.3100783849428766
W37154,4.769916149928229,2.5208461818139423
W37156,6.538754531296672,2.827284106925986
W37157,-7.0049257252839,-1.9639599340841207
W37158,7.359787065030026,3.0067936965494595
W37159,8.282815918510485,2.5369764739530227
W37161,1.375685421400787,0.7219190289339228
W37162,8.686187952745007,2.4195281062747784
W37163,1.175633595293354,0.2627865588131984
W37164,5.156594932484629,1.2682856071699407
W37165,6.5496819045501224,2.813177991165653
W37166,6.248809486521379,2.126886796851403
W37167,-5.395300510344303,-0.6957456943527534
W37168,6.017665831695154,3.77253458238594
W37169,-5.8450910605300175,-3.8711659305699393
W37170,-5.940558019332859,-1.7909042894110878
W37171,5.968678707576236,1.4030134862186587
W37172,-6.278822252475891,-1.463995020330286
W37173,7.031524473259651,1.488477170222258
W37174,7.105191563504463,2.409271044483656
W37175,-5.9503622595285925,-4.718321335157827
W37176,-7.447163002780732,-0.9558030255177193
W37177,-5.382604460748299,-0.6072663375365913
W37178,4.824151424009395,0.9591712007879754
W37179,-4.679026394851213,-3.1523858070468838
W37180,-5.847574696811817,-1.3493936432539693
W37181,-4.679166402132828,-3.796795629246422
W37182,-1.6008955939642766,2.067484106882923
W37183,1.311119700059642,0.092892273740622
W37184,0.11479431174343338,0.5120510234665677
W37185,-5.6241672090115316,-0.9899069281359767
W37186,-4.194399470717228,0.1668295964026653
W37187,5.258272224429051,0.712267043343114
W37188,0.12189120798950374,1.1397735236421036
W37190,6.445406553291375,1.753119602695974
W37191,-4.653339379865702,-0.34160394605676586
W37192,-6.28426071423847,-1.7173667185488013
W37193,6.928797271745237,2.591612336312369
W37194,5.525372633423999,0.10883385742011663
W37195,8.108833696969302,0.19694713541063366
W37196,-5.3423040514399585,-3.3747467985827013
W37197,7.20721958772876,0.5067433207539362
W37198,3.0570004491066913,1.1984509858300043
W37199,6.831841584558073,2.272082622271695
W37200,-6.35893364377834,-3.8667606351691854
W37201,-5.114883975659227,-0.7471677922162447
W37202,5.098274452626688,0.29937974476309226
W37203,-1.4534693263327487,0.4135493413427786
W37204,-4.656200370101266,-4.359412767405198
W37205,-5.327156956171739,-1.7970291927338933
W37206,-4.874404354942134,-3.0278007616128417
W37207,-7.354906111317393,-1.5483975592659316
W37208,7.427347640482456,1.845119862233758
W37209,-4.839186843879839,-1.1894699531068929
W37210,-4.738120466112473,-1.7072103783905719
W37211,-0.8432522369219813,0.08288859713976654
W37212,-2.221041822406069,-0.9069237708201416
W37213,0.772156174036306,0.26128606580768676
W37215,7.4610596067656,2.13507006545271
W37216,5.4114208438043825,1.3017822801271752
W37217,6.037699148669086,0.5582483734410371
W37218,-4.915353975054816,-3.7923561382324276
W37219,5.596263133531388,0.6364760005911603
W37220,7.7471887378155975,0.8278323752798268
W37221,5.5833515198009325,1.2057537319830984
W37223,8.2207044303638,0.8743621817265779
W37224,-5.279722286854505,-1.758039616583497
W37225,-6.401590796724146,-1.6545976694959996
W37226,-0.19036304596854292,3.3212004101782577
W37227,7.1875007466981415,0.8216215267926396
W37228,1.074482471222987,0.4426566171803399
W37229,0.15858530159388426,0.6250042335264878
W37230,-5.666991552692562,-4.148635414366391
W37231,8.086390886339776,0.1027350348166039
W37232,-4.4665190361637315,0.3448647856938237
W37233,5.90863854404638,0.9945931682713722
W37234,6.138195883080326,0.6059952627272421
W37235,-5.176686129280028,-3.289080182111975
W37236,2.1895845695642278,0.9255263570462685
W37237,-5.182242111634684,-1.3050498047069745
W37238,-0.4473362971041847,0.5657753331253635
W37239,7.841085556139666,1.4972538916944798
W37240,-4.442737961157023,-0.7218706915032376
W37241,8.888384516526177,1.255267943738721
W37242,-4.661578778168021,-1.0049988354806914
W37243,7.419875112079663,0.38656003681526774
W37244,-5.415268686031227,-3.27504593628712
W37245,4.977033832181614,1.413667937387729
W37246,5.340566427013149,1.2357242326666522
W37247,-0.2082531702462607,1.5049533622194349
W37248,2.712966204214304,0.46719660531617613
W37249,-6.152875835080217,-1.209346019656907
W37250,7.673426345106129,2.8995924006830576
W37251,6.0272535141357615,3.5006952387290915
W37252,-0.7347494302633911,0.43423873621508935
W37253,5.807285468796341,2.0316938625116254
W37258,-7.340994070356611,-0.4152047347760872
W37259,5.29840927189757,3.1075500848256854
W37260,2.8526593137690197,0.07096147941672669
W37261,0.7990326102090417,1.5503003195776435
W37262,4.533764271036925,2.6761827481774567
W37264,6.357864367426804,3.394696148455824
W37265,6.291730317046671,3.8513238836792243
W37266,6.711882635766764,4.104920348896863
W37267,-7.261359636257187,-4.990834557794671
W37268,1.001914816095172,0.8759427879372852
W37269,7.247944146454502,4.824334356041299
W37270,-7.4098919576249385,-3.6219440490383645
W37273,-3.342162671442459,-0.4312831189852847
W37274,-2.642035756292033,0.1686104177256332
W37275,7.736703075436924,3.4671337651653253
W37276,6.6859848117150165,3.250796484073599
W37277,-7.5231167809935,-1.215332173220311
W37278,-3.02770571781676,0.1757865229161991
W37279,-2.4290201048436644,-0.1758674544005789
W37280,-6.804239999221172,-4.625057706611183
W37281,-6.63985407231182,-3.990864008694738
W37282,7.32896160613866,2.095250923817053
W37283,-6.472203904404922,-1.454645798694252
W37284,7.61425319905673,1.4164990753969118
W37285,6.8971853871460045,3.8424804570084548
W37286,-7.4144990736483285,-1.2095328652110136
W37288,-7.11913112988097,-0.9749061980455361
W37289,-1.5035815133050168,3.879540576631875
W37290,-6.287577202027694,-5.552910222827964
W37291,-2.0173914364407466,-0.3745739402005563
W37292,7.040356008923584,1.5208827541213592
W37293,7.430873104104963,2.0275873521220937
W37294,5.637687819434153,3.3742114661511597
W37295,0.8556925085043608,0.9791811942803228
W37296,-7.149314814673269,-4.600168316217906
W37297,-6.818093887298809,-0.7258094882627737
W37298,6.0672670670957,1.1008289438251482
W37300,-4.504142887416431,-0.9878934851264888
W37301,7.279971679794392,1.6657789601864803
W37302,-7.147841392259434,-0.38379285926930723
W37303,-7.298611017601736,-0.7580079881012277
W37304,-7.875568254238495,-1.3647416852991652
W37305,-4.94484387099595,-1.1945524775481862
W37306,7.380221774127613,3.1234020421932773
W37307,8.299929735164454,1.9258738364322678
W37308,-5.455925713097521,-1.2541556627949997
W37309,2.5857000815483597,0.6380397368561911
W37310,-0.24177501546300084,0.00956642614509493
W37311,0.41841059888126797,0.14617571877636246
W37312,-5.787152053107962,-0.8711311839098373
W37313,6.012743970244558,3.7664495504723443
W37314,3.865956644780269,1.098269513698715
W37315,-5.122964692163231,-1.098568199277049
W37317,2.504147274719929,0.02961938564276677
W37318,8.08328964284106,1.0686548977176136
W37319,-1.0637012252651614,1.1619354287068304
W37320,1.2905869265631327,1.0608370488270438
W37322,-5.638661804748758,-4.833642319519553
W37323,5.242915921374552,1.1847849999454294
W37324,-6.0279971145089215,-1.247252413955647
W37325,5.4654280739222925,0.47639954636679444
W37326,-5.64746092428481,-1.7944280157675243
W37327,-1.1108037101221921,0.38808452631055845
W37328,0.4519574255454987,0.7996620966354727
W37330,-6.134387384462851,-2.4998018245114664
W37331,0.48008676718917814,0.16225762203512484
W37332,-5.425099712372604,-0.4490504888933317
W37334,-0.6431334843211965,1.1048026924257548
W37335,-6.545160383461601,-0.3490605505575762
W37336,5.728150362295506,3.1532560608600884
W37337,-7.044671334097155,-1.3317796111868159
W37338,7.493852063008846,2.95571613915122
W37339,6.502407230658766,0.7864410221151439
W37341,-5.893530490490723,-4.412872234502645
W37342,5.8362800839451925,3.4149058152082743
W37344,6.249866557331685,2.318475071875504
W37345,6.660932314288849,3.8274740131377722
W37346,7.1776896732598265,3.444939131731868
W37347,3.30515173315206,1.6375305567169864
W37348,-6.836619507448352,-3.3385160705165924
W37349,-0.7728305181911854,1.293766946639405
W37350,-6.3405786332432195,-0.7887840621548918
W37353,6.535282374550903,3.4820715154778537
W37354,-3.56896867038149,0.16426580009374295
W37355,1.133775539613752,0.7308090616107072
W37356,0.5590869073663234,0.30915283800552285
W37357,-7.063811838357606,-2.5388790717609693
W37358,-6.446790461935804,-0.5495062977954255
W37361,5.190274286773825,4.009607844755295
W37362,-3.084928959692677,-0.6037857957837574
W37363,-6.224037015061985,-0.3724320671607104
W37364,6.5049287923177515,1.4537835117275244
W37365,7.95584925831692,1.1237339171577199
W37366,5.67935607099276,4.015053579924552
W37367,-7.077702904825114,-1.355562271943309
W37369,5.458881254688954,2.9680140848819163
W37371,7.790486992073302,0.9673087796179017
W37372,-4.4866115095077586,0.304558557885266
W37373,-6.016133616704467,-0.40308017470915286
W37374,4.649342692059441,1.8240940144480953
W37375,0.9121649070577251,-0.04458519786099571
W37376,-7.44962140358285,-1.0355638605038602
W37377,7.146522261796381,3.2228399827388645
W37378,7.939058401682329,1.30430955067406
W37379,-5.834575827312785,-1.190188010749405
W37380,7.540428753826794,2.6007632619992958
W37381,7.6179926405132194,1.5391123107461233
W37382,0.39779184518780486,-0.03647542702958694
W37384,-7.58084456674782,-0.14413001203500997
W37385,-7.692739292868934,-1.0609176662811803
W37386,6.90499894189279,2.241856842393746
W37387,5.806016621729875,0.7245089415098144
W37388,-4.137776007434226,-1.7118567952599875
W37389,6.268601045297898,0.6018366343595877
W37390,-5.932659869048699,-3.47589773783004
W37391,6.098458706716534,4.036583893259649
W37392,-4.700576816378977,-0.5976832112080593
W37393,5.9168004791355155,1.9775915678753677
W37394,-2.2722957609173786,0.5918662997531678
W37395,3.9678908337516594,0.5410259858188814
W37396,6.715322189535504,1.6038010953664523
W37397,0.5672757765190481,-0.0401806539383454
W37398,1.8241020823155074,0.5693974835665023
W37399,-5.293818926858436,-4.733512001868983
W37401,-8.211053516359524,-3.68389305518786
W37402,-4.168227318499401,-1.754657606500427
W37403,6.12681763487331,1.557258524008334
W37405,-6.330229800098426,-3.4822419010335617
W37406,7.5488500013721165,1.0236446553604843
W37407,7.980581951989272,1.4539388055095797
W37409,4.113626006813654,2.223934171253968
W37410,7.482705253137544,1.6472038363781938
W37411,6.294742442036781,1.6330491129790567
W37412,-5.1750006497531045,-0.8379760871800996
W37413,7.664574517228597,2.295749765334534
W37414,5.005550224875324,2.852130472297547
W37415,5.743679295681837,2.329821952721219
W37417,-6.286837484841941,-4.230017234834908
W37418,-3.15680160504323,0.38798498332746134
W37419,-5.573642710512199,-1.4781065224807892
W37420,9.175687906267799,1.3441410922444643
W37421,7.675097973910868,0.4143627356415069
W37422,7.307937684558743,3.1992528725770004
W37424,-6.304910860490059,-4.4844271963259565
W37425,-0.41926027985386577,0.6899001171829229
W37426,6.231991161812521,1.6716122482942972
W37427,0.25286557216872657,0.024120628346106655
W37428,4.952342890494924,1.2482769188067626
W37429,6.8015155611160365,1.0148199650399121
W37430,-4.951282285772895,0.4762746356638505
W37431,-6.52376455596228,-1.7658369216501921
W37432,-6.921441618328852,-1.582103911867829
W37433,7.4556172252867565,2.3571470996096964
W37434,-4.647091384510328,-2.011555632749
W37435,3.7548061675159756,1.617401502602461
W37436,-2.5219779505476807,-0.07485629402601102
W37437,6.967060004152551,2.415264976470225
W37442,2.875467104853478,1.5103290980853583
W37443,-7.294537533866487,-1.787231454346421
W37446,1.6261883344991355,0.8457740332052799
W37449,-0.5347026510052064,0.8197399328818903
W37450,4.719206168860696,2.469939527248102
W37451,0.7977664553265973,-0.10508258722107118
W37452,-1.809853818725353,-0.04476309716003575
W37453,5.48302701925233,3.202210627542804
W37454,-6.537104026763204,-0.8959286034719709
W37455,3.771549439628992,2.438984454445601
W37456,-8.103629878698136,-3.6242828083285366
W37457,-6.558063847684795,-2.4944665105947417
W37458,-7.391350332327496,-0.8030022065937966
W37459,6.823976706995243,2.3119857057520026
W37460,-5.22884269218387,-4.766236772400234
W37461,0.6788181577961566,0.7754607272272319
W37462,7.010776185199339,4.7429839089249946
W37463,-7.398698778273265,-1.6652499017353117
W37465,6.411683609737116,3.6401380859864094
W37466,-5.952326371249658,-2.1083018520674877
W37467,-6.73185020550837,-0.650872813613936
W37468,-1.540061052814278,1.2908466621924963
W37469,-5.396002864613729,-3.681536604158103
W37470,-5.526694667806219,-1.980719003781277
W37471,-0.5504474737340226,1.2123882678729185
W37473,6.92467331073796,3.4478015090647856
W37474,5.088678075504517,0.9311763979309801
W37475,-2.9034055304698385,0.24196008612697464
W37476,-5.472835670385761,-3.9584881038269546
W37477,6.694154642011703,0.9888858160017016
W37478,-4.799347829658526,-2.4453446725612777
W37479,2.056556585496056,0.9068583390254964
W37480,-6.6969154440989405,-0.7570718309879321
W37481,-7.698539910697279,-0.6844436530552622
W37482,4.911056729700075,1.9188325488595788
W37483,-1.471383737661223,0.8562130623886307
W37484,0.606365458587843,0.11718734902383406
W37485,6.0283841711636414,0.5430060915599062
W37486,7.129576559269003,1.069307209461969
W37487,7.759314040466889,1.6397024744195285
W37488,-6.35394328906219,-1.9457020243792542
W37489,2.041847873121049,1.2051337822253816
W37490,-1.2326686860610854,2.65589098597754
W37491,-5.953544667761486,-1.2855424767125068
W37492,6.965618914322581,0.546054549153494
W37493,7.273011182237968,1.4081594270225155
W37494,-5.54298861583846,-1.8230967736155737
W37496,-6.431305808455526,-1.146317553216034
W37497,0.5520697666821947,1.5720540500600948
W37498,6.9358062382123284,3.160410033522854
W37499,-6.230555954302561,-0.7809774623639223
W37500,-5.481563600145356,-0.9155130259359748
W37501,4.86029708118094,1.1585736817435612
W37502,7.61639161684759,1.2610097415407462
W37503,-3.300098885017021,0.8395831637245711
W37504,-6.832315904233207,-3.92802633102315
W37505,4.951380372654294,2.3432518087126426
W37506,1.1524096650431728,0.07892812759159626
W37507,8.315708627336955,1.139922660212959
W37508,-6.742981279840613,0.372927899763167
W37509,-5.544185834119208,-1.3783958492056685
W37510,1.7838559716309292,0.5285605672595913
W37511,4.861036497976582,2.1647703340755955
W37512,6.130887290779557,2.195084279883391
W37514,-5.797859773470025,-0.2003498740781391
W37515,1.6113294279144446,0.4328958721897743
W37516,2.5426500640393,0.2027769591359412
W37517,6.101995336267759,0.27471592266763606
W37518,-2.730408290027301,0.6708144152120197
W37519,-6.074399324873508,-3.868108781289037
W37520,6.346108476061342,2.3355868598723837
W37521,-6.135818336159065,-2.422078244899777
W37522,6.8288235384408225,3.0334312783477753
W37523,6.602292990732996,1.6052912013050173
W37524,-3.208195899171134,-0.14754894968275378
W37525,-6.14188019632206,-4.768074002692042
W37526,-0.446788774431289,0.8125194845383201
W37527,2.9945529885071407,1.1963933295532632
W37528,-6.929935331496988,-2.1540889769258804
W37529,5.99288125030737,2.599495236901971
W37530,-3.3944415756534,-0.43488335371363723
W37531,1.2168219316403999,0.11676119663110845
W37532,-5.977413011827798,-0.7817373806994881
W37534,6.677008466961241,2.377079352283348
W37535,-6.266612090489435,-3.7607503493999865
W37537,6.451582724239462,4.099813757234263
W37538,4.10684845822261,1.666374646338773
W37539,9.575691351529152,3.3001850571616864
W37540,7.217025125912501,3.52285632760466
W37541,7.370052327669691,3.243161530365569
W37542,6.498254750690471,3.835782408891522
W37545,3.864340786690019,2.654519962545055
W37546,-6.634688745511923,-0.34883202013501596
W37548,6.454968890958836,2.2474742662199163
W37549,5.145999652103371,1.612333998657565
W37551,-5.504125282761938,-2.9137456661029413
W37552,-7.469337819091709,-1.7896014094579358
W37553,-6.456128749648247,-0.682302752085117
W37554,6.598534592663877,3.35454118252196
W37555,5.652633616376997,1.414710140878223
W37557,0.8302225615742176,0.6152133480941671
W37558,-2.3074279562052373,-0.13313679528211497
W37561,6.3336407393068805,3.37742935087907
W37562,-4.263545592748395,-1.3062452905413207
W37563,6.810538551099097,1.3808019423052758
W37564,-5.481598235749061,-0.6070810317402765
W37565,6.886671068517536,1.9074840946544251
W37566,6.209233618188719,3.569482846893632
W37567,-2.501632435283537,-0.003813894806095701
W37568,-6.985925891842781,-4.624381417057954
W37569,-6.421130422014322,-2.6481046596474935
W37570,-6.407406548815131,-4.026485877797506
W37572,-1.5720491043965057,0.156637417879664
W37573,6.480828742142493,1.1528517511720113
W37574,7.8418899216263025,1.3547242347428718
W37575,3.461591403298621,1.705779471139756
W37577,6.850960736208832,3.9109130172801305
W37578,-6.548121756999325,-1.1627650688395401
W37579,-5.004036769741574,-1.88752661711651
W37580,-5.270929619626342,-3.5692210253591883
W37581,-3.7986510656446257,-0.30596267152987716
W37582,-6.022676796995592,-0.3582497521065845
W37583,5.471507538536473,3.1167105281856338
W37584,0.7599607345784248,0.7062996769591102
W37585,-7.4147654039273405,-0.5261466586580626
W37586,9.081275094680574,1.3739658176552185
W37587,-5.460046466566608,-1.249084882307805
W37588,-6.196223880638765,-0.8133075721196696
W37589,-5.772915106682902,-1.6345002363258592
W37591,6.132480521251119,2.237569632336091
W37593,-6.81081613895555,-3.6656308881578257
W37594,-6.061467608360039,-0.568575549951604
W37595,-2.6641310557554485,-0.25678330227455204
W37596,-4.389454222549921,-0.7945570530567482
W37597,-5.711251502200182,-4.216206629908904
W37599,-0.6117892849728691,2.8858420993545626
W37601,-6.7222070854938165,-0.9064317311205077
W37602,4.950374192204243,1.583931430401303
W37603,4.060166855517169,0.6323042029720908
W37604,-5.691235036382985,-1.0728811977328914
W37605,6.880381726989489,1.1663514272662046
W37606,4.0741721226975,2.0298050237429055
W37607,5.138572753077711,3.3534881656512483
W37608,-4.297661030918811,-1.5919260820338328
W37609,1.0944001938698287,0.96677360979248
W37610,0.801428629809921,0.05329813408651654
W37611,-5.916780646404468,-0.8773390978712061
W37612,4.7296872349150805,0.6633456594002713
W37613,-5.981424831564895,-0.4975720352584325
W37614,7.176442211838633,1.0912226573530879
W37615,-5.67085676708162,-4.423201406797354
W37617,1.5090065897289497,0.431912082729524
W37618,-6.09902845789869,-2.604080842634231
W37619,-0.5337887331294409,2.780255844010515
W37620,6.722596781522233,1.6204269164396752
W37621,5.977656671384873,2.1752971428148884
W37622,5.654117146462043,1.7740520039522982
W37624,-6.590104210988966,-0.9818614727727275
W37625,-0.013584865057281738,-0.2301752525308689
W37627,-0.6712309316692211,0.7713782724637364
W37628,-0.3173885698928255,0.6943808760881344
W37629,-6.319581777871498,-0.4530490609151546
W37630,8.246568525361212,1.427216640330703
W37631,8.27037167622698,2.2069233780644453
W37633,6.180901173897144,3.2553100121803067
W37634,6.394893517013036,3.8081619306825245
W37635,3.962350365036283,2.16114009308056
W37642,0.257324998443046,0.14357994134180355
W37644,-1.2804881153115084,0.7473785840017135
W37650,3.1093026352621154,0.18266113652367383
W37651,8.386230060480381,2.5909623500025654
W37653,-2.0766793489372577,0.21735569295491125
W37654,-7.678312750116146,-0.962132068753727
W37657,-5.504899683675744,-2.0513749292966135
W37658,2.3204803138907564,1.3290315946252973
W37660,-6.243991488193245,-1.1824287511654141
W37661,6.65025767728016,3.1276472554544594
W37663,-5.665573983197827,-4.167840690418618
W37664,-6.518978892149991,-1.181131834662359
W37665,5.7400326698705095,1.6351963506472231
W37666,0.9346883307347063,0.42271970385103735
W37667,-6.573596395123936,-1.1007457229037954
W37668,4.9403411382412425,2.261750717288853
W37669,-5.779129671322934,-1.3672698689063196
W37670,6.829670778680196,2.82564953147057
W37673,-5.769553645168292,-3.652773897722035
W37674,-0.6728608963210108,0.45796057037018956
W37675,6.020615532527683,2.8809036227081948
W37676,-3.5485133874004533,-0.18534716545013252
W37680,-6.1571465184912215,-1.0335940282789045
W37682,6.634105320426233,2.7320822914551433
W37683,8.88230616281384,2.8576225950463225
W37684,-3.611753298825326,-0.3511703865618496
W37685,-5.186944786164983,-0.32361104695992965
W37686,1.158826119396974,0.8721910307473724
W37687,-5.559821790992361,-2.6835273861956708
W37689,-6.694749492440823,-1.8790335831147658
W37691,7.981100647380987,3.637549409283217
W37692,7.526088816627388,2.3540063144782004
W37693,8.643664208334084,2.801078921810089
W37694,-7.039820763635179,-1.1374581857485992
W37696,-5.660156052751552,-3.7168287393177453
W37698,-1.5501992744377113,1.1476874619767308
W37699,8.394662635025888,3.084591900853458
W37700,-6.898884829746711,-1.2894390011494958
W37701,-6.604036511902986,-1.5341867186230687
W37702,-4.957812187531937,-1.8479068392831044
W37704,-3.131754160854129,0.5257143476125693
W37706,-7.69983274366875,-1.5233193991835998
W37707,-4.8358313445429015,-1.7472255870890154
W37708,7.313843592753349,1.6846494326320631
W37709,0.5068226612604667,0.25455763042384
W37710,8.034717130928984,2.7644589483932456
W37711,-5.878329316650929,-4.27683635351933
W37712,-3.6524807807962203,0.4422907245555703
W37713,2.3718418679143096,0.745565938622389
W37714,7.838569587748817,2.605144595659281
W37715,-6.378020695055368,-1.810194980918491
W37716,-5.413900994540625,-1.7786384659916339
W37717,-6.40663095979779,-3.87180502355984
W37718,5.548110760709278,1.5439209995907142
W37719,-2.759378738990457,-0.35474670154100396
W37720,7.282448602042579,2.8155011840563593
W37721,-4.997380385785104,0.383648480127722
W37722,-6.031278062721973,-0.768700454728849
W37723,0.3716935557666726,0.43477727652180853
W37724,4.3921007850993155,1.5225828568056363
W37725,5.288663963186303,2.0231576779713603
W37726,7.631095207542385,1.5249194074450927
W37728,-5.853240792761404,-2.1179032747086723
W37729,0.3270847631736609,0.20004766971243226
W37730,7.698723132204628,2.773497927439121
W37731,-6.221800476632614,-4.5554853704711205
W37737,5.995276241429215,2.766719106531389
W37738,2.2387282716830774,0.6423866760778253
W37739,-4.281163765590913,0.032731400900971784
W37745,5.8920762983055415,2.1366230569281655
W37746,7.045085964378903,2.7057169475453784
W37747,7.2696189716507575,2.7053881695111017
W37748,-5.733074981918318,-3.213546079458578
W37753,9.44274296409104,3.462888717763553
W37754,-7.258467216942395,-3.9813615097394828
W37756,-5.60980417645132,-0.4442466219107396
W37758,-5.96233698683301,-4.1712288975169285
W37759,7.914108962985628,1.4357052363163298
W37761,3.9583701752319373,1.581889293736843
W37762,-0.7716660093908392,0.15999189812774012
W37763,-1.8278183134262722,-0.39400007133265913
W37764,-4.867379931864935,-2.095920763142855
W37765,5.281222450598184,1.3291143397565892
W37766,-5.575844416952366,-3.749476029509886
W37769,5.075219804108949,2.5582431379155013
W37770,-6.937243628857575,-0.5262944191116055
W37771,8.129474613233107,3.1176093677694205
W37772,-7.14496155167434,-1.667004631811676
W37776,3.524558693720493,1.2715427680661537
W37777,-5.856273035951797,-1.629391149823574
W37778,-0.28284326811397165,1.5388334491348055
W37779,8.045354357420115,1.4223972913182084
W37780,-3.1726713951204615,-0.6199945550722656
W37781,5.4697978518385195,2.25803438531627
W37782,4.9631285959005,2.835208573631698
W37786,5.490562202803471,2.436373380562365
W37788,-5.738002988794677,-1.4553447012605123
W37790,7.475236779731945,1.5681708152356573
W37793,-4.396390257994555,-0.28632680556076534
W37794,-6.262242709893605,-5.155397907979313
W37795,3.2508755930943254,1.2223012367913058
W37796,-6.967716889779258,-1.562868541335852
W37797,-5.155895968268987,-3.4553921080198533
W37798,5.516200623699383,2.4238732392140463
W37799,-3.7938397233616996,-0.4700537321363313
W37800,-6.333333354608641,-1.7778548173221171
W37801,0.15527755164779206,0.9092949005529456
W37803,-5.386462291846868,-3.1702202204175594
W37804,7.220837449507136,1.837185585521507
W37805,-7.25351937242178,-1.4170181590164301
W37806,0.362897913988915,0.5121369180347553
W37807,-5.966781751375769,-1.0571950861752506
W37809,-6.504484732215123,-0.3551796635526158
W37811,6.649951432620483,2.003159309942067
W37812,4.194013905041581,2.0773873458637557
W37813,-6.0937809206397295,-1.5342736209518495
W37817,5.821153488346198,1.317619636318994
W37818,-5.986342205783018,-5.2285091154158225
W37819,5.426553056749334,1.8828480655577728
W37820,4.003774233164265,1.53108990292052
W37821,-3.4237320847329036,0.6604962207333277
W37822,-6.266454197208809,-1.2544010614262993
W37825,-6.734790211452322,-1.993381961426879
W37826,-7.627265450468547,-0.9349571649277597
W37828,-6.047365859069706,-4.051015099834695
W37830,3.399496136160483,0.31814588569024477
W37833,8.02020253605158,3.441663998138537
W37835,-5.251947909277692,-0.06589012399949752
W37838,2.904120389352999,-0.03673988267065172
W37841,7.791729712417757,2.780892145108244
W37842,-5.587408284413073,-2.259119255436286
W37843,-2.6411488708988964,0.3196953212967914
W37844,0.7500394121675443,1.2846791799240636
W37847,2.5846005733975055,-0.1457743028798853
W37848,2.747969142532161,-0.25557678337691553
W37849,-6.224683205054242,-3.789953726929728
W37850,-6.841551393830659,-1.5811673015630536
W37851,5.894009331554003,3.227784349672997
W37852,6.7609305750955695,2.8646562075150563
W37853,-5.5125755744831455,-0.5107030927265447
W37854,-2.1695246664862773,0.23563178809891525
W37857,-1.132932522238766,-0.6835469037790604
W37858,7.395203517912288,2.822348372981276
W37859,5.48787712305426,1.5685599909518742
W37860,-1.2386100172948025,1.7001793524634787
W37861,-6.036633596631438,-3.9738975025063534
W37863,-5.546906938313272,-4.676956314105609
W37864,7.281511262783413,1.0382799472576152
W37865,6.545166212060022,2.538110871747887
W37866,-5.975900818019805,-4.5875798289977325
W37867,1.561427738620861,0.781057047275139
W37868,-4.5851529386761785,-1.8173240113538671
W37870,-3.8799422391415086,-2.518508470647653
W37872,-3.6618769350833995,-0.5525012418347176
W37873,5.51029840648959,1.4822176857685119
W37874,5.913017884724367,1.8676799357850895
W37875,5.7370859715657945,2.5456522747875865
W37876,6.4836896625559906,2.949288988318437
W37878,7.899208091975108,1.5156656447141676
W37879,-3.381990543739379,0.7287596188816489
W37880,-6.185704662817346,-1.3419604482012453
W37881,6.822059287388459,2.710824527137155
W37882,-6.08347607120319,-1.6681794643717869
W37883,-4.951857670414144,-2.6465318687922577
W37885,-0.5471015082280496,0.304192250711244
W37886,-6.0728253801830805,-1.8741787362504434
W37887,6.58734528789953,2.77342786371907
W37888,6.902074464849563,4.613937341326463
W37889,-6.341753707826278,-1.3140161677289894
W37890,1.0242104542026713,0.743951699362189
W37891,1.8555195197072287,0.3647338977557193
W37892,-2.776865437864898,0.2778048107929585
W37893,6.164263504228112,2.249175456329655
W37894,-6.799280312817521,-1.9780556083235417
W37895,-5.100713462716827,-3.2111579144544122
W37896,6.722221597812735,2.595592447643553
W37898,-5.341568157465239,-2.053490125744643
W37899,7.056326986248195,1.907026624123477
W37900,6.194543503937404,3.0845785425019767
W37901,8.76802142787923,2.3710093750722843
W37902,-5.762390419497321,-3.990193411970954
W37903,1.496959254314744,0.5241656285713242
W37904,7.931409012093859,2.3648137955506714
W37906,-3.2122487036301814,-0.10272966692963548
W37907,-0.08585618151614384,0.1246925006659399
W37908,2.4477066301796264,0.1389668806623874
W37909,2.8911437484412583,0.47918234765426543
W37910,-3.668605884505164,0.1635720755982608
W37913,1.6445426580426854,0.5369329369566161
W37914,1.0536447251775636,0.3998410889184179
W37915,5.984045241240892,2.841304707395193
W37916,0.42344938931535675,0.12343267161194843
W37917,5.246338575407794,0.4822652826293088
W37918,5.493598537054955,1.4713450093328306
W37919,8.162462302593571,1.1461191379324052
W37921,-6.740602156876748,-0.41203657993932713
W37922,-6.440847196414854,-2.501636150086698
W37923,5.314881909859815,1.9404164801109132
W37924,1.926584030448656,0.8377735562507006
W37929,-6.581223655790164,-2.299323570014255
W37935,5.447802168649793,3.9170383751350504
W37937,5.559507857512889,2.996122495173255
W37938,7.728791038756568,3.1908289853240985
W37939,-5.877494876435253,-4.24543930995668
W37940,4.669508749515912,1.975470085295199
W37941,-3.4907669640182126,0.6336749451069794
W37942,-5.330866725187339,-2.016400288531835
W37943,-0.7192822462105977,0.31330826712978344
W37945,-1.744404878471367,-0.638548502718903
W37946,-6.469709555943165,-1.2080702171592432
W37948,-6.6827498527686595,-1.996627949103522
W37951,-0.15039505234863423,0.9868067880122001
W37952,3.040174454585351,-0.01359550511735235
W37953,-5.586805602560799,-3.7797988045971307
W37954,-6.133890393613938,-2.4697660272302784
W37955,8.110086748554409,3.167980686870387
W37956,-6.091467275673398,-3.7647850288054436
W37957,-5.526539615458482,-3.1904070460097964
W37959,6.548619076765423,2.562061219375735
W37960,6.932944204535944,2.301198052853806
W37961,-1.1051299308122922,1.6883380274717343
W37962,-6.4138976766722955,-2.9265114998339476
W37963,-5.22577340654048,-3.214535292620706
W37964,5.9540334707249745,2.1532422071551482
W37965,4.3200928566566645,2.506806877457078
W37967,2.4356530717582614,-0.13033969647816823
W37969,7.1808715874912314,1.800454789891292
W37970,-2.861212402376838,-0.19174641780286095
W37971,0.962303392538117,0.6558258781742755
W37972,-4.156502644427067,0.2989297593650047
W37974,-5.902275704227896,-3.415376550263757
W37975,-7.270212023170429,-2.0629791526586785
W37977,-4.199318882132506,-1.2610838266806612
W37978,7.549217669952818,3.1678898547140153
W37979,0.21663186688772176,0.4989998269104744
W37980,8.364594965096767,2.0404519752403583
W37982,-6.887797850706816,-1.498643683933645
W37983,4.927213264566224,0.6402109669803315
W37984,-3.355470348666745,-0.5189947220735154
W37985,7.666715865549186,2.1443345322982124
W37986,7.531895390365106,2.533543489861206
W37988,7.44718378984772,2.5046700877078734
W37989,-2.337839172264129,0.05522774849534322
W37990,-6.638996513699256,-1.4746650085392718
W37991,9.530681628380547,2.932759136224806
W37992,-5.159744513844095,-1.7944225476940134
W37993,-4.914120859556604,-2.0179600095981587
W37994,8.203446383964943,3.0949365111752503
W37995,-6.194093091005845,-2.7493860635548764
W37996,-6.108879200805291,-3.699008255838373
W37997,-6.362291391913903,-1.1591216943431835
W38000,0.27231711784137014,0.47452590425202357
W38001,-5.799530854107407,-1.9620043092533153
W38002,-5.421487185265836,-4.403603542794653
W38003,7.941832694106239,1.7825607261170209
W38004,-0.37516500495524185,2.6713074467430054
W38005,5.569368353353597,1.9334388894725398
W38006,4.310230082716417,1.1997012922274508
W38008,-5.3753696262127155,-2.5984961507052264
W38009,-5.131407721155469,-1.827533690141814
W38010,5.008401972864996,1.8832821345151851
W38011,-6.793541115417295,-1.7741118516802212
W38012,5.403763336803359,1.1641733746262326
W38013,4.163197599408239,0.8842466783520807
W38014,-5.988056799538585,-4.37553893389323
W38017,6.920229807718905,4.028070252476341
W38018,-7.2255714649157925,-2.8868607761519227
W38019,1.6500841411329479,0.6518030540013064
W38020,1.0275614963309472,-0.024481805193364077
W38021,-4.3589132605531224,0.5877151829978705
W38022,-7.192193301805866,-1.1464985318039502
W38023,7.202253294395094,4.549272516417503
W38025,5.924915802403729,3.171786369991746
W38026,-7.111974980424126,-0.7145916146356437
W38027,-7.296994678636265,-2.5327642657992304
W38030,-1.7907836687649015,0.4733639224916425
W38031,5.736198170964769,2.5465465955450646
W38032,4.903187367610888,2.7252012644005172
W38033,7.128499643597858,4.663211268972786
W38034,6.41397989372011,3.5137045621884075
W38035,0.46658476537128024,-0.09918238096668663
W38036,-1.3164344109062847,1.0792878641818864
W38037,2.7065429923427304,0.8523491421880448
W38039,-6.744015495199019,-4.280830706709489
W38040,5.802928515754697,3.584334833404946
W38041,-7.09410795272943,-0.3690789421183483
W38042,5.844189710328606,3.2549035319732105
W38043,5.731681802382017,3.2553783582688114
W38045,3.8422276847854646,1.2858432909735773
W38046,-7.770604473337247,-1.2441160356482255
W38047,-7.196311875653313,-2.035876332285968
W38048,6.463208044818476,4.749055889523942
W38049,-4.254296629757798,0.25592314813144323
W38050,2.678285049084228,1.670008912155451
W38051,7.375902574239833,1.4169688179614373
W38052,-5.79119576128391,-3.645413392210586
W38053,-6.408795095936138,-3.7932147808438637
W38054,0.5502311726916106,0.7978630567907918
W38055,6.558795969562399,3.698955570903972
W38056,-3.120897434755883,0.4559002790470782
W38057,6.377731758793741,4.126884220591204
W38058,-6.202744721794158,-0.9207176844195999
W38059,0.9611090665810773,0.7441472013959405
W38060,5.57647924972448,1.428384128147448
W38061,-3.365841816858986,-0.1801249153929477
W38062,-3.5717542929917254,-0.19254058828836101
W38063,7.291360748696894,3.8226499586971174
W38064,0.7547250776280386,0.47715029220496674
W38065,7.23108841497827,2.7817830209882177
W38066,6.110350909467777,1.8753183753199174
W38067,1.0037080406342258,0.4179434660115682
W38068,-5.353536000061044,-0.7887927058092575
W38069,3.911448672942804,1.429241609611586
W38070,-5.274106966496022,-3.203955268927282
W38071,0.010062059986456802,1.0521173183866883
W38072,-2.858138979807707,-0.04672118346896171
W38073,4.917805982340311,3.069524416312834
W38074,7.267834248581039,2.0156378161369797
W38075,5.106296351381836,3.308218749308385
W38076,2.0623949863803013,0.6346268109898937
W38077,8.324874516589093,1.642716627055187
W38078,-5.775163403806952,-4.7626173304984825
W38079,7.444551050365372,2.2950672445454448
W38080,5.433056300973788,3.5330117386072097
W38081,4.304450211324336,2.3082976856149413
W38082,1.8098043161322446,0.6776946689100289
W38083,0.9224556844241657,0.4641393105099471
W38084,5.502073350130208,2.5514112239922304
W38085,-6.4840193066977765,-3.653264428476566
W38086,7.187319275913922,2.3494636793223016
W38087,-4.594745241531135,0.25371190007595906
W38088,-2.410958152335359,-0.013123773128918383
W38090,6.203574019677771,3.0579945059720286
W38091,7.127386706063185,4.656482241696498
W38092,-3.1790632174774127,-0.0719674584642455
W38093,3.0702144183726787,0.766707897275441
W38094,-3.6057107723150263,-0.36017599049930854
W38095,-6.728286316421973,-3.317574001759831
W38096,0.4558276122918393,1.012962499866189
W38097,-3.6652931398984023,-0.7405175807093471
W38098,-5.850621735161518,-1.2801583014447613
W38100,-6.4785359525140755,-0.9654770999741912
W38101,-5.491270487803532,-0.9641154690000867
W38102,7.061266257959819,1.7457232434642764
W38103,-5.408846028583288,-3.4968800652351804
W38104,0.792415210549897,-0.02967121977632344
W38105,-6.451019378249726,-1.4724440289514296
W38106,-4.611731879188563,0.12607111523634495
W38107,-6.784139774054127,-1.2785751075216616
W38108,2.8851659033604644,0.8016631739922503
W38109,-7.243716151907581,-1.272657999214619
W38110,-5.37701879854906,-5.526232033334514
W38111,5.569814409247192,1.7462254864271811
W38112,-4.206255150563293,-0.40162127059464575
W38113,-5.5462124044447165,-4.635914127932684
W38114,-4.148943059853328,-1.5401312169601715
W38115,-5.581422829080446,-0.02135752396859899
W38116,4.891796433600726,1.4911576286035377
W38117,-2.466550925271858,0.13134049288576097
W38118,6.027103699669515,2.419114744240144
W38119,6.9823230933065235,3.7714390070661836
W38121,-3.956879432856877,0.5687197823482754
W38123,7.41560428320165,2.0598337047353956
W38124,6.746065552199255,1.4391540968690437
W38125,5.638713270123681,1.4828328963099597
W38126,6.206378261125614,0.6454372029378493
W38127,5.80603453115625,2.2073966326480754
W38128,-7.277218184558701,-0.9504056044787006
W38129,-0.18882059567037615,0.14904188012146735
W38130,-5.49758690914171,-1.6130647827608036
W38131,-5.456945064867823,-5.287454506975236
W38132,5.09788736324023,1.183623519028245
W38133,5.2266141903653445,1.7346351249888379
W38134,1.4492891230192941,0.9397991477909716
W38135,0.6598177294985351,0.713175753319693
W38136,5.920879711450441,3.92050879647481
W38137,6.112234323082857,2.1511647549657686
W38138,5.843333656089749,1.259510153245315
W38140,-5.994740861819472,-1.2564169417984552
W38141,-5.483722942821758,-0.980577013609697
W38142,6.992028738904369,1.0872628452575033
W38143,0.8663793002775042,0.06687087201040165
W38144,7.846749708911933,3.977423898203767
W38145,5.889715738882596,1.3110786689801297
W38146,6.69865114928861,1.8460669789343873
W38147,8.731632219656621,1.3494125491000306
W38148,-5.245624125520822,-4.552553811130306
W38149,0.11567550214385594,-0.11014423686488535
W38150,5.644997061525353,0.06970565195434894
W38151,7.945495091634476,1.3618025227150379
W38152,0.9514568027204942,0.17384079421347023
W38153,5.038382986164618,2.629448463934598
W38154,6.296038346307413,1.1313559152540689
W38155,7.346667404293102,1.9849344743485051
W38156,5.547065490949418,0.946746334289746
W38157,-2.5403434491122603,-0.8510557768266306
W38158,8.331808659610145,1.317410951192682
W38159,-2.375244688665917,-0.39989905115377156
W38161,-6.082057194867599,-1.515339441062855
W38162,6.641253653254391,1.4462260910452522
W38163,8.219053046025506,1.3499070228367251
W38164,8.771723403291581,0.4342199503573706
W38165,5.966657425519613,0.5432982190540627
W38166,6.207547092151823,0.9450200512401251
W38167,-5.6527301237876975,-1.3202623504388307
W38168,-7.171772522022538,-1.5516824654307246
W38169,-6.494966636905075,-3.9078521529625423
W38170,-0.3482871785031335,1.7287854954744
W38171,-6.032130319207502,-0.8780697117359565
W38172,-6.157000827763812,-1.225966688587357
W38173,6.62098399125576,1.2104407245944495
W38175,7.9252654887932,2.2018242887585653
W38176,4.327736384003471,2.0195158754587
W38177,7.887808545067849,1.5665450693152336
W38180,-5.3526647940736165,-4.23720709994412
W38181,7.947827771727098,0.8710019812118034
W38182,-4.941279046878027,-1.1283501075189406
W38183,6.207512491853187,2.4239935333008646
W38184,-6.538613203150685,-2.3928385440595097
W38185,6.711870735245971,2.043512778073832
W38186,6.081658618502652,1.2797410221328376
W38187,6.999040735077189,1.7708922220638421
W38188,7.797618552000449,0.6714335861758408
W38189,-5.195316800971219,-4.719489051286896
W38190,5.862700759080604,1.978187437955986
W38191,-1.0517556299392996,-0.026015694224170646
W38192,7.091727717660795,2.061750574452005
W38193,-1.2353829032624843,-0.0963629239611781
W38194,-5.79104609800305,-1.4116589505809594
W38195,-5.946539267474387,-3.4701825405955136
W38196,-6.2358384479794715,-0.6446443144995498
W38197,-3.0743159650570755,-0.2598532050756449
W38198,3.917448166381557,0.7186945507781982
W38199,-2.5445836225587235,0.3316448184610814
W38200,7.568096192449557,2.180658754488701
W38201,6.925165304629997,2.169756098164369
W38202,6.492029206164417,1.2163237543788619
W38203,0.6578182377010551,0.45087583434629347
W38204,7.623984820936442,2.1006134209921994
W38205,-6.89602671792513,-2.8174254228653175
W38206,7.79168745142753,2.3890103132399076
W38207,-0.5172821997677788,0.5253719900139043
W38208,-5.5541615366382,-2.5414675657328316
W38209,5.670780428998987,3.3626648744686296
W38210,-7.43717895908128,-1.1654842247241175
W38211,7.875917666401793,3.941289961833483
W38212,-6.617858478093652,-3.2260770403940335
W38213,-5.635859357685883,-3.359628527364066
W38214,-7.981471151449435,-0.8292957392587994
W38215,-7.319797723771486,-1.7209466273849183
W38217,7.602516263841562,3.499951466046066
W38218,-7.755943862458312,-1.6815900898165248
W38219,2.500965614304164,1.103814291125421
W38220,5.642087637199972,3.032403258032829
W38221,-6.7730880035415755,-1.0990294327196217
W38222,-0.40989795480755437,1.2890128699011234
W38223,-0.6355041451457586,0.729610422730253
W38224,1.0653939022379584,0.7367328123497172
W38225,-6.572546094402501,-4.518156858394019
W38226,-5.843048008886162,-3.6301124544074335
W38227,-5.422149016806982,0.10701981617409226
W38228,-6.495552717770416,-4.529178821363772
W38229,1.3683161623960827,0.408255706925942
W38230,8.12265711650056,3.2665561781513905
W38231,6.945317401593604,2.6335180336337007
W38232,-6.827903053692061,-1.7971243657417633
W38233,7.1681714109907775,2.9924569309269233
W38234,6.204098868400939,3.6351862286455696
W38235,-7.474777773013116,-0.6876787963289865
W38237,-2.6379862120721596,0.06757718047741897
W38238,5.956040536217381,2.267811376124516
W38239,8.678154131948103,2.066868831529218
W38240,1.3809146835952555,1.1449046796139972
W38241,0.40600496689781995,0.6570079049308545
W38242,2.625945634094131,1.114477614856624
W38243,6.544325983431142,2.3502978491925632
W38244,-5.594328835147546,-3.703636414409213
W38245,1.1523287178721382,0.28278040171921587
W38246,-6.176447082229675,-2.200776783637307
W38247,4.030179040522866,2.7817604211356035
W38248,6.1721871376324176,2.3576237073522637
W38249,-2.5807073117240487,0.2642382634643567
W38250,-1.8241493820416224,0.4191810695285545
W38251,6.752347261371367,3.139645725711083
W38252,-6.648759427994638,-0.5922654876047362
W38253,-3.534879951733927,-0.2929178815313451
W38254,6.325493095064025,1.8362429040285249
W38255,0.9883605224677202,1.0129257959063867
W38256,4.227642412920876,1.728927259978477
W38257,-6.103311915598185,-0.6959551667272182
W38258,-6.271045635075664,-0.13705798245787956
W38259,6.897096953860519,2.4124927032847
W38260,6.881682036921582,2.052542168524314
W38261,6.019733505356928,1.9342107292015709
W38262,7.561901787825126,1.5730048460152188
W38263,-6.322356228602709,-3.966712734910098
W38264,7.2341591476605345,3.7262055015863984
W38266,1.191370599457731,0.7501363736989468
W38267,-3.4439298340127538,0.5044560344186299
W38268,3.8328570953999472,2.147201161231816
W38269,-7.78816059709043,-0.42913862237392564
W38270,5.25562575546013,1.9078708041244548
W38271,-2.990580688405058,-0.10694136644097843
W38272,3.120580196839849,2.1183101867225025
W38273,7.352367230914086,1.4994443019502817
W38274,0.04471851040989687,0.20041459302374245
W38275,7.612599532794664,1.010857420241459
W38276,4.332181051496566,1.092507525553216
W38277,-5.757540024823471,-0.6631943251108877
W38278,-5.270830262008263,-2.080640016339405
W38279,-5.495748454054499,-2.619273661940708
W38280,-3.1110538215602763,-0.2012607778693645
W38282,5.873375508871804,3.9071706275791525
W38283,8.024120465641843,3.77382928004483
W38284,-5.663537222088971,-3.8379784043274165
W38285,-6.420891279354455,-3.7583720423911404
W38286,-4.7181628791816115,-0.6370923164655549
W38287,5.252288293652903,2.674719661308133
W38288,3.6711429208807553,1.1883375657999629
W38289,6.882838021651684,1.2576604396665645
W38290,-4.8263079452760165,0.28737908982008004
W38291,-5.337530449995353,-1.9434502095627293
W38292,4.252084010950056,1.0536080747060395
W38293,6.529716988553655,1.107348376117552
W38294,-6.554179557515918,-3.3947664661792265
W38295,-6.262559380713883,-0.8784435965018472
W38296,-6.341545100533254,-1.7113611979739738
W38297,-5.9859109127952985,-1.379219959707966
W38298,-5.73817872546895,-0.37010214823325105
W38299,-0.7037215755090418,-0.245602623344609
W38300,-5.31716302977707,-3.8434720004826124
W38301,-2.835361576723663,-0.21660406134148902
W38302,3.270437059647388,0.7743267662537586
W38303,-5.202580239197204,-2.557581206822744
W38304,6.506955687968693,1.8324226494782925
W38305,-4.433263027648014,-0.9074723510108765
W38306,-4.327230066423708,-0.7249512246947262
W38307,-5.745752752150861,-3.2738629634127356
W38308,6.022748091104008,2.0007177416519637
W38309,-0.7995609039438929,0.8372686293683193
W38310,-5.554779089701073,-0.06423500311225612
W38311,7.188325447325616,3.490343127009057
W38313,-0.6044702306700919,0.17486989129235359
W38314,6.03541023759953,2.234010798039726
W38315,-5.541908619699553,-0.8542858691621518
W38316,-5.885856714217293,-1.861928737368172
W38318,-5.069399855544122,-3.762844148888436
W38319,-5.697597557477113,-2.6776361831228974
W38320,-3.1203994227409373,0.4171811751387385
W38321,-6.3020728754958855,-5.4988105841843025
W38322,-2.0898001716291317,-0.9626635228868583
W38323,0.45278668481709783,-0.2405562324950138
W38324,-5.370475965568697,-2.670779472456598
W38326,-6.198489389630494,-1.5361861071112486
W38327,-5.879798705265717,-1.0342846382488535
W38328,2.6800219224251483,1.3637693665254886
W38329,-5.953381103107788,-1.7009232196344242
W38330,-0.7356398498825909,1.6717645634048106
W38331,7.075105595830573,1.7654942957156101
W38332,-5.334342602689465,-2.8036396400700183
W38333,-4.832189121833164,-0.8054471091278456
W38334,6.58750904596199,3.3613518820931625
W38335,3.8933535982106413,1.4125471687601958
W38336,-6.857764482930323,-4.440340245430515
W38337,7.718294007398512,2.1768388153723914
W38338,6.472019458504496,1.2544955932671509
W38339,4.858367836339276,0.6238932775757839
W38340,7.336959707052699,0.38607962598853796
W38341,7.634362656326044,0.7142495604687109
W38342,-5.481492405630543,-1.9977690957779481
W38343,7.012769435852102,2.0417420663317705
W38344,-6.565867058588979,-1.1424171638432932
W38345,-6.027452364479594,-1.8762100214797643
W38346,5.763691251519445,1.473248656262398
W38347,2.52342123760105,0.5923077350372623
W38348,-3.3484366445264975,-0.9419221927543103
W38349,1.2518717297422048,0.6478026749345022
W38350,-5.351355222815071,-0.827690960164496
W38351,4.558221637977698,1.0455724149516874
W38352,-7.054417197339948,-0.7521350846278635
W38353,6.888423698182449,1.3136731632005674
W38354,-2.7659644203296754,-0.7600844895676164
W38355,6.852334205615199,0.4161492499790844
W38356,-5.122218804261028,-1.123641395820611
W38357,5.185174726596325,0.6931903910100584
W38358,-3.593917511422474,-1.5572132897688329
W38359,7.218040843931017,1.1760685567332985
W38360,8.166929655901408,2.47441556997826
W38361,7.373077805641452,1.1002181245469131
W38362,5.78763463475001,1.1763440976707429
W38363,-5.7933865457050615,-1.6598483220401152
W38364,8.230982578803847,1.1775031216469298
W38365,6.254335068227235,1.0368772039412109
W38366,6.431539044252732,1.1657730780932036
W38367,7.508068919127659,0.8405454511022472
W38368,-3.035720028604739,0.24677278114772475
W38369,5.623285017013475,0.680261030524218
W38370,7.110521392249693,0.4870796599055541
W38372,0.5142190466114075,0.596968789379286
W38373,7.474151790262387,0.9882039733973389
W38374,-1.1021788419055119,-0.08459746989102362
W38375,9.938771272269666,2.3107694632351463
W38376,0.4649003007713927,0.9172726174460968
W38377,-2.4293465365376976,-1.1751966336608985
W38379,7.166311707684956,0.6415247285397597
W38380,-0.5337581211709526,-0.4037633868213809
W38381,-5.330863561002732,-1.1269782745287098
W38382,-6.032515951385345,-1.164252361225277
W38383,-6.521729624875154,-0.6598507402683014
W38384,1.1651229172121764,0.3098027686793544
W38385,-5.09181965854453,-4.247993583229595
W38386,7.317458386561144,1.0268430172132017
W38387,7.528119702236898,0.943271723583695
W38388,0.9457258126027469,-0.11928969693148725
W38389,1.9060408286783728,0.24061303789453503
W38390,-5.954592337391922,-1.4141641437810732
W38391,6.099976600115194,1.9603125919488187
W38392,1.5727662681654826,0.36246335802061347
W38393,7.969124244011037,2.187234284639484
W38394,6.586978811150418,1.5178553558388517
W38395,8.557435808369009,2.476204253842481
W38396,6.065626126463164,0.6947874219686295
W38398,-0.585935986632629,1.5819756045480151
W38399,6.383186928962106,0.9564788456080379
W38400,1.4300867195267903,0.09340182095904354
W38401,-6.940017605212977,-0.7660244003495924
W38402,3.513075241919118,2.0419875270298724
W38403,-7.17816990918041,-1.002554128963897
W38404,0.653878756645124,0.8262484101427721
W38405,6.233773763219455,4.317628226179117
W38406,7.288078562632943,4.362871005068208
W38407,-6.653984521214642,-1.1438135649450232
W38409,4.096261799895532,2.3875228311279977
W38410,-6.545152515792807,-2.615646118733275
W38411,-7.205780289186185,-1.5896695641732606
W38412,5.3766426770098565,2.081611770867716
W38413,-3.425778967893008,-0.19936679974674865
W38414,-6.380412683319974,-4.760241310612995
W38415,5.490761879041832,2.763509874674582
W38416,-6.807820845618974,-1.0692772808028708
W38417,-7.6679028658342965,-1.8641574962676393
W38418,-1.340839190467207,0.47503709747917233
W38419,5.706756463637674,1.5874505314918448
W38420,-4.211812477484155,0.49463923282739963
W38421,-4.954087644866114,-1.9193911915017912
W38422,4.9468139876031545,3.3902931392492075
W38423,6.855690258660586,2.1805577964424487
W38425,-5.047365883988597,-2.0306447393981175
W38426,6.6279340862074045,1.9905325064957262
W38427,-6.339432723255454,-2.809700769444147
W38428,-6.317416991013425,-3.438724654395441
W38429,-4.29929087960333,-0.13273095612618832
W38430,-6.667200384267182,-2.4261049847757206
W38431,-5.472262708459591,-3.3970583055374868
W38433,-6.230587951899288,-1.4837663879291731
W38434,-5.921873379998317,-0.8609019962554202
W38435,-4.825049339838871,-3.839371386408357
W38436,-4.876523624007886,-2.363824184195404
W38437,5.687527295929226,2.4967408416216914
W38438,-5.490814434175654,-3.185714387944725
W38439,0.45580850280538926,0.4926742741759926
W38440,7.610181077770212,2.7689524861026973
W38441,-6.582502648285002,-1.342788524394391
W38443,6.6631321148944815,2.4434229559210783
W38444,-2.7257636086628474,-0.5805845256334317
W38445,-5.09530400733908,-4.051390033303987
W38446,-5.757454181412076,-4.9468382928423384
W38447,-6.57185943245581,-1.6177964976628527
W38448,9.356206618450459,3.3778380319116463
W38449,1.3203706409696436,0.6818372490783724
W38450,7.195150156145733,0.6668785121190387
W38451,-3.716514962030935,-2.115118009098554
W38452,7.180319264919684,0.6966210923920465
W38453,-4.657235801490759,-2.847247984129384
W38454,4.561610287391425,0.3850962801957618
W38455,7.424838032970697,0.890079539466525
W38456,-3.7405006470834343,0.5668735714865913
W38457,-6.200193262318964,-1.1874802055144218
W38458,7.2842941264081205,-0.5275268677220419
W38459,5.757131140160443,1.221682025739423
W38460,-4.515965624280906,-3.6357206013560632
W38461,-3.896139940911527,-1.4838048345082313
W38462,-5.240076385007614,-1.4138866709129052
W38463,6.338310673873958,2.091003666857143
W38464,6.058025875097899,2.966162676021533
W38465,3.3148031869714596,1.5102367425828418
W38466,0.6796609160909354,-0.03292764427348404
W38467,-2.7648317585237066,-0.6317366556911075
W38468,5.62556195750777,0.19370448261952125
W38469,7.217970398862264,0.11352107402373558
W38470,-5.2905117361566845,-4.113164667456624
W38471,-1.9157419903739128,-0.45336499646463446
W38474,1.0026858412093094,0.3282669636543286
W38475,-4.698418357984719,-1.0220234154465164
W38477,5.374871913963134,0.6038036035134049
W38478,0.7914736440292554,-0.1375307181511914
W38480,5.640335388894124,2.2906177889614425
W38481,-1.9562376998047,-0.5556548535528916
W38482,5.011334767964787,0.4516330454899821
W38483,6.579132703879572,0.5784777693609812
W38484,8.468641156750518,0.9473974260402668
W38485,-2.415474137117578,-0.1548708096901602
W38486,9.348708172440325,1.399711424877231
W38488,6.418976575039879,2.7418322830846455
W38489,-4.6999377641176086,-1.5031750575165277
W38491,-4.940252908455018,-3.7507859665498917
W38492,8.53971318663403,1.7528407749765575
W38493,5.928652721537871,0.938936505376278
W38494,-5.093948677225502,-2.787010031285541
W38495,-5.739645321981251,-2.306958753251793
W38496,-3.547956775480991,0.2647295437655382
W38497,-1.8031970616991146,-0.022265697690888854
W38498,-6.391722887517763,-1.6932336141984636
W38500,8.269921857311807,0.5107907570457862
W38501,7.147988065133089,2.02634671045039
W38502,6.74778946037677,0.8487256368840554
W38503,6.781481006605861,1.8742703149480038
W38505,6.520397112822772,3.0936531136279544
W38506,-4.63057207516058,-4.295063533808587
W38507,8.256366975772524,1.0499803679211883
W38509,-4.920564691249031,-3.8754355472984052
W38510,7.749536390972958,0.786931547159871
W38512,-3.9057331942300992,0.16356976921006483
W38515,6.905055951824406,0.47043404728153854
W38516,4.643312283679292,0.10610237730888118
W38517,5.586206377606265,-0.3444468759335236
W38519,-4.70379928829911,-1.5844576418937404
W38521,6.4400882422646974,-0.6091340060629564
W38522,7.3748589318140825,-1.0064583090235713
W38523,-0.26801039911377833,1.9686692368226928
W38524,-1.5614911839904664,2.4328746301312383
W38525,-4.5001275175776705,-1.8138561203520311
W38526,-5.565942556525151,-1.4184269234223434
W38527,8.390065705245561,0.6942990423807239
W38528,7.187515458994536,3.399297563425547
W38529,-0.831674358078817,0.0016447518513865067
W38530,-4.678373971632502,-3.843276458709465
W38531,-4.437839673311831,-3.8378819645225586
W38532,-4.336548308660795,-1.8025914902361355
W38533,5.145827678278104,-0.09403894583876726
W38534,8.240065969198955,0.8187558813370805
W38535,-6.205524624673055,-1.5302717699874786
W38536,-0.6243673266107357,1.6137199619159037
W38537,5.2556003267961815,0.18390726734538132
W38538,6.9152678143590816,-0.008043874862671465
W38539,-4.825886152929992,-1.464629334426921
W38540,-4.327171635254091,-3.6578183495843155
W38541,0.5741173729682498,0.7776006782639392
W38543,7.063777436490158,2.273504195405077
W38544,6.449790393300258,3.9534708892576753
W38545,6.428839307694619,-0.012004654814874886
W38546,1.6742432195326997,-0.10289654264157967
W38547,3.9634385157026273,0.15374549862023226
W38548,1.5589252658712218,-0.016351904730546898
W38549,-1.9385202614077879,0.05126959644273931
W38550,-0.43738791695966595,0.25364714416656875
W38551,-0.9345367647292403,0.013365311880526504
W38552,5.436555609025669,2.141488108887798
W38553,6.990207995157246,-0.24587892831716837
W38554,4.976394452618429,0.11787924628543642
W38555,7.325247218003273,-0.6921407952620875
W38556,-5.260099579976542,-1.4103142264491206
W38558,5.6635632426507145,-0.043738142323541965
W38559,2.6909328717017322,0.7047892435115811
W38560,7.421100858316484,2.5612391794939446
W38561,-0.620289419471408,-0.04596810376484138
W38563,7.287167949866889,-0.9289690916373604
W38564,-4.457694187582169,-1.7483155221149846
W38565,-4.835286189506671,-4.262527449683426
W38567,-3.5799351455879274,0.2571052115552974
W38568,-5.806840149484471,-0.2533840329962959
W38569,5.005872977315474,0.11823579928314296
W38570,-5.12668875044294,-1.537587055186657
W38571,-4.443150373628515,-1.532082320097703
W38572,5.764970813361577,-0.3811310110043035
W38573,7.32004901692936,-0.6385623354030059
W38575,3.2407131411924475,0.8216174311071472
W38576,-3.837639432157441,-0.42020105323677476
W38577,6.180218616455004,0.9069811838400706
W38578,-5.094107841020092,-1.9126796968086948
W38579,-3.0565077875114115,-1.75174356976519
W38580,-4.23920603993024,-2.0470641932067495
W38581,-5.058800090017404,-4.289756599127056
W38582,7.40999687455249,0.14518777611253803
W38583,-0.2333987993398928,4.059664731956931
W38584,6.552542695862985,1.5237283272223157
W38585,-5.391047254438856,-5.042645948137869
W38586,1.760753115666337,0.41644400879543836
W38587,-5.511977821146018,-2.858202113566902
W38588,-4.104000209969687,-0.6325615773434358
W38589,-1.4931675718751287,-0.07190113782725557
W38590,0.24815834908705572,0.08825090291271895
W38591,-2.8181927007026206,-0.4800881935581348
W38592,-5.534969380592872,-1.586535999463228
W38593,7.488848853451457,4.350342750290564
W38594,-6.54774762737114,-3.8716658689594436
W38595,6.937298373670662,4.814197839441492
W38596,-2.466289416265543,0.25149110096333077
W38597,7.879604597825976,2.1170812036879276
W38598,0.41483134057322163,0.7251540534347513
W38599,7.1737337111586355,3.0713352809195826
W38601,-6.758553546886549,-0.5129502695638176
W38602,-5.338450768215717,-4.207620788451323
W38603,-6.092821091943767,0.28515887768692433
W38604,8.015340434062843,3.0015415849848757
W38605,-6.149444740450799,-3.8906315257851665
W38606,0.0722830431138037,0.9333884310258789
W38607,3.688859339931875,1.1157054528598391
W38608,5.761647391863288,2.027593143656602
W38609,-6.838363523356455,-0.4043951370383474
W38610,-4.070191872685695,-0.0230063550980409
W38611,-2.6299505286575644,-0.2507239861925469
W38612,-4.933702809594283,-0.3270181575099932
W38613,-6.755693939618664,-0.5671538659956571
W38614,0.18473784558612977,0.29460278422103675
W38615,5.807593947063153,1.7549350874096925
W38616,-4.130191870251016,-1.1408442865117159
W38617,-6.400982058305168,-3.8651169422715212
W38618,-5.3531219663832355,-1.698046833132909
W38619,-4.468460897781418,-0.5000062252422994
W38620,-5.7492570197495,-2.0345353438923297
W38622,5.663789516092451,1.6065413765850844
W38623,4.540770997508839,0.8369910142284646
W38624,0.38035709147100405,0.7246204755849045
W38625,-6.196141225498575,-0.9312194834379096
W38626,0.906561391581824,-0.3113913782914768
W38627,-4.9601512195723005,-1.5815971969887
W38628,-5.890408603021718,-1.1093100216877814
W38629,7.2730759249222565,0.020844167709773275
W38630,2.0389688518988125,0.11763795389770788
W38631,7.873750579315449,0.8063193427354386
W38632,-5.909705539917479,-1.3618084475213068
W38633,-0.24614596960650928,0.5991755396486254
W38634,-4.684472228845034,-4.458701458832067
W38636,-5.390329261049655,-1.3212408765510235
W38637,6.09401511642412,-0.4425794329524685
W38638,-4.792461977495813,-4.045736016416475
W38640,-2.3986600583889626,-0.03512478080652751
W38643,-1.6598628020066681,-0.04728291146554147
W38644,-2.543275405291052,-0.7259988967913207
W38645,-4.938324338597465,-1.1133624516260419
W38646,8.923892617116644,0.8590874652168451
W38647,-4.647666572215734,-3.9817534499603555
W38648,0.6115223925795166,0.20148076627193046
W38649,-6.730404733966672,-1.1392198710510997
W38650,7.733368289661465,0.33460651581464673
W38651,-5.278636691265374,-1.4745629085165894
W38652,-2.8206658434259326,-0.7612984047846202
W38653,-4.14508299005765,-1.9748495320196504
W38654,-4.57242777395059,-3.8517661987452714
W38655,-2.303296084434268,-0.328216238954236
W38656,4.287314578174405,1.4706986615177298
W38657,7.401126370021502,2.330029339825222
W38659,-4.543106879955926,-3.4501703480857304
W38660,7.021845470788956,0.33204107843125946
W38662,-1.502983749407502,0.18563537160785343
W38663,-2.133054590809403,-0.35955232171351853
W38664,9.5583209690677,1.9879199050994625
W38666,6.571828055794217,2.292843973203064
W38668,6.095160006083723,0.073767481533598
W38669,7.274748276415821,-0.45507543164239034
W38670,-0.7599398753684712,2.795676480387587
W38672,8.479278325615802,1.4517242091677782
W38673,-6.181487860239166,-4.774214778181623
W38674,6.518832191083143,0.6031717736016019
W38675,-1.6961150904771343,0.36780305722011697
W38676,-5.734577448323096,-0.626070182716739
W38677,-4.665971549135333,-3.656969853928907
W38678,-4.809767863865219,-1.4126291453164097
W38679,7.684570657119524,0.7123068116718558
W38680,5.568724013782773,0.27335313586364995
W38681,-6.251046234828215,-1.698511835069012
W38682,0.6064057818331167,0.04767319051536856
W38683,-5.296122232754149,-3.759904273553176
W38684,6.173553284580522,0.6965022058333058
W38685,4.066273963055813,1.1724915312740725
W38686,4.665765535444481,0.9358490953194654
W38687,6.661420727624482,1.8579369129364531
W38688,7.268956746806601,2.4215796200326762
W38689,-6.326487201909997,-4.117453565721006
W38690,1.102284807763004,0.6421425485932097
W38691,7.155661694309134,3.1883322746386016
W38692,-6.354150577096586,-1.0663002550793879
W38693,-6.170389301197481,-4.089185707528023
W38694,4.10572605858148,1.752765461604015
W38695,0.9265453530878086,0.5768444587109693
W38697,3.898739679631541,1.7488806844269273
W38698,2.36156104563237,0.6476627472321062
W38699,-2.43202399255662,-0.9711086977409868
W38700,6.1643741116872866,1.9040044023435219
W38701,-5.334094372710081,-1.2861497291125918
W38702,-4.8104800913162515,-2.8519847159068785
W38703,-5.609804158839861,-0.9958612713785584
W38704,7.390129365153835,3.5419314892435523
W38705,3.031958469724172,0.990559929126041
W38707,0.13776748566530128,0.6893677596924199
W38709,-4.987135741956977,-1.406865401561653
W38710,8.388160304038655,0.7009696041071368
W38711,-2.799006408361788,-0.3965516566339479
W38712,3.7835727793056493,2.0288184666438744
W38713,-4.204246197484648,-2.703786035644135
W38714,-4.806947686583396,-1.4469275020121786
W38715,5.669257016536248,-0.11881994814374758
W38716,-4.943624565353281,-4.253291667779194
W38717,8.34019170413678,0.844739498088398
W38718,-2.086504418700979,-0.5366984569683672
W38719,-4.953404813684906,-3.2390293734190925
W38720,5.975056133633294,2.6360592409982924
W38721,-4.800280796574323,-1.5736522373774515
W38722,-4.598415479490168,-1.321508970570539
W38723,-5.109730311175502,-1.7056886186925722
W38724,-4.823849431817205,-1.6879092627598662
W38726,-2.147330724249706,-0.5185809298512711
W38727,6.673789253324877,2.035802671658835
W38728,-7.412653050282669,-0.7085936690111324
W38729,0.8516507646793137,0.8523612747859939
W38730,-4.5239608877550745,-3.2527358201329326
W38732,4.653806561882469,0.04705824060792215
W38733,3.797075145842779,0.24827501208585104
W38734,-4.800323051857717,-1.213237712836647
W38735,5.549318941741363,1.1869348234895973
W38736,7.538108664614496,3.4659676433692552
W38737,7.186523521147027,-1.365946105914788
W38738,7.0322964698639385,-0.36168299027470757
W38739,-4.581372672265634,-1.8902805880513063
W38740,5.5005943573275715,0.10391567139536059
W38741,3.328119200919839,0.14985065417971535
W38742,-3.11910594757293,-0.26808628678162333
W38744,-2.6087063620960462,-0.7600365011861983
W38745,-4.600501109151523,-2.0295806958094222
W38747,-2.6015741116017153,-0.4984613387713751
W38748,-4.270353243450388,-2.9624355050558564
W38750,-4.4805259230656915,0.00013755578099451334
W38751,-3.636747936414021,-0.3786315647995851
W38752,-6.850172694710075,-1.254180077828369
W38753,-4.894596438218882,-4.362528054401727
W38754,5.639859804916827,-0.5614412426462347
W38755,-4.327298855490234,-4.039857563142339
W38756,7.153385220270734,0.4305926684574689
W38757,-5.4489148485504915,-1.3394666627336465
W38759,-5.055159328012269,-2.6958944348627916
W38761,-4.078930728284949,-1.6961650059507922
W38765,-6.037747078523359,-0.5785587026561354
W38767,7.727014048641821,0.8369608739659703
W38768,8.143729076531594,2.494442668549771
W38769,-5.210439421653067,-4.092016300872934
W38770,5.769189761707237,-0.40925400282447066
W38771,7.51057016101919,0.9697324707571249
W38772,-5.040338819581892,-1.3379793032258092
W38773,5.202778428634031,0.1683064509849838
W38774,5.3549592344520205,0.2695346894409299
W38775,0.9576263877921078,0.13067943014821928
W38776,-0.6702574023738317,0.35167949833285594
W38777,6.876350695311662,0.9485975895656152
W38778,-2.492230096032243,-0.35440452071927087
W38779,0.4124978998170794,0.5904759812085788
W38781,2.29484310490289,0.7775804004989675
W38782,-5.822662807170525,-2.014162492367281
W38783,6.234805291792007,0.6543831813978783
W38784,6.610228391496515,0.7085184549334363
W38785,-6.70155267798301,-4.224753344908637
W38786,-5.792477999736732,-0.774339432562854
W38788,-0.2947909452071104,2.9484192945717864
W38789,-6.956555044193741,-0.8287480430284563
W38790,-7.524708832171981,-3.9797934037062035
W38791,3.8541419227871367,2.2297183102285607
W38793,-6.5142386534452745,-1.6066306033075337
W38794,-3.5837453352889295,-1.8747353569817857
W38795,2.3402422166176966,0.42625397957457234
W38796,5.72203955200261,3.172087874612221
W38797,-6.999810698968362,-0.07525095432865113
W38798,6.515189740903607,1.8620984761021575
W38799,-2.6927399878022467,0.03586894559489437
W38800,7.075338804724747,3.6607121172627677
W38801,-0.5931642601115815,2.87120969465255
W38802,-0.9813267041317608,4.055204213206417
W38803,-6.869954141114151,-3.9675520640169903
W38804,7.957993437324375,1.6466337688521884
W38805,-1.45454890440484,0.32758639806570117
W38806,4.707313741945254,2.93198009060753
W38807,-6.702493809354456,-4.246662131017065
W38808,-7.025792788536307,-4.105928154050694
W38809,-2.7286441776076433,0.09281957506425965
W38810,6.941451416102577,3.562247779169884
W38811,-3.609134678978897,0.3342082539835395
W38812,-6.1423518917419875,-4.100801871363985
W38813,-6.308880179063736,-5.347391634535391
W38814,5.689680556724905,2.7102166905667118
W38815,4.833255431211625,3.601195746366174
W38816,-6.895199446915366,-1.512105899461884
W38818,5.429026394497461,3.438293019384019
W38819,-6.372247996621689,-4.5558600650232774
W38820,3.708804867424147,1.7969641971594652
W38821,4.571412153305783,1.5814566813359037
W38822,-4.512539218677255,-0.426024503806808
W38823,-7.571203698291448,-1.3793385955748243
W38825,-7.554303764681819,-0.9934040049178149
W38826,0.20763893749398035,0.9095885559684324
W38827,4.5680491824994975,1.2195536638066957
W38828,-6.228962384744218,-1.2460603190732036
W38829,-7.257610912155879,-1.9454754651843833
W38830,-0.8139996476977382,1.5911915060173356
W38831,-0.06769147065966095,1.5147758535985916
W38832,-6.722612543451131,-4.3899434075411845
W38833,-6.694273889296551,-0.927048413576146
W38834,-4.9783718647396675,-3.234501115512872
W38836,1.5941877655281769,0.6543684394261762
W38837,5.050454782872379,1.583221974956753
W38838,-5.668086788321964,-2.88977683234145
W38839,0.9640419923029474,1.085722399989243
W38840,-5.84879320859664,-4.119804737781369
W38841,-7.661871266035806,-3.7743399757268943
W38843,4.4481887894399454,2.2762665831500826
W38845,-2.122480704547477,-0.4201433010538677
W38846,7.567828930475155,1.5531925905583184
W38847,-7.196217302747268,-0.38164978068783845
W38848,1.9193852860401612,-0.07131136774031505
W38849,5.414645171900793,3.352545289118006
W38850,-4.989956817952452,-2.7321069371468107
W38851,-3.279500323159523,0.17562110699917347
W38852,-5.701229170565557,-4.869980550269692
W38853,-6.178322375381926,-4.735839292711834
W38854,1.3240285039651036,0.7219488140552996
W38855,-5.678983601590554,0.0481208636122296
W38858,-7.267544077537795,-4.266750087235382
W38859,2.22341285277414,0.7524693272271102
W38860,7.818850026432653,1.8396462631555812
W38861,-6.546922000730223,-3.826810611428578
W38862,6.735120865240603,3.390237819578411
W38863,-5.682055304285244,-2.603594194276748
W38864,1.8634005127419535,1.0033426437926365
W38865,-6.542899480469062,-1.0743391226594148
W38866,-1.6113777567275338,0.11483356616951387
W38867,-2.82131584976117,-0.4188074211162006
W38868,-3.9306421305504644,-0.15018067990695677
W38869,-6.977755151239205,-1.2891638376390013
W38870,7.917196795512104,1.8197534561132884
W38871,1.6377756061280726,0.7017160165108376
W38872,-3.372061854679164,-0.31350836602449045
W38873,0.8215829151523596,0.5678092913993747
W38874,1.2639282105430814,0.4685659302453419
W38875,-5.250189422876943,-1.7745077019770426
W38876,7.686086344883407,2.5083269503898955
W38877,7.436884290769011,1.385677775459448
W38878,0.5295951502192828,0.05908112973341431
W38879,6.173668750099591,1.559699035888223
W38880,-6.666592818056471,-0.3517296662537534
W38881,-6.5036279293522385,-0.7915186274865595
W38882,-6.631415388455164,-1.6245385789323685
W38883,7.523921669441508,3.9066392834248114
W38884,-6.647539338168918,-0.09923318886106954
W38886,6.204820555167512,3.032113529838953
W38887,7.14952559690122,3.5210234448288413
W38889,8.40468896542798,2.6211393223664663
W38890,-6.181763371798281,-4.287870097676997
W38891,1.1062278009411344,0.24475638923145102
W38892,9.925294647462392,2.7444045470610265
W38893,-6.674113994486993,-4.321567847528794
W38894,6.694346219817065,2.4039524265909504
W38895,-5.360490968745524,-1.7666531888233428
W38896,-0.39284564624231977,1.6979635393256656
W38897,-3.4638863421731743,0.18314445731871784
W38900,-1.2530222069978683,1.3985477184673007
W38901,-1.0656327486879984,1.2297809484557722
W38902,-4.886787932289029,0.628957676250108
W38903,-5.436152032347285,-0.9428712735674167
W38904,-3.5884393980196245,-1.189618416239755
W38905,6.953088381757263,3.8440015965750383
W38906,1.456250926337586,0.8748019836021174
W38907,-6.772153305038646,-4.984583915314149
W38908,-3.5906034271970797,-0.07104077421844572
W38909,-6.304837216182087,-4.892646320776369
W38910,1.3430123572240145,0.3343589834482076
W38911,-5.266822396205878,-1.330051166701018
W38912,-6.2912539796233755,-1.4338163692866965
W38913,-7.717802909482031,-3.3424930198620473
W38914,-6.144466122456535,-5.121643662920853
W38915,5.982859318223445,3.5479998093544096
W38916,1.2078356270213686,0.26387858583390833
W38917,-6.28877630764518,-0.8467181755321188
W38918,-6.39706243361618,-0.9898074198732858
W38919,6.0832108790829675,2.6506778889488203
W38920,7.785898964525664,3.118359536391342
W38921,-7.0102517286873605,-1.621996439377923
W38922,-6.391063009134193,-4.106585628286937
W38923,-3.3861098446927738,-0.29656518965156803
W38924,-6.296597612575302,-2.697995928741571
W38925,5.588971695718244,3.062740006321006
W38926,-1.7856654793158402,0.49540581295119734
W38927,-7.223884648960035,-2.848732844232238
W38928,-3.3732042759631384,0.2964494016502049
W38929,-3.0017233254711657,-0.31259863180173714
W38930,-2.530849387640202,0.03862941146537533
W38931,-2.2414354986188276,-0.1961351976832501
W38932,4.424668971362795,0.968790924429944
W38933,7.295643287911867,1.4376784223015129
W38934,0.5181597569470667,-0.2907431573502276
W38935,-6.43843313554645,-0.7160393817265119
W38937,3.019077326260539,1.3677456745669785
W38938,0.6919269526120654,0.9462469793675202
W38939,-2.371154136123931,-0.19895338699021575
W38940,1.064049686364849,0.3571115986217969
W38941,-3.518274416805766,0.7414234482170983
W38942,6.302320408174219,2.110973850891344
W38943,6.136989035271918,3.459592258759164
W38944,-0.7051978510436778,-0.13758264662651595
W38945,1.6377816007141828,0.0969378296218938
W38947,-0.41416484201022724,1.5487591878329305
W38948,6.364174836639775,2.5077404765112217
W38949,-6.571389518125996,-0.9290315226179958
W38950,-6.486850938574857,-4.9393220658551416
W38951,-6.320772962410392,-1.8727974266656802
W38952,-3.6890736516019658,-0.0002786105715854475
W38953,-2.9241498913847965,-0.5556183672176591
W38954,-7.288212897157245,-1.3278060037829218
W38955,0.9660902608190465,0.5426753278674755
W38956,-5.853849399189472,-4.231255055637459
W38957,-3.0350350785814877,0.043071847504322934
W38958,-6.5559113518234176,-3.1528574711626884
W38959,-6.533082098392794,-3.873158083802571
W38960,-5.322281849409237,-1.8257507372708575
W38961,4.756905605066557,2.010683653976958
W38962,-6.9886173158568194,-0.36909948774431295
W38963,-1.6661311924136577,-0.49340192945682954
W38964,0.4532649255754568,0.31071492293854536
W38965,-6.096539899237837,-3.1948710153470357
W38966,3.8801960625704925,1.4542904471887994
W38967,7.9318585840605405,1.9072063540031055
W38968,-0.26923506745694137,1.7804996082701472
W38969,1.0158394688552053,0.13771927099084186
W38970,5.035788446744,1.7438150369364962
W38971,-0.10118534971034547,0.9511040769908428
W38972,-6.107658087102377,-0.1194368952140775
W38973,0.7000307144948107,0.35938759275792614
W38974,5.89792656714826,2.492181280176954
W38975,-1.5111182540085382,1.0927690005884343
W38976,8.377964633850544,1.990666030545742
W38977,7.703312862481336,2.396895716846882
W38978,5.954254363245243,2.527289025501462
W38979,-6.232567924673042,-1.838452018446539
W38980,-6.856808139774272,-4.918740527520039
W38981,-5.6397566148792695,-0.47344373398585726
W38982,6.7698283334255684,2.9209865683482708
W38983,6.592889586264554,2.529254470602313
W38985,4.024965145977803,1.3831784373453173
W38987,-5.449501695889433,-0.7445128958735664
W38989,6.0470969948706825,2.7717529647399526
W38990,0.809617937244585,0.4343673400818537
W38991,0.35617344040104043,1.4316399553853636
W38992,1.5452982010709677,1.0822951224020347
W38993,-6.703135838706209,-5.045532442505358
W38994,6.785417956087155,3.0798474864609258
W38996,5.660337840020891,1.1934598868237838
W38997,1.9739042231094575,0.7681864811665335
W38998,-1.0905638209635513,0.5666635496905936
W38999,-1.0258657248749379,0.6438135898109332
W39000,-6.41177286295965,-3.760632749115782
W39001,-7.029084094902665,-0.8280121766098308
W39002,-3.603586769634726,-0.12989655666589364
W39003,-5.930998985627107,-5.139809309331089
W39004,-6.725571734643375,-4.696237648637578
W39005,7.847220765933925,1.9900513487700628
W39006,-6.752810125084268,-0.6658643633971142
W39007,-6.047791896983036,-1.3526169336934764
W39008,-0.276799965481988,1.5713488218465708
W39009,7.618826179098761,2.424619875752063
W39010,6.345282887885612,3.1083040743105324
W39011,-1.8130051206158129,0.3622379452146499
W39012,-5.012145041783796,-4.4793129208639195
W39013,-6.349299319752002,-0.39275448065226254
W39015,3.2843188348689485,0.6139104554396103
W39017,-6.982563648061965,-0.5376349278151668
W39018,-3.1886794969108134,-0.47022831387617275
W39019,-6.147682186726798,-0.9257478644456814
W39020,-5.981227711475211,-0.3089719150611034
W39021,6.383920814716413,1.6543397547623324
W39022,0.6000605925144222,0.23890824719354883
W39023,-7.744757844693836,-3.5108263326182105
W39024,-5.752628415404635,-2.966255345275344
W39025,-7.2177513301347505,-1.543067047730181
W39026,-5.475753309655268,-0.1640689763935608
W39027,-5.715479718039003,-1.0464154871283553
W39028,3.4340251742261527,1.111142727048413
W39029,-6.092613280958519,-0.5179630850701252
W39030,-1.0426134416523711,-0.18035535256152208
W39031,6.478173133775971,1.9585818107314235
W39032,1.573938406780483,0.3075435966477092
W39033,0.7535122079085882,0.19377167137456686
W39034,-3.639744682821818,0.1699207040927856
W39035,-3.4004046446753486,-0.14510083256882508
W39036,3.7901527356287628,1.0783371558810873
W39037,-5.690787433026657,-3.7317343321017113
W39038,-5.559396207660372,-4.83787942035293
W39039,1.3682370895490055,0.6325468393079782
W39040,6.047685397662193,2.305550688890967
W39041,-1.0560406409186394,2.6945609176336416
W39042,1.8146380095807635,0.21565951781877915
W39043,-5.247475668191744,-1.5626749350073577
W39044,-4.79438024509311,-0.7237682603136794
W39045,5.147279406084777,1.532484120572023
W39047,-2.986181879418059,-0.5367480070174294
W39048,-0.80989826853115,1.9079986399126347
W39050,-3.463726703860522,0.451900532890026
W39051,6.998296942396843,1.0985709535395798
W39053,-5.648343309916672,-4.813218412329356
W39054,-5.749642831402454,-2.459820423750438
W39055,4.932442081119652,1.5880157562563522
W39056,-2.8655354445261265,0.29765585290053515
W39057,4.06005448932696,1.4014742542988976
W39058,7.159575566345287,1.3630378690089213
W39059,-4.981296329411632,0.5176676716677314
W39060,-5.492758467042249,-4.425194743633996
W39061,-6.198873839597399,-4.949235151743521
W39062,1.5052570592598669,0.43249625239683354
W39064,-3.0274631569715487,-0.09989368429807809
W39065,-6.825554441953766,-4.283974956887343
W39066,-6.585398334349355,-0.46016516614562136
W39067,3.9340684590102235,0.8716724911730103
W39068,0.3778340259447752,0.548115591568406
W39069,6.025719401606707,2.085886638026078
W39070,-0.13438353484742405,0.600279137962939
W39071,4.797049731544442,2.0975702386275787
W39073,-6.454282301553915,-2.5471089905519047
W39074,-6.686853036622448,-0.8691472588831796
W39075,-4.124035115538761,-0.20425269275647584
W39076,6.613045589316847,2.1670613560105094
W39077,7.870269672337003,1.9211168869733244
W39078,-5.883078445516135,-3.2334750476575875
W39079,0.5846379157733528,0.5567047018817083
W39081,-0.010080906994894912,-0.08960733425668432
W39082,0.3844431954268012,0.3707737045708709
W39083,-2.8842383954242283,-0.7734163895791786
W39084,-4.6329399038136625,-0.16813488894751566
W39085,5.191952036172775,1.2907258176986496
W39087,1.3611482767064051,0.2805849770518896
W39088,-7.11657782766516,-5.065341422793373
W39089,-6.378832091960018,-0.5475508610045381
W39090,-6.494899869303274,-2.2485590573108585
W39091,1.151410844046197,0.19240824357728048
W39092,-5.017371170215307,-1.295077178615561
W39093,0.7701765255550985,0.07416558949055868
W39094,-4.906917795117415,-3.3243516786168716
W39095,-1.4800070666874612,1.2572396868572324
W39096,-3.0403115154559757,0.06771779719112028
W39097,5.234967595274851,1.4806514166081348
W39098,-1.5802084692848317,-0.5414777661296816
W39099,7.471011025369111,0.8557225276672015
W39100,-5.8375918820860795,-0.7331145639949815
W39101,-6.509819682111577,-4.064401430662852
W39103,-6.236659128182796,-2.1408433310709034
W39104,3.781670784871707,1.758326254259727
W39105,1.571770091700499,0.023803498884657482
W39106,-3.9906012467818877,-0.3255207366056957
W39107,1.426468002383855,0.10666817372358153
W39109,-5.224891973052062,-1.0203261329942435
W39110,1.4905488760529761,0.2148691019421135
W39111,-3.1410247893504906,-1.2236322312738936
W39112,6.210888289701412,3.6075248778735522
W39113,-5.32970184162437,-1.0003535450014942
W39114,-5.756649698577113,-0.5621680460660382
W39115,-5.4309205143444474,-4.547843606040812
W39116,-4.515959286880714,0.19437904153817423
W39117,-5.258102645857611,-5.255220449944948
W39118,-5.718637074405517,-1.1260157321282698
W39119,5.196919316260498,1.3333706707633486
W39120,7.754147911861522,1.8729209936421924
W39121,-3.05269351283899,-1.4012476266968041
W39122,-6.468176418288647,-5.059383601788293
W39123,-0.06588621553947162,1.5948587811281982
W39125,-4.506642471062027,-0.5816864369452852
W39126,-3.1341138885403317,-0.560800791765168
W39127,5.055566945067472,2.474012507608537
W39128,-6.107253956866533,-3.662126541074094
W39129,-7.019947089668886,-0.8156596315497916
W39130,-2.514520479843923,0.04644827494097437
W39131,-5.466103825031827,-2.4081230038590546
W39134,-3.894121433862467,-1.0729292510133197
W39135,-6.045684145631306,-0.8771178451042025
W39137,-5.578513677990719,-4.41883022568686
W39138,-6.301633552128693,-4.203749496189215
W39139,-2.6495583039570376,0.39683593363946573
W39140,-5.8004781247715105,-4.671430604493125
W39141,-5.515241958409691,-4.729354651540663
W39142,3.395496129658967,0.9550669714498277
W39143,6.647485370848794,1.7072077729264155
W39144,-6.7223595519213015,-1.4818553184298373
W39145,1.8048549680494173,0.2846899754221222
W39146,0.38111798342838804,0.053845770671515185
W39148,1.8799634960628002,0.17743523422571997
W39149,-6.551362655502139,-0.6356535751542577
W39150,7.716311844983632,1.3482097585158097
W39152,0.5851708649758308,0.5358697214946557
W39153,-4.203225193767231,-2.470740580748104
W39154,6.064688049334059,1.0513092893952847
W39155,-5.673854894334237,-0.5362924064124137
W39156,-5.92460965079913,-0.36448071135132354
W39157,-1.0587324778986116,2.5223293101311453
W39158,-5.191744405215243,-1.4259258054902684
W39159,-0.8735590691348996,0.47200648013295954
W39160,-3.517040989805543,0.3333731344791971
W39161,-3.260941147575964,-0.0013291020943016225
W39162,-6.360520617006614,-2.6113737426486354
W39163,-6.131675423897081,-4.558143988734354
W39164,6.387372016202479,1.214953973209164
W39165,-6.83165173523759,0.41873968507513654
W39166,0.42564567696499905,-0.09141095829901623
W39167,-6.471202447103774,-3.1910990250233273
W39168,6.042477968631937,2.0141629296016323
