cell_id,dim1,dim2
W31105,1.1995451997019575,0.5828248168623908
W31106,-5.734064337050792,-1.430221315870244
W31107,8.407801270199766,6.868649828295111
W31108,-7.11605815486395,-5.275436293362509
W31109,7.809093459721296,6.221433222193744
W31110,-2.138583635440133,-0.8587533619902825
W31111,3.5873757149760976,3.767899997557303
W31113,2.5170737593762635,-1.1176621915426985
W31114,2.3381712842958216,3.0466105590498476
W31115,8.003129892313776,1.3218764683518323
W31116,3.1060835143296073,1.5288144870110612
W31117,-2.8961193152144378,-0.448253761676583
W31118,-5.088004033424897,-0.21346028910583414
W31119,-2.4152061859923863,0.45277548286512714
W31120,4.007272402631704,3.1278324318523976
W31121,0.7704298494827373,-0.21722268852427512
W31122,6.007231545360199,5.349508611482843
W31123,4.70992257002015,3.349307414904319
W31124,8.521076255581399,2.3843793342439494
W31125,-0.2706264753402887,7.698348148483344
W31126,3.107888783130156,1.8246464358774495
W31127,-2.395299476190232,1.0534067509884206
W31128,0.4553656828778101,2.424218439345555
W31129,-1.4801112014593703,0.6015950700880446
W31130,-5.72091859864731,-0.9310538918465504
W31131,-5.138744508561924,-3.52648998154669
W31132,5.682524187501263,-0.4941523397580906
W31133,-0.9914764180526144,-1.450929690172322
W31134,-1.763485660437735,-1.6919077690844586
W31136,5.060220687074658,5.386528949083598
W31137,4.421598160639683,3.9970246044993267
W31138,5.022221324690755,6.538217350109689
W31139,4.104628125965408,-1.6645243698041365
W31140,3.9180974464125415,5.774798244480968
W31141,-4.587625573200169,-0.16384236320037368
W31142,13.616573554924113,2.272243944763024
W31143,8.835313211510904,4.41566112232909
W31144,3.0073560295496944,2.3336712246286453
W31145,-3.493800372970918,-4.132759877775324
W31146,4.634233486859198,1.5964720105667236
W31147,5.46519273601457,1.0136989678449773
W31148,-5.661330859487781,-0.7206019572828641
W31150,-1.768428899317679,-1.1321566246983819
W31151,8.91008550231838,7.378774138383315
W31152,-6.830598189436432,1.4931676657083368
W31153,4.315698311429988,3.665967343996565
W31154,6.0981999483851395,1.494526110271295
W31155,-0.12230243127546381,-0.224737087342441
W31156,5.9848848111677,1.7131748994522273
W31157,-1.4132512370067054,2.0824190391265276
W31158,-3.991385856043758,-3.3357069925726326
W31159,3.2560257645718615,0.42451330039828755
W31160,-4.017841441573241,-0.6393366516245074
W31161,6.910445997638344,0.4187340717718985
W31162,4.062664620617319,0.7297103229565598
W31163,4.213508830931356,2.8199083691171247
W31164,-6.800004483373384,1.1578153116507748
W31165,8.722823783963866,3.1969461341406933
W31166,-6.153667995801531,0.6849602222406591
W31167,8.64679332288287,3.1626827460239766
W31168,-10.140203394969246,2.68381579000067
W31169,-7.472337223487845,0.9180182923229498
W31170,-8.785013545533301,0.5645324226141718
W31171,0.8033097840894811,0.14800263991071047
W31172,1.6868667528378922,2.2418839096368
W31173,0.6830179536771616,0.10505731190816894
W31174,-1.841595584043589,3.5596311656688013
W31175,-1.9624826517267682,-0.911104138343945
W31176,1.3503698788465919,1.2129299018304853
W31177,4.386202552026736,-0.10538071569805889
W31178,3.8063308405725977,-1.2200908842139713
W31179,-4.70902568182477,-3.6589302971808326
W31180,4.002534860836553,1.2277515481511057
W31181,-3.3548788770289284,-5.886603356808089
W31182,-3.048867545212618,-5.4279314862801495
W31183,4.816662561484065,5.5049036290148585
W31184,5.55638061552445,-0.5022797955403523
W31185,4.736168364681178,0.5297837291240262
W31186,-4.630664242695051,2.2255999708559133
W31187,-3.2091896430307005,1.6305742719842629
W31188,-2.1520448439605993,0.600438779558704
W31189,-3.8215761780900497,-2.6121900093009405
W31190,4.718017657752563,-0.9112027282004391
W31191,1.7203064070004066,0.8628724353118332
W31192,1.4961060738496152,0.41257213745675475
W31193,5.337197554177041,1.610542859894591
W31194,3.7187520431228953,-0.6055401279674449
W31195,7.352837219768898,3.366315632719188
W31196,2.3038255883483183,0.6483082444924692
W31197,-3.380320683287696,1.9200133051981014
W31198,5.828795935427949,0.8602198893906459
W31199,-1.2285910397388795,-0.7399979710523916
W31200,3.568464113547664,0.008283189568676963
W31201,1.4920289711845383,-0.02409516828048289
W31202,-6.014466738524754,-0.7923315162429415
W31203,-5.478992642339825,-2.204122628557668
W31204,-1.7685435698829333,3.490673111563622
W31205,5.154223979885179,0.9240205754710036
W31206,4.915199335805821,6.5366207472759905
W31207,-7.402546888943313,0.23341346371849953
W31209,13.482539820992057,2.94023170148218
W31210,-5.741490203220985,-0.8484059877402499
W31211,-6.581734668177597,-0.9079071946614646
W31212,9.877591717872155,-2.8944396601902
W31213,3.2344510481023145,-1.1562152301905353
W31214,7.043553509279578,-0.6580700979849688
W31215,4.360358360132163,-1.2370772738303735
W31217,4.113277160700787,4.3738020928261765
W31218,-7.127264978755094,0.15394023873288423
W31219,-1.3614690233642817,1.9657235410774643
W31220,10.529209253937236,1.0899508388656394
W31221,0.2952970960630247,-0.291988860736747
W31222,4.866131378851633,3.4602094668592747
W31223,-0.022466410255495506,0.8250345032588322
W31224,0.6506184220702909,0.7269303234054186
W31225,5.5180742652754,1.2152845410594586
W31226,-4.727773841320403,-7.948967849578298
W31228,-1.6601126413017515,-0.8984961054870914
W31229,3.480009281622916,2.116685959180183
W31230,3.1393266843614898,0.47832712434497665
W31231,5.822566411584829,-1.1922099100722414
W31232,4.999346384383386,-0.7255118439725916
W31233,4.768231454408795,-0.7563120029549679
W31234,5.133439653072734,-0.2501599276526081
W31236,5.3730958695898785,-2.3441725560356037
W31237,-7.541204870768363,1.8111475868486087
W31238,4.360136123988764,2.207804149205101
W31239,-6.714387358188254,-1.3079312796121507
W31240,4.284585728076861,2.4446920097298825
W31241,5.366505522996715,2.122206853540734
W31242,-3.3067068007049927,-3.918949025530404
W31243,8.935383826435608,1.7543538022227534
W31244,-3.4025991447102353,-3.548843232422131
W31245,-3.084141872349504,-2.8257519351018408
W31246,6.945569494854851,-0.7663534195522894
W31247,6.498837805537773,3.7143183535813638
W31248,4.3012966030320365,4.292851580642069
W31249,-6.22841806957353,-0.5735057533371752
W31250,4.774348658821161,-0.5763063982999495
W31251,-5.140115667625379,-7.643000321680715
W31252,-6.22656472074073,0.5404324870124545
W31253,-3.492742182985874,-3.3861791990065715
W31254,-7.629870302457164,1.3784535590288247
W31255,5.583995220720512,1.4101544229162073
W31256,-4.898291539258807,-2.4975160948881943
W31257,1.5613446511031692,0.2230885651451541
W31259,-3.2865550160141583,-0.20869666774174203
W31260,-3.425839885475127,-3.4832907185594504
W31262,4.01753181356514,-2.229772461731485
W31263,-2.5933086714333267,-1.9721123844101238
W31264,-3.176417227634859,-2.493180601874304
W31265,-7.080420306007673,-0.7683273213905026
W31266,-4.85700234456296,-6.222026012627214
W31267,-1.7677475174884627,1.6308379977818779
W31268,-0.0052572747957461505,-0.4252104341402987
W31269,3.6343516518383208,-2.3203470465049727
W31270,-3.258538098636771,-3.3832836465953964
W31271,9.48686751633333,-2.760441217745274
W31272,-2.6237429370830347,-2.5221188684107454
W31273,-4.6187411591596055,-2.343652732221276
W31274,-2.832712195404529,-0.028939640985332207
W31275,-5.404451237959358,-8.917685651073233
W31276,0.46262433197648395,2.3093587035289045
W31277,2.81102872682899,1.05125902461842
W31278,-5.842857943653663,-0.12598397374758954
W31279,1.2968508906847405,0.5311303392796394
W31280,5.5757642662000215,-0.8649763133391339
W31281,-7.334004634140277,1.4391374458767563
W31282,-4.700532780539086,-2.1645375319099003
W31283,4.82134805879379,0.4376576697370947
W31284,5.1237813604749824,-2.038502262384473
W31285,-3.5952107375559113,-3.057395696374486
W31286,-5.1369606908012635,-3.6525390114135687
W31287,0.08067206859407743,2.4966272396265077
W31288,1.0069571058213043,-0.3894928613101459
W31289,3.591782042446132,-2.351021583507785
W31290,-6.901861447137936,-1.0156582606503541
W31291,6.922925281606288,4.15103009844506
W31292,5.16323712483181,2.8653745026628017
W31293,-4.547825287209214,-2.688543771864111
W31294,5.793283721455571,-1.2026971302604539
W31295,-5.8789330199889624,-0.8015582782477585
W31296,-5.637613673461615,-2.4704773068207135
W31297,0.48770841675278603,1.1946913716639957
W31298,6.217381913850257,3.81064543037911
W31299,-6.4203782484603344,-4.19131206094346
W31300,0.17132076832722937,1.591995777229357
W31301,-3.7122091401840307,-0.17995801218321963
W31302,7.242936968979989,5.0041640020283165
W31303,2.2184951478763226,0.0453478585539992
W31305,-3.475421054971653,-2.3761387347364433
W31306,-8.131781110280915,-4.839165751514417
W31307,-8.27041069573153,1.0277553913427322
W31309,4.96654459079666,2.1482252717071706
W31310,5.289330061218732,4.7772839684259205
W31311,-3.360555143598016,1.7749928619421966
W31312,-0.9864071818101289,-1.9019671919800352
W31313,0.29116642926372466,-0.7480708087790517
W31314,1.522072396774265,0.9547586696691923
W31315,4.390945714034154,-0.6653738194846374
W31316,4.92204124174727,0.1458618107918839
W31317,6.349447880793212,5.698304917118752
W31318,8.77036266278377,5.941226409007582
W31319,-5.318167386546611,-2.222684713500843
W31321,2.599419603153978,3.466624739757279
W31322,3.953100401162564,3.9241511243765967
W31323,3.8864451894417416,4.4733584995340365
W31324,1.3357677911157322,1.4523613992594826
W31325,4.4218230936972525,1.0299265610728097
W31326,4.706360957278248,1.0932094994310746
W31327,-6.144378032644252,-1.717312557265465
W31328,4.787722709666486,3.722253010147763
W31329,-5.5178982208347875,-2.6468231639601827
W31330,-6.155467852851991,-1.0142168554693027
W31331,1.6096556640627038,1.9080996691486347
W31332,-3.5391315677801014,-5.408781844537789
W31333,4.90795874036883,0.414775247305887
W31334,4.87926000446816,3.214378526399117
W31335,-3.7108516754410297,-2.3135661969681
W31336,-5.377467403111343,-3.002201142401699
W31337,8.483633895958622,7.039195876102765
W31338,-5.349729644647043,-3.274270775084511
W31339,-7.862424377045164,0.6120461436647323
W31340,3.868405422500376,4.3457520445511415
W31341,-2.763545384463573,-2.543751568269253
W31342,-5.450388644300743,-5.3387739775397565
W31343,-10.092907569727048,2.646770280991379
W31345,5.398185634691269,3.4215650552959747
W31346,4.078483634498468,3.7585426466726264
W31347,-4.135843307564034,-0.8855514159583141
W31348,5.0972907381689945,0.632658377001808
W31349,2.523568388542721,0.6398864637133848
W31350,-7.084342179900831,-6.889727945236319
W31351,-8.57894702195744,1.191805077113952
W31353,7.839752288048816,1.8869839741492254
W31354,-3.74643617806119,2.0463226541492507
W31355,-5.020689477332622,-1.9468928791106306
W31356,5.8975644228624695,2.3459926250377565
W31357,4.9850637672528855,2.145545110802962
W31358,2.3236281668120475,0.2667726955265132
W31359,-5.854287777408105,1.1868899709811993
W31360,3.9331698408693225,4.541765441958705
W31361,-4.373263089667524,-2.416651543171596
W31362,-9.506978139067087,3.634760486081592
W31363,-4.241561617261533,-2.4822495719867725
W31364,1.4087728244392665,1.3778173336283606
W31365,-3.253067345277587,1.3645035889549988
W31366,-2.792231396282865,-2.5547703155602783
W31367,-7.789869246868099,0.6271518800037074
W31368,6.023929464357868,5.322688933078203
W31369,5.986304757743481,-1.3379258229788882
W31370,6.811391735281287,0.5051212789816032
W31371,-3.013656488517617,-1.5260274406677563
W31372,8.812110708971748,1.5773746438474305
W31373,-1.8180867312202356,-2.132318504967348
W31374,5.722426798225963,1.6485359508738524
W31375,4.32223248147735,2.931955528693801
W31376,-2.5529561858532683,0.6904015796621022
W31377,0.06968733771391723,0.03312516647058638
W31378,4.784748091592015,-0.8559033766574456
W31379,-0.4148400533435907,1.4089661231588047
W31380,5.803968457683349,-1.939450247282515
W31381,-7.86751918038942,1.5266936839366259
W31382,5.174094161396997,6.155822920658608
W31383,-1.77900865129414,1.344718061273331
W31386,-4.198027179525638,-3.6518556505384887
W31387,5.805248177894779,-0.6096704863519354
W31388,-1.758760349428933,0.5742763424690108
W31389,5.556932466028235,2.4316539969084956
W31390,6.033964808541545,-1.9144173280981491
W31391,5.815177993472807,-1.111672600609039
W31392,-3.7737944973891544,-1.0870837279009362
W31393,-3.621391981667952,1.8029564866133854
W31394,6.068203348924223,0.4098959937753043
W31395,-6.377490030382637,-1.8701104414924377
W31396,-4.437310883935819,-6.033382947608052
W31397,-0.5242139380588118,-0.3459649172487094
W31398,-5.439560406683849,-1.3699115480621922
W31399,-4.798490134652571,-1.9834040746625474
W31401,5.020617880392844,3.407226909258499
W31402,-4.2834467038211725,0.314737288968808
W31403,-3.189502327080199,1.6976786829402497
W31405,-2.660132340872821,-2.9168411191629504
W31406,5.359034039871522,-1.585982576764132
W31407,0.22798701365626542,1.512195206230266
W31409,-6.010467300788441,-0.5046781240887431
W31410,5.080809754186002,1.969848304481399
W31411,-5.351725529176161,-2.2094487246594356
W31413,3.464774186480494,4.913870134183589
W31414,3.8448251437520287,2.1344683564153852
W31415,4.770465680717249,-1.5467550284450542
W31416,4.445543476395952,0.12219667614912555
W31418,4.6446393443296525,1.4536268916919257
W31419,4.183571866792564,-2.220396239351186
W31420,12.17502215907509,2.163975008164085
W31421,-3.821585928184836,-5.348735221503275
W31422,-7.862352935921346,-0.36486367673174164
W31423,5.724067959940876,0.09594553325460307
W31424,5.047369303065864,-2.594448129790293
W31425,-4.631991749057277,-5.040540812623252
W31426,4.394243019939081,2.9002602862498224
W31427,7.764354349148843,-2.061879896748382
W31428,4.990257908060982,1.4036167734850793
W31429,11.18905510814661,2.0832589210965975
W31430,0.9261922684261309,1.0411877006211887
W31431,6.364397698271809,-0.37044074559953577
W31432,-4.076043997133677,-1.6124966990178147
W31433,0.4008574196749039,3.837055937872058
W31434,5.844440552054293,-0.1457392236539516
W31436,-6.229895132308613,-1.0367159459081463
W31437,1.8868607460205868,-0.26598092772307236
W31439,-0.9932932345977402,2.6271436046493566
W31440,7.899816492546991,5.740781264430439
W31441,6.028701622987556,-0.22106160168809116
W31442,5.883860896882593,0.024079991577372045
W31443,-0.41134999328528493,-0.19287148975524646
W31444,4.918484242166506,-0.9190868947342559
W31445,-3.8772545165566843,-0.2826252779786659
W31446,4.409947676894066,0.11841150102727042
W31447,5.083055699593166,-1.1479630701079409
W31448,-4.795105740098297,-2.008592989279579
W31451,-3.821679280822382,-1.7008288370288578
W31452,7.979702396864354,2.38003055292576
W31453,3.1585569559099795,-0.6680165715062347
W31454,-3.272593323224656,-3.0973790754863098
W31455,10.572822952478921,1.4374971978363065
W31456,4.632619402087517,-1.0642733641435158
W31457,-0.7253071088654559,-1.061681975890332
W31458,-0.2764996092350642,2.7969986429432163
W31459,-3.1850871991508094,0.8259733281938504
W31460,-6.120926544629097,-1.5663518570655321
W31461,5.764677646517843,-0.18967014210915348
W31462,4.13849096852123,-2.355757692126755
W31463,9.496375172122757,-1.7355611969773468
W31464,-8.50304372394544,1.2632678181409513
W31465,-6.894648361029579,-0.30028086354625866
W31466,-6.440408465451469,-2.0621762062652067
W31467,6.187173244851702,0.024439088154170053
W31468,-3.512797875975546,-0.33853829400527174
W31469,-3.94289139268307,-6.190578813659535
W31470,4.446429596323256,1.949459038968844
W31471,-9.018196241938748,3.2593889415065145
W31472,-3.690562547282614,-6.588546770103894
W31473,-4.724749068676806,-2.7023729242579226
W31474,-5.539915081274988,-8.451897644086564
W31475,-8.278954446293223,-0.06593116601498443
W31476,-0.4420676701678831,8.712342092599298
W31477,-1.3025484685226658,0.8914068082061966
W31478,-5.410986722598537,-3.0159237176898914
W31479,4.981344865551172,-1.9313694361510851
W31480,1.6032838776098144,-0.34134239959355417
W31481,6.225917813021459,0.04058195036653392
W31483,-3.406045306531862,-1.858740500066512
W31484,-8.695371158364093,1.3711558737393994
W31485,5.004921148109437,-0.7604518272972127
W31486,3.8133618528727595,-1.6011349792369083
W31487,-7.1096920654525855,0.5342412780430511
W31489,-7.471272514387618,0.6455122920398363
W31491,-1.9004842880182768,1.5058274851913527
W31492,4.281581687895103,1.6529439495883949
W31493,-2.2251575985687464,-1.0145951878840345
W31494,-4.752433941961409,-2.159769181260414
W31495,-0.3244215414912092,0.8165840998894442
W31497,1.3199248938989065,0.3372032335391624
W31498,-1.9982769019064832,2.9731597400838434
W31499,2.9973135870427106,2.6191148940302833
W31500,5.726058288349102,1.5194444335133914
W31501,-6.985365541845701,-0.2791569594073477
W31502,-2.472599602620481,1.081491730399563
W31503,-3.775094112292299,-3.0110311844770377
W31504,-7.640179016625389,-4.434220055060421
W31505,1.2113986232755158,-0.24903760784121456
W31506,1.857737814911798,0.5173126651407437
W31507,2.09901237299315,1.4990995460782137
W31508,5.846087771483563,-1.142351443105106
W31509,-6.393872884629475,-1.4872405568445062
W31510,-7.150413216431434,0.6549757589165595
W31511,-2.148401145962604,0.45694611903770443
W31512,0.998059720089305,1.2978000234320943
W31513,5.144947141093039,6.108392422464178
W31514,0.7714471615297264,0.5622388740653274
W31515,-4.800945735847244,2.0100834992869427
W31516,8.951606179919464,1.8636455006579906
W31517,-4.203058325312026,-2.1188788860634307
W31518,-8.764693269963212,1.6500925406177016
W31519,-1.3074313714398442,-1.3466162740126684
W31520,-1.898721998893321,1.318186466257861
W31521,3.10306833842457,4.774897637202306
W31522,-5.558526814389038,1.0705381611891176
W31523,7.679173428661516,2.1916273397840027
W31524,-4.737116241473948,-1.1848847691522486
W31525,6.810459548995515,0.9354809352475661
W31526,0.22499224666382994,-0.35886745935252057
W31527,1.4032137665100604,0.5982026457866991
W31528,-4.1694380188785525,0.30347958271803566
W31529,3.0746443302734665,2.8156887438570126
W31530,-5.661970768882551,-2.198002923812021
W31532,-3.9723543794811875,-4.573532687130185
W31533,-1.5793316551953986,0.7636657173884429
W31534,-0.2660974382243012,7.555015385356393
W31535,-1.7519179020407236,0.16764333954291982
W31536,5.896136867810589,0.3096016311127857
W31537,-4.605407853539445,-0.3041832316492526
W31538,-7.9090552394905975,0.029020523232587477
W31539,-4.504117120572011,-1.1283804900231993
W31540,-6.798503207645976,-1.55988904431827
W31541,5.790228785322103,-0.7174287782755319
W31542,-7.051833847412498,0.4713988398267678
W31543,5.323406395561774,-2.085785202982612
W31544,-6.969457349682793,0.054990543931665074
W31545,-2.866374057113409,-1.1857633451982106
W31546,-7.103418410869341,-8.776526058299714
W31548,-1.7795416444485264,0.9122710250897221
W31549,-7.066049118417517,1.1884518446423737
W31550,8.336340678109467,3.4893479507380984
W31551,5.998505031957937,-1.3488600566637141
W31552,-3.361718428140109,-1.8412494975323868
W31553,0.34102817661159796,-0.6838510083789644
W31554,4.197554978685937,-1.8193392519959362
W31555,2.9684292143282645,-0.8535689330127801
W31556,-4.770064289818883,-1.045855908799941
W31558,-3.0240638608918453,-1.708396962263645
W31559,-7.7936018528937145,0.6578556719667125
W31560,1.5286665974291234,0.1087089043328501
W31562,-1.9955161504207635,-1.481774886026114
W31563,4.076356866103145,2.6659643900883263
W31564,-3.2137061638735855,-2.7257793435222473
W31565,5.181500229086786,-0.462106449039745
W31566,-4.862698909618305,-3.1225375110213043
W31567,-6.942828947749936,-0.20113732710479593
W31568,-5.373393832335816,-2.6595864837752137
W31569,0.9291169959875653,0.1843045024579437
W31570,1.6803506760524933,0.4550644498528585
W31571,-3.768244517785814,-5.990014044881377
W31572,5.010833463792918,-1.5232164157755232
W31573,3.7589241226323233,-1.5135397415738396
W31575,1.159424010094894,0.4958859935172887
W31576,5.080213520841319,-1.0590463996524704
W31577,-4.526061233094191,-5.376579266572881
W31578,8.471341966796011,1.2792334054511514
W31580,-3.2051366676904682,-0.9928865508962315
W31581,-1.9357408880357527,1.225298671909936
W31583,0.3952613836072847,1.066213717397395
W31586,5.127181928150079,6.406322276611165
W31587,0.18007346572552294,1.628233445348051
W31588,-5.970260576271764,-5.814081547909107
W31590,-7.102051394889178,1.8475890872104788
W31591,-5.594751659463717,-0.9332038519161547
W31593,4.647997745629066,6.232938038907062
W31594,5.065402663915237,0.9979148853713977
W31595,-4.539011783285432,-4.662014833873925
W31596,-6.005235495418525,-8.260561200145615
W31597,-8.299398457746259,0.5601761900050001
W31598,4.6064318343838355,1.5025120837571615
W31599,-3.107107506195401,-5.080245630894143
W31600,-1.5467802408810656,-0.6271794707563377
W31601,-3.508089487653369,-3.766320177651351
W31602,-5.04521827903107,0.29092501100529056
W31603,-3.5571209350325157,-5.259931858498249
W31604,1.7777464098330351,0.4620725070529563
W31605,3.312653636392262,1.6852707060486392
W31606,-5.991026476360524,-1.6496768457905653
W31607,0.08960963136424258,1.158597421844583
W31608,-6.8532602048223925,1.421418190231985
W31609,-7.44642713835593,-5.2324097880452936
W31611,-5.367711620183863,0.8437727145827036
W31613,3.2067387457475163,0.4224865769646454
W31614,1.367374579865899,0.23520853870858902
W31615,-1.3117603738667878,0.8329692830402681
W31617,-3.709071711012726,-6.264116089922324
W31618,7.129184178523637,-0.5731322385325439
W31620,-3.4200312757332623,-0.0030273531950910683
W31621,-1.5920865962932575,-0.09742197158389901
W31622,-4.348548929704483,-2.880238210936566
W31623,-7.488503794832723,-1.067902472509037
W31624,-3.5304307456077346,-3.0926138305510116
W31625,-4.167180283913725,-4.586572888647653
W31626,3.866535345299035,-0.4898310716237566
W31628,-3.8868972358543283,-6.673802501699815
W31629,3.4703435420396223,-1.3156746977380211
W31630,-6.020925344628165,-1.1111391273880957
W31631,-7.178589045005935,1.4709738471402733
W31632,-5.069514037241796,-6.60133711369194
W31634,7.5861839453919755,-0.04900276964512413
W31635,6.604570791234935,-0.7523983857422704
W31636,6.833322440279684,0.08985663174342799
W31638,-6.502101976511728,0.06333943624490906
W31639,-5.071690239841248,1.630195172153579
W31640,4.775471701220348,-0.07373363452103322
W31641,5.063747243516841,-0.8400078194542938
W31642,0.38781694064709327,0.4067706150304708
W31644,-5.831608194756875,-0.7282422364807996
W31645,1.3243362903756675,0.3491494509837582
W31646,-3.885951803665094,-1.9031545391848523
W31648,-4.564289543653238,-7.689534074403048
W31649,8.29632774250298,2.7679935753259004
W31650,5.707443858403648,-1.5822279918824633
W31651,0.09885369499337943,0.3221821830775181
W31652,-0.1652801226832808,7.492925621343391
W31653,6.5347539288262695,-0.4102923854439596
W31654,4.016804983343444,-1.899702817719548
W31655,-9.49770679093137,3.282764567966541
W31656,-7.44656203445108,1.0594883435339855
W31657,-2.3092344446423136,-0.08102970143696231
W31658,1.051800149216904,1.3476223309578759
W31659,1.3117775417465576,-0.19442363845560798
W31660,-6.575673738848097,0.22403788201999816
W31661,1.5756349437345059,0.48410260484931184
W31662,5.102704866238999,-1.8302883265162397
W31663,-7.123160639505863,-9.16672426336029
W31664,-7.959806035447788,-0.986634874844622
W31665,-6.465254934498737,0.42891485765098236
W31666,5.008478654500006,1.3583491475123517
W31667,-5.51629873432438,-1.7882729111743723
W31668,3.4230274310867443,-1.7741081033494086
W31669,-0.22133002449269903,0.5268912244316947
W31670,-0.35432854382621504,3.4267904333915893
W31674,-2.4216723407471954,-2.0337516415041548
W31676,3.9568030988282903,2.9019316310398824
W31678,-4.825349457092065,-2.916114149224611
W31681,-1.733197240850701,-0.3044105640458691
W31682,-0.8986587984437872,1.3485678352452526
W31683,-7.808789233936757,-5.5378584478103265
W31684,-3.5771574545787495,2.283255435525705
W31685,0.4736246283302573,0.40875360302571806
W31686,-3.917883517886052,-5.847821629042892
W31687,-7.317926508767271,1.2723781751238123
W31689,3.7737406914238307,4.843932596671613
W31690,-5.983599483388948,-8.223618376407934
W31691,4.548400498131707,1.8503987391182708
W31692,2.8229391154023094,0.030074883285492304
W31693,-0.16527320945298526,8.5911004596954
W31695,4.971355041354375,0.6297357674166236
W31696,-7.186782993391954,0.419863148393233
W31697,-1.1685129314390328,1.9090529162317151
W31698,3.2758923047741706,4.919286670028837
W31699,5.964880360203933,1.7873931437169215
W31700,9.234393722167871,1.1307822597511588
W31701,-5.753770613415022,-8.75307367437431
W31702,-7.810742660946647,-0.04367098962553367
W31703,-5.329151813573526,-8.168536353075272
W31704,1.42564937902174,0.9868260867421428
W31705,-6.165619092446888,-2.713381869916633
W31706,4.302172957601807,-1.034885723427896
W31707,-6.843907922631333,-0.045422187470693376
W31708,-3.69402811583381,-1.6416238216323709
W31711,-3.677391794221846,-3.785579770282222
W31712,-1.083201054723243,1.0344283441659237
W31713,-3.1958595640053935,-2.9597004747472098
W31714,-4.45732768663274,1.0091491477889178
W31715,-4.016772931159882,1.4959916020057398
W31716,-5.334164987263964,-0.24602211658632844
W31717,9.637016469094693,0.6887143844089156
W31718,5.099410062086198,-0.26636912704254234
W31719,4.412420746346783,-2.40180825311769
W31720,0.7918932880343136,-0.46997997946263054
W31721,-5.804342352405363,-3.8046920975738088
W31722,-1.632189969652862,2.210297482868205
W31723,1.7151129471028086,-0.1651376462052007
W31724,-2.0647661845253324,-1.1511383520984289
W31725,1.1271097485364925,-0.3668244616941771
W31726,-5.980932380472341,-1.553264269114547
W31727,-2.9952749579552718,2.077029551384745
W31728,6.463183966515318,0.09983806830668447
W31729,-6.682477125572675,-4.356374246327059
W31730,-5.2659289707119505,-2.736544571534965
W31731,1.386044476889936,-0.2896787624538013
W31732,-1.5068234853758942,0.8182772746852076
W31733,-7.623415898068077,-0.9398212211228546
W31734,-4.527176778413898,-1.6036495594926388
W31735,5.360760055975339,0.635513443350567
W31736,3.6320247107149037,0.2585680902068536
W31737,-3.5074434436248185,0.5721290926029226
W31738,-2.7078932874704242,-1.9061975710259242
W31739,-4.72649937943887,-5.286601813978631
W31740,-5.425314019179803,-9.121358767361613
W31741,-1.8825198264280576,1.3818289816774094
W31742,12.006123872418812,2.0301881721517043
W31743,-6.511980359698519,-2.049721761684069
W31744,-0.8578092580414108,-1.4931183999758586
W31745,-1.906714218719334,3.7948469149031925
W31746,1.048966758677723,-1.2265027543181952
W31748,-5.903340767973967,-8.268934366918408
W31749,-0.5355118476964461,0.49134936561392206
W31750,-7.635506932058503,1.9044736909676292
W31751,-4.886783850981516,-8.269736314784296
W31752,0.9678672885710624,-0.2206360634188386
W31755,5.037213349544405,-0.7737496675310072
W31756,-1.6575066214064145,1.002247326397079
W31758,-5.415580058962332,0.0692132689836435
W31760,-5.121031406370764,-3.1261805435974925
W31761,4.538713284026726,-1.245330330559068
W31762,-5.589548232848185,0.929821961149878
W31764,-7.728680618624487,-0.19222583795843906
W31765,-6.715903142115942,-0.34019093738168643
W31767,-2.5942451346323576,-2.263583528981809
W31768,3.0366227769189305,3.039337309261891
W31771,-0.5384646844149767,0.8259828458527956
W31773,-1.5404998751725285,-0.03800755115073384
W31775,12.293070329248154,2.341661215397863
W31777,3.9763865818915147,3.0576417395572766
W31778,1.3965085283043832,0.7489401231238648
W31779,1.7057827795335372,0.4549242248331601
W31780,7.128078149197061,0.8893837452387976
W31781,8.680533721778225,2.1096668385499524
W31782,-7.333464529608023,1.0669737383268092
W31783,2.9881530759973693,1.6092826258110824
W31785,-6.009847823576902,-7.182602621419443
W31786,6.567148879732438,0.62884152881006
W31787,-1.5922209519125292,-0.13467298551390613
W31788,3.355578842892336,-0.8202664138714593
W31789,-4.774951988080393,-0.5052740563517321
W31791,-1.6360861545419394,2.806867165533701
W31792,-2.313876665967051,0.9316337231913002
W31793,-1.671712500688821,-1.8659656684180428
W31794,-3.3871558371456563,0.6767262375026298
W31795,1.7000590871221655,1.3477665736554452
W31796,1.4503143621664576,-0.04994266304468769
W31797,3.8160781320720805,-0.7493957429278156
W31798,-7.946193972786419,0.28264825150951095
W31799,-6.673495392893143,0.12900892684578527
W31801,-7.510746067350224,0.28642901487305
W31802,-6.674509009352183,0.475927615575039
W31803,5.170878719134385,0.4122343686834301
W31804,-6.417149604518045,-0.3796361929580264
W31805,1.0422043225778859,-0.34515726034932664
W31806,5.5120630531769015,2.518780794049133
W31807,-3.5909102527161685,-0.6960546025879097
W31808,-2.943232192281885,-4.294592077165098
W31809,-5.7447097018337105,-0.049706571736516894
W31811,-3.899874066224899,1.54700756030846
W31812,-3.0461479195277574,-1.0040989597681658
W31813,-5.492777574200885,-1.3500288265612408
W31814,4.9253469990155585,0.20777997398349965
W31816,-2.4816228891314234,-0.2246616523775466
W31817,-7.0407779426734,-0.89725691100264
W31818,6.655830653646661,-0.017075063736733884
W31819,6.915683385121506,-0.23324471617505801
W31820,-5.34195960299223,-7.331713382406607
W31821,-5.625210321101309,-0.680398756782372
W31822,-1.2608653290983298,1.1318152833859896
W31823,-3.703719611419215,-5.709039533024805
W31824,-7.634293531498351,0.7917929436668736
W31825,-5.047429761336029,1.5909234588647443
W31826,-3.7784068720293225,-3.8283477882742267
W31827,4.7503149908443,-2.6007681818358237
W31828,-4.909724794277945,-2.1716081173781614
W31829,-0.11230228262035942,-0.21907504723181792
W31830,-1.7982539116404963,2.4572423550030154
W31831,5.401518363235484,0.03953257351933627
W31832,7.488805596262649,2.270985180234241
W31834,7.038891798365051,-0.6196003473557468
W31835,4.359010794706298,-1.905618641870627
W31836,-5.408912503939266,2.0360759167483153
W31837,-3.2746179153869814,-3.0140254257076324
W31838,4.810685903787283,-1.079026459708032
W31839,5.638722854693701,0.6566150159480287
W31840,-6.110443352459466,-7.651621324647574
W31841,0.6098664468579563,0.397362940782768
W31842,-3.9292096313286993,-2.344127456606529
W31845,-6.879982550024672,0.5426374394472218
W31846,6.221072184339326,-1.4523872494806913
W31847,3.601377005816274,-1.9759352914330424
W31849,8.59167234134074,1.6063111138246555
W31850,4.758177501179336,-0.7234304597181213
W31851,6.053767579028219,-1.250445851588135
W31854,-1.64581736272391,-1.356057671301439
W31855,4.773973519184573,-0.5083418146121452
W31856,-4.0576488178037025,-1.2829815256226482
W31857,-6.640558843700634,-0.06224287759613296
W31858,5.437714129071523,0.17193875034168649
W31859,-0.5599945689127704,-0.7664770258938709
W31860,-2.958469832106175,0.22930694090593792
W31861,-4.395418467551716,-3.266148242522476
W31864,-5.290781252705223,-1.0767826859486458
W31865,-6.962689282930462,1.2182037930042517
W31866,-8.107849334180164,1.5125666865492209
W31868,-3.790944015472259,-0.5589199818035216
W31870,-2.549068969572748,2.463105193178314
W31871,-4.503903550839725,-3.8359299366463833
W31872,-8.344567760462636,0.6652312749839613
W36865,0.5727785882923906,0.4457745527479708
W36866,-2.7330170728871623,-2.313357734966868
W36867,0.3496377624659562,1.4418159636051782
W36868,-7.3289139757065245,1.460674939102087
W36869,12.212136056590152,3.4426554721928397
W36871,5.095372564664431,6.724825883773008
W36873,-8.216766182474172,1.15664114290218
W36874,-7.1909737919667585,0.9755450471853377
W36875,-5.365448644574455,-6.367663018759164
W36876,6.884548974143667,1.149236982148927
W36877,-3.0012457686557052,-1.3002358006623362
W36878,5.551213682224374,3.3903471579606745
W36879,-6.2312496214173265,-1.2932954260553762
W36881,5.218328114914756,2.4203430044601246
W36882,3.141752051554858,-1.9978480417022448
W36883,6.659396165640187,2.0872310772510674
W36885,-3.7991718216979393,-3.4783748194049076
W36886,-2.376249872199909,-1.6679259308890066
W36887,0.5153127940028978,0.8149309479330669
W36889,8.769866335417218,0.9222798365882492
W36890,-0.19324629743893282,7.4307858913415785
W36891,-8.495740373944797,-0.10780720002750899
W36892,-8.74381064796963,1.1173969995998771
W36893,0.08854363254179375,4.119360900098549
W36894,4.371889440502793,2.0902779620180034
W36895,-3.0859625382423825,-2.3046527641663554
W36897,8.109295452192054,2.162017825630039
W36898,3.5224364135764983,5.736809809928317
W36899,-1.722325606074835,1.088535206323538
W36900,4.230232741594289,2.3441205308221855
W36901,5.229630690233576,2.784520285935745
W36902,4.677790139410131,0.7847541843620658
W36903,-6.690944448484351,-0.4604589719489127
W36905,6.289480564900821,3.6171631423716692
W36906,7.492312791828321,5.616960987652849
W36907,-4.147683539868242,-2.5237761014601987
W36908,-4.182655415344084,-3.7092736042538283
W36909,0.8646278446961579,0.5919963065247094
W36910,-7.0453772200180715,-6.4612681656051505
W36911,-4.935926764680955,-6.179935238743026
W36912,-3.1361479157609775,0.21157621439650975
W36913,5.525745136841879,2.8268251526391253
W36914,-5.251996136697995,-0.6478104714808252
W36915,-1.1325842187944208,2.420454947809317
W36916,-3.288147989010736,-3.0594913892079574
W36917,-6.025554387978276,-2.07572746728405
W36918,-2.736444775384525,-2.7310452166382713
W36919,5.163195023991514,0.4009117358070045
W36920,-4.944158182996193,-1.1345632261992964
W36921,-3.655736484833877,-6.098728947360369
W36922,4.2520112409451185,-1.6314955011680303
W36923,5.812856698880521,3.2948699711163876
W36924,-6.314541773801806,1.3052137943050097
W36925,-7.219053910185127,0.430118998089553
W36926,-3.756788177018301,-0.01679359312747778
W36927,3.6298438445343866,-0.3327691598850258
W36928,-3.1778525181707025,-0.5454363842770841
W36929,0.907102786822471,0.8099112131290374
W36930,-4.0828694844370945,-3.990853745577485
W36931,0.8109608960406671,0.43722724963021115
W36932,-4.970015023552541,-6.565656688853877
W36933,-4.374899266756227,-3.5024860453540856
W36934,-3.4259216798699885,-0.7709205805971162
W36935,3.164460439592831,0.4238067503556719
W36936,-7.428770170279513,0.2178907351682795
W36939,-3.172032508077285,-3.2720239360759926
W36940,-4.740855117390928,-5.681924347550536
W36941,-5.827719419415631,-1.0057980681668974
W36942,-6.679090769458971,-0.4861682945625454
W36943,5.873806451254116,-0.09391957723665721
W36944,1.7471381691458796,0.8553059568202918
W36945,0.8537536737035288,0.27032573462771214
W36946,-3.7578955248615067,-0.8020964712720468
W36947,-5.223752588901332,-1.9368139882111786
W36948,-4.367653727626129,-6.36924178064973
W36949,7.1920707228991905,3.5722911105314146
W36950,9.082493489156576,1.7513602685389489
W36951,6.870118973065343,-0.42826297063254903
W36952,6.244681062845446,1.5035497995697134
W36953,4.822724028314459,-1.7254711077988933
W36954,9.620093511760752,1.0767535649574957
W36955,-3.888219938561018,2.2105681605903325
W36956,-5.074641790075344,-1.7803630295935358
W36957,-6.411866043403434,-1.0174011234606026
W36958,-6.737136189464996,-6.6320565616190095
W36959,7.881644291345423,1.469696768446722
W36960,3.320541005412761,3.129070310171497
W36961,-4.591193549016236,-2.4322440925133035
W36962,-6.7375074723358015,-1.3860494832746302
W36963,-3.017639301494026,-3.422220791827197
W36964,-7.61158569172611,0.4589324880745728
W36966,-3.0099162701576287,-2.9813192641305712
W36967,12.719334865842225,3.2447165016236985
W36969,-0.8989032850429469,8.924375896036382
W36970,-4.070146042389098,-6.456080689944919
W36971,-8.196671710805633,0.7337978344609597
W36972,-2.2302184531276343,-0.31202022716021827
W36973,-3.0927387963359267,0.4159602091440571
W36974,4.13034936564318,0.7173922317295902
W36975,-5.286597068611481,-3.734601878244725
W36976,2.516924049240797,0.009979738331302172
W36978,8.135939429614917,1.9147806854495604
W36979,-4.643887257554828,-0.8143248883225497
W36980,-3.5920208846207786,-0.8914978748270663
W36981,-0.3410534139737178,5.7674268205544355
W36982,-2.558801791274836,-1.1673102451618964
W36983,4.556119418858605,-0.14043486054913007
W36984,-4.44845604343887,0.17990657768655777
W36985,5.899907966561546,-0.1397110224206595
W36987,-1.222429478732908,1.9325384680912396
W36990,-5.495238954556174,-2.4511359498535445
W36991,-3.877037808032869,0.9199087949076521
W36992,5.116425028479071,5.628350034221081
W36993,8.041543911637824,0.8905145637398835
W36994,-3.921439594505871,-6.766177691113894
W36995,9.001753769814664,0.15571296616674757
W36996,4.749542484590919,-2.0591788033765104
W36997,7.555772110064625,1.1478858451131604
W36998,2.8828144350711757,-2.041494810158417
W36999,-0.5423465790532449,3.1781984069522493
W37000,-6.305040267656441,1.0462599321186135
W37001,-4.600446768961074,0.6833487998218456
W37003,-1.2890156521541225,1.560006860518609
W37004,-4.907027672889505,-6.904195233254222
W37005,-4.08356583700706,1.0253782302938192
W37006,2.3253501736740727,0.7381941881204026
W37008,5.258973180977251,3.1195415363570236
W37009,-4.419747095449479,-1.7625729931091472
W37010,1.5670601867927496,0.23714691981226813
W37011,9.930754284117285,-2.3880957320473453
W37012,-3.7822840191532356,-3.0644917539507723
W37013,-5.16527043852587,-6.672573985052817
W37014,7.453752957594419,1.8569963932823965
W37015,-2.784018895808055,-0.8653426354988697
W37016,-2.82097214462906,-2.4150877686869623
W37017,4.145150106431529,1.1776044255494245
W37018,10.105419588361434,1.1055795792993872
W37019,6.136384721367236,0.9221447369497413
W37020,7.936649056256066,0.3202333346494281
W37022,-0.3107164976766156,2.1848758886233974
W37023,5.47603989908726,0.27680081501119774
W37024,4.602229763367688,3.225227453501949
W37025,-8.02750578312674,0.030588176687142307
W37026,-2.2272712606603036,-1.2008942168971808
W37027,5.1657351158991665,-1.170105187429397
W37028,-6.377513839322022,-1.4254010271927753
W37029,0.3174159793880033,0.05512516520140536
W37030,4.767484376966593,1.4367815546038958
W37031,4.707247701162284,1.4653758428806933
W37032,-6.708972777330379,0.6429181877417576
W37034,-0.9295696301178035,9.208319372945732
W37035,1.0675197681021167,0.4668419611758663
W37036,6.615945639592438,-0.46429919084093463
W37037,3.157112699897613,0.012358222547943774
W37039,5.637811300183079,0.2074687669416683
W37040,-4.067012170017764,-3.295762053159955
W37041,5.7658471646065745,0.5661622450113587
W37042,8.27670009977745,-0.9003556565932928
W37043,-3.2147768295266377,-3.233633228908149
W37044,-2.739844895914823,-3.2772040780271903
W37045,-3.0230294219367364,-0.8392323245379022
W37046,-7.090411664442653,-0.8148882627704149
W37047,-6.515547156478227,-1.8545798633955686
W37048,-5.129287806944643,-1.9982021914132928
W37049,4.946960485605706,-1.833912079262515
W37050,1.176093850867408,-0.16191244292599272
W37051,5.205174662646901,1.9796145585914258
W37052,4.109479854372001,2.652430824885602
W37053,0.7388540391035775,0.44365188351169926
W37054,12.1078724725553,2.3594614193368315
W37055,-8.506052945205901,-0.7994860875868427
W37056,5.923464245781048,0.49306493048908917
W37057,-3.1112246363815355,-3.5157474729878357
W37058,-6.407309768431516,-2.5448709027040697
W37059,4.528898461647028,-2.2139436641971435
W37060,-6.718520231535751,-1.6184866746556712
W37061,2.8121090946782155,-0.7901271642061525
W37063,-2.997518874223873,0.33255052550145225
W37065,9.649156976650671,7.915062390470706
W37066,2.7831905963315435,-0.05783886926559236
W37067,8.327038453311072,1.8811756611783677
W37068,3.275643188879637,5.564313980934149
W37069,-7.5039607005867275,0.9177178509291409
W37070,-1.8801390176292434,1.9063344176957222
W37072,0.41111887456216556,1.3026868318779272
W37073,-5.52430972025236,-3.0810829968193025
W37074,-2.742391032675207,-1.2567294745939797
W37075,-8.069466631767668,0.6388649850881521
W37077,-2.643214264388919,1.3522934113341714
W37078,-1.4867261986826954,-0.30235388028308124
W37079,4.486786980061472,-1.824585781631418
W37080,-3.5958853177426353,-7.268060234821265
W37081,-6.767982807169408,-1.0451875212739459
W37082,-4.0950103200121,-3.6040410964904974
W37083,4.198020227868292,1.7644084535074627
W37084,4.551038200703302,2.4684894598402862
W37085,-2.8134334167234543,-1.8028237250991794
W37086,2.7332956426545993,-0.4523666337252226
W37087,5.5539701363700305,-1.5250860377170883
W37088,4.787792856155016,3.7823613054083216
W37089,-3.8810171271088385,-6.087239286444196
W37090,-0.17725500030067293,0.7218519365982379
W37091,-2.152905262895445,0.808798556561798
W37092,0.5480608595959996,0.5128314828221544
W37093,0.4156546665154273,0.18672125841125334
W37094,-4.616763672716202,-4.905082534824044
W37095,1.398561466290743,1.3293631321811235
W37096,-4.292161570887649,-1.6286347862064432
W37097,-2.763665377189783,-0.6380314395638335
W37098,-5.53108407127979,-1.097818118953196
W37099,7.116289580894271,2.387203858843712
W37100,-4.813384834040993,-6.335928992170009
W37101,-2.378585142401283,0.12553523109582593
W37102,-7.288627665931761,0.3716092775872191
W37103,9.260314539729904,5.049615275671541
W37104,-4.379671837733256,-2.4748988514393804
W37105,-4.690420513595859,-7.776284149799504
W37106,6.4360217382620215,1.446337751026364
W37107,-4.0139790153453285,-0.6582061269879537
W37108,1.559518069700033,0.009359336393158968
W37109,1.0109093851312982,0.15559359250126523
W37110,6.424130911850138,-1.5344257474314282
W37111,-5.666003355969585,-2.3633254539802238
W37112,5.870071786402093,0.4134600802671168
W37113,5.071372051203,0.09334761586816955
W37114,-5.529971377964806,0.6277736323799252
W37115,1.4703258039125098,0.20929048421658103
W37116,-7.115011370450371,-0.3267400430270655
W37117,-3.3137421708522847,0.041940450025486076
W37118,-3.1849161288694536,0.28574175522405737
W37119,6.497180206383551,0.12177834506041431
W37120,6.361045352433488,0.9023295156832627
W37121,7.043011986974316,1.641474449485167
W37122,-8.089574582226613,0.4641629122368064
W37123,-4.281390185921314,-4.775060469372147
W37124,-3.9598026740389733,-1.0956063040113526
W37125,9.194143647488014,2.4338755496483984
W37127,8.637335545230208,1.6487796485411634
W37128,-2.9703057979359224,-1.397049933875017
W37130,4.049037122193632,0.4808023781545629
W37131,4.389995495791887,1.5976202502871373
W37132,-4.646280705282363,-5.969471880582376
W37133,-4.540429975399952,-5.5979391793617
W37134,2.444758752973066,0.08255180342718017
W37135,13.277178329345004,2.7362012011499597
W37137,-3.2867734222229776,-0.9396173818201793
W37138,-2.9502223932278877,-4.13830194020672
W37139,5.733051706119696,1.748703765131236
W37140,0.1671583075395288,0.7911208149788942
W37141,5.066238399705144,-2.2106882568970003
W37142,-9.288870310661228,3.347246710817247
W37143,6.966319935085423,0.7167263488202622
W37144,4.320511413015208,-1.4613700663983695
W37145,5.242548974292737,1.1007438325797216
W37146,12.370349040412869,2.3444792473814484
W37147,0.682204712923021,-0.45103611682959477
W37148,-3.5705844034801206,-3.293212319266441
W37150,-1.7361796724775331,3.0055173982650776
W37151,6.1329336589627585,1.532667916453009
W37152,6.844467933794931,-1.3440750200493976
W37153,0.9859320660090207,-0.36443453933547393
W37154,3.419214426850679,2.5839209912031866
W37156,4.850392636188073,3.2692672900285964
W37157,-9.000261629421644,0.24017415860360464
W37158,6.041875123720121,3.033774236691557
W37159,8.165040586927118,2.00372034419948
W37161,2.009585430786572,0.7715460867418561
W37162,8.788020742560075,2.170609506236029
W37163,1.7673699745360008,0.8555541278221835
W37164,3.4628842465846565,-1.4822264976098143
W37165,5.802867183855402,5.934572044250612
W37166,4.422811661335208,3.30319608846632
W37167,-4.132407898527781,0.3325432177008304
W37168,4.465566467110987,4.874935471598467
W37169,-4.8294782496755655,-4.339302294578946
W37170,-5.0334872659201135,-2.144947486244802
W37171,6.376821321337703,-0.5964141932307755
W37172,-7.941412045153589,-0.25584541392629795
W37173,8.79655930409714,-1.0391784731818652
W37174,5.658796633395526,2.57291777824878
W37175,-4.932263369717108,-6.171881083595953
W37176,-6.01093322875456,-0.5471192320715145
W37177,-5.054045235721677,-0.3070598874292683
W37178,4.592159401260895,-1.2557170794821968
W37179,-2.9108803172311166,-3.267148084006156
W37180,-7.8974871566429625,0.20708091125710398
W37181,-2.393550001373503,-3.9389172622327084
W37182,-0.35808604536330507,6.1713993662707605
W37183,1.740561210039181,0.3792810397476651
W37184,0.747567307122544,-0.15916117267031293
W37185,-6.25591391329194,-0.36345354542468444
W37186,-0.5498195045101468,3.0211341557749853
W37187,7.238869673835673,-1.1500413366128637
W37188,0.4521237553698746,1.35153659559625
W37190,5.936920437481205,2.2313313834621655
W37191,-3.501568099156133,-0.7599204194720627
W37192,-5.760388105369214,-1.8840197746408707
W37193,5.08122263120263,2.3898390432513015
W37194,7.149226096236607,-1.5098752313851431
W37195,9.221281503672945,0.2720254658803439
W37196,-3.4813217271911263,-2.7842871291495355
W37197,9.032913644310357,-2.10770161439171
W37198,3.6346107612988288,0.19267116353988017
W37199,4.713992197360035,2.4011776762469257
W37200,-4.392687474483693,-2.6432594090931443
W37201,-4.191008565147049,-0.36006089566122634
W37202,3.930457555074243,-2.7806073550343986
W37203,-1.1316807797789057,-1.2911885608919877
W37204,-3.626170252776539,-6.697683362154654
W37205,-7.990940830642577,-0.9497188861522523
W37206,-2.994332776701259,-2.773956326209752
W37207,-8.245508041037255,0.6454356363030518
W37208,4.530025923794087,0.6215656339187509
W37209,-4.8056180610687536,-1.6126959630618518
W37210,-4.781083814826164,-1.4919757962392883
W37211,-0.4598716638866796,0.06707615666759967
W37212,-2.297294754919572,-0.939987494061055
W37213,1.2202057796838028,0.31032010213142797
W37215,7.118101136587539,0.6568683034469147
W37216,4.660653178932471,-1.2150780470086464
W37217,5.903860564183215,0.5436985642213725
W37218,-3.0547883460373093,-3.654103117761588
W37219,3.521462857805664,-1.9399252494711006
W37220,5.9028600598773,-0.8380381150942006
W37221,4.980381233728082,1.5702303173381165
W37223,6.319600633625463,-0.3056662527014065
W37224,-5.8184818118256985,-0.45683330024689445
W37225,-7.888253640672858,-0.5587190389286223
W37226,-0.27810303369390166,8.053513324230032
W37227,5.07194273595887,0.003717318896794362
W37228,1.7018424584463987,1.3444068169605783
W37229,0.9837753310811452,0.3104788313080427
W37230,-4.484878811437266,-5.2798299183188915
W37231,10.02423268431351,-3.3425550597737095
W37232,-3.0211160503805194,2.005054397396596
W37233,6.394111318701701,1.1827261307467303
W37234,4.790523048839615,-2.1463158848902055
W37235,-3.7568207339777837,-3.103979800768841
W37236,2.2279486753485314,0.615334473154141
W37237,-5.30146275827581,-1.4247237149407812
W37238,-0.727172268580713,-0.28815343140592503
W37239,5.1999435774822045,-0.37033450041010724
W37240,-3.098014036686774,-0.06426762686719928
W37241,8.083937830870353,0.5267429574795919
W37242,-5.035794130635088,-1.3826709969733908
W37243,6.0164591635166484,-0.2853092163163669
W37244,-2.9244103484913273,-4.398803630781303
W37245,5.019400800629411,-0.7404492572328849
W37246,3.9423139063306087,2.1390748788376968
W37247,-1.1532973126663495,1.4488058532286403
W37248,1.427790833527784,-0.3303386522291003
W37249,-2.6376670427425295,-2.374104474745557
W37250,8.766578939588646,1.125200015976257
W37251,4.459990155665231,3.9039217491075417
W37252,-0.12323482482293738,1.3930706341088617
W37253,5.543907636206466,-0.44118921656239357
W37258,-9.47610560290132,2.8092148806218558
W37259,3.29928105872437,4.592663612804633
W37260,2.4538748397691346,-1.1176216978037714
W37261,0.755577810307289,1.490867373027923
W37262,2.962372170276162,2.2041507176933877
W37264,5.175835511695615,3.6142429354510366
W37265,4.495754695663144,4.494226214537857
W37266,5.033454992068316,6.700141927548011
W37267,-5.105352141927343,-6.9327144374667435
W37268,0.852059043543561,1.4267221089192759
W37269,9.637153531954581,7.202151786475125
W37270,-7.57387200749014,-5.268671479476938
W37273,-1.818972082802576,3.4728432338357553
W37274,-2.222414863356506,-1.7323172817357186
W37275,7.468476688480226,5.462073069801664
W37276,4.485573324871637,3.7005318964373393
W37277,-7.934216132088224,1.8961720179958943
W37278,-2.031918201348333,-0.15789757163744175
W37279,-2.105751927624057,-1.7418156587932005
W37280,-3.9536664535894306,-4.655189300164548
W37281,-5.378338407031468,-5.164827031734131
W37282,5.951990112670194,1.788643828386815
W37283,-7.919559280621523,-0.5812275890601343
W37284,6.078824965165014,0.5132375896545849
W37285,6.192171446081473,5.832636753976923
W37286,-8.392593099506342,0.5800149599665646
W37288,-6.618298902154577,1.5728322804760817
W37289,-0.6785012746410576,8.82125879121272
W37290,-6.970806105221931,-8.913651116445383
W37291,-1.9527723870917766,0.5494913101705997
W37292,4.841296663065137,0.9391264268620807
W37293,8.17701677434086,2.66212252529717
W37294,5.87302954722687,5.093221646312792
W37295,1.2515596581068302,0.7739268126695389
W37296,-4.5858487063090845,-5.202857965859392
W37297,-6.791287690212262,0.40436822885104257
W37298,5.142249000984797,-1.721727557074581
W37300,-3.7121325372609353,-0.9504980645799659
W37301,5.901654603553407,0.6187798975221954
W37302,-6.163851388247277,1.0542624335677175
W37303,-7.884672117044466,1.1490723078804055
W37304,-9.98170828546421,3.0489941925780646
W37305,-2.9373900493895038,-1.1069068376506705
W37306,5.214196689837886,3.299146113066608
W37307,6.676658205410436,1.736847011564727
W37308,-7.360196199233434,-0.3127921482119733
W37309,2.1093137812752234,-0.7593193230788
W37310,0.5961938666254109,0.7396066098888334
W37311,1.0674843314522777,-0.7343753850922726
W37312,-6.619016765767442,-2.288727097354098
W37313,3.055053528704267,5.695782059269534
W37314,3.592438053452969,-0.3589114716068421
W37315,-4.636598946285127,-2.3754164603548973
W37317,2.26416623041875,-1.3653094517256124
W37318,5.784819817027515,-0.6991406780611162
W37319,-0.1620901387552739,4.688417098927211
W37320,0.6328842112375557,1.455160812397923
W37322,-4.183546324597471,-7.714331163060504
W37323,3.7867342193276103,-0.9589495865575381
W37324,-8.569200816076423,0.22213147941688102
W37325,5.350733617300485,-2.2079893404762916
W37326,-5.928222750604027,-1.73279830441451
W37327,-0.5922688135489844,3.0472526524402506
W37328,0.6270448762691505,0.41527090443608283
W37330,-4.714882186463438,-3.1495515043108426
W37331,1.1188322800537294,-0.08951694300889072
W37332,-5.068480857833097,1.0493507879330575
W37334,0.16854895422665642,1.538887775295199
W37335,-7.213752916759606,0.4868007885268964
W37336,4.10222706513438,4.692523121982152
W37337,-5.712250170419083,-0.8036967455512369
W37338,6.199859268298296,4.051184682104061
W37339,5.289691451084708,-1.132377135289593
W37341,-6.500150712356029,-7.649529141332021
W37342,4.183802900803775,5.18498129060748
W37344,5.409746334279916,4.079704095020335
W37345,5.566658892818133,5.5438522282247185
W37346,6.202000238175836,3.870640892538637
W37347,2.1977222135497163,0.8304256402586425
W37348,-5.835684531570517,-4.103739633678121
W37349,-3.9381013035892747,1.5306556276350827
W37350,-7.503166972330537,-1.2985016018206623
W37353,6.849431406763,5.431355818548988
W37354,-0.8129656998815098,3.036405191223775
W37355,2.109335273980294,1.1861867208421857
W37356,1.488227533290005,0.1715216970736101
W37357,-5.3027650352713,-3.0302512587939425
W37358,-6.599469724247562,-0.7891431120571394
W37361,3.115204025355452,5.9985292458012
W37362,-1.884314203508739,-0.2794655389568486
W37363,-6.888918862052765,0.878741826966885
W37364,4.848017965934564,0.2082618949283845
W37365,8.33036005761335,2.15316841033322
W37366,5.029033496991347,6.3092101202147965
W37367,-7.684544434472628,0.728675552357695
W37369,4.309827473485269,2.0008486507665286
W37371,5.806969028426607,-1.1377250041226532
W37372,-0.28317603831767946,3.362816161813834
W37373,-8.816103290488641,3.0196271209559593
W37374,3.655623642935599,-0.1282655697558678
W37375,1.3904481779544446,0.008077893960629865
W37376,-7.498302886818629,1.3317866986362665
W37377,6.632124481072957,2.684621628569975
W37378,7.201723817916541,1.387715913232393
W37379,-5.833561642394456,-0.7711478768189193
W37380,5.499879212607294,4.390836033162512
W37381,5.89568675727944,0.7275860912618439
W37382,0.9056248972460424,-0.7571573083243893
W37384,-7.491781172530167,2.182184933775969
W37385,-7.130462201878622,0.0657580324082333
W37386,4.239555721825005,2.891610373928267
W37387,5.238725369711189,-2.187455552273575
W37388,-2.8468055079345063,-2.197131272298165
W37389,4.220116081296449,-1.322374988696728
W37390,-3.3499684092035698,-4.051153642329252
W37391,5.481688105776687,4.817502318542286
W37392,-3.547443517890862,0.9795879136667157
W37393,4.821173443877184,2.937266252434213
W37394,-1.5460444592989224,-2.4148666860373953
W37395,3.082055878355002,-1.7890176273729668
W37396,4.5827340615448735,0.7080754069633479
W37397,0.3641255904150224,-0.3225173580385134
W37398,0.932072861441773,0.42128982899005935
W37399,-3.76862936874185,-5.722738477385188
W37401,-8.309128869063224,-4.80382074511361
W37402,-2.7587883559535427,-2.2270889129371416
W37403,6.171472682286376,1.3712685016432584
W37405,-4.509509218438259,-4.461283992070007
W37406,6.0210123204965065,0.9711049866353411
W37407,7.233417274091931,3.191881907165965
W37409,4.9036868199437285,0.14420192501046758
W37410,5.920947824225603,-0.16467915516064796
W37411,4.732599785157684,0.44806682760316807
W37412,-4.334669008790402,0.09797798090602353
W37413,6.79714041695077,2.874391433555187
W37414,3.603032496993933,3.093673460605816
W37415,5.0028382466314785,2.98327417621787
W37417,-4.309818510761804,-6.530051119616675
W37418,-1.67919270873185,1.9883219054322092
W37419,-6.05616950780366,-1.3616546604352955
W37420,11.083211430559517,1.8344157879264158
W37421,6.97832226342713,-1.093607816741423
W37422,7.728178542683333,6.0282739871922155
W37424,-4.70027410700671,-5.39991324498503
W37425,-0.7646384306804896,2.6612579766567865
W37426,5.2806497059770505,0.8427282992407189
W37427,0.6141933248873238,1.0835237332064898
W37428,5.221015554180995,-1.748460734583252
W37429,4.54349708511499,-0.40720105347772606
W37430,-3.76922231241979,2.2642848912583355
W37431,-7.753047852198024,-0.5606238164722331
W37432,-6.830670956754276,-1.3042782788913263
W37433,4.469835022146643,2.8631764689852
W37434,-3.051963265248568,-2.937232600502895
W37435,4.631010082321223,-0.2704853633604094
W37436,-1.8484573543538414,-2.40102925697043
W37437,5.786425224771103,2.048513653281161
W37442,2.287815271137759,1.7555632440762796
W37443,-5.691127120556423,-2.2358210653904553
W37446,1.3698627201024163,0.9568785328913092
W37449,-3.950855541545747,1.3545687879874533
W37450,3.92807639268658,1.0479573163680618
W37451,1.125319464201411,-0.5010132029841063
W37452,-0.9945241001002794,1.0939964779358462
W37453,3.430128243821578,5.226415260246928
W37454,-7.61329775644183,1.1552013266699344
W37455,2.387859879973267,3.177258481631109
W37456,-8.160949947750568,-4.530479061307087
W37457,-5.455544853090165,-1.9617173450863947
W37458,-6.6096157700581815,1.3139303090191923
W37459,5.134225538564908,2.3376125885833416
W37460,-5.3255211167629515,-6.816845139183962
W37461,0.5936095542725397,0.07925041518223114
W37462,8.565361585703934,6.778796194012721
W37463,-6.162719849823774,-2.1923193368563516
W37465,6.847247570701179,5.882037247842007
W37466,-4.101744031093088,-1.8033751387503538
W37467,-8.112979728504243,1.809768889109101
W37468,-0.3044684857505211,5.299920665919859
W37469,-4.35233580188813,-7.109364414875519
W37470,-3.465320883518053,-1.7414316216857122
W37471,-3.876743532807591,1.8360402908955447
W37473,8.358769742253251,4.623193866719863
W37474,4.295468368866332,-1.5752054752439215
W37475,-1.9138578849058654,0.6829316013738017
W37476,-4.583118526614127,-7.443830201702
W37477,6.320168963224217,0.0041214190072770395
W37478,-3.8262433050421025,-2.7879295980101335
W37479,1.4997194585213032,1.728154661636191
W37480,-8.023888787576565,0.9997984917859583
W37481,-7.991405625125791,1.4609923953412625
W37482,6.071386174656991,-1.042290363069218
W37483,-1.380286890726012,0.44789338384109767
W37484,1.5527789884425305,-0.15228648952793972
W37485,5.084165418811019,-1.0522524071150487
W37486,5.903262079490815,-0.029143735058813954
W37487,6.930545724343032,2.899465139028415
W37488,-4.301652755782078,-1.5561529133781127
W37489,1.8867623350057778,1.2235413461759037
W37490,-0.27124160709240136,6.950691575793427
W37491,-7.720133249810681,-0.8227712225843763
W37492,5.426233886232476,-0.2510841734874932
W37493,5.906545051987771,0.07128239501812199
W37494,-3.6374082546652793,-2.012000091485902
W37496,-5.78411847305065,-1.9108438306381612
W37497,0.68881350363478,1.3593311634061478
W37498,7.852031411008825,5.13139503653855
W37499,-5.147608227239823,-0.9473413948228373
W37500,-6.8507176042985956,0.3591626948735481
W37501,5.419769881267501,-1.212302013267052
W37502,5.914398834678125,0.7114835418853593
W37503,-3.8930320959801477,-0.2944284989455047
W37504,-3.870365997952892,-4.260073008636301
W37505,3.205152866494422,3.678837066740365
W37506,1.8868756314852353,-0.05159155510190163
W37507,7.762886128145332,2.5839059436654543
W37508,-9.589692544741506,3.6670987972907017
W37509,-8.286685791198432,-0.07925361376379544
W37510,2.0634919619579533,0.9615099038817125
W37511,4.0962375346454305,-0.2502655377697229
W37512,5.2478827543180175,2.68334882958221
W37514,-5.232525300858577,1.4794997240768042
W37515,1.9482162648171175,0.2564037454755577
W37516,2.5169637760485726,0.8560877240232962
W37517,5.472653685973366,-1.4924590557052382
W37518,-0.580216964946548,2.144821498143897
W37519,-4.594077300150166,-7.029051748362736
W37520,3.583261719653187,3.0160047361988553
W37521,-4.825645808832665,-2.6306133983034594
W37522,5.438850243139688,5.320751853566298
W37523,5.44646756334379,-0.202125055590479
W37524,-2.257789360749266,1.7505240890371792
W37525,-4.637745422891974,-5.0345781127651055
W37526,0.9980392238384558,1.378168921557118
W37527,3.03314708153167,0.004694674796514439
W37528,-5.4562596594982375,-4.258745613429549
W37529,4.281352960644452,2.7781398236366615
W37530,-1.7608711824144854,1.5778444061326535
W37531,1.1657175618850435,0.25319993513661004
W37532,-7.266888856648475,-0.07550969932223611
W37534,5.044273259708417,3.341834298306065
W37535,-3.9264215944146907,-4.133998488141209
W37537,5.458798139707253,5.039596309623192
W37538,3.6857347537277008,-0.7054640783957015
W37539,13.439096515850764,2.819904469489367
W37540,6.409193705422945,5.524378912955432
W37541,7.832996161803261,4.967211006372944
W37542,3.880230825729283,4.41553054397471
W37545,2.189087715932829,0.8492000735101937
W37546,-6.414405343247059,1.3891954102317465
W37548,3.6367935352901464,3.184750574701393
W37549,4.735707957044685,1.7535181017378874
W37551,-2.404797482922288,-4.549350410215071
W37552,-6.272921862112818,-2.1816408556677582
W37553,-5.023506254472303,1.0784756568271756
W37554,5.429691370833431,3.3075708368395906
W37555,5.274948391918667,-0.10540531472744902
W37557,1.3051182808348605,0.2324771399898349
W37558,-2.2568481363632587,2.519356359198944
W37561,4.948965311835022,5.027852715580635
W37562,-2.2216826539827985,-0.7490479661754679
W37563,4.515298807119991,0.46122306151450865
W37564,-6.431293641763181,-0.2746540980264671
W37565,4.9296931746262995,2.5040492700115116
W37566,3.470425650024038,3.476469609370199
W37567,-1.434031619968793,3.1689955615241856
W37568,-6.111721368071969,-6.403875813264442
W37569,-3.5635879436211373,-2.624708343663618
W37570,-4.472850923836612,-4.549872345410445
W37572,-1.0045997707141066,0.5572363788686461
W37573,5.619077797447994,0.6907435529591693
W37574,6.850093935007612,1.2614401908705015
W37575,2.237793062494155,0.7378263106614366
W37577,5.331122454330693,5.300699931290576
W37578,-7.810662391556269,0.1275644423405374
W37579,-4.674052511417861,-1.3264273947098137
W37580,-3.9343781407403084,-4.3873025386785125
W37581,-2.7437448128820052,-0.3929859114509466
W37582,-7.724079324849827,1.5628018214065804
W37583,3.8394137126893466,3.25917699758206
W37584,0.6726284917044645,0.953497503554411
W37585,-9.105080981351762,2.711225597271149
W37586,8.439182615283212,0.2921066770022631
W37587,-4.36955060969589,-1.0439864363412965
W37588,-7.773915332545577,1.5863410723802838
W37589,-8.373716912688094,-0.23230712777420337
W37591,3.198533474917951,3.195234014530759
W37593,-3.1074900007629505,-4.046756043457907
W37594,-7.2970364067566,0.22952403363077445
W37595,-2.2008117936281257,1.2200002353665402
W37596,-3.5476238453812496,-0.9971564295125712
W37597,-3.3440279681265617,-5.316095993478024
W37599,-0.05788125405851645,7.4715081024795875
W37601,-6.236536456125818,0.44439002532226196
W37602,4.416325196497553,-0.1855667455854771
W37603,3.642925165874329,-1.6469234001323425
W37604,-6.291095949146104,0.336216272549286
W37605,6.028624320330794,-0.024907131670703908
W37606,3.8740073013011807,0.636281804217118
W37607,3.3421322450973348,5.63097222393489
W37608,-3.5896773856979975,-3.2086039145911083
W37609,1.0934715817931773,1.0102290558973903
W37610,1.3300020529220966,0.4818159618563403
W37611,-7.893622917474482,-0.007388472101201186
W37612,4.197127166660414,-1.350846864264243
W37613,-9.439909485985197,3.423285742088107
W37614,7.111472420702155,0.4527348158676679
W37615,-4.676703151683552,-4.777369855215873
W37617,1.1874206128153932,0.8628668095043363
W37618,-4.299684830289763,-2.24583654063119
W37619,-0.3304989273677136,7.657499304627361
W37620,5.1971167128997955,-0.09568144432221302
W37621,3.203222799568777,3.826503884387138
W37622,3.288985599597128,2.6240342757880777
W37624,-7.536497531574516,0.6007057778596674
W37625,0.8034598950133582,0.07777709556072739
W37627,0.4242282217592765,2.689098496694484
W37628,0.6827740550321765,0.3245089638330429
W37629,-6.244754245071682,0.7488086954194417
W37630,6.247256419348079,1.2255742649096917
W37631,8.371419850584328,3.398089075669691
W37633,4.977824233479652,4.526938263416955
W37634,5.315329899731107,5.52902640220124
W37635,2.4243071142208024,0.559445671889875
W37642,0.9771323737219763,0.5099482052684947
W37644,-0.19546285170403013,1.2430846755766338
W37650,2.6523365185688133,-1.428254811801142
W37651,7.484398216277352,5.499142691289993
W37653,-0.6534141701676154,1.3850740280690084
W37654,-8.85764170730401,1.503791321247955
W37657,-2.992690501163032,-2.2234851873396684
W37658,1.9515845474813358,1.1062993225833215
W37660,-4.7012463559637165,0.5202628575151287
W37661,5.662590154099008,5.861818165663111
W37663,-4.624674391827667,-6.207149572994015
W37664,-6.288954663456661,-0.6714002714514393
W37665,5.442939368161085,1.2342737900916745
W37666,1.125620461281026,0.7631534145231618
W37667,-7.60595338624276,1.1489986641956826
W37668,3.1045798763677834,3.069962194558603
W37669,-4.04794928461975,-1.148174458718045
W37670,4.5746421213169715,2.7270338560190712
W37673,-3.4998354150226296,-2.950179660381667
W37674,-0.14106471903665596,1.3916615853802816
W37675,5.009049579331134,4.971051991706156
W37676,-2.695525216323604,-0.42449465155170923
W37680,-4.747089524867256,0.3243904025542116
W37682,5.924753218826849,2.4570642767046675
W37683,8.079136945839814,2.9046597491961315
W37684,-2.4771921305150784,-0.29345247812005637
W37685,-3.818399750331066,0.43142516861598224
W37686,0.762803491249815,1.2746935450940142
W37687,-5.9736787883749844,-3.237904741229042
W37689,-4.424623514158504,-1.3153313163537397
W37691,9.051666202811953,5.843842852751013
W37692,7.559558011888781,5.814847348842524
W37693,6.86471539354126,3.1199103867038485
W37694,-8.396058150500542,0.2996500001821735
W37696,-3.2970382264508338,-4.031836038804702
W37698,-0.21613920976198384,4.277161956552419
W37699,8.752169624589005,4.783254424966933
W37700,-6.8553645138120824,0.5201062330645642
W37701,-7.052426272474991,-0.2237224569051671
W37702,-5.0335034254513635,-1.4505107559993984
W37704,-2.1650729511245443,0.44089263706354254
W37706,-8.272573005756158,1.3756622270572179
W37707,-2.9622554208685647,-1.9149921154456118
W37708,5.169950106572044,-0.03857979405358882
W37709,0.647111997935889,0.14579666129446622
W37710,8.255879455528682,5.108448156742526
W37711,-4.648928460293886,-7.019671930758521
W37712,-2.41144411751645,1.3512274344936155
W37713,2.799958495034039,0.8321312937525416
W37714,7.5180373372709965,2.3102385820709936
W37715,-6.975983380111684,-1.1597335875711097
W37716,-3.417176148705357,-2.6802570489087074
W37717,-3.401468942259951,-4.3838595930016515
W37718,4.6880097771410165,2.6718514315559125
W37719,-2.1531676381686062,-1.1630039010036226
W37720,6.723009469729924,2.4877842900828546
W37721,-3.89527345136702,1.9421279272554
W37722,-5.287924469253704,-0.20486050812625678
W37723,0.44111602466734606,0.45069725982632974
W37724,3.817763915636946,-1.5398674267304455
W37725,4.1753838986062615,1.8320387074721862
W37726,5.391548506004731,1.0954057119983756
W37728,-3.4107043338057883,-3.03178924152609
W37729,0.14971790866269571,0.5786503854889692
W37730,7.362041628021539,2.4034716206075784
W37731,-4.708303589398294,-5.7028380109346894
W37737,5.338809747298782,1.8362277104149307
W37738,1.5396530267731796,0.44532206337222807
W37739,-3.1027112300543322,0.8924295151867823
W37745,5.421340717736395,1.5492420422881985
W37746,6.019344287507561,2.822237354791713
W37747,4.300955163122695,2.441981971762383
W37748,-2.534182400185137,-4.478625024752315
W37753,13.114001690153675,3.2021473624028025
W37754,-6.565454404192392,-5.527422169304741
W37756,-4.552490878964438,0.2273844501912591
W37758,-4.489485721591198,-3.2047830017177863
W37759,6.862939605613186,0.988047853773083
W37761,4.262676094359576,-0.406312428901222
W37762,0.07792941079120629,-0.802280847054951
W37763,-1.9470193438858676,-1.7553337984170516
W37764,-4.055155218967306,-1.8337509258557938
W37765,4.098044423968387,2.271213137022721
W37766,-3.151294370171475,-5.595641041225151
W37769,2.4802338706239295,0.7138919870601763
W37770,-7.565864435121718,1.1783625535864763
W37771,8.558216779051907,5.286486932450638
W37772,-8.455854430731565,1.0951627873159953
W37776,2.6706417054632614,0.9159131417944152
W37777,-5.767462563866711,-1.587586471061264
W37778,-0.9267444719763523,1.7279014227868286
W37779,6.8957693928086865,0.9250662635645823
W37780,-1.5360898227880924,1.5466945264510572
W37781,3.9847514927212306,2.5886711644920464
W37782,3.406568347284424,3.5557379986263755
W37786,4.16077860928991,4.093241703293554
W37788,-5.908704502236061,-0.9966676040043424
W37790,6.298013796978671,1.6238577627914679
W37793,-3.3325511074238423,1.0162099897528825
W37794,-6.419554945175784,-6.111341380741683
W37795,3.3393430988602515,-0.1401730902277934
W37796,-7.780143207708483,0.855725355670085
W37797,-2.8399049243016634,-3.667921241053397
W37798,5.632806384669112,0.9393414883755762
W37799,-3.124939091926838,1.8624847020275848
W37800,-6.53415769308436,-0.8030410848489853
W37801,1.218260835590054,1.362742748893407
W37803,-3.103412250449022,-3.054915093362256
W37804,6.28604419903165,0.6085402972661352
W37805,-7.131099314119034,0.0034544959579233116
W37806,0.4241488863618271,-0.41587688493540287
W37807,-7.0474558652095265,1.3179413535814553
W37809,-6.64189089527391,0.6478642736007341
W37811,7.046778910004435,0.9027830173546195
W37812,2.3560487476203815,2.0850462873628515
W37813,-5.121302024006828,-1.5600613958665082
W37817,5.970814182657217,-1.662299948245832
W37818,-6.290466445010732,-8.71766702767432
W37819,4.41887195718417,-1.2193054817279567
W37820,5.182391842329586,0.06098744948242707
W37821,-4.008659909817288,-0.5922783828870986
W37822,-5.718733149744771,-1.1191299843285611
W37825,-5.156043192272838,-1.2973103272276123
W37826,-6.466579271593053,0.25750795457915876
W37828,-4.922636218424577,-5.984437668126507
W37830,2.829737857446054,-1.4469073436506246
W37833,7.703286182608969,4.52611909752146
W37835,-3.430552569522614,1.2289573972976777
W37838,2.224528849120791,-2.856614879099881
W37841,5.3433599791174045,2.5847649453513455
W37842,-5.861816336571941,-2.90461176068839
W37843,-1.551997015085054,-1.846570347688638
W37844,1.0830079380769995,1.3231894387373047
W37847,2.555306334485596,-1.5414162036076275
W37848,3.10488950332825,-0.3928447700804239
W37849,-3.664418271665582,-5.482752675600262
W37850,-8.370126554131064,0.24464368490202193
W37851,3.934328604919928,3.0723006156364905
W37852,3.9777213936732476,3.5019850528061784
W37853,-4.920635740699237,0.036153504441054946
W37854,-1.684703247057866,1.8060771968998908
W37857,-1.6244667771678345,-2.3210379458045813
W37858,5.974610605197088,2.8236491154957504
W37859,5.021391138371205,-2.1614157843536805
W37860,-0.8092017064321921,1.4093395741256736
W37861,-6.885677140468602,-6.473093091738119
W37863,-4.404453854502951,-5.416941138345361
W37864,6.364639781819006,-0.2637941185927887
W37865,5.68001388477161,2.815763998726135
W37866,-3.901754960540402,-5.64639313014194
W37867,1.7575754251398137,1.7484541322943044
W37868,-3.050051759635161,-1.831587068707676
W37870,-4.8638832190806465,-2.988875520493889
W37872,-2.3777671221069494,-0.5828553080061407
W37873,4.3365540347063405,-1.580418711543001
W37874,4.276112767387127,3.2446163600894296
W37875,4.096833618051939,3.4300695325886745
W37876,5.62812717177918,5.814529923867347
W37878,7.523699797797239,2.19989262125307
W37879,-4.0365781579457485,-0.4918336313199333
W37880,-5.755633600509831,-1.080122627009569
W37881,5.574942355608086,2.793583457047626
W37882,-5.27881881712049,-1.6183172190404473
W37883,-2.8582133784145958,-2.5347206013998105
W37885,-0.26970448833370286,0.6769959164820044
W37886,-5.857794444710644,-1.6785187442551077
W37887,4.754370915468951,4.218299525744344
W37888,9.5535455173519,7.3650837191719
W37889,-7.171491163844727,0.5567027219071673
W37890,0.904817755271426,0.6906037254066909
W37891,1.6364066741677046,0.043356883048430085
W37892,-1.749925587020853,-2.071036128634266
W37893,5.114106169968474,2.950301677193024
W37894,-5.505954156363383,-0.790323651045099
W37895,-3.05923976406695,-2.9192988987753736
W37896,5.5429343821348525,3.028489691567468
W37898,-5.753174170234291,-2.94302416975074
W37899,5.850659327669228,0.06732165436348425
W37900,4.101245600457973,2.8511509258937435
W37901,7.681155913370186,1.5412213042143943
W37902,-3.942601504404759,-5.890217029344881
W37903,1.897739902319167,0.2865095047929458
W37904,5.369465736740301,0.698108473195575
W37906,-2.4480688621071938,1.188979461013018
W37907,-0.30709226524555766,0.14082532473842868
W37908,2.3405111360445976,-0.665851303491276
W37909,2.7146457095034755,-1.856350782512436
W37910,-2.6422383896310664,0.17790953811873736
W37913,1.3214987304073038,0.6181074006194074
W37914,1.2493444000672143,-0.35861016274520713
W37915,3.306530872545212,3.8120748457405726
W37916,0.9023004786381936,0.5138981399972297
W37917,7.594974828309274,-1.4808094744864
W37918,5.005363417126075,2.548083643267441
W37919,5.520384036108497,-0.7232975632342787
W37921,-7.292786278660005,1.5003470051729144
W37922,-5.744810757250216,-1.2405487998284053
W37923,4.090305793693957,1.7062645876113645
W37924,0.5949953860516186,0.5582389779876624
W37929,-4.992762083817405,-2.331013371395295
W37935,4.764679603743284,6.364885197863825
W37937,3.751141805948389,3.5555517265985057
W37938,7.924028698868154,5.479647293255186
W37939,-4.637820182726306,-5.442970498671926
W37940,3.7220433432093225,1.4803269944276631
W37941,-2.0831026327643083,1.389493778379643
W37942,-3.6717189643802897,-4.272659358501236
W37943,-0.19854247561183705,1.2075314377110535
W37945,-0.9008927163125318,0.6286691649390861
W37946,-5.778669325115683,0.1609835443555162
W37948,-5.721629761103283,-2.11368334750541
W37951,0.30828184864010605,2.1213144126281693
W37952,2.283405662335889,-1.5517106212074807
W37953,-3.387484259475773,-2.1138667070129795
W37954,-5.243487321793011,-2.129754552271357
W37955,8.601710945695135,5.3429801714487875
W37956,-5.385038130840584,-6.85892479386342
W37957,-3.2483914860298215,-4.262423697729685
W37959,5.189689550624299,3.7713033021759665
W37960,4.23635919398469,0.6422518447461139
W37961,-0.21490136705863902,5.500347034151442
W37962,-4.842412574677058,-2.3294537528568857
W37963,-3.7518353501056065,-3.262007695562613
W37964,4.88672430118283,1.6152656432958659
W37965,2.881982023132744,1.1620222508453675
W37967,2.5583208150883574,-0.99276973860351
W37969,6.2329094940274485,-0.16040297695092146
W37970,-1.9615346112123537,-0.3740499514125449
W37971,0.9756783405881516,0.7815068360814301
W37972,-0.4771556768044289,3.0247382584115976
W37974,-3.2134892713269885,-3.4876350146885775
W37975,-9.43549304226987,0.4769414310883099
W37977,-2.841897849599647,-0.5759693904343568
W37978,5.920476161475819,2.861021403595015
W37979,0.8856500066023494,1.3967576264026058
W37980,8.353365468457772,1.9230623772384645
W37982,-8.318319238436958,0.1689703223519753
W37983,4.217159770583642,-0.7309068367712128
W37984,-2.0191151434031864,2.7578713578841096
W37985,8.764296140818415,1.2417902411865454
W37986,6.407203270237019,3.159560023560971
W37988,4.540636212696575,0.3571671263717087
W37989,-2.490369167573518,-1.4713959065504931
W37990,-6.708287314596222,-1.1758900500799805
W37991,12.872187067214877,2.871089804395268
W37992,-4.471641860898219,-2.535256765283591
W37993,-3.6917135563349954,-1.8204159021104995
W37994,9.966242371947805,2.5016246266383955
W37995,-4.078571345373801,-2.933060018348909
W37996,-4.447654793535234,-6.493849720239841
W37997,-7.993782766339684,-0.013556173723694496
W38000,0.23541387908692885,2.830116471774166
W38001,-6.169230535600802,-2.2494001642440664
W38002,-3.9709169669079643,-5.281474604304429
W38003,5.294367138977246,-0.4706933309566782
W38004,-0.07185459871170492,5.137725903645443
W38005,5.08373641417171,1.8310738357904082
W38006,3.5821544033150836,-0.9742818703112845
W38008,-2.628597121151296,-4.484701957023645
W38009,-3.8539908286402245,-1.9533031861317895
W38010,3.5825763308606398,-0.05446471553825428
W38011,-5.8919404257872,-2.1940587040306263
W38012,6.461244551937652,-0.23573820547365473
W38013,3.122390828694229,-0.8960624850651062
W38014,-5.195716822551655,-7.325350556534477
W38017,8.95029239102319,6.6387467323825025
W38018,-6.917060320706621,-4.385266703651796
W38019,1.6433080585384348,0.9848444849449195
W38020,0.9642095698693794,-0.09536338020512575
W38021,-4.294746098498628,2.72380588992883
W38022,-6.779804169928938,-1.0624595698597583
W38023,6.3945388993489924,6.855713512012741
W38025,4.566326149573841,3.170673253259156
W38026,-6.516886449395165,0.5307733185193225
W38027,-5.986956378094977,-3.5145557504329306
W38030,-3.2493809732727144,-0.7489925024266335
W38031,4.677949410256615,3.2374431592377215
W38032,3.5265126215974596,3.288780445991578
W38033,9.440179892058996,7.158651477578579
W38034,8.022463981165647,6.765081650689074
W38035,0.16524341614516894,0.35512358361094204
W38036,-0.9978298233131543,2.0770030722163466
W38037,1.977769271596998,0.8453425088679152
W38039,-6.202230044916434,-6.655624526343386
W38040,4.298866933272745,4.679937711770379
W38041,-9.041842810180876,2.70509224967044
W38042,3.6278619131420453,3.496876704947302
W38043,4.4626390591499305,6.08348748501796
W38045,4.169999639604064,-0.7975569831251276
W38046,-7.911508779213039,1.4532889608842283
W38047,-9.081554259661797,0.219292083153587
W38048,9.638168781123955,7.802416950096611
W38049,-0.5231785999641201,3.187797466514127
W38050,2.2708325717618583,1.5872689513602265
W38051,4.755512693851528,0.35598906779146006
W38052,-5.249127445653212,-6.19669165520982
W38053,-4.252759834720065,-4.161507416629654
W38054,0.9945404002407228,0.8996430212178811
W38055,5.918427099092159,5.7710434035642875
W38056,-2.18013287815253,0.34382034581688575
W38057,8.980938059372026,7.074005946211902
W38058,-5.006683171757195,0.01016574273059283
W38059,0.8676099796998751,1.4341339015191477
W38060,4.805101554711915,-1.4697535199231404
W38061,-1.390050657006607,2.3071066722491183
W38062,-2.7060153574847585,1.3248644344176035
W38063,5.134174824448501,5.88077160421791
W38064,1.0352946873156257,-0.05151004150312243
W38065,7.35258119932602,4.566693517517637
W38066,4.568691749183755,0.24556844762047148
W38067,1.8035853373125699,-0.18911695390265162
W38068,-4.742108046206951,1.1424538780778495
W38069,2.9495266858089098,-0.27044686032351245
W38070,-4.795687901022967,-3.7180521670301605
W38071,0.9120207165574663,1.1628392541604504
W38072,-1.5289902770606218,1.4178315766389877
W38073,3.0201566637903414,4.955454420851681
W38074,3.179501576583475,2.717672996739618
W38075,3.58302460084175,6.0228904628789985
W38076,1.4847591208176192,1.1989377108993087
W38077,7.798117008157593,1.1962233329549907
W38078,-3.915655437846245,-5.110169482312125
W38079,4.666278907350819,0.4136467441030767
W38080,4.900246728822419,6.128335005971841
W38081,3.359410439130396,0.7792054811793682
W38082,1.2720693564293246,0.4589134950758921
W38083,1.1864943215928332,0.12180808729620761
W38084,4.966190528290501,3.053213530880698
W38085,-3.2075664178384393,-4.355350738118409
W38086,4.687967509723882,2.716044733290012
W38087,-3.309371543630735,1.9832886353092731
W38088,-1.9564273237784253,1.7951323887150894
W38090,5.434511383298965,6.559055227406256
W38091,6.216937386734997,7.047590870232922
W38092,-2.7674047798893318,-0.20880769037076893
W38093,2.4417797052485835,-0.17986299384175317
W38094,-2.478774331794408,-0.18028094087144755
W38095,-5.7690470290186235,-4.995818696060532
W38096,0.6871913920935008,1.2970517636860022
W38097,-2.633593069662583,0.4290140656167111
W38098,-6.942804120901573,-0.09644526796391102
W38100,-6.653707443925771,0.10465661070119153
W38101,-5.268898026852448,-0.667190264739967
W38102,6.392442725147312,0.5255128920850272
W38103,-4.043327960954196,-4.494925070962256
W38104,1.574649599153793,-0.1478484903687599
W38105,-6.662059923531079,-0.7936030956683755
W38106,-3.637825747442043,2.1924746967543496
W38107,-7.140084187439511,0.5206906199042359
W38108,3.0660317488642295,-0.24900844684755932
W38109,-8.842160062273896,0.7926319164286141
W38110,-5.874791027138102,-8.588414961903853
W38111,3.305686103574171,2.6226734132435854
W38112,-3.3667760518740937,1.0816046498980707
W38113,-3.6797447160022836,-5.423750158970997
W38114,-4.8798638508105805,-0.6277318197753227
W38115,-6.049733787244624,1.3753635293084971
W38116,4.4162162338420305,-0.07847974221482203
W38117,-2.331981597787627,-1.7061478301128843
W38118,4.407217408287245,1.9152595042586655
W38119,8.531692079165516,5.530048291180812
W38121,-2.653366722819698,2.103983786327502
W38123,5.442885673558659,1.766163902453205
W38124,5.701113820720317,-0.4625727387111072
W38125,4.892190467474719,1.2781469544123898
W38126,5.843502852395905,-1.1392393540336037
W38127,4.736201411888767,2.7499305771116545
W38128,-6.042891207858124,-0.3258428455508455
W38129,-0.40872636752775227,-1.2450988168583452
W38130,-4.893132829369217,-1.9151927572994545
W38131,-5.96003139491001,-8.439262072710388
W38132,4.7731981258470535,-0.7670239881623123
W38133,4.840639860772707,2.1753679148294687
W38134,1.5825157622220816,0.6179764874266522
W38135,1.1957636457637946,-0.3342680062957351
W38136,5.867106731114286,5.505577843805738
W38137,5.397498115265367,2.051087753545662
W38138,6.273724483060505,1.0379063619169016
W38140,-6.459408531489367,-1.4839854109983375
W38141,-5.282064555756508,0.5896309823996385
W38142,5.337967523550314,-0.4408105785264526
W38143,1.1203499364308271,-0.5111258639427351
W38144,8.630862219849375,4.887961008264365
W38145,5.30502932146312,-0.20231246925384783
W38146,6.070849377230051,0.8507400172314704
W38147,9.064658725582769,2.130260906866159
W38148,-3.733080653475355,-5.810386680139347
W38149,0.07057250383478249,0.20932582504034034
W38150,4.815635628666309,-3.1555422207190844
W38151,5.149762072976599,-0.12840900845039865
W38152,0.6288582770731725,-0.07181652119808557
W38153,2.2063213090863742,1.4694010454838988
W38154,4.641350285666934,-0.6310823752074919
W38155,4.782679442150735,1.892873530187296
W38156,4.329320650501304,-2.245555510519594
W38157,-2.019559013988972,-1.4049914334663196
W38158,9.382531907114716,1.1935810773914803
W38159,-1.7517537235585114,0.6538891934967046
W38161,-7.513150973826524,-1.0697900326821275
W38162,4.881546327988707,1.927139466135057
W38163,6.488915513118143,-0.19126600125410068
W38164,9.950791805549597,0.666655974029785
W38165,4.189530862192592,-2.3726287817133316
W38166,4.57168150252898,-1.260191491722447
W38167,-8.690947051697124,0.09788892615257072
W38168,-6.02718568298477,-0.7768811933211424
W38169,-4.579487569780785,-6.49847315513816
W38170,0.2399691860942491,2.7326989781654167
W38171,-7.160058219448286,0.4502549095952276
W38172,-6.566314374497864,-0.82639875558894
W38173,5.766153960674272,-0.29646897251927284
W38175,7.909447916017853,1.3526651560312701
W38176,4.136720153112144,2.082556960822167
W38177,6.336661322766141,1.2273935383969858
W38180,-4.060852184788292,-5.404088078269472
W38181,6.143560764093651,-1.3837210558731228
W38182,-3.913518880683696,0.9759037487144072
W38183,3.79513556076475,3.1539256104969753
W38184,-5.179564027204903,-3.262569914040368
W38185,4.849163575377706,2.5768224875447823
W38186,4.832819957688835,-0.3884017682543676
W38187,6.137773804509798,0.12780760172338546
W38188,6.047100692658898,-1.3422732147457495
W38189,-6.318809629274752,-8.629050593091455
W38190,4.069120122864129,0.3499007431820642
W38191,-3.311038749450788,-0.8072045081425578
W38192,4.956174715368371,2.6008567397529316
W38193,-0.49490609802401186,-0.3795393363714221
W38194,-6.938137634058635,-2.10426277824388
W38195,-4.298732289004177,-4.32613722020741
W38196,-6.4353859753003535,0.2994765381397551
W38197,-1.0465389135413272,2.2626213677808713
W38198,3.756294518791714,-0.20763786582762372
W38199,-2.321024410389771,-1.4718593931593436
W38200,6.270455548194776,3.7434642203196686
W38201,5.219336552638512,4.022855355962933
W38202,4.2977682867340645,0.30957326532453533
W38203,0.06061022492978456,-0.3966096050538096
W38204,5.478694816322639,0.9596381396484637
W38205,-5.41320267422017,-4.357134151078648
W38206,4.488665544730816,2.0510898509088107
W38207,0.013133375835142116,1.4412155558056041
W38208,-3.9101517130443777,-2.5650378822970326
W38209,3.5753429253666047,4.462000095628515
W38210,-8.56746272620495,0.6951416304552281
W38211,6.773511451353272,5.69763467800129
W38212,-4.25952680260866,-3.5008041784301813
W38213,-4.608836190158158,-4.371397983755937
W38214,-9.00953394720641,1.3249636311245487
W38215,-5.897410860125314,-1.99374899724941
W38217,9.26150017648316,2.8475572219142107
W38218,-8.644115048137994,1.6692305376632344
W38219,2.248270815778588,1.3033788028100017
W38220,4.173860198636965,5.072634473579931
W38221,-6.127029559826381,-0.037790114002119894
W38222,0.012885404276189876,1.2815329512364064
W38223,-0.13024449053046908,4.115033825452575
W38224,0.7599541920219337,0.8953121381486293
W38225,-5.126546618798718,-5.636186896914118
W38226,-3.3477895879337107,-4.640298604901159
W38227,-5.05485232749689,1.936479937648854
W38228,-4.646947856264507,-6.151917970237135
W38229,1.131229770251953,-0.06444916152182582
W38230,7.221817011839973,4.046971902283529
W38231,6.581159158273278,3.2173757639458005
W38232,-6.265746154823338,-2.3155125229509603
W38233,6.750984529863671,5.971619889205125
W38234,3.9294349520851855,4.377493771728226
W38235,-9.484261428533294,2.156554627979951
W38237,-1.3463451236072737,3.134027744601386
W38238,5.478629328875521,2.5824177696179267
W38239,8.291358510198672,1.2820400605943132
W38240,1.0746804364813565,0.6804890092048653
W38241,0.5180373681028659,-0.5162980900663101
W38242,2.0344038469741488,1.4323059141122467
W38243,5.247128252022165,3.989725705027854
W38244,-3.7820049057042726,-4.8764922994685485
W38245,1.4477486100563124,0.07234659144220071
W38246,-4.504679420572096,-1.7714297921004631
W38247,2.1264014361005077,2.5674614344472393
W38248,5.269503468742444,2.627107034438387
W38249,-1.782489910707062,2.153335256192233
W38250,-1.3660958038927553,-1.9455320071132456
W38251,5.432705244130848,4.076428170606144
W38252,-6.839257005336608,0.3525004199456248
W38253,-2.265773588370243,1.0676671658014847
W38254,4.710019865244344,3.104276462663714
W38255,0.4927386056539744,0.8292936039039184
W38256,3.0779869870744467,0.612411018863775
W38257,-6.36057508884911,-0.44568358898115373
W38258,-7.3909992315094275,1.7624637102000411
W38259,5.421015932399637,1.4348129201903324
W38260,6.155364070971656,2.146290692465936
W38261,4.29075646334852,2.501284818856309
W38262,6.240598653668737,1.374849132824179
W38263,-4.323451680637526,-4.944351436749555
W38264,7.704814292830866,4.464880407682576
W38266,1.725120060331528,0.11187018468720009
W38267,-4.074224978793897,-0.842116926410913
W38268,3.0803710187543314,2.1262100241134116
W38269,-8.802050723850313,1.1477135946686048
W38270,5.824422851535382,2.185418038057287
W38271,-1.7328366932924144,0.8224690245401322
W38272,1.946881097019412,2.3256573967757594
W38273,5.422455663114711,0.3423033223690446
W38274,0.6406942945811575,-0.33791305080615675
W38275,9.670839074586459,0.635883700395621
W38276,3.7567372275166804,-0.5506710113625614
W38277,-5.749216422292132,0.39867225642118687
W38278,-4.69598500171814,-2.303418537537205
W38279,-2.897749631793091,-3.5254997371839094
W38280,-2.3311077735126298,1.5069313836186664
W38282,4.0415556838938205,5.0544820422428645
W38283,6.9224186379866195,6.136030897710576
W38284,-4.694507202455039,-5.524842141398664
W38285,-4.268739876308209,-4.035703034328178
W38286,-3.5953857328628853,-0.9500248862033525
W38287,3.7352640804849595,3.407600229289994
W38288,2.7593484976894413,-0.6949609700280559
W38289,3.420677752077987,1.380010179155834
W38290,-3.6795006439252647,2.29309506270892
W38291,-3.544153423887289,-2.703337819318153
W38292,5.2906194951744325,-0.5285388743163457
W38293,4.891350927646813,1.2894720428771809
W38294,-4.252136744724751,-3.70089365046511
W38295,-7.366898728417556,0.591692868176638
W38296,-5.98399512807112,-2.833785569088305
W38297,-6.042703981029744,-1.090151819004282
W38298,-5.4836095962137,1.3035483899747593
W38299,-3.180551577973158,0.16229253123998952
W38300,-3.439412448605029,-4.810785235724837
W38301,-2.7525928909092263,-0.006409040223631968
W38302,2.261294017938602,1.32597814818471
W38303,-3.0504911441909077,-2.4777374785368083
W38304,5.436859622529021,0.048555346785790016
W38305,-2.9652530766798266,-1.2294378224397042
W38306,-2.8739993910057837,1.1508541821143667
W38307,-4.612746591571281,-3.9086264728535176
W38308,4.9775397673327575,4.310681963705607
W38309,-0.9953490171545262,0.13530013817312908
W38310,-5.102318477388264,0.7104260239270394
W38311,4.947649690116726,4.325423058498829
W38313,-0.6272552697884403,3.1617347286612754
W38314,5.811615841050589,0.7975281730671301
W38315,-7.3195146339977475,0.305440416447121
W38316,-6.248449889396892,-1.9778750490561419
W38318,-3.4158324386602685,-5.721780470294624
W38319,-3.0696339969687405,-3.3182439793494938
W38320,-2.229912749586703,1.9487252436263431
W38321,-7.094813419554548,-8.880950835109466
W38322,-2.205184137249462,-0.8042406810493911
W38323,1.1007986271800252,-0.26402005863471134
W38324,-3.809910402439382,-2.6075846387967294
W38326,-7.546499432948657,-1.0316592596076866
W38327,-6.597769155242496,-0.6455290305762292
W38328,2.2173250250188654,1.5135320230528644
W38329,-8.490540097243185,-0.36060463706933205
W38330,-3.626817064743475,2.1739526917568157
W38331,4.876827185181475,1.633374986357188
W38332,-3.5296014387824353,-2.5114876233755403
W38333,-3.5295593772483858,-1.0593639534794872
W38334,4.684690292613826,3.4165785066711014
W38335,3.2390683007707493,0.7004938726058494
W38336,-5.093775024710695,-5.361050925954669
W38337,6.113089408429191,1.3129923521114857
W38338,5.557131373530861,-2.0870163584015375
W38339,4.868687341392799,-2.2720900508989588
W38340,6.077704678553619,-0.1999034007199031
W38341,7.224781979469834,0.5567684022984065
W38342,-6.762824290455699,-1.9016942898965714
W38343,5.449251473100133,0.7966776311061061
W38344,-6.012395589050903,-0.788384990073327
W38345,-6.208100491674965,-2.0867327594894998
W38346,5.358706896197979,0.6698802748058079
W38347,1.8107325702887518,-0.3221800959526702
W38348,-2.8909603496852485,-0.8594529066076344
W38349,1.9948995890520365,1.0282208657040108
W38350,-7.438791470908178,0.703106882743397
W38351,4.4695384870876955,-1.612674467601291
W38352,-7.318785885904477,0.3446905919398204
W38353,6.019685254895038,0.819252173727487
W38354,-2.052706928702181,0.001760306174737651
W38355,9.90065708472659,-2.969538375511357
W38356,-5.65303980671707,-1.0532424321782263
W38357,6.632967739016695,-1.2833514281054335
W38358,-3.088852333597967,-3.424371766376303
W38359,6.85445794158087,0.8667744829495356
W38360,7.502786588144395,3.577990377837307
W38361,6.511896100414578,0.20811479870947505
W38362,5.206671513005856,-0.5336154529308064
W38363,-8.048667468183488,-0.07900465723692916
W38364,5.8233336349814575,-0.5941632069372427
W38365,5.394784769856444,1.1906275507575703
W38366,6.104431813622522,1.0288418610912093
W38367,6.387798409668334,0.8510653181543124
W38368,-2.1221496863060847,0.6317116342360836
W38369,6.214274286559726,-0.8469063345323574
W38370,5.541960586724079,-0.7869523617226306
W38372,0.4482354880980625,0.31755766239157446
W38373,6.1651711519323715,-1.2838807893561617
W38374,-1.3121678747912282,-0.21530956638720788
W38375,12.95191805202641,2.4163919213239238
W38376,1.2616629192597968,0.64724733921309
W38377,-1.496415016671329,1.1714707481200148
W38379,7.532913639011636,0.7181290250216674
W38380,-0.09401658418309608,-0.7712527012631087
W38381,-6.757259816031294,0.6715451030915764
W38382,-8.7102964357075,0.4206748777151978
W38383,-5.882944547007609,0.10940095248398471
W38384,0.9256188653457299,0.5464002961273003
W38385,-3.52025725924727,-6.422005747073252
W38386,5.992305381336649,0.21504259262342695
W38387,6.887286066252606,0.6418768254829306
W38388,1.187594919482875,0.2428571457783513
W38389,0.736597225128993,0.3200159969893943
W38390,-8.832717881829197,0.25529961745230295
W38391,2.9534404595844097,3.4342723955935406
W38392,1.1244974331596027,0.6837656136904368
W38393,6.58048270816679,2.0761022719235047
W38394,5.523476889917615,0.8918785125967696
W38395,8.5666103655364,3.3080021119808203
W38396,4.238786670944408,-2.174585211172527
W38398,-0.33441721439768424,2.787101013535814
W38399,5.898755906786652,0.3007228452169332
W38400,1.537226440154611,0.5789846160477458
W38401,-8.311061074830464,2.0643503890593013
W38402,3.4339543787564852,1.2894877430270621
W38403,-7.724612862778418,0.44272956643846995
W38404,1.1797600687883503,0.47029641946952533
W38405,5.334817775429213,6.762417893772639
W38406,9.087757044738336,6.7051503769220515
W38407,-6.5348309276554355,0.3776475034071759
W38409,3.0285615348777197,1.9705129620811315
W38410,-5.266536591693437,-3.5910639131162414
W38411,-6.166261257074192,-1.7856527260342416
W38412,3.927786438312596,1.135557729910445
W38413,-1.3832476616047849,2.2207303996456056
W38414,-5.85048258703841,-6.448442345154494
W38415,4.004872551013374,5.8406143091654945
W38416,-8.669701331044031,2.3494619022935956
W38417,-9.147053178005546,0.5263817252313054
W38418,-0.4814374245344672,0.0871060031784124
W38419,4.9066742443897216,2.5085351776749993
W38420,-2.433833999120082,2.4904952791219674
W38421,-3.09601758923018,-2.0395662264541214
W38422,2.929799573728497,5.5177060300235805
W38423,4.890018818306526,3.3553551423954864
W38425,-3.8962973765635187,-3.114397597516489
W38426,5.815029012074806,2.4145139591994145
W38427,-4.153503671065347,-2.926741071542521
W38428,-3.884825104826792,-3.6829570356447863
W38429,-2.879495787649218,0.13950399573004899
W38430,-5.2983251770747355,-3.19122371236502
W38431,-3.9035871394549555,-3.0655192602988315
W38433,-5.824993774634584,-0.3579963356794309
W38434,-7.39766774138473,0.7083706740571053
W38435,-4.211591566118917,-5.001282408861912
W38436,-4.276156429654163,-2.3158827288935386
W38437,5.3621148282008235,1.314666014712919
W38438,-3.59204584417157,-3.4530763157272557
W38439,1.0667720680885362,0.575174269772867
W38440,6.492861926989599,5.890397588336313
W38441,-7.61970671232474,-0.4150741972609044
W38443,6.147356709227106,0.9561460880238678
W38444,-2.528695646320217,0.8212894707772687
W38445,-3.4127407231417632,-3.3100870041385244
W38446,-5.076313550835445,-7.069864997617673
W38447,-4.934221391306257,-1.700862074321198
W38448,12.926238826018745,3.191906608789925
W38449,1.9819966733175627,1.252941307878561
W38450,5.853396596735209,-0.8324430016785095
W38451,-3.3304251170724495,-3.709268799515558
W38452,10.422264598296206,-2.936360016197641
W38453,-3.184907318965407,-2.5709480065520904
W38454,3.2948221304567853,-2.343374503113567
W38455,5.116823801719114,0.7617097052042548
W38456,-3.119001162145189,0.8952156963541674
W38457,-8.862170858642918,0.8870337467042668
W38458,10.178799014940314,-3.0578400527452696
W38459,3.858503636493575,-1.7797464856498322
W38460,-3.018576252946547,-5.951537287677598
W38461,-1.9717867396809572,-0.9129643197513491
W38462,-5.455277212837979,-1.3923546689266213
W38463,5.252898544967682,0.7774156459369262
W38464,3.5353047239013344,5.8248771405268025
W38465,2.0615856762263163,1.706061607099361
W38466,0.11495357657218465,-0.20161861441708662
W38467,-1.5064168021061937,2.206068758068501
W38468,6.497867012000792,-1.437907978946082
W38469,9.457759492603875,-2.5000964117258344
W38470,-4.093060358481159,-4.726631254898744
W38471,-2.5873635523352467,-0.860324632964137
W38474,1.6435274341095532,0.2532334483101273
W38475,-3.8738394342351516,-1.3536553727354734
W38477,7.349921359282046,-1.2049252579656156
W38478,1.4200373728499571,-0.1866171068031371
W38480,3.461940662015771,4.466262479351921
W38481,-2.3678400265324244,-0.9424269017345293
W38482,4.636407536284893,-2.278451527996591
W38483,6.050897910793072,0.8939931225532192
W38484,7.921973406390197,0.04464189354413425
W38485,-2.4672927448911075,2.1976110233956097
W38486,11.677540707849426,2.3109632150491346
W38488,4.885738355875801,2.314223794155542
W38489,-4.538217829927987,-2.3439746651686497
W38491,-2.9358102871225107,-3.8444560315736647
W38492,6.79667356321064,1.889731159292527
W38493,5.919396888167743,0.46410765022844463
W38494,-5.05060136582233,-3.3281792814606006
W38495,-5.17037633850086,-3.1586050749328267
W38496,-2.808217302690964,0.2339309408309252
W38497,-1.1205647719216867,0.10551660953265918
W38498,-7.9964402982683085,-0.4197454748126284
W38500,6.68860927248539,-0.6403525455593236
W38501,5.851725278320095,3.119567502695598
W38502,5.6261849679776095,-1.4907444874640687
W38503,5.413797484147605,0.3367281433849753
W38505,5.216024381443454,4.549436449108333
W38506,-3.63505038095953,-6.954523831818408
W38507,7.566659208484525,0.8240442036503492
W38509,-4.915139817932144,-6.307689200592997
W38510,8.606389760175214,1.436340906248038
W38512,-2.5365134560415683,1.9559865193137942
W38515,6.661982616983309,1.1279784874897336
W38516,3.7176520208807067,-2.2544682692240743
W38517,4.657987784949567,-3.0918605713191143
W38519,-4.615728525462558,-1.413149353038488
W38521,8.40543992974711,-2.1121610136021127
W38522,10.725596077211199,-3.408306761287881
W38523,-1.2379707711838535,1.5270065157133652
W38524,-0.1284377494530396,5.719716512547609
W38525,-3.93460791004813,-2.682357960041363
W38526,-6.241396813387659,-0.7153122586754255
W38527,10.471145797554595,1.2709277012286693
W38528,5.87635018085187,4.713385144802883
W38529,-0.8745138626021556,0.872701469909724
W38530,-2.619803216344128,-3.740397791847715
W38531,-3.418951267077793,-5.020955143269764
W38532,-4.32627887173535,-2.1907530509730853
W38533,6.537940221709538,-1.9173481436620798
W38534,7.104654315753982,1.6694129891372496
W38535,-7.842002486997089,-0.2468132760940306
W38536,-3.6895718109202984,2.1786363612719337
W38537,4.431660825838171,-2.6454509187622826
W38538,10.25497692155563,-2.941641944288254
W38539,-5.170098910168389,-0.9333718058576005
W38540,-2.319243158249997,-4.1430065165003755
W38541,0.9944175810535875,0.5878263871095485
W38543,4.665602645168036,2.1732074249834077
W38544,8.963923341215073,6.9262913057790705
W38545,8.8532798777265,-2.309937120249443
W38546,1.1540624213932165,0.04921472955366734
W38547,3.253016346743961,-2.1386314975759584
W38548,0.571598705250116,-0.08874708135733278
W38549,-1.8231028141722314,-1.324176793797175
W38550,-0.34856559616408955,0.30651258344031884
W38551,-0.9481242211624857,-0.609006205839689
W38552,4.891413202632592,2.5432616243923367
W38553,8.357630212774302,-1.502720634960923
W38554,4.155636093691146,-2.2326185195567025
W38555,10.282486248762021,-3.2318466959334793
W38556,-6.080542821235888,-0.22805731736996201
W38558,6.910711912531194,-0.8200052025619268
W38559,2.1838885513939847,0.1078097609169465
W38560,6.58083083878739,4.780859246517023
W38561,-0.30230745774210516,-0.03386680722169022
W38563,10.433698308086509,-3.677745692717347
W38564,-3.8664989225130024,-1.6876693921167851
W38565,-3.7490843537114893,-6.394103631625308
W38567,-4.1225038154133085,-1.278424138609351
W38568,-5.852032366131417,1.4019537431134679
W38569,4.0866908277966045,-2.286436263018859
W38570,-6.075628575688847,-1.5626844961472026
W38571,-3.6259439438140952,-2.029679641720296
W38572,7.6351468519714,-1.6820834019855415
W38573,8.75274622578291,-2.6480538585192783
W38575,2.1805769529531838,0.34228987731946775
W38576,-2.5504871565865197,1.58688284497547
W38577,4.978947888551802,0.6885741694523164
W38578,-5.528246711533,-1.6060957093562807
W38579,-2.6814202172208206,-2.6064755578089955
W38580,-3.3662803549047378,-1.9984796312715836
W38581,-3.6046454191634765,-5.7597843116180805
W38582,9.90410876187105,-2.718514332762589
W38583,-0.29755712760214836,7.863640883687944
W38584,4.73611157898176,0.2358534555500662
W38585,-5.620446141166256,-8.364214455755077
W38586,1.8985005233521943,1.0691813801758046
W38587,-4.189291340321593,-3.0561648125468577
W38588,-2.865733363003476,-0.7631133665125909
W38589,-0.9989598913799116,-2.0005610431633207
W38590,0.3863021370491772,0.3789026818049143
W38591,-1.7134836492129484,-0.499162175544229
W38592,-6.380689317140295,-1.171825133585786
W38593,9.37222739714416,6.858658148433778
W38594,-6.881657879150423,-6.9918431298494275
W38595,9.671662407133281,7.581432642689474
W38596,-1.3781352526376227,1.309099756197784
W38597,5.404072176119913,2.1782724613226137
W38598,1.4301938578964677,0.2633775539441931
W38599,5.36109820870333,4.826078871889442
W38601,-7.835179365289335,0.9720255103153114
W38602,-3.7327484578848704,-6.862924203289878
W38603,-5.566532981237968,2.1629526625785775
W38604,8.71897280909813,5.594459378786649
W38605,-4.332942667112243,-4.127366675873442
W38606,0.47202987052496115,1.2606248238308138
W38607,3.384829033024036,-1.278583374701935
W38608,5.136772046503731,2.315239107179226
W38609,-8.819987720698025,1.9351902076993754
W38610,-2.4358154884524783,0.24291885574700345
W38611,-1.610161692588262,2.4219126533945126
W38612,-3.2065753354457236,2.7305176177171333
W38613,-6.096528442066891,1.1529685876094602
W38614,0.7362723366035356,0.5226101263940447
W38615,5.829110352636274,-0.3783213210455466
W38616,-4.784603145687912,-0.7756854109169438
W38617,-4.217144537656798,-6.668349037074464
W38618,-5.981970216987746,-1.563919519071087
W38619,-3.2579303112505724,0.7076979012023369
W38620,-5.938121681659052,-2.274898811992939
W38622,4.731739463135336,-1.1586901118871
W38623,3.1570484124725327,-1.9090797052955408
W38624,0.5853319850909076,2.8442899806132034
W38625,-5.760966388284727,0.44627061035178384
W38626,0.06538322228972195,0.40325663148320373
W38627,-5.297524731387391,-1.7134954712561579
W38628,-8.22285056129993,0.9084711388591155
W38629,9.024503245728216,-1.883647505721849
W38630,1.8407980582815335,-0.1732392537630939
W38631,7.18806432322196,1.8102854190716429
W38632,-5.143259253339295,0.21263041002975347
W38633,0.14204469945602094,2.2170898195325486
W38634,-3.8873382682216753,-7.173367005947565
W38636,-7.746288655391711,0.06433035625812658
W38637,5.428854877158287,-2.872373942187794
W38638,-4.116392250153197,-4.305413775850204
W38640,-1.3772851083898423,0.4017146455481104
W38643,-1.3304738661836495,-1.8276703599698663
W38644,-2.296851632270723,1.043726404654435
W38645,-4.246516016788939,-0.3051343837975546
W38646,11.371588334463391,1.5792265861230723
W38647,-4.593098303957996,-4.606112662099761
W38648,0.8448157737077615,0.05218557594863329
W38649,-6.684914645771949,-1.7016299290382577
W38650,8.059727492722393,-0.1571370796373353
W38651,-4.168152654368235,-1.5657606175381542
W38652,-1.7786564035879842,1.9913054103087595
W38653,-3.496979500583912,-3.4748027464953855
W38654,-2.4245506269875823,-4.731072622186716
W38655,-1.3543198058405264,-0.29334505968600016
W38656,3.8783667062285727,-0.653210991428096
W38657,5.287139678184337,2.5765975446943905
W38659,-2.3731169066152304,-2.8927531563492535
W38660,9.83786149825929,-2.1642065293560395
W38662,-1.1155318666854355,-2.0918992529119693
W38663,-0.8811202352871513,0.09088338528890248
W38664,12.104631767810972,2.480341120072819
W38666,6.191795085633464,1.2832677790931275
W38668,5.866471857046937,-1.7747579296144544
W38669,10.404833318315111,-3.3392651717308715
W38670,0.03153842117716487,7.494148478998891
W38672,6.555907598894176,1.2263361759413085
W38673,-7.201159494509508,-8.533551184531413
W38674,5.483926592929531,-1.832831479818
W38675,-1.15296493439315,-0.11281124335822205
W38676,-7.108406914534094,-0.07805153567384172
W38677,-3.8978887846359385,-7.775768010286336
W38678,-4.198831055214596,-1.9949043974083966
W38679,10.75373315160698,-3.0483937869279223
W38680,4.909535988337327,-2.4146406171008197
W38681,-8.254763328362474,-0.5706956798423802
W38682,0.840633860780543,-0.2024405836291085
W38683,-3.389780975758381,-4.331725313989865
W38684,6.174729930942061,-0.8982538451618858
W38685,4.838781433287318,-0.44699716517343135
W38686,5.345840806645559,-2.003589320154634
W38687,5.03924159913511,0.7819397038255266
W38688,5.957205526736989,2.8633879059537195
W38689,-3.9764260438620083,-6.033634971387783
W38690,1.648218848452445,-0.16230783470785928
W38691,5.42951389539777,4.229166832549624
W38692,-7.3450562557220564,-0.20072957776964415
W38693,-5.6028031113926335,-7.0986018112175655
W38694,3.1101213042238047,1.0429758282787625
W38695,1.2872571184671597,0.39904407305019696
W38697,4.555113021695331,-0.4716763576685611
W38698,1.8813932789110426,0.6016123552070395
W38699,-2.618831794223079,2.504181934359092
W38700,4.603987542187004,2.154917750607329
W38701,-5.135316054445771,-0.2952375502155692
W38702,-2.7637316600225708,-2.7991301977728638
W38703,-4.803109995885834,-0.5378812425228717
W38704,5.219855267613822,3.611684737206577
W38705,2.1698003563142008,0.3085650451734381
W38707,-0.07226787978469601,3.7806398620514483
W38709,-4.898230346368974,-1.272752741047169
W38710,6.521831118963533,-0.164145513192449
W38711,-1.9082426179031156,2.765725545922266
W38712,2.6212195563789757,1.1355382665846625
W38713,-2.6428026729169725,-2.7536044000488737
W38714,-3.9356570325639115,-1.8021758132882935
W38715,4.294407725284012,-3.027353192843883
W38716,-4.296831109517747,-6.299599224171599
W38717,9.262932979212845,1.318502488629614
W38718,-0.9149236401503521,1.3993713039211038
W38719,-2.4186670326228277,-2.6554752349702455
W38720,5.403483388570825,1.993295237564052
W38721,-4.531457355736223,-1.0652218180122366
W38722,-3.9649749801010072,-1.4606740049721758
W38723,-5.548005413292898,-1.658579450271069
W38724,-5.5341630388544125,-1.9355696270812135
W38726,-1.374194555948111,-0.6397647828075738
W38727,5.249255295063147,1.9617628556794633
W38728,-8.814126053505742,1.742304737182487
W38729,0.775540072433158,0.8539173585299679
W38730,-3.1349079611862525,-3.401896371577884
W38732,3.5614312783496005,-2.084817880204702
W38733,3.9412336905426577,-1.7503557257360758
W38734,-4.022553282983706,-1.2317837440789554
W38735,6.3322621452105015,-0.8699478482562635
W38736,6.438182160318002,5.606884805371675
W38737,10.719286810899186,-3.8476914819705548
W38738,9.701373851870061,-2.868596677510837
W38739,-4.334790342111118,-1.6487536209071298
W38740,7.472576572210016,-1.4436925309639606
W38741,2.008597548649638,-0.13721830845300392
W38742,-1.9659565187188666,-0.5556505997181728
W38744,-1.664796734934824,0.9050824123773358
W38745,-3.891678362350116,-2.5287894708200467
W38747,-1.7735723600673834,2.72208583053519
W38748,-2.4459166484084425,-4.0961398057407985
W38750,-3.622119361731106,0.9537417994360954
W38751,-2.9273067196647813,1.234477511697799
W38752,-6.7954194394195255,-0.39659647344875876
W38753,-5.217755201118859,-8.81791466597434
W38754,7.081929624259163,-2.108780840576215
W38755,-2.034423138007779,-4.3140311757707055
W38756,6.664249345687386,0.22749899918614022
W38757,-7.478561835756021,0.21951878748761522
W38759,-4.890511925557777,-3.442270148546872
W38761,-3.5574690550203774,-3.292396821600887
W38765,-7.575343627862469,1.1405508711587846
W38767,7.190803510260109,1.4037893151734417
W38768,7.653778945201025,3.8271829779516735
W38769,-3.976741732847806,-6.205799780978325
W38770,7.4175597408437755,-1.6847526343237695
W38771,5.450561337817908,0.44847248976061205
W38772,-5.4661937325679455,-1.682843440554038
W38773,6.768039021900532,-1.6907896191611096
W38774,7.090538728473175,-1.895516047130592
W38775,1.3447579573733996,-0.05201621332949308
W38776,0.18355911761035326,0.7727583802556168
W38777,6.299450686682058,-0.21283397591444253
W38778,-1.9305184929429093,2.1804634117236454
W38779,0.5506454767879435,0.027930424063127176
W38781,1.002559055950537,1.2070022233153763
W38782,-6.369622592086694,-1.8500346312452098
W38783,4.763210808350939,-0.5351871088902231
W38784,6.212696229004641,-0.631891578677641
W38785,-6.237599712873571,-4.966798659852112
W38786,-3.839511716606053,0.15913317656800346
W38788,-0.02638350785738915,7.482614939077471
W38789,-6.935587308631655,0.6377798373293418
W38790,-4.342058253402992,-5.626745807113206
W38791,2.925629155731882,1.1973565310413123
W38793,-5.5679237831038755,-1.4386741978079105
W38794,-3.6380838564219995,-2.2724065489798053
W38795,2.8240245905069252,0.22053526747972804
W38796,4.313639071084188,5.6076963048482
W38797,-9.590867993437506,2.8666465496395794
W38798,4.636213177696718,1.4575402003781182
W38799,-2.03347424598861,1.8354555372169927
W38800,6.492279653981729,6.2724672378610675
W38801,0.0004750723249542469,7.486784107841661
W38802,-0.8406165194589488,8.922018602428654
W38803,-4.246646178544187,-4.358879170539511
W38804,6.017559186136316,0.9575668149583283
W38805,-3.4371385047764407,-0.49403993753484
W38806,2.1892220905351394,1.1800355972281646
W38807,-6.5740817554915,-7.091510768593091
W38808,-5.049270461823749,-4.564627200989916
W38809,-1.7711925742166017,2.668173345809651
W38810,5.8210532199493175,5.477788486059792
W38811,-3.1683668626809873,1.1374601968986657
W38812,-3.438426333432891,-5.42565547033682
W38813,-5.205961187583654,-7.122956946810206
W38814,4.107269996021589,3.2026915905238624
W38815,4.486311840812525,4.851326632040097
W38816,-6.745150415097674,-1.448457329963196
W38818,3.427348478752879,5.095122196854927
W38819,-6.724067070890051,-7.793246640874472
W38820,3.373658697122235,0.6556820033584758
W38821,5.498213370587637,-2.466355557321447
W38822,-3.188103740631097,-1.050347057898606
W38823,-6.662037803112472,-2.2381133354606413
W38825,-8.40936556223202,1.4073966220959158
W38826,0.18549153661815979,2.9135925337911712
W38827,2.745340058079409,1.1756707477283237
W38828,-6.867296972209697,0.42991454846425287
W38829,-5.7034125747262125,-2.0514135529727455
W38830,-0.22907587902354254,2.7217962071078077
W38831,-0.34962108219410337,5.378262291347753
W38832,-5.818086644176051,-5.1731375962687025
W38833,-7.5260880479411725,-0.5259195581332549
W38834,-3.480539824831045,-3.4855777417195286
W38836,0.8840464604503345,0.5599741835258557
W38837,4.272966607651161,-0.30216065811309073
W38838,-3.3240853449976155,-3.1103956967931485
W38839,1.8799145911517081,1.0346944603960453
W38840,-2.9421228375119144,-3.7389947206031753
W38841,-7.457371074497729,-5.401879616355623
W38843,4.820070628096542,1.1110158180659113
W38845,-2.4176407926666235,2.2511463402550382
W38846,7.684372120842674,2.535017399164896
W38847,-8.650381988607547,2.487305288697729
W38848,2.3676118360266565,-0.8641225184179384
W38849,3.2186543781472574,5.068688899752372
W38850,-4.16080857483272,-2.6091455046080894
W38851,-2.00250230658957,0.6413337362485926
W38852,-4.920679266754895,-5.679273483853735
W38853,-4.245065110360477,-6.006591663913649
W38854,1.3569888199343851,0.8298416354680971
W38855,-5.382669088610966,1.1196760988755554
W38858,-6.448214178789952,-5.783115836607448
W38859,3.099883155698583,0.5858160818077567
W38860,7.083937955554992,2.2898783068706754
W38861,-3.0960034617383556,-3.730236602718628
W38862,4.10634748871197,3.174658076725467
W38863,-3.2064923002311785,-3.0840805312793313
W38864,1.534257453562708,1.228024220563202
W38865,-5.495212464369611,-2.2203292264349432
W38866,-0.8618495991941901,0.2720866448249918
W38867,-1.7175849763212276,2.829797424544875
W38868,-3.161092502914042,0.4744688825097409
W38869,-6.235400615558346,-2.030233834693999
W38870,6.75923951375499,2.185599530068242
W38871,1.364276046803499,0.9767080206938518
W38872,-2.6077915891396852,1.3727344472569512
W38873,1.3867323364533988,0.4553942533420868
W38874,0.8649841452341466,-0.41194525196984866
W38875,-4.768473619162192,-2.2035215421189545
W38876,6.382190153801768,2.214938002291685
W38877,5.906221936559364,2.227512419672536
W38878,0.9171901463463802,0.298172912179924
W38879,5.4524877942160845,2.1277964832128164
W38880,-6.94880817951787,0.973918033035306
W38881,-7.398374601328441,-0.5102097076845415
W38882,-5.707500682068917,-2.764662622227644
W38883,6.528265712559509,4.2913902058538795
W38884,-8.204608884169074,1.6311743454530325
W38886,5.041282784000786,3.9990660744208846
W38887,4.682461532855461,5.140157804283075
W38889,7.176836584556505,4.163031386935884
W38890,-3.1706443197771756,-3.937461731990992
W38891,1.6292767360450136,1.1468939154923348
W38892,13.311128691471948,2.764108207027076
W38893,-4.547716136408331,-6.639990734280957
W38894,6.065436625588555,2.318018240773768
W38895,-4.278868946627723,-2.7449114366078304
W38896,0.5453761730562545,2.1404710569353163
W38897,-2.1634913124597475,0.769139407265064
W38900,0.006640585316745682,3.485271880895469
W38901,-3.604915242462132,1.1196795834082933
W38902,-4.175468033230109,2.1964869976551813
W38903,-3.1166816961962054,-1.8797208161534344
W38904,-2.232603969829551,-2.3057099426958003
W38905,4.300307007881396,4.887821855876087
W38906,1.5740495452155805,1.4832284202509465
W38907,-6.156049660127509,-6.166327266723936
W38908,-2.4531584009177347,1.6798080514727574
W38909,-5.072286897148661,-5.6563251837196855
W38910,1.615662317546318,0.3400418778634593
W38911,-4.106646825504627,-2.4440880049567117
W38912,-6.113520710257102,-1.5057068680879133
W38913,-7.691897990803855,-5.5484562008438925
W38914,-5.882079975503385,-8.103657402562284
W38915,4.1623654817120315,4.1399699562623065
W38916,0.6806219609285235,0.5864808291709817
W38917,-6.919689017924346,0.12005641403267682
W38918,-7.604281225987055,0.9860772725997953
W38919,4.568408358122322,4.451379246094738
W38920,8.613607637815202,1.0212167108546035
W38921,-5.5726370039830355,-2.4799838071332427
W38922,-4.6908952092122735,-5.537199874698932
W38923,-1.9976252987814167,0.05213836834725248
W38924,-4.828459313251418,-1.5935859842178002
W38925,3.745749362124093,3.3692906841619172
W38926,-1.4426604075573561,0.3538917741235702
W38927,-5.599784683562593,-2.8936925175265693
W38928,-2.1731450589867167,3.337059991699494
W38929,-1.9831512219931393,1.6924944816650684
W38930,-1.914357847613869,2.215442940028267
W38931,-2.5246274379472515,3.317539153242472
W38932,5.530268704189776,-2.12093758962436
W38933,6.700155498693505,1.2341422069108308
W38934,0.6040631175042009,-0.15351858212640007
W38935,-7.405813810467513,0.03382362095510553
W38937,3.2742024292209653,-0.03639104518484371
W38938,1.5720489559477169,0.9360029946234503
W38939,-1.1625929747318815,0.2669669635244116
W38940,1.0155654583196072,0.814255538495963
W38941,-3.1228554322371145,0.7920719004581864
W38942,4.85683974102022,0.847860855249843
W38943,3.2848300230722045,4.078252826956203
W38944,0.7209847950796546,0.6430998806475083
W38945,1.5942193203392403,0.16495736722004747
W38947,-0.17442682341273988,4.571977180178819
W38948,5.384247988551958,1.9091556243671732
W38949,-7.244365169679512,-0.5935439217562464
W38950,-5.763684617130705,-6.29123601771533
W38951,-5.006411449176045,-1.4185310508920859
W38952,-3.1159810962329044,1.7466373341751085
W38953,-2.3694142758900036,0.602305145849218
W38954,-7.962555605740299,0.5996006210258366
W38955,0.45135167044826,0.8550243291108718
W38956,-3.5948588763623373,-5.230157388583971
W38957,-2.3495583443934667,0.7872601953564106
W38958,-4.140448015865729,-2.492457648278331
W38959,-5.224403192539745,-5.0855171612444225
W38960,-4.477684227549137,-3.677572110374609
W38961,3.3592545420299365,2.1864048888005962
W38962,-7.212853946550777,1.002394741981571
W38963,-1.2925310224955961,-1.1872730696101113
W38964,0.5821051590031755,-0.12139402420508286
W38965,-3.6979148364074623,-3.154797898820576
W38966,4.4957717449217,-0.2592430711324934
W38967,7.7410113638440645,1.4759833172139125
W38968,0.29121626678835766,2.293566914488648
W38969,1.0965543445367383,-0.054747455667564254
W38970,4.72968319323225,3.1801529890501574
W38971,0.7283288270898631,1.1547938099892896
W38972,-4.844235864926447,1.371410072283251
W38973,0.798182279948044,0.11911545074135874
W38974,4.92767118536669,3.2002673664843777
W38975,-0.05059889739336161,4.582073926461889
W38976,7.680363497870657,2.400498260310513
W38977,7.050391363186055,3.252752162303915
W38978,4.759817293033988,4.11084203427902
W38979,-5.5709912061320885,-2.6793004159245815
W38980,-6.419846151225651,-6.248645379834487
W38981,-4.234808166875697,1.2918849978116316
W38982,6.439872759100292,4.658477717274462
W38983,5.321109932073055,1.3833767557109133
W38985,3.7939972944194884,-1.0850943339843293
W38987,-4.529962519665092,-0.9899436208800378
W38989,5.0306299765953595,3.345083751782848
W38990,1.2958176857029184,-0.16120103224584517
W38991,-0.39161077175908643,3.2041937311098074
W38992,1.8688621784791613,1.197834862676875
W38993,-6.0939952511092415,-7.801643614876931
W38994,3.6011836119744225,3.0135079450428943
W38996,5.55006343046857,-1.6933572144764613
W38997,1.5536522837885698,0.49426637986796074
W38998,-0.22593929819335168,1.4088121638487574
W38999,0.2359134917927157,3.613896715447022
W39000,-5.111004456342818,-4.9425490633598885
W39001,-6.213303631879369,1.3467379701711324
W39002,-3.5671252898643977,0.9261843304403474
W39003,-7.386968428768767,-8.634393341984625
W39004,-3.277525644747555,-5.377405329049617
W39005,7.449001954093491,2.448016435950183
W39006,-6.293996047568091,-0.6174651817403598
W39007,-7.960980447842742,0.7008782954850222
W39008,0.28570285158772435,2.486129519599418
W39009,7.686434074154374,3.1283634666834583
W39010,4.63836054977395,3.5280898993956296
W39011,-3.386962343186973,-0.7171394814063835
W39012,-3.7802013221274664,-6.054527203089697
W39013,-6.94872804182389,0.6865210415538513
W39015,2.6348189992212947,-0.704181763462092
W39017,-6.6300479851451355,-0.5664195233074283
W39018,-1.7528835405901342,3.631634926211062
W39019,-7.721085845839613,0.5517036840329949
W39020,-7.8965408586066,1.6761248480124558
W39021,5.554693116693067,0.2983180128775629
W39022,0.9043825531261677,0.6503980274047297
W39023,-7.715951253253254,-5.080358661446155
W39024,-5.246533351143572,-3.273631189938061
W39025,-6.244233911891593,-1.7398527872417116
W39026,-5.128812463720286,1.344972837462304
W39027,-7.315958800896112,-0.5884824922222611
W39028,3.010870808631328,-0.6920942353092936
W39029,-7.261521057969102,1.0366815121435238
W39030,0.2252134961580299,-0.31886478403091273
W39031,4.489044809668401,1.0598722599783215
W39032,1.0577402176832353,0.7727098881337336
W39033,1.2660351258487637,-0.06465789900299863
W39034,-2.5655391480729164,1.9563431853000086
W39035,-1.331758067873084,2.154544078423473
W39036,3.6688339404621315,-0.9101408146581439
W39037,-3.766552530202397,-4.989024274953126
W39038,-4.602330556302362,-4.943582027614755
W39039,2.0291361972266793,0.6592760889201013
W39040,4.778211144503728,3.6888216129444684
W39041,-0.05452956491908738,7.260720160700462
W39042,1.6439534932023194,0.558334488422909
W39043,-3.6221260920433647,-1.765930149340821
W39044,-3.7166485577746853,-0.8560968506042607
W39045,5.549377188620305,-1.4014307150846617
W39047,-2.052458565494952,2.9184161998415497
W39048,-0.6491870109984084,1.8384483058915744
W39050,-2.9130504064822733,1.8987363598229867
W39051,6.378569862773223,0.6280959831956585
W39053,-6.302732186357344,-8.241098699810324
W39054,-3.0397016624631545,-2.643766718937137
W39055,4.660197764843959,-1.045897340266984
W39056,-1.054652178531866,3.0324141151556003
W39057,3.422150915986835,-0.3250932296045174
W39058,6.230000510505987,2.0745438098502302
W39059,-3.918405034907827,2.091413148189254
W39060,-3.34623824681805,-4.945495122595581
W39061,-4.444881861452696,-8.002974262224539
W39062,1.7777223351069,0.5547920979697792
W39064,-1.4976187013826563,0.9336679834343387
W39065,-5.216591264920864,-5.234993792459171
W39066,-6.848805079732374,0.7628136741417927
W39067,4.083562286471196,-0.2821669255308485
W39068,0.6343921510203916,0.25862499658340876
W39069,4.608228324036276,4.529656120503911
W39070,-0.9531566135421407,1.3040196838763858
W39071,3.1657220939276622,2.4094388922937515
W39073,-4.597022061558933,-3.03817318206933
W39074,-8.236744202779798,0.6091396519782938
W39075,-2.944025408864889,-0.5708749738008821
W39076,5.769521649780267,1.2031045814668795
W39077,9.086197367506234,1.455786640472619
W39078,-4.156885884635783,-3.2739132427030504
W39079,0.7494947835634951,0.24333711945666342
W39081,-0.07766946067735461,-0.2983969561442595
W39082,0.9596994780301458,0.7229419789095798
W39083,-2.0073606027119717,-1.7287843371095792
W39084,-3.562429227072122,1.9425354316952923
W39085,4.640418101143406,-1.5029487722027415
W39087,1.0789545084121936,-0.5963503525205391
W39088,-4.749759090224267,-6.711806774559963
W39089,-7.741420932093324,1.8242962575666182
W39090,-5.8681213314612926,-1.4895475384769368
W39091,1.1810484778284234,1.2760721739058012
W39092,-3.9148973666519002,-0.07824529387995625
W39093,1.676763003079017,-0.21071555010367668
W39094,-2.556917432036655,-2.9657097899473768
W39095,0.06110203075387084,5.008747730740688
W39096,-1.9442419108854438,3.2055450672997554
W39097,5.264751016592644,-1.2713251921872444
W39098,-1.1411407257767618,-1.4018832812866713
W39099,7.542530852212176,0.8980096713123065
W39100,-5.683094647289319,-0.8624540416296023
W39101,-3.9450749245778614,-4.405883161257583
W39103,-3.6098173569717775,-2.9407727435551467
W39104,3.8239182315035154,-1.8228871720751423
W39105,1.659030876619814,0.3623269344594901
W39106,-3.563637094247564,0.5186113440608534
W39107,1.8949996838661936,0.783197179614128
W39109,-4.4140762974842565,-0.0894459153906176
W39110,1.425643617154655,0.7463835487357707
W39111,-2.34097778427299,-2.103120929984187
W39112,5.595670518595689,6.166508323445507
W39113,-5.534319232637272,-0.9243804321247389
W39114,-7.39376747235916,1.6931510389581899
W39115,-6.344702305945151,-8.297893621953952
W39116,-0.18119287783145432,3.223864034223875
W39117,-4.8096542810435965,-8.286424487022982
W39118,-8.167619282018073,0.7670633754738694
W39119,4.873244084165244,-1.3943012403048927
W39120,7.259660564985096,3.0106403696885313
W39121,-3.1598550805609467,-2.2866657854576715
W39122,-7.217639282664862,-8.560501771469434
W39123,0.7479311393093857,1.543476862347789
W39125,-3.2179160302428516,-0.46153640138791535
W39126,-2.9075757017918145,0.9583202164938246
W39127,3.8106794994907527,1.3355930122328181
W39128,-4.067349455719919,-2.475251793184677
W39129,-5.9666437624807775,-1.0930415577952397
W39130,-1.8567188077963739,2.305616148953745
W39131,-4.03421277082263,-2.03001326827021
W39134,-2.357785188138178,-1.4479475470233747
W39135,-6.7340311309660175,-0.27711172210052776
W39137,-3.6366255398774525,-4.94822807383628
W39138,-4.305051680763572,-3.9921707853448836
W39139,-1.8669871654204662,0.30446940331326794
W39140,-6.606240458167097,-6.906148412407087
W39141,-6.641356055242174,-8.568472488536894
W39142,2.887576364160025,-0.6063625479653426
W39143,4.78795822048943,0.30794870431696225
W39144,-6.7845414717484935,-1.2085587398786986
W39145,2.1150494727502025,0.14827701672363386
W39146,1.1507563772302707,-0.4315059850812331
W39148,0.8518369159647557,0.22325598635701255
W39149,-7.795063072879742,0.4846546135525749
W39150,6.993421248641962,1.6871674881247196
W39152,0.8274084507721641,0.13810267267364368
W39153,-2.1206032562163104,-2.9615518946961727
W39154,5.520685628213431,-0.6972966906127797
W39155,-6.024626713732218,-0.04128665172523932
W39156,-8.329253797347354,1.5609599755448
W39157,0.08900741574095304,7.286868708422721
W39158,-3.947967379028552,-2.3273128926788447
W39159,-0.27602984586224244,3.4139731291320423
W39160,-3.241727343770911,1.5491670211888415
W39161,-1.332327881417756,2.4432597893502157
W39162,-3.8065217379182643,-2.8506238649853355
W39163,-6.846239295119619,-7.243539542944419
W39164,4.656474969002906,-0.5157586578802985
W39165,-8.812289432811138,3.4930155548986623
W39166,0.7208647746050102,-0.0023894048118520113
W39167,-4.49494517360773,-3.8600997195663522
W39168,2.876548194229399,3.6228957480118633
