"cell_id","paul15_clusters","dim1","dim2","pseudotime"
"W31105","7MEP",-0.0457561165094376,-1.17914843559265,0.123103132186157
"W31106","15Mo",-1.01518797874451,6.37169218063354,1.96616469630274
"W31107","3Ery",4.13895559310913,-6.65714979171753,4.79354285999297
"W31108","15Mo",-2.70101451873779,7.59044361114502,5.11580980418185
"W31109","3Ery",3.82811141014099,-6.93750858306885,6.11288527953203
"W31110","15Mo",-2.38561177253723,6.42830181121826,3.97709126852085
"W31111","4Ery",3.19774723052979,-4.9197244644165,2.74992607825247
"W31113","2Ery",1.01414501667023,-1.32826542854309,0.414330261717169
"W31114","3Ery",2.71524429321289,-4.1172080039978,2.81752778998608
"W31115","2Ery",3.04441118240356,-7.65333414077759,6.25170954143815
"W31116","2Ery",2.03659820556641,-7.27030563354492,5.49534611209748
"W31117","17Neu",0.221294149756432,0.878716766834259,0.595770184471196
"W31118","14Mo",-1.4593802690506,6.91974782943726,3.53885605591101
"W31119","13Baso",-0.493327856063843,4.30208349227905,0.158688600852974
"W31120","3Ery",3.77891302108765,-6.9374885559082,6.12016178224532
"W31121","7MEP",0.0582128167152405,-1.44092297554016,0.174783118662997
"W31122","3Ery",4.07216835021973,-5.59217357635498,4.29905482732247
"W31123","3Ery",3.37724900245667,-7.1918888092041,6.33910978190631
"W31124","2Ery",3.21335816383362,-8.1572208404541,6.25171185517352
"W31125","8Mk",-1.58479070663452,-0.138828560709953,0.017864896795819
"W31126","3Ery",2.48048877716064,-4.7824501991272,2.81949740703593
"W31127","9GMP",-0.654920816421509,3.0121488571167,0.0387483558082318
"W31128","8Mk",-1.30257749557495,0.162044450640678,0.0178672105311899
"W31129","10GMP",-0.598447263240814,1.61383128166199,0.261112772204368
"W31130","15Mo",-1.47801923751831,5.49977588653564,2.95888531534296
"W31131","16Neu",-2.47319054603577,7.32517194747925,3.53885836964638
"W31132","4Ery",2.1623842716217,-6.80455112457275,5.99597695871245
"W31133","13Baso",-0.170558840036392,2.86884832382202,0.0175233042846526
"W31134","17Neu",0.148234382271767,0.544867932796478,0.259609912272186
"W31136","3Ery",3.60869574546814,-6.18949937820435,4.25334456746578
"W31137","2Ery",3.35517001152039,-6.97031927108765,6.17567708845367
"W31138","3Ery",3.36205768585205,-4.80520153045654,2.80250028355004
"W31139","5Ery",1.40094113349915,-5.21298837661743,2.29431094211571
"W31140","3Ery",3.21091437339783,-5.27723169326782,3.64154096623073
"W31141","13Baso",0.109726406633854,4.51370429992676,0.0987494966345023
"W31142","1Ery",2.78890490531921,-8.74581718444824,6.25171416890889
"W31143","3Ery",4.21646118164062,-7.10701608657837,6.09188627435697
"W31144","6Ery",2.70390033721924,-4.68552112579346,2.70911086598535
"W31145","15Mo",-3.91476464271545,7.03241014480591,5.19982801765467
"W31146","3Ery",2.35509204864502,-5.66510534286499,2.75434012301584
"W31147","3Ery",3.89612770080566,-6.62616348266602,5.07000424350022
"W31148","14Mo",-0.867635190486908,7.45115327835083,1.96616701003811
"W31150","12Baso",0.132523879408836,1.0502667427063,0.0105873750191642
"W31151","3Ery",4.43609094619751,-6.3509669303894,4.66542448524136
"W31152","14Mo",-0.963601469993591,6.74965381622314,1.96616932377349
"W31153","6Ery",3.35451126098633,-5.15507888793945,3.64062008815323
"W31154","4Ery",3.27208924293518,-6.48100328445435,5.74560366968341
"W31155","7MEP",-0.463178634643555,0.282111346721649,0.208386330947392
"W31156","2Ery",3.00854301452637,-7.67156648635864,6.25171648264426
"W31157","13Baso",-0.0186274033039808,2.48891758918762,0.183757897702906
"W31158","14Mo",-3.15366816520691,7.02574825286865,5.19983033139004
"W31159","6Ery",1.90816068649292,-4.14706563949585,1.50066099124077
"W31160","18Eos",-2.97850346565247,2.70789432525635,4.38923300452533
"W31161","4Ery",3.19450187683105,-6.64343214035034,6.2288576412727
"W31162","3Ery",1.3898229598999,-5.71687507629395,2.7380361531732
"W31163","3Ery",3.19107937812805,-5.53207588195801,3.63450267096538
"W31164","14Mo",-0.816849708557129,6.26138925552368,1.96617163750886
"W31165","2Ery",3.35179781913757,-7.83567667007446,6.90439658160585
"W31166","13Baso",-0.23716789484024,5.61365270614624,1.18119399423913
"W31167","2Ery",3.14143323898315,-7.78057050704956,6.25171879637963
"W31168","13Baso",-0.697702705860138,7.67298269271851,1.96617395124423
"W31169","13Baso",0.214555859565735,5.5431752204895,1.09896178496196
"W31170","14Mo",-1.07660889625549,7.55286741256714,3.53886068338175
"W31171","7MEP",-0.0803488567471504,-1.37073636054993,0.123100818450786
"W31172","7MEP",2.57848763465881,-3.95134401321411,2.92964844526428
"W31173","7MEP",0.00326618971303105,-1.17923450469971,0.123098504715415
"W31174","10GMP",0.228828087449074,2.90254688262939,0.636824640194656
"W31175","12Baso",0.149810954928398,1.38753509521484,0.072065302527872
"W31176","6Ery",1.2815660238266,-3.05492210388184,1.20391269150751
"W31177","5Ery",1.78146421909332,-4.3578052520752,1.47352442160797
"W31178","5Ery",1.24309813976288,-5.11510944366455,2.29432034602881
"W31179","14Mo",-2.9148383140564,6.76683902740479,5.07867984387599
"W31180","4Ery",2.38608312606812,-6.76860857009888,5.99597927244783
"W31181","16Neu",-3.84514784812927,6.6118106842041,5.19983264512541
"W31182","16Neu",-3.65349340438843,6.51472330093384,5.19983495886078
"W31183","3Ery",3.32679128646851,-5.76701593399048,4.37943674929844
"W31184","2Ery",3.24478840827942,-7.8256950378418,6.251721110115
"W31185","6Ery",1.95038688182831,-6.83812856674194,4.23208164299523
"W31186","13Baso",0.364035308361053,4.34391784667969,0.266933082647098
"W31187","13Baso",0.0775215625762939,3.63571548461914,0.500434299308836
"W31188","10GMP",0.000981309334747493,3.31630277633667,0.209403082966866
"W31189","14Mo",-2.94425654411316,6.40727853775024,5.02422221062892
"W31190","5Ery",1.07348263263702,-6.32683372497559,4.74536025591559
"W31191","7MEP",-0.0809503719210625,-1.15772521495819,0.123096190980044
"W31192","7MEP",-0.0403352752327919,-1.44833827018738,0.123093877244673
"W31193","5Ery",2.35006260871887,-5.96068859100342,2.75434243675121
"W31194","6Ery",0.98131537437439,-3.89029622077942,0.288692889221725
"W31195","2Ery",3.4718759059906,-7.57502555847168,6.55218575959956
"W31196","10GMP",0.583887755870819,-3.3493549823761,0.201611220378767
"W31197","10GMP",-0.271082937717438,3.66559338569641,0.571985828222995
"W31198","2Ery",2.28252911567688,-7.09240961074829,5.9206651689121
"W31199","7MEP",0.230362355709076,-0.192698776721954,0.191317800636728
"W31200","6Ery",1.1624743938446,-3.56977391242981,0.0883822249696569
"W31201","7MEP",0.0521238595247269,-1.56832468509674,0.0342251256498151
"W31202","14Mo",-0.729277908802032,4.38079071044922,1.16139716347584
"W31203","16Neu",-1.78019654750824,5.91436767578125,3.73774986877536
"W31204","10GMP",0.206938341259956,2.69987726211548,0.602466682605669
"W31205","3Ery",2.41658401489258,-6.83819055557251,5.9959815861832
"W31206","3Ery",4.18200874328613,-6.02168416976929,4.27390462813729
"W31207","13Baso",-0.511150121688843,7.10266876220703,1.95858172918988
"W31209","1Ery",3.59311175346375,-8.21141052246094,6.25172342385038
"W31210","14Mo",-1.17357993125916,5.85337591171265,2.78948610067346
"W31211","15Mo",-1.13574731349945,6.80368375778198,3.53886299711712
"W31212","2Ery",0.607817113399506,-6.31094455718994,4.74536256965096
"W31213","5Ery",0.954959213733673,-4.15163278579712,0.49170295176668
"W31214","2Ery",2.20036435127258,-8.46028900146484,5.36267588143557
"W31215","5Ery",0.767771780490875,-5.31271028518677,3.05536403961226
"W31217","3Ery",3.92571949958801,-6.18865489959717,4.31736456157368
"W31218","14Mo",-1.58250725269318,5.79409265518188,3.58283752431846
"W31219","10GMP",0.20664344727993,2.88296747207642,0.636826953930027
"W31220","2Ery",2.51278758049011,-8.53328800201416,6.25172573758575
"W31221","7MEP",0.434246897697449,-0.638444840908051,0.455885403928615
"W31222","4Ery",3.26026129722595,-6.14816379547119,5.58268214055239
"W31223","9GMP",-0.792277157306671,3.1305844783783,0.0387506695436027
"W31224","7MEP",-0.291985899209976,-1.06201171875,0.123091563509302
"W31225","3Ery",2.33855223655701,-7.33200979232788,5.77943192274707
"W31226","16Neu",-4.03227853775024,6.45488119125366,5.19983727259615
"W31227","11DC",-17.9689102172852,-5.61748218536377,Inf
"W31228","10GMP",-0.764501452445984,1.54913210868835,0.261379188109514
"W31229","6Ery",3.10949683189392,-4.61235570907593,2.64562725631157
"W31230","3Ery",2.10780715942383,-4.53872632980347,2.19513621348907
"W31231","2Ery",1.78075659275055,-8.33738422393799,5.74387481706396
"W31232","5Ery",2.15233039855957,-6.78084564208984,5.99598389991857
"W31233","2Ery",2.17487120628357,-7.73188781738281,5.36267819517094
"W31234","2Ery",2.62788867950439,-7.37540006637573,6.27274793118172
"W31236","5Ery",0.570157527923584,-5.96576976776123,2.72490462855039
"W31237","14Mo",-0.488110721111298,5.8993616104126,1.83466359887704
"W31238","5Ery",2.7369601726532,-5.13385725021362,2.5991355563551
"W31239","14Mo",-0.677422881126404,6.41269493103027,1.9661762649796
"W31240","3Ery",3.28409075737,-4.9599347114563,2.79825549126268
"W31241","2Ery",2.69276690483093,-7.56302547454834,6.23346783545778
"W31242","16Neu",-3.46209478378296,5.93935441970825,5.19983958633152
"W31243","2Ery",3.40625834465027,-7.91955089569092,6.91312781043158
"W31244","13Baso",-1.00389814376831,1.9377304315567,0.0709578472498177
"W31245","16Neu",-3.49697804450989,5.90230369567871,5.19984190006689
"W31246","2Ery",2.10121822357178,-8.35559940338135,5.39040972533287
"W31247","3Ery",3.63443112373352,-6.89129257202148,6.15151500355699
"W31248","3Ery",4.04205513000488,-5.84592437744141,4.20877565569951
"W31249","14Mo",-0.619488179683685,5.47914981842041,2.42532086180154
"W31250","5Ery",1.23074424266815,-7.04324197769165,4.30085342368243
"W31251","16Neu",-4.11006641387939,6.77424192428589,5.19984421380227
"W31252","14Mo",-0.752342700958252,5.31835651397705,2.42532317553691
"W31253","14Mo",-2.08409428596497,4.67681980133057,2.45587009471207
"W31254","13Baso",-0.586176872253418,7.51625823974609,1.96617857871497
"W31255","3Ery",3.35939812660217,-6.63122129440308,5.72023618482341
"W31256","14Mo",-1.7542439699173,5.42354249954224,3.61109236850645
"W31257","7MEP",-0.1341612637043,-1.40713238716125,0.123089249773932
"W31259","14Mo",-0.962019443511963,4.01271152496338,1.27078888336165
"W31260","10GMP",-0.96604710817337,2.04478812217712,0.0709601609851886
"W31262","2Ery",0.142749041318893,-6.21151924133301,4.74536488338633
"W31263","14Mo",-2.17018580436707,4.63165473937988,2.450695305807
"W31264","15Mo",-3.02353477478027,5.75086879730225,4.94012726526801
"W31265","14Mo",-0.629997551441193,6.02552270889282,1.96618089245034
"W31266","16Neu",-4.1455192565918,6.65864896774292,5.19984652753764
"W31267","10GMP",-0.215172305703163,1.84182250499725,0.155640987626348
"W31268","7MEP",0.0450732037425041,-0.793391287326813,0.168525468494063
"W31269","5Ery",0.323693245649338,-5.43765735626221,2.88174489595656
"W31270","16Neu",-3.67431616783142,5.62269115447998,5.19984884127301
"W31271","2Ery",0.415796130895615,-6.20063924789429,4.7453671971217
"W31272","16Neu",-3.33538913726807,5.95965814590454,5.16850480961255
"W31273","14Mo",-2.91315293312073,5.86584424972534,4.89713733929916
"W31274","10GMP",-0.549483001232147,3.86758589744568,0.418888899838304
"W31275","16Neu",-4.24802541732788,6.40160703659058,5.19985115500838
"W31276","8Mk",-1.25015580654144,-0.390682339668274,0.0178695242665607
"W31277","7MEP",0.61394476890564,-0.679075658321381,0.457363862745957
"W31278","14Mo",-0.215366706252098,6.10714149475098,1.60799426477969
"W31279","7MEP",-0.434178411960602,-0.785423457622528,0.0178718380019316
"W31280","2Ery",2.24991178512573,-7.76624298095703,5.36268050890631
"W31281","14Mo",-0.185045644640923,5.63598442077637,1.19806355015104
"W31282","14Mo",-1.30103361606598,5.08238554000854,1.64399447196009
"W31283","4Ery",2.84676337242126,-6.42875623703003,6.22885995500807
"W31284","5Ery",0.693070471286774,-5.96665096282959,2.72490694228576
"W31285","14Mo",-1.70242834091187,4.61247253417969,2.83671078658726
"W31286","14Mo",-1.91174495220184,4.77458572387695,2.73081362168085
"W31287","10GMP",-1.07365763187408,-0.211188316345215,0.0178741517373024
"W31288","6Ery",0.587893605232239,-1.73359441757202,0.0566723562967392
"W31289","5Ery",1.83950042724609,-6.68428611755371,4.23208395673061
"W31290","14Mo",-1.43101012706757,5.65877294540405,3.61397248154322
"W31291","3Ery",3.86521196365356,-6.36062526702881,4.96594455634657
"W31292","5Ery",2.72339248657227,-5.45766687393188,2.64093311197199
"W31293","15Mo",-2.89183068275452,7.21640205383301,5.15499511692978
"W31294","5Ery",0.705126523971558,-6.06697559356689,4.74536951085707
"W31295","14Mo",-1.25312280654907,5.61217880249023,2.84279167571231
"W31296","16Neu",-1.46636486053467,6.14289951324463,3.5518065341464
"W31297","8Mk",0.215027019381523,-0.829125046730042,0.173076847701976
"W31298","3Ery",3.56887817382812,-7.68545770645142,6.53525171747287
"W31299","14Mo",-0.861253321170807,3.73435187339783,0.195653492034597
"W31300","12Baso",0.356036990880966,0.14088773727417,0.0504297705230857
"W31301","14Mo",-0.93832916021347,3.60108876228333,0.133175641404753
"W31302","3Ery",4.3024730682373,-6.40779733657837,4.66542679897673
"W31303","5Ery",1.62937092781067,-5.19445133209229,2.10683689691038
"W31305","16Neu",-3.90476703643799,5.84493541717529,5.19985346874375
"W31306","15Mo",-2.68767809867859,7.62942695617676,5.11564138943059
"W31307","13Baso",-0.58164918422699,6.25762128829956,1.9492667635965
"W31309","5Ery",2.01672434806824,-5.76959037780762,2.75434475048658
"W31310","3Ery",3.73331594467163,-5.61928844451904,4.35545984037488
"W31311","13Baso",0.113674342632294,4.64190530776978,0.0203242801300998
"W31312","12Baso",0.0446819067001343,0.96051412820816,0.0341243710783807
"W31313","8Mk",-0.405335307121277,0.00928399246186018,0.0545917964516418
"W31314","7MEP",-1.22638773918152,0.464310199022293,0.0117241088068447
"W31315","6Ery",2.21523356437683,-4.01066303253174,2.21590133674347
"W31316","2Ery",3.01781606674194,-7.46852445602417,6.24406366797803
"W31317","3Ery",4.2843713760376,-6.79772090911865,4.69293260917964
"W31318","3Ery",4.43552350997925,-6.49537134170532,4.6654291127121
"W31319","15Mo",-1.43238162994385,6.75265836715698,3.53886531085249
"W31321","3Ery",2.72992277145386,-4.06481790542603,2.81959627245729
"W31322","3Ery",3.57923722267151,-6.05729532241821,4.21969400761911
"W31323","3Ery",2.9919216632843,-4.90755176544189,2.65199373585551
"W31324","8Mk",-1.09686398506165,0.437774658203125,0.0117264225422155
"W31325","2Ery",1.66720044612885,-7.37753248214722,5.73180318497839
"W31326","2Ery",3.38107514381409,-6.96104431152344,6.17385468608085
"W31327","14Mo",-1.33936393260956,7.42058706283569,3.53886762458786
"W31328","3Ery",3.73469853401184,-5.63779306411743,4.3481677155592
"W31329","15Mo",-1.3765115737915,7.64109659194946,3.53886993832324
"W31330","14Mo",-1.14330315589905,7.62861919403076,3.53887225205861
"W31331","7MEP",0.109786115586758,-1.55937314033508,0.0510453754848517
"W31332","15Mo",-3.74926924705505,6.03917074203491,5.19985578247912
"W31333","3Ery",3.12873792648315,-5.91370630264282,4.36278435320678
"W31334","3Ery",3.2014102935791,-6.27695512771606,5.72224763125258
"W31335","13Baso",-0.911048769950867,3.23406004905701,0.0387529832789735
"W31336","15Mo",-1.32309913635254,7.59843873977661,3.53887456579398
"W31337","3Ery",4.45998430252075,-6.21759510040283,4.44262025776958
"W31338","15Mo",-1.926029920578,7.46900081634521,3.53887687952935
"W31339","13Baso",-0.613914906978607,7.28686189651489,1.96618320618571
"W31340","3Ery",3.47977256774902,-5.53767108917236,3.62507389491511
"W31341","15Mo",-2.79891872406006,7.06810474395752,5.06970297734607
"W31342","15Mo",-3.37702870368958,7.41809320449829,5.19985809621449
"W31343","13Baso",-0.655413866043091,7.61423349380493,1.96618551992108
"W31345","4Ery",3.46411967277527,-5.47582054138184,3.62743771083662
"W31346","3Ery",2.79251313209534,-5.36149311065674,2.65315507921352
"W31347","14Mo",-0.595682978630066,5.28078460693359,1.59208097966033
"W31348","4Ery",1.44325816631317,-6.16037750244141,4.20250802271232
"W31349","6Ery",2.19807267189026,-3.80696988105774,1.53176668772226
"W31350","16Neu",-3.71108508110046,7.3288106918335,5.19986040994986
"W31351","14Mo",-0.927998304367065,7.3584508895874,1.96618783365645
"W31353","3Ery",4.25938749313354,-6.86538553237915,4.75910303781613
"W31354","17Neu",0.611331522464752,0.902294993400574,0.569164454441738
"W31355","15Mo",-1.32510960102081,7.37473011016846,3.53887919326472
"W31356","4Ery",2.14235067367554,-5.72462606430054,2.75434706422195
"W31357","3Ery",3.50262498855591,-6.5468053817749,5.50249727142621
"W31358","6Ery",0.959824204444885,-3.08345103263855,1.15417120012416
"W31359","14Mo",0.12015737593174,5.62926244735718,1.17052912559928
"W31360","3Ery",3.62742233276367,-4.95019149780273,3.63804258597728
"W31361","16Neu",-4.11665344238281,6.42211818695068,5.19986272368523
"W31362","14Mo",-0.592557549476624,5.9918360710144,1.93623793899593
"W31363","15Mo",-2.767991065979,6.31550359725952,4.90040722263853
"W31364","7MEP",0.229488059878349,-1.56388020515442,0.060618378826335
"W31365","13Baso",-0.0309469029307365,4.77262496948242,0.0364189403455053
"W31366","15Mo",-3.37748456001282,6.54882478713989,5.1998650374206
"W31367","14Mo",-0.409562617540359,6.41736459732056,1.80870367210153
"W31368","3Ery",3.97594523429871,-5.63290643692017,4.30254425989873
"W31369","2Ery",1.47941923141479,-7.48411321640015,5.93823988722471
"W31370","2Ery",3.23348188400269,-7.57787466049194,6.82242103663267
"W31371","14Mo",-1.03648900985718,3.93212366104126,1.33723516102211
"W31372","2Ery",3.3889319896698,-7.8063440322876,6.83821484475268
"W31373","13Baso",-0.612057864665985,2.96951079368591,0.0387552970143444
"W31374","2Ery",2.49995923042297,-7.36663961410522,6.35908650601551
"W31375","3Ery",3.0726592540741,-5.32854890823364,2.77624339365588
"W31376","13Baso",-0.759636640548706,3.47663116455078,0.084790798219376
"W31377","12Baso",-0.13298462331295,-0.416411221027374,0.472503341665127
"W31378","2Ery",1.56123232841492,-7.65153503417969,5.88901211788733
"W31379","10GMP",-0.190009772777557,2.32093739509583,0.355688713732728
"W31380","5Ery",0.985665559768677,-5.55177164077759,2.81761609919668
"W31381","13Baso",-0.0221322681754827,5.55477857589722,1.1120594936992
"W31382","3Ery",3.53760552406311,-5.78953409194946,4.32940992449686
"W31383","9GMP",-0.0916712731122971,2.29478096961975,0.334396081579446
"W31386","15Mo",-3.13343954086304,6.94045257568359,5.19986735115597
"W31387","2Ery",2.25580763816833,-7.36798667907715,5.65662399086466
"W31388","10GMP",-0.422143816947937,1.68662321567535,0.000423955474124993
"W31389","5Ery",2.02337431907654,-5.32309579849243,2.1122292507024
"W31390","5Ery",1.09389698505402,-5.53063726425171,2.84991981305824
"W31391","2Ery",2.03163361549377,-7.69989967346191,5.3732891951098
"W31392","14Mo",-1.27589333057404,4.58028125762939,3.29455956619738
"W31393","13Baso",-0.0488454066216946,4.4930624961853,0.0883665066322437
"W31394","2Ery",2.74392437934875,-7.74915742874146,6.24334352532629
"W31395","14Mo",0.146437257528305,5.52920436859131,1.09896409869733
"W31396","16Neu",-3.83487486839294,6.15466070175171,5.19986966489134
"W31397","12Baso",0.410476088523865,-0.342349499464035,0.650420609629589
"W31398","14Mo",-0.615675806999207,5.47626304626465,2.42532548927228
"W31399","14Mo",-0.623438596725464,5.31743097305298,2.42532780300765
"W31401","3Ery",2.86931252479553,-6.67670345306396,6.22886226874344
"W31402","14Mo",-0.392968535423279,5.23005294799805,1.67502763881726
"W31403","13Baso",0.26837545633316,4.21967124938965,0.344171062589586
"W31405","12Baso",-0.650674760341644,1.42160665988922,0.170735142439314
"W31406","5Ery",1.0400493144989,-6.35114526748657,4.74537182459244
"W31407","10GMP",-0.781835496425629,-0.257014572620392,0.0178764654726733
"W31409","14Mo",-0.544163584709167,5.56224918365479,2.52496540348736
"W31410","4Ery",1.99462509155273,-5.2790994644165,2.01145853441722
"W31411","15Mo",-1.77135300636292,5.82798624038696,3.80116709294041
"W31412","11DC",-17.8121948242188,-5.68252229690552,Inf
"W31413","3Ery",3.1783709526062,-5.02429342269897,2.76250804564624
"W31414","4Ery",2.66484355926514,-6.48836517333984,6.41541074615798
"W31415","4Ery",0.947171986103058,-5.64559030532837,2.72490925602113
"W31416","4Ery",1.72307157516479,-6.33676815032959,4.23208627046598
"W31418","4Ery",2.76263952255249,-7.06786966323853,6.24148146013572
"W31419","5Ery",1.1056957244873,-5.55077505111694,2.82931059486028
"W31420","1Ery",2.6579737663269,-8.65909290313721,6.25172805132112
"W31421","16Neu",-4.05387115478516,6.8708667755127,5.19987197862671
"W31422","14Mo",-0.5852170586586,6.64271593093872,1.96619014739182
"W31423","2Ery",2.03827929496765,-7.52146911621094,5.36268282264168
"W31424","5Ery",1.14132952690125,-5.20320558547974,3.16907655713701
"W31425","15Mo",-3.54454827308655,6.54473686218262,5.19987429236208
"W31426","5Ery",1.21946024894714,-5.56115198135376,2.82821718125267
"W31427","2Ery",0.531025469303131,-6.05863189697266,4.74537413832781
"W31428","5Ery",1.84304559230804,-5.48277568817139,2.75113897350641
"W31429","1Ery",2.65814614295959,-8.56135177612305,6.25173036505649
"W31430","7MEP",0.813594579696655,-1.00565505027771,0.00935219135712828
"W31431","2Ery",1.32159841060638,-7.62663555145264,5.93824220096008
"W31432","14Mo",-2.32637214660645,5.72896385192871,5.19125855267925
"W31433","10GMP",-1.41208469867706,-0.189727321267128,0.0178787792080441
"W31434","2Ery",1.95118677616119,-6.99620485305786,5.63316371666077
"W31436","14Mo",-0.664344727993011,5.60456943511963,2.51086064951766
"W31437","6Ery",0.827770888805389,-1.60659635066986,0.0863103607490312
"W31439","9GMP",-1.17838895320892,0.743591248989105,0.0117287362775864
"W31440","3Ery",3.99972915649414,-6.86376762390137,5.0715060883001
"W31441","2Ery",1.04647266864777,-7.02229404449463,4.25892052770314
"W31442","3Ery",1.39007532596588,-7.14216756820679,4.36460736092021
"W31443","12Baso",0.551148593425751,-0.616194367408752,0.513799440488879
"W31444","2Ery",1.39552116394043,-7.56643295288086,5.93824451469546
"W31445","18Eos",-3.00067710876465,2.71278738975525,4.3892353182607
"W31446","5Ery",1.02199804782867,-5.74048709869385,2.7249115697565
"W31447","3Ery",2.22160053253174,-5.72821283340454,2.75434937795732
"W31448","15Mo",-1.20036637783051,6.41612911224365,3.5445003626097
"W31451","14Mo",-1.78503584861755,4.4640097618103,2.62244539100988
"W31452","2Ery",2.15257430076599,-8.02486991882324,5.36268513637705
"W31453","6Ery",0.659843444824219,-4.40190076828003,0.491705265502051
"W31454","14Mo",-1.78725588321686,4.52981853485107,2.67335531914843
"W31455","2Ery",2.19004940986633,-8.37065315246582,5.36268745011242
"W31456","5Ery",1.95211851596832,-5.78889751434326,2.75435169169269
"W31457","12Baso",0.302337408065796,0.378265261650085,0.224942954027518
"W31458","7MEP",-1.06434273719788,0.349868029356003,0.208388644682762
"W31459","17Neu",0.425491809844971,0.727595925331116,0.444225119433359
"W31460","14Mo",-1.58413875102997,5.41975831985474,2.95888762907833
"W31461","2Ery",1.21734237670898,-7.35763549804688,4.40531664849213
"W31462","5Ery",0.464618235826492,-5.99703454971313,4.74537645206318
"W31463","2Ery",1.84261429309845,-8.11416530609131,5.64299293534828
"W31464","14Mo",-0.164468944072723,5.43448734283447,1.29112490100011
"W31465","13Baso",-1.27403688430786,5.58941411972046,2.85998511953597
"W31466","15Mo",-1.00465178489685,6.52266454696655,1.96619246112719
"W31467","2Ery",2.34620094299316,-7.41432619094849,5.71797945468966
"W31468","13Baso",-0.72640198469162,4.66741228103638,1.16139947721121
"W31469","16Neu",-3.64313173294067,5.86388254165649,5.19987660609745
"W31470","5Ery",2.5112099647522,-6.47188663482666,5.99598621365394
"W31471","14Mo",-0.210244283080101,6.40939235687256,1.62934464394164
"W31472","16Neu",-3.40527892112732,5.89284467697144,5.196925354948
"W31473","14Mo",-0.0431020744144917,6.00476026535034,1.44130123428166
"W31474","16Neu",-4.35250091552734,6.8774847984314,5.19987891983282
"W31475","14Mo",-0.723017752170563,5.66100072860718,2.54712021611096
"W31476","8Mk",-1.63935303688049,-0.18098495900631,0.017881092943415
"W31477","10GMP",-0.142715081572533,2.89329266548157,0.0175368654206415
"W31478","14Mo",-1.58599877357483,5.46467351913452,2.9588899428137
"W31479","5Ery",0.684143126010895,-5.88337087631226,2.72491388349187
"W31480","7MEP",0.800397455692291,-1.14086556434631,0.594041678730007
"W31481","2Ery",1.45177268981934,-7.62045526504517,5.93824682843083
"W31483","14Mo",-2.97014808654785,2.77490663528442,4.38923763199607
"W31484","13Baso",-0.0669597983360291,5.81873607635498,1.35768189149907
"W31485","2Ery",1.12967872619629,-6.7196216583252,4.44236886441607
"W31486","5Ery",1.07511329650879,-6.49584817886353,4.64553469255061
"W31487","14Mo",-0.912320256233215,5.57025623321533,2.53034675405899
"W31489","14Mo",-0.408441036939621,7.05360221862793,1.8622853418205
"W31491","9GMP",-0.112059630453587,2.85345840454102,0.0127058258276072
"W31492","4Ery",3.44530081748962,-5.86902093887329,4.31742934697994
"W31493","10GMP",-0.310723692178726,1.64963459968567,0.060225390887152
"W31494","13Baso",-1.94663774967194,6.75222015380859,3.53888150700009
"W31495","10GMP",-0.576502919197083,2.99650549888611,0.0387576107497152
"W31497","7MEP",0.736530005931854,-0.955162644386292,0.00332980690006424
"W31498","10GMP",0.101784400641918,2.63877511024475,0.45004166598663
"W31499","3Ery",2.47553968429565,-4.54874610900879,2.86969199058125
"W31500","2Ery",2.19981718063354,-7.13089084625244,5.79577881215697
"W31501","14Mo",-0.474608182907104,6.85690546035767,1.90473049840447
"W31502","10GMP",-0.143982917070389,2.12489080429077,0.151370010982248
"W31503","15Mo",-2.88075661659241,6.85168552398682,5.07529104150091
"W31504","13Baso",-1.78046119213104,7.57694292068481,3.53888382073546
"W31505","7MEP",0.602074325084686,-0.734988272190094,0.388724592983969
"W31506","6Ery",0.313061445951462,-2.07980036735535,0.328905729944142
"W31507","7MEP",0.75867372751236,-2.17316365242004,0.527025952665968
"W31508","5Ery",1.49972939491272,-4.98326110839844,2.14454737200172
"W31509","14Mo",-0.120680294930935,6.66452932357788,1.57093280928901
"W31510","13Baso",0.201750621199608,6.10472869873047,1.44130354801703
"W31511","10GMP",0.334015339612961,3.8309485912323,0.19143746129256
"W31512","7MEP",1.13477385044098,-2.73117065429688,1.07507461447624
"W31513","3Ery",3.70862770080566,-5.32014417648315,3.62428827923081
"W31514","7MEP",0.132627174258232,-0.926914513111115,0.123086936038561
"W31515","13Baso",0.23077280819416,5.27375173568726,1.24378148495711
"W31516","1Ery",2.73667073249817,-8.55176544189453,6.25173267879186
"W31517","14Mo",-2.05507040023804,5.21155738830566,5.24584753386131
"W31518","13Baso",-0.152606934309006,5.70502996444702,1.2592237505852
"W31519","10GMP",-0.487850040197372,1.72676956653595,0.0149437142888124
"W31520","9GMP",-0.637784600257874,2.96325159072876,0.0387599244850861
"W31521","3Ery",3.23767948150635,-5.01055431365967,2.78717480194509
"W31522","13Baso",0.0360176749527454,6.78970813751221,1.4413058617524
"W31523","2Ery",2.16739988327026,-8.0212516784668,5.36268976384779
"W31524","13Baso",0.306144207715988,3.44764232635498,0.629259692009325
"W31525","2Ery",1.63122117519379,-7.3778247833252,5.77183054407142
"W31526","6Ery",0.623208940029144,-1.56298804283142,0.109357454878191
"W31527","6Ery",0.560054957866669,-1.85225212574005,0.156860653587079
"W31528","13Baso",0.200134798884392,5.91696786880493,1.42923434207575
"W31529","3Ery",3.00416469573975,-4.85902214050293,2.64766108536369
"W31530","13Baso",-0.221984282135963,7.53922986984253,1.73680377215941
"W31531","11DC",-17.9654026031494,-5.69399785995483,Inf
"W31532","14Mo",-3.17643141746521,5.84329319000244,5.05009255138326
"W31533","10GMP",-0.540271043777466,1.51948881149292,0.19943578478242
"W31534","8Mk",-1.66102337837219,0.0113233411684632,0.0178834066787858
"W31535","9GMP",-0.654455482959747,1.7031352519989,0.0709624747205594
"W31536","2Ery",1.99151861667633,-7.09688568115234,5.59252836748918
"W31537","13Baso",0.0113381026312709,2.08192086219788,0.11598405302997
"W31538","14Mo",0.115967489778996,5.88494396209717,1.40570454310772
"W31539","13Baso",-0.431743413209915,2.53584623336792,0.470835368053402
"W31540","14Mo",-1.37171912193298,5.55248737335205,2.94571790075199
"W31541","5Ery",1.29644846916199,-6.67097806930542,4.4699020233015
"W31542","14Mo",-1.48562335968018,5.76374244689941,3.59593006475529
"W31543","5Ery",1.09566915035248,-4.32916307449341,0.53709754193046
"W31544","13Baso",0.0381085649132729,5.58227682113647,1.13310648498512
"W31545","12Baso",0.417001008987427,0.973559558391571,0.652311933267801
"W31546","16Neu",-4.30295705795288,7.04811716079712,5.19988123356819
"W31547","11DC",-17.9804077148438,-5.65614652633667,Inf
"W31548","13Baso",-0.629599034786224,1.83782517910004,0.0215581960987863
"W31549","13Baso",-0.480736583471298,4.97902393341064,1.58908184262619
"W31550","2Ery",2.8025918006897,-8.20010089874268,6.25173499252723
"W31551","2Ery",1.21694302558899,-6.89390468597412,4.27996066591151
"W31552","14Mo",-0.576195538043976,4.81675052642822,1.39771356885936
"W31553","7MEP",0.405074715614319,-0.991499543190002,0.0855016323619648
"W31554","4Ery",1.73792719841003,-5.98370504379272,2.75435400542806
"W31555","6Ery",0.81108433008194,-4.12084197998047,0.491707579237422
"W31556","13Baso",-1.04009544849396,5.13658142089844,1.39994164072612
"W31558","14Mo",-2.29019331932068,5.45510578155518,5.24584984759668
"W31559","14Mo",-0.337898761034012,5.67841148376465,1.24773626027107
"W31560","6Ery",0.798517644405365,-0.949425995349884,0.00935450509249913
"W31562","12Baso",0.385616660118103,0.402496367692947,0.327862480386263
"W31563","6Ery",2.15151071548462,-4.71357822418213,2.13332611883767
"W31564","14Mo",-2.87280869483948,5.58724117279053,4.84632489548896
"W31565","2Ery",1.46081733703613,-6.57207870483398,4.34560849789848
"W31566","13Baso",-1.6679435968399,5.46985769271851,3.61386449259446
"W31567","13Baso",-0.188474327325821,5.81865739822388,1.5591139740951
"W31568","14Mo",-2.45816826820374,5.50909471511841,5.14225855719291
"W31569","7MEP",0.023711659014225,-1.37701761722565,0.122482641705623
"W31570","7MEP",0.0588772371411324,-0.872881174087524,0.12308462230319
"W31571","15Mo",-3.92421793937683,7.16039514541626,5.19988354730356
"W31572","5Ery",1.21315240859985,-4.9508752822876,2.12385566081748
"W31573","5Ery",0.985323309898376,-3.97044086456299,0.375218636847323
"W31575","5Ery",0.533092081546783,-2.53355145454407,0.659970905132369
"W31576","5Ery",1.22919368743896,-5.66966152191162,2.72703188672394
"W31577","15Mo",-3.36236715316772,7.57744789123535,5.19988586103893
"W31578","1Ery",2.65980505943298,-8.28801536560059,6.2517373062626
"W31580","13Baso",-0.518415570259094,4.76754474639893,1.44432510306286
"W31581","10GMP",-0.0547462031245232,3.37698221206665,0.167978739600727
"W31583","12Baso",-0.134327605366707,0.307788342237473,0.208390958418133
"W31586","4Ery",3.7406759262085,-5.87747192382812,4.25611204736867
"W31587","7MEP",0.34779292345047,0.133901461958885,0.0504274567877149
"W31588","15Mo",-3.74303293228149,7.55935716629028,5.1998881747743
"W31590","13Baso",0.0706265941262245,7.16571474075317,1.44130817548777
"W31591","13Baso",-0.112451158463955,7.30089521408081,1.61816816975791
"W31593","3Ery",4.03384494781494,-5.89498615264893,4.19178903349143
"W31594","3Ery",2.32153511047363,-6.32479286193848,4.23208858420135
"W31595","15Mo",-3.66353464126587,6.56959009170532,5.19989048850967
"W31596","16Neu",-4.26057147979736,6.96243619918823,5.19989280224504
"W31597","13Baso",0.0981598570942879,7.0070104598999,1.44131048922314
"W31598","2Ery",2.76539850234985,-6.88894176483154,6.27337008279648
"W31599","15Mo",-3.44626712799072,7.35300970077515,5.19989511598041
"W31600","17Neu",0.248075470328331,0.495713353157043,0.299734240344138
"W31601","15Mo",-2.82861948013306,7.17421388626099,5.10873096687904
"W31602","13Baso",-0.22164711356163,3.92207670211792,0.254138549856815
"W31603","16Neu",-4.15879821777344,6.29333305358887,5.19989742971578
"W31604","6Ery",0.47496509552002,-2.21419382095337,0.412681723606538
"W31605","5Ery",2.31581974029541,-4.70110368728638,2.02169345573997
"W31606","15Mo",-1.66973042488098,6.7267599105835,3.53888613447083
"W31607","9GMP",-0.462291806936264,0.575309097766876,0.208393272153504
"W31608","13Baso",0.0979501232504845,7.21036243438721,1.44131280295852
"W31609","15Mo",-2.84369325637817,7.62472009658813,5.19989974345116
"W31611","13Baso",-0.41997703909874,6.06194877624512,1.78753531184953
"W31613","6Ery",-0.206433460116386,-0.0614299587905407,0.130731540778396
"W31614","7MEP",0.214627847075462,-0.444608449935913,0.600793382394353
"W31615","12Baso",-0.294912397861481,0.529845178127289,0.208395585888875
"W31617","15Mo",-4.29482793807983,7.10295438766479,5.19990205718653
"W31618","2Ery",1.8869401216507,-8.28015518188477,5.61764522564127
"W31620","13Baso",-0.00137503840960562,1.81290912628174,0.00474872925144695
"W31621","10GMP",-0.001778379897587,-1.82219815254211,0.0725461820119939
"W31622","14Mo",-2.73370265960693,5.96092367172241,4.87197425500379
"W31623","14Mo",-0.583668828010559,6.38257646560669,1.96180324621226
"W31624","14Mo",-3.08422446250916,6.59538269042969,5.14564189258976
"W31625","15Mo",-3.6227650642395,7.58067464828491,5.1999043709219
"W31626","5Ery",1.07709634304047,-3.77489900588989,0.153701927504779
"W31628","16Neu",-4.15231800079346,6.68706893920898,5.19990668465727
"W31629","5Ery",1.23160111904144,-5.25699138641357,3.15630698652155
"W31630","14Mo",-2.39365482330322,6.36148023605347,5.02911320433328
"W31631","13Baso",-0.268221229314804,7.47398281097412,1.7726599353756
"W31632","15Mo",-3.83138346672058,7.64114809036255,5.19990899839264
"W31634","2Ery",2.12294411659241,-8.07846260070801,5.36269207758316
"W31635","2Ery",2.58630299568176,-8.24975872039795,6.25173961999797
"W31636","2Ery",1.57737112045288,-7.91442728042603,5.90894258628239
"W31638","13Baso",-0.795566439628601,5.13706398010254,1.28343334958584
"W31639","13Baso",0.407704055309296,4.54855537414551,0.121205756361204
"W31640","5Ery",1.55432569980621,-3.92183804512024,0.882060027601036
"W31641","5Ery",1.24766302108765,-5.05127668380737,2.21630326703479
"W31642","9GMP",-0.294104129076004,1.47960543632507,0.127573617000457
"W31644","14Mo",-1.35413730144501,5.70802640914917,3.61546847157241
"W31645","7MEP",0.524753570556641,-0.822190642356873,0.0819782445034192
"W31646","14Mo",-0.344763487577438,5.23889875411987,1.63514101289647
"W31647","11DC",-17.89328956604,-5.62267208099365,Inf
"W31648","16Neu",-4.35740804672241,6.40721797943115,5.19991131212801
"W31649","2Ery",2.9626133441925,-7.50118827819824,6.24294146870843
"W31650","2Ery",1.28871595859528,-6.91448211669922,4.26798479539523
"W31651","10GMP",-0.743106722831726,1.20444512367249,0.0755468672806063
"W31652","8Mk",-1.65177309513092,0.038598470389843,0.0178857204141567
"W31653","2Ery",1.28393733501434,-7.25285768508911,4.38222872680941
"W31654","5Ery",1.3680933713913,-6.55957937240601,4.40774941707798
"W31655","13Baso",0.0534051395952702,5.75362491607666,1.2894515304282
"W31656","13Baso",-0.130503907799721,5.87965965270996,1.51237507144743
"W31657","12Baso",-0.09060388058424,1.00718998908997,0.108600780954989
"W31658","7MEP",0.745217680931091,-1.04216277599335,0.00935681882786998
"W31659","7MEP",0.762177467346191,-1.52282536029816,0.170288996727582
"W31660","13Baso",-0.761162996292114,5.3837366104126,2.42533011674302
"W31661","6Ery",0.719007790088654,-1.34845089912415,0.356387882830338
"W31662","5Ery",1.15169632434845,-5.63623237609863,2.74149617452003
"W31663","16Neu",-4.37930870056152,6.84782695770264,5.19991362586338
"W31664","14Mo",-1.28696930408478,5.74104309082031,2.88357631333901
"W31665","13Baso",0.097072035074234,5.58913421630859,1.13528195457624
"W31666","2Ery",1.35949659347534,-7.08517265319824,4.33943285840603
"W31667","14Mo",-1.52298784255981,5.14746046066284,3.47465555569081
"W31668","5Ery",1.2306489944458,-6.36384153366089,4.53392158229285
"W31669","7MEP",0.385589480400085,-0.535349905490875,0.678642372302174
"W31670","10GMP",0.220743283629417,4.27300024032593,0.296591615466255
"W31674","14Mo",-2.81017851829529,5.88447046279907,4.83928073373884
"W31676","4Ery",2.55291104316711,-6.35042715072632,5.99598852738931
"W31678","14Mo",-2.19627571105957,6.96291732788086,3.5388884482062
"W31681","12Baso",-0.0244926437735558,0.620656251907349,0.180344192222928
"W31682","9GMP",-0.576909601688385,0.957133233547211,0.0117310500129572
"W31683","15Mo",-2.91478753089905,7.60405969619751,5.19991593959875
"W31684","17Neu",0.682926297187805,0.934298396110535,0.5875804688712
"W31685","7MEP",-0.515842020511627,-0.645453155040741,0.0178880341495275
"W31686","16Neu",-4.06220674514771,7.2194037437439,5.19991825333412
"W31687","13Baso",0.146529287099838,6.85108613967896,1.44131511669389
"W31689","3Ery",3.41061782836914,-5.16023683547974,3.63866573815126
"W31690","15Mo",-4.04286432266235,7.31846141815186,5.19992056706949
"W31691","3Ery",2.16067361831665,-6.67075443267822,5.99599084112468
"W31692","7MEP",0.843460083007812,-2.63761806488037,0.776136921999667
"W31693","8Mk",-1.55065667629242,-0.167097985744476,0.0178903478848984
"W31695","3Ery",2.12099409103394,-6.10418272018433,4.23209089793672
"W31696","13Baso",-0.175311416387558,6.06016254425049,1.5680446750097
"W31697","9GMP",-0.284005135297775,2.3748631477356,0.406630630428431
"W31698","3Ery",2.66474866867065,-5.47524881362915,2.61736671048755
"W31699","3Ery",2.07612776756287,-6.03332233428955,2.75435631916343
"W31700","2Ery",3.03170132637024,-8.24420261383057,6.25174193373334
"W31701","16Neu",-4.33562850952148,6.56122827529907,5.19992288080486
"W31702","14Mo",-0.483022511005402,5.86494731903076,1.82715014923588
"W31703","16Neu",-4.30595684051514,6.6681432723999,5.19992519454023
"W31704","6Ery",0.460606724023819,-2.09628081321716,0.358500983732226
"W31705","14Mo",-0.198015555739403,6.485755443573,1.62492959494811
"W31706","5Ery",1.27740299701691,-3.91147756576538,0.707877447271582
"W31707","14Mo",0.0652821511030197,6.1106653213501,1.44131743042926
"W31708","14Mo",-1.9633561372757,6.43817806243896,3.53889076194157
"W31711","15Mo",-3.42962098121643,5.66854619979858,5.1665338500864
"W31712","13Baso",-0.861144363880157,2.28371572494507,0.272898235286072
"W31713","14Mo",-2.7813081741333,6.64094257354736,4.97357619362528
"W31714","13Baso",-0.00731233088299632,5.05670928955078,0.109619337514917
"W31715","17Neu",0.556299924850464,0.860733270645142,0.540728807022568
"W31716","14Mo",-1.17955887317657,5.0814528465271,1.52908438976373
"W31717","1Ery",2.29432034492493,-8.5090274810791,5.36269439131853
"W31718","2Ery",1.1381049156189,-6.7704610824585,4.39657477593242
"W31719","5Ery",1.25671195983887,-5.33699655532837,3.07251493491045
"W31720","6Ery",0.64122086763382,-1.2785542011261,0.423649853401143
"W31721","15Mo",-2.82668519020081,7.77446174621582,5.1999275082756
"W31722","10GMP",-0.082988865673542,3.18235921859741,0.114695013034609
"W31723","6Ery",0.468858420848846,-1.63299429416656,0.0138046128943665
"W31724","10GMP",-0.190320447087288,0.857197105884552,0.125360199109927
"W31725","7MEP",0.506132066249847,-0.486410170793533,0.558766076490482
"W31726","14Mo",-1.20065951347351,5.47548675537109,2.78450586648232
"W31727","13Baso",0.20777490735054,4.30895233154297,0.267626562510658
"W31728","2Ery",1.29141902923584,-7.2695369720459,4.38932083857948
"W31729","14Mo",-2.43697619438171,7.08679533004761,3.53889307567694
"W31730","14Mo",-2.72262144088745,6.33877086639404,4.877928235268
"W31731","6Ery",0.730574369430542,-1.08933520317078,0.00935913256324084
"W31732","13Baso",-0.727465212345123,1.84430968761444,0.0709647884559303
"W31733","14Mo",-1.01192581653595,5.2295036315918,1.37788235992503
"W31734","14Mo",-1.76653635501862,4.71051216125488,2.8435628621745
"W31735","2Ery",1.21389722824097,-6.69436597824097,4.45688433171418
"W31736","6Ery",1.50129950046539,-4.78480339050293,1.92975214015896
"W31737","13Baso",0.208472162485123,6.16345691680908,1.44131974416463
"W31738","10GMP",-0.308006137609482,1.98509967327118,0.0834052300459131
"W31739","15Mo",-3.64720439910889,6.12936544418335,5.19992982201097
"W31740","16Neu",-4.31920528411865,6.36858081817627,5.19993213574634
"W31741","10GMP",-0.579950869083405,2.92909073829651,0.0387622382204569
"W31742","1Ery",2.7351131439209,-8.71151542663574,6.25174424746871
"W31743","14Mo",-0.723847985267639,5.9539999961853,2.90003298229769
"W31744","12Baso",0.104426100850105,0.966524541378021,0.683617821480158
"W31745","10GMP",0.356586128473282,2.90372085571289,0.636829267665398
"W31746","12Baso",-0.601835072040558,1.46642816066742,0.184232209574841
"W31748","16Neu",-4.32450199127197,6.66331052780151,5.19993444948171
"W31749","10GMP",-0.86135321855545,1.6678307056427,0.0709671021913011
"W31750","13Baso",0.236498162150383,5.54526472091675,1.0989664124327
"W31751","16Neu",-4.34542989730835,6.77187013626099,5.19993676321708
"W31752","6Ery",0.56490296125412,-1.83404731750488,0.141547257492879
"W31755","5Ery",0.370881199836731,-2.796550989151,0.757482119934683
"W31756","10GMP",-0.55901974439621,3.17427849769592,0.0387645519558278
"W31758","13Baso",-0.308748185634613,5.10155391693115,1.85411977978818
"W31760","14Mo",-2.23033428192139,5.97842836380005,4.1855188200372
"W31761","5Ery",1.61171293258667,-6.06081771850586,4.45946601935351
"W31762","13Baso",0.186973005533218,5.96917486190796,1.4413220579
"W31764","13Baso",-0.188348561525345,5.66712999343872,1.22690640829948
"W31765","13Baso",-0.307959288358688,5.46032905578613,1.34729438444827
"W31767","13Baso",-2.74700164794922,6.5352144241333,4.9318752307015
"W31768","4Ery",2.66809701919556,-6.32063627243042,6.22886458247881
"W31771","12Baso",-0.555350959300995,0.574143052101135,0.208397899624246
"W31773","10GMP",-0.0607566721737385,2.19041728973389,0.226044670323076
"W31774","11DC",-17.8652591705322,-5.59072160720825,Inf
"W31775","1Ery",2.79745960235596,-8.69359874725342,6.25174656120408
"W31777","3Ery",3.73462891578674,-6.32083177566528,5.1023091453973
"W31778","6Ery",0.53901743888855,-1.91009318828583,0.204918646789766
"W31779","6Ery",0.283978670835495,-1.84960174560547,0.12595111616788
"W31780","2Ery",1.84486043453217,-7.36509370803833,5.53260482492556
"W31781","2Ery",3.00695013999939,-8.26022243499756,6.25174887493945
"W31782","13Baso",0.0137509685009718,6.3758111000061,1.44132437163537
"W31783","3Ery",2.48042225837708,-4.45662879943848,2.88549431551513
"W31785","15Mo",-3.87550783157349,7.28900527954102,5.19993907695245
"W31786","2Ery",2.54712414741516,-7.35239744186401,6.33054851941803
"W31787","10GMP",-0.95271909236908,2.70736813545227,0.470837681788773
"W31788","5Ery",0.933500528335571,-3.77988600730896,0.173815097386047
"W31789","13Baso",-0.85175609588623,5.10329294204712,1.2202178203345
"W31791","9GMP",0.052466843277216,2.41279649734497,0.151945059075859
"W31792","9GMP",0.130540013313293,2.47218370437622,0.281212826342575
"W31793","12Baso",0.364946663379669,1.08774018287659,6.941206112554e-06
"W31794","17Neu",0.296641916036606,0.499078363180161,0.335857543571455
"W31795","6Ery",0.406198978424072,-2.13214349746704,0.384014950401682
"W31796","7MEP",0.520343005657196,-0.962217390537262,0.0597153339918167
"W31797","6Ery",1.56477224826813,-3.9249153137207,0.882062341336406
"W31798","14Mo",-0.0256270095705986,5.95115423202515,1.44132668537074
"W31799","14Mo",0.0214828047901392,6.33599042892456,1.44132899910611
"W31801","13Baso",-0.0193394422531128,5.69420051574707,1.23994830875319
"W31802","13Baso",-0.354525297880173,5.22425270080566,1.65863136308412
"W31803","2Ery",0.996685802936554,-6.8429970741272,4.34553877558524
"W31804","13Baso",0.208374321460724,4.46508026123047,0.151116535231302
"W31805","7MEP",0.638373970985413,-0.562694370746613,0.558768390225852
"W31806","3Ery",2.27325844764709,-5.69467735290527,2.75435863289881
"W31807","13Baso",-0.929925322532654,2.3346643447876,0.322317263252448
"W31808","15Mo",-2.86542797088623,7.67485857009888,5.19994139068782
"W31809","13Baso",-1.10963654518127,5.14526128768921,1.46611796932092
"W31810","11DC",-17.9265422821045,-5.65474319458008,Inf
"W31811","17Neu",0.605034112930298,0.945061385631561,0.605921489126347
"W31812","13Baso",-0.682428061962128,4.2858190536499,1.16140179094658
"W31813","14Mo",-1.2936806678772,5.38705825805664,2.86198686432212
"W31814","2Ery",1.08902847766876,-6.96825456619263,4.25476017862654
"W31815","11DC",-17.9422588348389,-5.6727032661438,Inf
"W31816","13Baso",-2.03841948509216,5.29281234741211,5.24585216133205
"W31817","13Baso",-1.203773021698,5.54009199142456,2.79238517402312
"W31818","2Ery",1.4945296049118,-7.41882371902466,4.47848253489072
"W31819","2Ery",1.95385551452637,-8.28658485412598,5.5442171925277
"W31820","16Neu",-4.24908494949341,6.33201026916504,5.19994370442319
"W31821","14Mo",-1.62871515750885,5.12380647659302,3.33547384244242
"W31822","10GMP",-0.458771347999573,1.71650552749634,0
"W31823","16Neu",-4.14438104629517,6.43024015426636,5.19994601815856
"W31824","13Baso",0.00853316858410835,7.36848878860474,1.51548798231102
"W31825","10GMP",0.374714016914368,4.0872163772583,0.411727749239275
"W31826","16Neu",-3.4898087978363,5.70130014419556,5.19994833189393
"W31827","2Ery",0.637343108654022,-6.05114603042603,4.74537876579855
"W31828","14Mo",-0.921556234359741,5.19212102890015,1.29059564184252
"W31829","12Baso",0.0374933257699013,0.397323906421661,0
"W31830","9GMP",0.209479212760925,2.57961392402649,0.466336582137371
"W31831","2Ery",1.82893419265747,-7.12096500396729,5.51513794163883
"W31832","2Ery",2.77710175514221,-7.38873338699341,6.23009955738218
"W31834","2Ery",1.23741400241852,-7.30159902572632,4.39003436754635
"W31835","6Ery",0.89309161901474,-4.74287366867065,2.11271293927402
"W31836","13Baso",0.172473326325417,4.66742134094238,0.0203265938654707
"W31837","14Mo",-1.97354602813721,4.52079439163208,2.454637741427
"W31838","2Ery",1.22760701179504,-6.89210796356201,4.28056028599392
"W31839","5Ery",1.46813297271729,-5.73943185806274,2.74337534769562
"W31840","16Neu",-4.04871940612793,7.29725933074951,5.1999506456293
"W31841","6Ery",0.247997835278511,-1.8858814239502,0.153740353087867
"W31842","13Baso",-1.80726957321167,4.50479364395142,2.63032910422323
"W31845","14Mo",-0.883746266365051,5.24460792541504,2.47896353661896
"W31846","5Ery",1.04651153087616,-5.12081098556519,2.44365422344269
"W31847","5Ery",1.21239006519318,-6.27739143371582,3.87170914027898
"W31849","2Ery",2.48053097724915,-8.16749572753906,6.24871343410077
"W31850","4Ery",1.25925207138062,-5.58758401870728,2.80331798599703
"W31851","2Ery",1.81228268146515,-8.2525691986084,5.69662773008355
"W31854","10GMP",-0.283814132213593,1.33086180686951,0.0471684772252855
"W31855","5Ery",1.69893383979797,-6.68905305862427,4.23209321167209
"W31856","13Baso",-2.67678666114807,5.60431814193726,4.97628979388364
"W31857","13Baso",0.221901148557663,5.50121355056763,1.09896872616808
"W31858","2Ery",1.83537745475769,-7.05883359909058,5.4990256243397
"W31859","12Baso",0.0460186302661896,0.714038193225861,0.478011579586505
"W31860","12Baso",0.482273548841476,0.930192351341248,0.608026681160993
"W31861","15Mo",-3.15708827972412,5.63977003097534,4.9977486117944
"W31864","13Baso",0.0976861193776131,5.95701360702515,1.44133131284148
"W31865","13Baso",0.101423561573029,5.5755877494812,1.12253047322218
"W31866","13Baso",-0.410959243774414,5.3618631362915,1.52791355455407
"W31868","13Baso",-0.322077453136444,4.98663806915283,1.78408452092166
"W31870","10GMP",-0.00212258449755609,3.78257369995117,0.351513973612725
"W31871","14Mo",-4.42287826538086,6.87218952178955,5.19995295936467
"W31872","13Baso",0.0899904519319534,6.60831117630005,1.44133362657685
"W36865","7MEP",0.53779411315918,-0.701396584510803,0.410487880927291
"W36866","13Baso",-0.996106922626495,7.11221408843994,1.96619477486256
"W36867","9GMP",-0.553252518177032,-0.429587244987488,0.0178926616202692
"W36868","14Mo",-0.749715685844421,7.54936170578003,1.96619708859794
"W36869","1Ery",3.65971803665161,-8.20633220672607,6.86740443962709
"W36871","3Ery",3.89957451820374,-5.20845174789429,3.62153113253583
"W36873","13Baso",-0.396523684263229,7.71601533889771,1.90844988296767
"W36874","13Baso",-0.66042548418045,5.91652965545654,2.889216310787
"W36875","15Mo",-3.52672219276428,7.36119890213013,5.19995527310004
"W36876","2Ery",3.21081280708313,-7.64989328384399,6.90793654943477
"W36877","13Baso",-0.788542628288269,3.58918309211731,0.203889738371275
"W36878","5Ery",2.93910813331604,-6.07652997970581,6.22886689621418
"W36879","14Mo",-1.10016977787018,6.9611930847168,3.53889538941231
"W36881","3Ery",3.3110659122467,-6.17389392852783,5.5350873894615
"W36882","6Ery",1.14433670043945,-3.30111050605774,0.395594222029933
"W36883","2Ery",3.24216461181641,-6.72414493560791,6.22886920994955
"W36885","15Mo",-3.03809309005737,6.610023021698,5.12098877516893
"W36886","12Baso",0.30423691868782,0.985684514045715,0.67594938660441
"W36887","7MEP",-0.107147805392742,-0.508633553981781,0.499322069578194
"W36889","2Ery",3.6477963924408,-8.04996490478516,6.75044318201675
"W36890","8Mk",-1.38784348964691,-0.12365909665823,0.0178949753556401
"W36891","14Mo",-0.974406599998474,7.12994194030762,1.96619940233331
"W36892","14Mo",-1.01360630989075,7.45044088363647,1.96620171606868
"W36893","8Mk",-0.918245673179626,0.150744393467903,0.0178972890910109
"W36894","5Ery",2.21359634399414,-4.8938045501709,2.05779584857486
"W36895","14Mo",-2.70363998413086,5.71734476089478,4.93724141397297
"W36897","2Ery",3.0791220664978,-8.02065563201904,6.25175118867482
"W36898","3Ery",3.51976203918457,-5.24028635025024,3.63276115287557
"W36899","9GMP",-0.704538762569427,3.3832859992981,0.00369113952414302
"W36900","5Ery",2.14162802696228,-5.55907154083252,2.75436094663418
"W36901","3Ery",2.72518801689148,-6.52456331253052,6.22887152368492
"W36902","5Ery",1.87315464019775,-5.44082260131836,2.75071886209309
"W36903","14Mo",-0.782364308834076,5.57856464385986,2.42533243047839
"W36905","2Ery",3.25525331497192,-6.74837684631348,6.22887383742029
"W36906","2Ery",3.37919044494629,-7.07810592651367,6.14879809873122
"W36907","14Mo",-2.63615894317627,5.8939266204834,4.95054826744679
"W36908","16Neu",-3.71222257614136,6.41747856140137,5.19995758683542
"W36909","9GMP",-0.626448035240173,-0.505581378936768,0.0178996028263818
"W36910","16Neu",-3.84180450439453,6.8087944984436,5.19995990057079
"W36911","15Mo",-3.31313490867615,7.41005325317383,5.19996221430616
"W36912","10GMP",0.233436107635498,4.00869464874268,0.0124784777377704
"W36913","3Ery",3.19248914718628,-6.60232496261597,6.22887615115566
"W36914","14Mo",-0.594821631908417,6.14800882339478,1.95167332042319
"W36915","8Mk",-1.35747790336609,0.275737732648849,0.208400213359617
"W36916","14Mo",-2.27491521835327,5.36602592468262,5.24585447506742
"W36917","15Mo",-1.31725215911865,6.28297185897827,3.54930117028562
"W36918","16Neu",-4.02137899398804,6.20926761627197,5.19996452804153
"W36919","5Ery",1.74718677997589,-5.41240739822388,2.27640288578578
"W36920","14Mo",-1.24752295017242,6.59869909286499,3.53889770314769
"W36921","16Neu",-3.85873079299927,5.75642490386963,5.1999668417769
"W36922","4Ery",1.25740528106689,-5.29371500015259,3.11910910772744
"W36923","2Ery",3.60113501548767,-7.40164995193481,6.26241266857628
"W36924","13Baso",-0.551376461982727,5.83962869644165,1.88625867496284
"W36925","14Mo",-0.527535557746887,6.78108167648315,1.94567227858286
"W36926","13Baso",-1.4292916059494,6.81802177429199,3.53890001688306
"W36927","5Ery",1.35234189033508,-4.10464286804199,0.784916045194447
"W36928","13Baso",-0.231488943099976,3.96278262138367,0.209112983001475
"W36929","7MEP",-0.131462082266808,-1.00515806674957,0.123082308567819
"W36930","15Mo",-4.01781845092773,6.4137077331543,5.19996915551227
"W36931","6Ery",0.621634662151337,-2.43362045288086,0.628492120826741
"W36932","16Neu",-3.4974479675293,6.89973258972168,5.19997146924764
"W36933","15Mo",-2.86980986595154,7.04820203781128,5.10811816351385
"W36934","12Baso",0.500678896903992,0.990005314350128,0.656192272607713
"W36935","6Ery",1.12957978248596,-3.02865409851074,1.16788773588898
"W36936","13Baso",-0.746951043605804,5.78508853912354,2.68379374888186
"W36939","14Mo",-2.67362284660339,5.59459352493286,4.98023032821764
"W36940","16Neu",-4.08955574035645,6.19964027404785,5.19997378298301
"W36941","14Mo",-0.660245299339294,6.40640687942505,1.96620402980405
"W36942","14Mo",-1.03228831291199,5.42801856994629,2.6280619389379
"W36943","2Ery",2.84584903717041,-7.76972484588623,6.24871806157151
"W36944","6Ery",0.749232947826385,-2.07746505737305,0.372060474451588
"W36945","6Ery",0.687663435935974,-1.41468930244446,0.279908167718565
"W36946","13Baso",-0.182736486196518,4.52428388595581,0.005387442538406
"W36947","14Mo",-1.74566316604614,5.63495635986328,3.5862901829857
"W36948","16Neu",-3.97708702087402,6.45104265213013,5.19997609671838
"W36949","2Ery",3.37471675872803,-7.48869323730469,6.58938431624013
"W36950","2Ery",2.89209008216858,-8.31459331512451,6.25175350241019
"W36951","5Ery",1.07015609741211,-5.69221019744873,2.72491619722724
"W36952","2Ery",1.46133828163147,-6.53765296936035,4.35189362525405
"W36953","5Ery",1.25318038463593,-4.84038066864014,1.96549019902388
"W36954","1Ery",2.72819232940674,-8.46652507781982,6.25175581614556
"W36955","13Baso",0.218045130372047,4.30533075332642,0.272003819877639
"W36956","14Mo",-0.629059314727783,5.1847767829895,1.50673247549862
"W36957","14Mo",-1.33330476284027,6.33365726470947,3.54158265534558
"W36958","16Neu",-3.9338538646698,7.06221103668213,5.19997841045375
"W36959","1Ery",3.29426717758179,-8.28116035461426,6.25175812988093
"W36960","6Ery",2.1670708656311,-4.89816617965698,2.08925513625834
"W36961","14Mo",-2.04508185386658,7.07522630691528,3.53890233061843
"W36962","14Mo",-0.911493718624115,7.52655267715454,1.96620634353942
"W36963","15Mo",-2.11806678771973,7.66644239425659,3.5389046443538
"W36964","13Baso",-0.360550731420517,7.34621667861938,1.84446066082593
"W36966","15Mo",-2.7885582447052,7.64956760406494,5.18002439410195
"W36967","1Ery",3.56867694854736,-8.22948455810547,6.2517604436163
"W36969","8Mk",-1.67448723316193,-0.0330075323581696,0.0179019165617526
"W36970","15Mo",-3.59224772453308,7.27921962738037,5.19998072418912
"W36971","14Mo",-1.30856382846832,6.11222362518311,3.57086013105599
"W36972","10GMP",-0.514996469020844,3.34425568580627,0.0643197452016308
"W36973","9GMP",-0.655417680740356,2.80103516578674,0.0387668656911986
"W36974","4Ery",2.21916651725769,-5.18013572692871,2.8910892727812
"W36975","15Mo",-1.70212316513062,7.53276443481445,3.53890695808917
"W36976","4Ery",0.896007716655731,-1.50776755809784,0.203042679099534
"W36977","11DC",-17.9588718414307,-5.68958282470703,Inf
"W36978","2Ery",2.84050416946411,-7.81459712982178,6.25031252339309
"W36979","14Mo",-1.4306263923645,6.49634170532227,3.53890927182454
"W36980","14Mo",-2.05676007270813,5.23616409301758,5.24585678880279
"W36981","8Mk",-1.63445699214935,0.0427406914532185,0.0179042302971235
"W36982","13Baso",-0.642812252044678,4.08578205108643,0.189972322647914
"W36983","6Ery",1.71742558479309,-4.38776254653931,1.4765021112933
"W36984","13Baso",0.0467781275510788,7.49641704559326,1.49218330068357
"W36985","4Ery",1.87739861011505,-5.67698621749878,2.75436326036955
"W36987","13Baso",-0.250384151935577,2.48675751686096,0
"W36990","15Mo",-1.9276465177536,6.47104167938232,3.53891158555991
"W36991","13Baso",-0.189711585640907,4.56031370162964,0.00558735030543701
"W36992","4Ery",3.87776446342468,-5.45941686630249,4.38765771244328
"W36993","2Ery",2.56303143501282,-8.19724655151367,6.25176275735167
"W36994","16Neu",-4.28481245040894,6.39550876617432,5.19998303792449
"W36995","2Ery",2.14543843269348,-8.49055862426758,5.3626967050539
"W36996","5Ery",1.29844582080841,-4.63326263427734,1.9517544907229
"W36997","2Ery",2.55350065231323,-8.22624778747559,6.25176507108704
"W36998","5Ery",0.824531316757202,-3.36819648742676,0.239017216659833
"W36999","10GMP",0.333364456892014,3.88656568527222,0.125995219494114
"W37000","13Baso",-0.0311940480023623,7.45236015319824,1.55830093863322
"W37001","13Baso",0.0415228791534901,4.87005853652954,0.0506301193153186
"W37003","8Mk",-0.87501734495163,-0.463770359754562,0.0179065440324944
"W37004","16Neu",-4.13653087615967,6.48399353027344,5.19998535165986
"W37005","13Baso",0.0357754975557327,4.7769341468811,0.0262906573223493
"W37006","7MEP",0.902642428874969,-1.17653346061707,0.567301187244362
"W37008","4Ery",3.50720858573914,-6.5534086227417,5.50047816468114
"W37009","13Baso",-0.195483177900314,4.66056156158447,0.0338118232274461
"W37010","6Ery",-0.093223549425602,-0.78989052772522,0.134904830473245
"W37011","2Ery",0.68496698141098,-6.88977289199829,4.33316023969318
"W37012","14Mo",-1.11945903301239,1.94493174552917,0.070969415926672
"W37013","16Neu",-3.6406409740448,5.61204433441162,5.19998766539523
"W37014","2Ery",3.43780779838562,-7.73672437667847,6.72525579138494
"W37015","13Baso",-2.38621854782104,6.39815235137939,4.00334510154683
"W37016","14Mo",-2.62424278259277,5.32138204574585,5.06406266283748
"W37017","6Ery",1.47282576560974,-4.53331661224365,1.68534709172382
"W37018","2Ery",2.2808723449707,-8.59058094024658,5.36269901878928
"W37019","2Ery",0.764977216720581,-6.91078281402588,4.30710575989677
"W37020","2Ery",2.06908011436462,-8.43362045288086,5.43735375019215
"W37022","8Mk",-1.17355442047119,-0.0717661380767822,0.0179088577678652
"W37023","2Ery",3.30053782463074,-7.52153730392456,6.70010803699917
"W37024","4Ery",3.51625084877014,-6.5764856338501,5.50185649481778
"W37025","14Mo",-0.911405920982361,5.61200428009033,2.53278332265503
"W37026","17Neu",0.183823198080063,0.534306168556213,0.28132128334696
"W37027","5Ery",0.676641762256622,-5.83159732818604,2.72491851096261
"W37028","13Baso",-0.733921706676483,6.18805551528931,1.96620865727479
"W37029","7MEP",0.515482842922211,-0.758841037750244,0.337210225159808
"W37030","3Ery",1.97563421726227,-5.4522180557251,2.75436557410492
"W37031","5Ery",1.31769001483917,-5.68440198898315,2.73254512391105
"W37032","13Baso",-0.142045885324478,5.48124742507935,1.22143606197455
"W37034","8Mk",-1.64789688587189,-0.179307281970978,0.0179111715032361
"W37035","6Ery",0.564320862293243,-1.65637683868408,0.00856436204411837
"W37036","5Ery",1.46964621543884,-5.87887716293335,2.75026407053402
"W37037","5Ery",1.51200211048126,-4.73171520233154,1.86292337033301
"W37038","11DC",-17.8187656402588,-5.54193592071533,Inf
"W37039","5Ery",2.93216156959534,-7.19115400314331,6.22892799316792
"W37040","15Mo",-2.82281637191772,6.09437036514282,4.88889262530346
"W37041","2Ery",1.18939292430878,-7.25201225280762,4.36408455165839
"W37042","2Ery",2.53728342056274,-7.12768220901489,6.3793994987919
"W37043","15Mo",-3.29057025909424,6.74975442886353,5.1999899791306
"W37044","15Mo",-3.39513969421387,6.39649486541748,5.19999229286597
"W37045","13Baso",-1.39150893688202,7.37777662277222,3.53891389929528
"W37046","14Mo",-0.787618160247803,5.96047830581665,2.87327757563459
"W37047","14Mo",-1.47262871265411,6.00732135772705,3.56764373472762
"W37048","14Mo",-0.895892202854156,5.1605863571167,1.26477215995654
"W37049","5Ery",1.55598330497742,-5.18482971191406,2.14884126612358
"W37050","7MEP",0.667406260967255,-1.05474638938904,0.00506653505366939
"W37051","3Ery",1.78727042675018,-5.41686630249023,2.25253140374913
"W37052","2Ery",3.15519189834595,-6.94154214859009,6.21146198533286
"W37053","7MEP",0.472669184207916,-0.667996048927307,0.431797283183494
"W37054","1Ery",2.93824744224548,-8.54188346862793,6.25176738482241
"W37055","14Mo",-1.0456086397171,6.21858692169189,1.96621097101016
"W37056","2Ery",2.21008467674255,-7.26263856887817,5.69522327108513
"W37057","15Mo",-3.38809490203857,6.79838800430298,5.19999460660134
"W37058","13Baso",-1.07531130313873,7.44199848175049,3.53891621303065
"W37059","4Ery",2.24243807792664,-5.23462867736816,2.86651565316358
"W37060","13Baso",-1.36054301261902,7.53389120101929,3.53891852676602
"W37061","6Ery",1.32661283016205,-4.40244340896606,1.53132135400097
"W37063","9GMP",-0.762030422687531,2.92960047721863,0.0387691794265695
"W37065","3Ery",4.40688800811768,-6.07791376113892,4.35185361113081
"W37066","6Ery",1.11459565162659,-3.69860005378723,0.0670941510704854
"W37067","1Ery",3.03156208992004,-8.26328468322754,6.25176969855778
"W37068","4Ery",2.82824540138245,-5.7041187286377,2.74036843852503
"W37069","13Baso",-0.685357868671417,7.14250040054321,1.96621328474553
"W37070","9GMP",-0.621532320976257,3.07395172119141,0.0387714931619403
"W37072","7MEP",0.554833173751831,-0.6158646941185,0.515191967932298
"W37073","14Mo",-1.17572939395905,6.39209270477295,3.54981753487411
"W37074","13Baso",-2.15652513504028,7.2637677192688,3.53892084050139
"W37075","13Baso",-0.611733317375183,7.05419874191284,1.9662155984809
"W37077","10GMP",-0.289779901504517,2.20247316360474,0.223968389645975
"W37078","9GMP",-0.265432775020599,1.03131973743439,0.0678993468199017
"W37079","5Ery",1.25553071498871,-4.78095674514771,2.14966274288082
"W37080","16Neu",-4.18959999084473,6.53084516525269,5.19999692033671
"W37081","14Mo",-0.948417007923126,5.94516515731812,2.76764819285326
"W37082","15Mo",-3.31908011436462,6.74570941925049,5.19999923407208
"W37083","2Ery",2.94575977325439,-6.9517707824707,6.22183305705225
"W37084","3Ery",3.31938695907593,-6.85132789611816,6.20672235851083
"W37085","13Baso",-0.737063705921173,3.82202863693237,0.530128542551694
"W37086","6Ery",1.76034092903137,-4.685133934021,1.58647310267781
"W37087","4Ery",1.27535152435303,-7.59439277648926,5.9382491421662
"W37088","3Ery",3.62363648414612,-6.83494758605957,5.50989853194043
"W37089","16Neu",-3.80129098892212,6.8222541809082,5.20000154780745
"W37090","9GMP",-0.744811534881592,3.15890502929688,0.0387738068973112
"W37091","9GMP",-0.483056753873825,1.1780264377594,0.00790852507102596
"W37092","12Baso",0.532454788684845,-0.444825172424316,0.558770703961223
"W37093","7MEP",0.593998670578003,-0.943130791187286,0.0433019731630461
"W37094","16Neu",-3.48056650161743,6.64808177947998,5.20000386154282
"W37095","6Ery",1.7204864025116,-3.69090723991394,0.882064655071777
"W37096","13Baso",-1.49945032596588,6.09442138671875,3.55447264479958
"W37097","17Neu",0.604225516319275,0.760389268398285,0.450546018951803
"W37098","14Mo",-1.10892367362976,6.27102136611938,1.96621791221627
"W37099","3Ery",3.58451104164124,-7.48154830932617,6.34769768821387
"W37100","16Neu",-3.67845010757446,6.76453113555908,5.20000617527819
"W37101","13Baso",-0.698730289936066,3.90943193435669,0.415228348162807
"W37102","14Mo",-0.805857598781586,5.80322170257568,2.67373295634818
"W37103","3Ery",3.99901700019836,-7.34665679931641,6.09188858809234
"W37104","14Mo",-1.84057402610779,5.8032398223877,3.89937205040254
"W37105","16Neu",-3.55176305770874,6.80971956253052,5.20000848901356
"W37106","2Ery",3.21361088752747,-7.57347011566162,6.84107928855635
"W37107","18Eos",-2.99721026420593,2.71773552894592,4.38923994573144
"W37108","7MEP",0.464119404554367,-0.90091872215271,0.0849428014365239
"W37109","7MEP",0.654722630977631,-1.08141529560089,0.00397747491306222
"W37110","5Ery",1.19717133045197,-5.52732706069946,2.86261684770014
"W37111","16Neu",-1.9915417432785,6.14281988143921,3.7797000209719
"W37112","2Ery",2.35373878479004,-7.48872900009155,5.66313002444024
"W37113","5Ery",1.8327054977417,-5.8299880027771,2.75436788784029
"W37114","13Baso",-0.745321393013,5.60599613189697,2.46869091207059
"W37115","6Ery",0.63813728094101,-1.71396994590759,0.0448302553539023
"W37116","14Mo",-1.33547496795654,6.15459632873535,3.5631018735526
"W37117","12Baso",0.591109097003937,1.04744446277618,0.693776498927249
"W37118","13Baso",-0.0917082205414772,4.15834379196167,0.331389682335813
"W37119","5Ery",1.39165151119232,-5.71714162826538,2.73815024418617
"W37120","2Ery",1.60383701324463,-6.94997310638428,4.33957271243192
"W37121","2Ery",3.14280414581299,-6.92416524887085,6.21705361870767
"W37122","14Mo",-0.783390641212463,6.03118848800659,1.96622022595164
"W37123","16Neu",-3.77331614494324,6.08022975921631,5.20001080274893
"W37124","14Mo",-2.42045664787292,5.73555755615234,5.12616278195041
"W37125","1Ery",3.22497129440308,-8.43703460693359,6.25177201229315
"W37126","11DC",-17.8403663635254,-5.56441593170166,Inf
"W37127","1Ery",2.52746486663818,-8.50561237335205,6.25177432602852
"W37128","13Baso",-0.840438008308411,4.38963270187378,1.17438349758182
"W37130","3Ery",2.4086766242981,-6.33646631240845,5.99599315486005
"W37131","5Ery",1.42114818096161,-6.00748348236084,4.35118075333242
"W37132","16Neu",-4.31040620803833,6.67006540298462,5.20001311648431
"W37133","16Neu",-3.82110214233398,6.77726411819458,5.20001543021968
"W37134","6Ery",1.02582538127899,-3.35381865501404,0.305266147693116
"W37135","1Ery",3.2303204536438,-8.41780567169189,6.25177663976389
"W37137","14Mo",-0.785761296749115,4.3582968711853,1.16140410468195
"W37138","16Neu",-3.33778500556946,6.58150196075439,5.20001774395505
"W37139","2Ery",3.2601306438446,-6.91056251525879,6.20265819956285
"W37140","10GMP",-0.722807765007019,-0.218716338276863,0.0179134852386069
"W37141","5Ery",0.788584649562836,-6.30775165557861,4.74538107953392
"W37142","14Mo",-0.675442099571228,5.81708669662476,2.76113816476804
"W37143","2Ery",1.85192811489105,-7.52029418945312,5.5471071238739
"W37144","6Ery",1.92158615589142,-4.62915849685669,2.30788188190903
"W37145","5Ery",1.32326722145081,-5.655592918396,2.73143789207057
"W37146","1Ery",2.74791693687439,-8.71503448486328,6.25177895349927
"W37147","5Ery",0.525341033935547,-1.57343983650208,0.0860111288264114
"W37148","15Mo",-3.52288007736206,5.92994070053101,5.20002005769042
"W37150","10GMP",-0.182656317949295,2.34213924407959,0.378584732338895
"W37151","2Ery",2.60767078399658,-7.43969535827637,6.27402281115322
"W37152","5Ery",0.994207680225372,-5.60782909393311,2.75810238079915
"W37153","7MEP",0.677165389060974,-1.32639408111572,0.375515327730855
"W37154","6Ery",2.75685667991638,-4.75861024856567,2.66350564423575
"W37155","11DC",-17.9846820831299,-5.7112193107605,Inf
"W37156","4Ery",3.04917192459106,-6.41674518585205,6.22887846489103
"W37157","15Mo",-1.10421109199524,7.1730694770813,3.53892315423676
"W37158","3Ery",3.58437395095825,-7.07118558883667,6.11997187354703
"W37159","2Ery",3.87501454353333,-7.63201475143433,6.14672666741531
"W37161","7MEP",0.676118552684784,-1.42119348049164,0.271367665051805
"W37162","1Ery",3.61242842674255,-8.13473320007324,6.86084864097002
"W37163","7MEP",0.763611137866974,-1.25618481636047,0.463042632176478
"W37164","5Ery",1.62963306903839,-5.00167512893677,2.04592969061073
"W37165","3Ery",3.23059868812561,-5.90005922317505,4.34791134514046
"W37166","3Ery",2.5017294883728,-6.02647495269775,4.23209552540746
"W37167","13Baso",-1.03515672683716,4.11618804931641,1.34504025308897
"W37168","3Ery",3.83434128761292,-5.2256121635437,3.62310964454862
"W37169","15Mo",-3.44435620307922,6.49714279174805,5.20002237142579
"W37170","15Mo",-1.47351634502411,6.20985507965088,3.54298010527551
"W37171","4Ery",1.66811752319336,-5.92898988723755,2.75437020157566
"W37172","14Mo",-1.12605059146881,6.29886531829834,1.96622253968701
"W37173","2Ery",2.71717667579651,-7.49511289596558,6.23178060132835
"W37174","2Ery",3.12801384925842,-6.92851877212524,6.21829887735019
"W37175","16Neu",-4.16332149505615,6.76506233215332,5.20002468516116
"W37176","13Baso",-0.463431894779205,7.72111368179321,1.96622485342239
"W37177","14Mo",-0.124863684177399,4.45291137695312,0.10598956947054
"W37178","5Ery",1.35217750072479,-4.91588878631592,1.9820100305477
"W37179","16Neu",-3.47947096824646,5.52961206436157,5.16852217373205
"W37180","14Mo",-1.15789604187012,5.62077903747559,2.75707179622626
"W37181","16Neu",-3.6000645160675,5.72795248031616,5.20002699889653
"W37182","8Mk",-1.63823449611664,0.13900326192379,0.0179157989739778
"W37183","7MEP",0.818241357803345,-1.2225114107132,0.506620503313589
"W37184","8Mk",-0.688304007053375,-0.470646530389786,0.0179181127093486
"W37185","14Mo",-0.484692841768265,5.49876117706299,2.4806310600377
"W37186","10GMP",0.384882152080536,4.01292562484741,0.0389158918154368
"W37187","5Ery",0.888938069343567,-5.71697282791138,2.72492082469798
"W37188","10GMP",-0.62359482049942,-0.267311573028564,0.0179204264447195
"W37190","3Ery",1.98400115966797,-5.7839183807373,2.75437251531103
"W37191","13Baso",-0.189415633678436,4.26287078857422,0.23742232471151
"W37192","14Mo",-0.46060910820961,6.4739818572998,1.8593149671318
"W37193","3Ery",3.18686056137085,-6.71702766418457,6.2288807786264
"W37194","2Ery",0.326745271682739,-6.23302745819092,4.74538339326929
"W37195","2Ery",2.03942441940308,-8.45668125152588,5.47363003155955
"W37196","14Mo",-2.94029831886292,5.71479463577271,4.88310945528178
"W37197","2Ery",0.677860379219055,-6.71467208862305,4.48882491021427
"W37198","6Ery",1.36173951625824,-3.4966447353363,0.222292555773048
"W37199","4Ery",2.87970638275146,-6.40080547332764,6.22888309236177
"W37200","15Mo",-3.31285119056702,7.71936798095703,5.2000293126319
"W37201","13Baso",-0.343667656183243,5.00864458084106,1.76836658740133
"W37202","6Ery",0.296189844608307,-5.6438159942627,2.72492313843335
"W37203","12Baso",0.138615250587463,0.597468912601471,0.368857686423344
"W37204","16Neu",-3.95613694190979,5.90289688110352,5.20003162636727
"W37205","14Mo",-1.51530182361603,5.35750818252563,2.95889225654907
"W37206","15Mo",-3.30068707466125,5.79715871810913,5.11518256679726
"W37207","13Baso",-0.870787620544434,7.42164993286133,1.96622716715776
"W37208","2Ery",2.56277918815613,-7.24126100540161,6.34112266864807
"W37209","14Mo",-0.881280839443207,4.93672609329224,1.23993326852741
"W37210","14Mo",-1.65609955787659,4.91934204101562,3.13841127123711
"W37211","12Baso",-0.395582348108292,1.58063042163849,0.201716478385157
"W37212","10GMP",-0.418554693460464,1.13206803798676,0.0117333637483281
"W37213","7MEP",0.347302943468094,-0.689855396747589,0.372042001271066
"W37215","2Ery",3.19832873344421,-6.96363925933838,6.20030230143978
"W37216","4Ery",1.71612620353699,-5.41682529449463,3.02733339117433
"W37217","3Ery",0.90556526184082,-6.14035892486572,3.75358393768509
"W37218","16Neu",-3.61545205116272,5.85008001327515,5.20003394010264
"W37219","5Ery",1.11832654476166,-6.78833103179932,4.38259641387192
"W37220","2Ery",1.56566226482391,-7.97974538803101,5.93135901763788
"W37221","3Ery",1.10591888427734,-5.63126039505005,2.742793708154
"W37223","2Ery",2.399653673172,-8.3812894821167,5.36270133252465
"W37224","14Mo",-1.33809328079224,4.95381879806519,3.49704042070277
"W37225","14Mo",-1.11168730258942,6.38814210891724,1.96622948089313
"W37226","8Mk",-1.63759207725525,-0.106034748256207,0.0179227401800903
"W37227","5Ery",1.44050526618958,-7.22374439239502,4.40189829736528
"W37228","7MEP",0.856479406356812,-1.31437587738037,0.410447407179399
"W37229","7MEP",0.337830722332001,-0.296590685844421,0.615961977243745
"W37230","16Neu",-3.98311233520508,6.17371511459351,5.20003625383801
"W37231","2Ery",1.66724193096161,-7.42887926101685,5.73915357317594
"W37232","13Baso",0.397067308425903,4.06982517242432,0.411730062974646
"W37233","5Ery",1.13530468940735,-5.78586483001709,2.72762692693334
"W37234","5Ery",1.20171797275543,-6.61828088760376,4.52537281953904
"W37235","14Mo",-3.34193325042725,5.93587636947632,5.16764975361597
"W37236","6Ery",0.618709146976471,-2.98264813423157,1.06013126208729
"W37237","14Mo",-1.06936645507812,5.17625951766968,1.42957125888619
"W37238","7MEP",-0.23848170042038,-0.865204572677612,0.123079994832448
"W37239","2Ery",2.63083004951477,-8.33734703063965,6.25178126723464
"W37240","13Baso",-0.635944187641144,4.62770223617554,1.23686432451103
"W37241","2Ery",2.18660974502563,-8.44942378997803,5.36270364626002
"W37242","14Mo",-0.786617457866669,4.95562314987183,1.20903587220976
"W37243","2Ery",1.34554219245911,-7.70319986343384,5.93825145590157
"W37244","15Mo",-3.2966935634613,6.17803001403809,5.18911534340234
"W37245","3Ery",1.4300571680069,-5.67524194717407,2.73818558833689
"W37246","5Ery",1.02337729930878,-5.54368162155151,2.82965609754786
"W37247","10GMP",-1.02820253372192,-0.372253090143204,0.0179250539154612
"W37248","6Ery",0.721603035926819,-3.38939476013184,0.18907087161291
"W37249","15Mo",-1.01792681217194,6.80856704711914,1.9662317946285
"W37250","1Ery",3.85981369018555,-7.82992887496948,6.32878181049779
"W37251","4Ery",3.80212688446045,-5.04080057144165,3.62971765225404
"W37252","12Baso",0.468655049800873,0.181162789463997,0.050425143052344
"W37253","4Ery",3.9751296043396,-5.55395984649658,4.33264398169992
"W37258","13Baso",-0.452335476875305,7.38055276870728,1.92969536197964
"W37259","6Ery",3.4268651008606,-4.848952293396,2.8415681954706
"W37260","3Ery",1.41239309310913,-2.36920976638794,0.760163770720145
"W37261","8Mk",-1.22471570968628,0.410849124193192,0.0117356774836989
"W37262","6Ery",2.82558751106262,-4.5985369682312,2.65590743795302
"W37264","3Ery",3.98259162902832,-5.49546813964844,4.35335863930531
"W37265","3Ery",3.77520346641541,-5.21304082870483,3.6253853852453
"W37266","4Ery",4.11754322052002,-5.93446397781372,4.21085569089748
"W37267","16Neu",-3.50325298309326,7.63857555389404,5.20003856757338
"W37268","7MEP",-0.0473766885697842,-1.2497730255127,0.123077681097077
"W37269","3Ery",4.43654823303223,-6.25557470321655,4.4595993172061
"W37270","15Mo",-3.01565051078796,7.60284805297852,5.20004088130875
"W37273","10GMP",0.31047248840332,2.90554404258728,0.636831581400769
"W37274","12Baso",0.317034780979156,1.28496909141541,4.62747074170267e-06
"W37275","3Ery",3.94426345825195,-6.78422498703003,5.09608307546496
"W37276","3Ery",3.85446906089783,-5.82785224914551,4.25253509960675
"W37277","14Mo",-0.666607022285461,7.61205196380615,1.96623410836387
"W37278","9GMP",-0.623749017715454,2.95872449874878,0.038776120632682
"W37279","12Baso",0.472986578941345,1.16443753242493,2.31373537085133e-06
"W37280","15Mo",-3.80040884017944,7.58755159378052,5.20004319504412
"W37281","15Mo",-3.28288722038269,7.76518487930298,5.20004550877949
"W37282","2Ery",2.83584880828857,-7.36152410507202,6.23160094973795
"W37283","14Mo",-1.06681656837463,6.3218731880188,1.96623642209924
"W37284","4Ery",2.12515258789062,-7.10571479797363,5.73396482268881
"W37285","3Ery",4.06035566329956,-5.78981637954712,4.22644594401486
"W37286","14Mo",-0.298476010560989,7.5024585723877,1.80222665448023
"W37288","14Mo",0.0611345246434212,6.9011697769165,1.44133594031222
"W37289","8Mk",-1.62960124015808,-0.0230691693723202,0.017927367650832
"W37290","16Neu",-4.22723245620728,7.11606454849243,5.20004782251486
"W37291","10GMP",-0.0480161719024181,1.79108035564423,0.0607765557248192
"W37292","2Ery",2.2736496925354,-7.0130558013916,5.97822327521891
"W37293","2Ery",2.72431421279907,-7.26673984527588,6.22278124506466
"W37294","3Ery",3.77453637123108,-5.33921766281128,3.62160377305266
"W37295","9GMP",-0.288325041532516,-0.990303635597229,0.123075367361706
"W37296","15Mo",-3.48043441772461,7.59025573730469,5.20005013625023
"W37297","14Mo",-0.0174798928201199,7.41478633880615,1.54278471578202
"W37298","5Ery",1.1250901222229,-6.22220754623413,3.85589568342151
"W37300","14Mo",-0.886891722679138,4.90436267852783,1.24364696654809
"W37301","2Ery",2.53865027427673,-7.04118013381958,6.39479662489585
"W37302","13Baso",-0.31938248872757,7.13599157333374,1.78951900411635
"W37303","14Mo",-0.0795766338706017,7.07470321655273,1.56927953404727
"W37304","14Mo",-0.578839361667633,7.50361108779907,1.96623873583461
"W37305","14Mo",-2.30115008354187,7.64765310287476,3.53892546797214
"W37306","2Ery",3.71104621887207,-6.92698049545288,6.13246963133625
"W37307","2Ery",2.86316084861755,-7.73290586471558,6.24798199735013
"W37308","13Baso",-0.509567975997925,5.17247152328491,1.64512464941277
"W37309","6Ery",0.600146472454071,-2.71531248092651,0.764472597987132
"W37310","7MEP",0.500590860843658,-0.450829356908798,0.558773017696594
"W37311","7MEP",0.436399936676025,-0.616075694561005,0.482646182919587
"W37312","13Baso",-0.877175629138947,3.75317978858948,0.182024842577395
"W37313","3Ery",3.66846799850464,-5.28197908401489,3.62672835762973
"W37314","3Ery",1.32155013084412,-4.14273738861084,0.755387801911759
"W37315","14Mo",-0.498426347970963,4.84802103042603,1.50622852619773
"W37317","2Ery",1.06933295726776,-1.8086279630661,0.171730807940807
"W37318","2Ery",1.87473857402802,-8.13777542114258,5.61069498089271
"W37319","8Mk",-1.47790205478668,-0.015392386354506,0.0179296813862029
"W37320","7MEP",0.157589644193649,-1.47912454605103,0.144917380263494
"W37322","16Neu",-4.27861642837524,6.67336082458496,5.2000524499856
"W37323","5Ery",1.32981824874878,-5.40013265609741,3.01110096638991
"W37324","14Mo",-0.728345453739166,5.91973781585693,2.85627088023767
"W37325","2Ery",1.12657523155212,-5.95317935943604,2.73532502734443
"W37326","14Mo",-1.31606817245483,5.67164993286133,2.9045511775984
"W37327","8Mk",-1.33691930770874,0.51040917634964,0.0117379912190698
"W37328","7MEP",-0.406799167394638,-0.823668599128723,0.0179319951215737
"W37330","14Mo",-2.14272713661194,6.59396266937256,3.5656267981638
"W37331","12Baso",0.452421218156815,-0.332874119281769,0.663434176782812
"W37332","13Baso",0.015170375816524,5.0906457901001,0.115037560236477
"W37334","12Baso",-1.13854706287384,0.411807268857956,0.0117403049544406
"W37335","13Baso",0.22991244494915,5.87487077713013,1.38847793255134
"W37336","4Ery",3.4099280834198,-5.24260377883911,3.6362080825857
"W37337","14Mo",-0.686635732650757,6.99347448348999,1.96624104956998
"W37338","2Ery",3.52394723892212,-7.1018705368042,6.12226413496962
"W37339","5Ery",1.38636898994446,-6.29283094406128,4.00711640709659
"W37340","11DC",-17.9149475097656,-5.66008138656616,Inf
"W37341","16Neu",-4.1942138671875,6.98536062240601,5.20005476372097
"W37342","3Ery",3.69334864616394,-5.60684728622437,4.36804264287738
"W37343","11DC",-17.9277591705322,-5.65352058410645,Inf
"W37344","3Ery",2.98992824554443,-5.8110408782959,3.63254765622074
"W37345","4Ery",4.06553936004639,-5.77335214614868,4.23166869525377
"W37346","3Ery",3.96429252624512,-6.48726606369019,4.91382551801298
"W37347","6Ery",1.23346126079559,-3.13972401618958,1.22185978635973
"W37348","15Mo",-2.99467611312866,7.60934543609619,5.20005707745634
"W37349","17Neu",0.706723272800446,1.00649344921112,0.645530425597815
"W37350","14Mo",-0.0516991391777992,6.36514282226562,1.48338896853885
"W37353","4Ery",4.04356718063354,-5.8831729888916,4.19435640052268
"W37354","9GMP",0.321818649768829,2.91912031173706,0.63683389513614
"W37355","7MEP",-0.128551840782166,-1.38054025173187,0.123073053626336
"W37356","7MEP",-0.0136578334495425,-1.24535095691681,0.123070739890965
"W37357","14Mo",-1.79108726978302,7.4803147315979,3.53892778170751
"W37358","13Baso",-0.102662868797779,6.72351360321045,1.55983313901332
"W37361","4Ery",3.74594211578369,-5.27763938903809,3.62437470300057
"W37362","13Baso",0.000819650129415095,3.49028825759888,0
"W37363","14Mo",-0.285510450601578,5.76620435714722,1.64163115300704
"W37364","3Ery",1.73294532299042,-6.52670383453369,4.23209783914283
"W37365","2Ery",2.34981822967529,-7.96426582336426,5.36270595999539
"W37366","3Ery",3.66151189804077,-5.16372585296631,3.63052252113874
"W37367","14Mo",-0.207862302660942,7.16154336929321,1.69174580876467
"W37369","6Ery",2.97212481498718,-4.5959267616272,2.5822866860888
"W37371","2Ery",1.70422697067261,-7.93589305877686,5.77108629902779
"W37372","10GMP",0.451127111911774,4.13479089736938,0.411732376710017
"W37373","13Baso",-0.105112358927727,5.44138431549072,1.24680202915746
"W37374","5Ery",1.77270603179932,-4.58165216445923,2.41961828017765
"W37375","7MEP",0.834309756755829,-1.16859149932861,0.567730553818305
"W37376","13Baso",0.126556143164635,7.15146064758301,1.4413382540476
"W37377","3Ery",4.08278751373291,-5.89547538757324,4.18600897079181
"W37378","2Ery",2.04653334617615,-7.54264640808105,5.36270827373076
"W37379","14Mo",-0.769181132316589,5.56493806838989,2.42533474421376
"W37380","3Ery",3.18081188201904,-7.40997695922852,6.74163397251813
"W37381","2Ery",2.01753902435303,-7.33940601348877,5.41536384152814
"W37382","10GMP",0.172695457935333,-1.42749333381653,0.203404341393591
"W37384","13Baso",-0.489794999361038,7.6019458770752,1.96624336330535
"W37385","14Mo",-0.289239823818207,7.55141258239746,1.79814687060844
"W37386","4Ery",2.7243344783783,-6.85318613052368,6.30729211551472
"W37387","5Ery",1.13522505760193,-6.40721702575684,4.71839631938431
"W37388","18Eos",0.0984692946076393,1.03190243244171,0.0231148693922918
"W37389","2Ery",0.93916517496109,-6.63028383255005,4.5392005606983
"W37390","14Mo",-3.20262837409973,6.25390720367432,5.14804583299971
"W37391","3Ery",3.91162776947021,-5.57425117492676,4.33744523502533
"W37392","13Baso",-0.316853791475296,4.16618871688843,0.288898689861907
"W37393","5Ery",1.90081834793091,-5.73924350738525,2.7543748290464
"W37394","12Baso",0.154760584235191,1.02785408496857,0
"W37395","5Ery",0.96914279460907,-4.34788608551025,0.491709892972793
"W37396","2Ery",1.88049280643463,-6.76457691192627,4.2321001528782
"W37397","7MEP",0.659321486949921,-0.903697848320007,0.0325047545633755
"W37398","5Ery",0.599226713180542,-2.04537105560303,0.328644987056377
"W37399","16Neu",-4.23384666442871,6.3216814994812,5.20005939119171
"W37401","15Mo",-2.94409251213074,7.6334490776062,5.20006170492708
"W37402","14Mo",-2.7882080078125,6.27313137054443,4.90401091271394
"W37403","5Ery",1.80091822147369,-6.03361082077026,2.75437714278177
"W37405","16Neu",-2.48882579803467,6.9187536239624,3.67616422206341
"W37406","2Ery",1.67097342014313,-7.49264240264893,5.74419485385276
"W37407","2Ery",2.49493908882141,-7.84656143188477,6.23624733155882
"W37409","6Ery",2.45991039276123,-4.31358242034912,2.92639112575243
"W37410","2Ery",2.50358891487122,-7.28436946868896,6.37218440044587
"W37411","5Ery",1.94145619869232,-6.45979928970337,4.23210246661357
"W37412","14Mo",-0.286936968564987,5.00702238082886,0.143452185491329
"W37413","2Ery",2.95161247253418,-7.51023530960083,6.24281975762192
"W37414","3Ery",2.95998859405518,-4.73158359527588,2.60088862936824
"W37415","5Ery",2.366619348526,-5.47466230392456,2.74566083557952
"W37417","16Neu",-3.95347166061401,7.47399234771729,5.20006401866245
"W37418","10GMP",-0.129554957151413,3.45675683021545,0.114402077298018
"W37419","14Mo",-1.14034640789032,5.54723834991455,2.73540155420374
"W37420","1Ery",2.85461378097534,-8.7499942779541,6.25178358097001
"W37421","2Ery",1.59412205219269,-7.84182739257812,5.8798737084666
"W37422","3Ery",4.01746368408203,-6.51773738861084,4.86589966822586
"W37424","15Mo",-3.92851710319519,7.0619421005249,5.20006633239782
"W37425","7MEP",-0.186039984226227,-0.362930178642273,0.0179343088569446
"W37426","4Ery",2.09420394897461,-6.28250789642334,4.23210478034894
"W37427","7MEP",-0.095892570912838,-0.79039454460144,0.133585299720593
"W37428","5Ery",1.30428528785706,-5.00271129608154,2.11837796822308
"W37429","2Ery",1.40744376182556,-6.81464862823486,4.33237914800607
"W37430","13Baso",0.297029703855515,4.30608558654785,0.284290663102918
"W37431","14Mo",-1.28720366954803,6.90865516662598,3.53893009544288
"W37432","15Mo",-0.739874362945557,6.89703702926636,1.96624567704072
"W37433","2Ery",2.74941849708557,-6.9323582649231,6.27577281470567
"W37434","14Mo",-0.946679174900055,4.53749322891235,1.28211960946587
"W37435","6Ery",1.71733617782593,-3.87344694137573,0.882066968807148
"W37436","12Baso",0.342023521661758,1.40109586715698,2.31373537085133e-06
"W37437","2Ery",2.70696878433228,-6.60134792327881,6.36623162729055
"W37442","6Ery",1.5429972410202,-3.32467460632324,0.4664292483265
"W37443","14Mo",-1.05134177207947,7.62578201293945,3.53893240917825
"W37446","6Ery",0.82056999206543,-2.35085773468018,0.628434374434289
"W37449","17Neu",0.466964036226273,0.789784550666809,0.491643545047255
"W37450","6Ery",2.37287950515747,-4.3398609161377,2.04728457464906
"W37451","6Ery",0.664660513401031,-0.934692919254303,0.0258944965047458
"W37452","9GMP",-0.489513218402863,1.30786859989166,0.0775752228903592
"W37453","3Ery",3.42975044250488,-5.2055778503418,3.6366883622748
"W37454","14Mo",-0.596686840057373,6.36937189102173,1.96624799077609
"W37455","6Ery",2.65724778175354,-4.0465259552002,2.86559683617088
"W37456","15Mo",-2.58187770843506,7.59276723861694,3.53893472291362
"W37457","15Mo",-2.39975523948669,7.83549213409424,3.53893703664899
"W37458","13Baso",-0.497895091772079,7.51028203964233,1.96625030451146
"W37459","3Ery",2.54793071746826,-6.78050184249878,6.43776916831284
"W37460","16Neu",-3.89528322219849,6.38213109970093,5.20006864613319
"W37461","7MEP",-0.216682747006416,-1.01325452327728,0.123068426155594
"W37462","3Ery",4.13205289840698,-5.83098793029785,4.19673375381423
"W37463","13Baso",-1.09523344039917,7.58710765838623,3.53893935038436
"W37465","3Ery",4.12135362625122,-5.6900110244751,4.25228456858388
"W37466","14Mo",-2.07357001304626,6.40314388275146,3.65036104934074
"W37467","14Mo",-0.0550916418433189,6.77462387084961,1.52156884421635
"W37468","8Mk",-1.45472276210785,0.352506458759308,0.0117426186898115
"W37469","16Neu",-3.49722766876221,6.2088451385498,5.20007095986857
"W37470","14Mo",-2.5948760509491,6.57829618453979,4.85255309543167
"W37471","17Neu",0.597419798374176,0.937799155712128,0.600713387646534
"W37473","3Ery",4.13967800140381,-6.30671405792236,4.42847784087698
"W37474","5Ery",1.76871800422668,-6.02687788009644,2.75437945651714
"W37475","10GMP",-0.436831921339035,2.66197943687439,0.0553983161254603
"W37476","16Neu",-3.99225783348083,6.14972877502441,5.20007327360394
"W37477","2Ery",1.58051729202271,-6.64468812942505,4.25452698364827
"W37478","14Mo",-1.51780426502228,5.03308963775635,3.3876827017839
"W37479","6Ery",1.25606989860535,-3.21268391609192,0.525691406110735
"W37480","14Mo",-0.512155055999756,7.32194995880127,1.96625261824684
"W37481","13Baso",-0.0514494143426418,7.5194525718689,1.58223583552002
"W37482","5Ery",1.59848415851593,-4.88552188873291,1.949442124132
"W37483","10GMP",-0.971494376659393,0.575285255908966,0.0117449324251823
"W37484","7MEP",0.696809113025665,-0.908129394054413,0.0217800722067039
"W37485","2Ery",0.927508473396301,-6.99936294555664,4.25476249236191
"W37486","2Ery",1.59207773208618,-7.37595081329346,5.81505195143411
"W37487","2Ery",2.34595966339111,-7.64316082000732,5.52317698189729
"W37488","14Mo",-0.716719806194305,7.07350730895996,1.96625493198221
"W37489","7MEP",0.801603138446808,-2.29819440841675,0.598249740639568
"W37490","8Mk",-1.70336711406708,-0.0408332645893097,0.0179366225923154
"W37491","14Mo",-0.925769925117493,5.57975244522095,2.54329367136024
"W37492","2Ery",1.05729722976685,-7.03310823440552,4.26464604690667
"W37493","2Ery",2.43551802635193,-7.10366582870483,6.45130318070229
"W37494","14Mo",-1.78402972221375,6.27771425247192,3.53894166411973
"W37496","13Baso",-8.32903606351465e-06,6.53251600265503,1.44134056778297
"W37497","7MEP",-1.20520114898682,0.361425399780273,0.208402527094988
"W37498","4Ery",4.06437683105469,-6.10408210754395,4.29715384706519
"W37499","13Baso",-0.109756335616112,5.42461347579956,1.26973156953841
"W37500","13Baso",-0.503141224384308,5.46814727783203,2.43371217277488
"W37501","5Ery",1.09238517284393,-5.037841796875,2.3132738532355
"W37502","2Ery",2.02005338668823,-7.55923891067505,5.36589160834856
"W37503","18Eos",-2.98829078674316,2.71223735809326,4.38924225946681
"W37504","15Mo",-3.34574866294861,7.28084325790405,5.20007558733931
"W37505","5Ery",2.64817261695862,-5.02585458755493,2.67266194624441
"W37506","7MEP",0.742038071155548,-1.45478892326355,0.242500582142082
"W37507","2Ery",2.11865186691284,-8.35078430175781,5.37034369275529
"W37508","13Baso",-0.349629163742065,5.87370252609253,1.70832481080065
"W37509","14Mo",-1.01680624485016,5.48191547393799,2.61822950776034
"W37510","6Ery",0.651812136173248,-2.22025084495544,0.528368934267258
"W37511","5Ery",2.50949501991272,-4.64894676208496,2.82964387263954
"W37512","4Ery",2.46832847595215,-6.16798162460327,4.23210709408431
"W37514","13Baso",0.141490057110786,5.89827346801758,1.41616430772296
"W37515","7MEP",0.468964487314224,-2.41889786720276,0.589525098501959
"W37516","5Ery",0.634036958217621,-2.94200444221497,1.05011566172243
"W37517","5Ery",1.10804963111877,-6.84599876403809,4.33250970604091
"W37518","10GMP",-0.346206426620483,2.93126559257507,0.0331700202157645
"W37519","16Neu",-3.7065589427948,6.69517469406128,5.20007790107468
"W37520","2Ery",2.52235960960388,-6.3527979850769,5.99599546859542
"W37521","14Mo",-2.19704389572144,6.86626577377319,3.5389439778551
"W37522","3Ery",3.50349497795105,-6.48479032516479,5.46842906294364
"W37523","2Ery",2.06552410125732,-6.5138144493103,4.23210940781968
"W37524","10GMP",-0.258786737918854,3.12740850448608,0.0387784343680529
"W37525","16Neu",-4.1450047492981,7.03422069549561,5.20008021481005
"W37526","8Mk",-0.693552851676941,0.106166042387486,0.0179389363276863
"W37527","6Ery",1.28721141815186,-3.4199903011322,0.292867333911067
"W37528","15Mo",-0.976231098175049,7.01184558868408,1.96625724571758
"W37529","5Ery",2.61321902275085,-5.59540557861328,2.61825665186604
"W37530","10GMP",-0.205453500151634,3.44308352470398,0.173969606600267
"W37531","7MEP",0.411823093891144,-1.15135872364044,0.056945062176283
"W37532","14Mo",-0.27562227845192,5.93024682998657,1.64684529257038
"W37534","2Ery",2.64071154594421,-6.54438543319702,6.4208322388641
"W37535","15Mo",-3.28387832641602,6.78869438171387,5.20008252854542
"W37537","3Ery",3.97328448295593,-5.77674150466919,4.24853318488059
"W37538","6Ery",1.72042453289032,-4.05138778686523,1.54939482848106
"W37539","1Ery",3.56510949134827,-8.24862766265869,6.25178589470538
"W37540","2Ery",4.12331771850586,-6.3456072807312,4.44741900103616
"W37541","3Ery",4.14521217346191,-6.57839393615723,4.74406732401952
"W37542","4Ery",3.86987376213074,-6.00969552993774,4.20354046999081
"W37545","6Ery",2.69729423522949,-4.10366725921631,2.83072523182323
"W37546","13Baso",0.0400786474347115,6.97289752960205,1.44134288151834
"W37548","3Ery",2.61749982833862,-6.53625583648682,6.43772946223892
"W37549","5Ery",1.92366051673889,-5.72657871246338,2.75438177025251
"W37551","14Mo",-2.55542325973511,5.96629762649536,4.99204390062086
"W37552","13Baso",-0.797529935836792,7.40468978881836,1.96625955945295
"W37553","13Baso",0.0428512208163738,7.48693656921387,1.49489125814313
"W37554","3Ery",3.66879391670227,-5.74466228485107,4.32060996829657
"W37555","4Ery",1.36904549598694,-5.63436031341553,2.73288331136879
"W37557","7MEP",-0.128649488091469,-1.39318835735321,0.123066112420223
"W37558","10GMP",-0.323830664157867,1.84615528583527,0.248401955028332
"W37559","11DC",-17.8947563171387,-5.62026739120483,Inf
"W37561","3Ery",3.58661437034607,-5.74280643463135,4.33748774797629
"W37562","13Baso",-2.45844173431396,5.57822847366333,5.12934269963905
"W37563","2Ery",1.68004059791565,-6.82812738418579,4.23211172155505
"W37564","13Baso",-0.139847308397293,5.55260419845581,1.13454792819512
"W37565","2Ery",2.62867021560669,-6.72123765945435,6.39548452147231
"W37566","4Ery",3.66804718971252,-5.42552137374878,3.62241804859445
"W37567","10GMP",-0.0300583373755217,2.35000252723694,0.396777318942862
"W37568","16Neu",-3.73623037338257,7.61306667327881,5.20008484228079
"W37569","14Mo",-2.37971806526184,7.65767765045166,3.53894629159047
"W37570","16Neu",-3.74671983718872,7.28981447219849,5.20008715601616
"W37572","10GMP",-0.594610810279846,1.04274213314056,0.0117472461605532
"W37573","2Ery",1.49381244182587,-6.70428371429443,4.2989278437586
"W37574","2Ery",2.16895365715027,-7.66964673995972,5.36271058746613
"W37575","6Ery",1.5473530292511,-3.45058155059814,0.321442410199613
"W37577","3Ery",4.12260150909424,-5.97000026702881,4.23222946392623
"W37578","14Mo",-0.678126811981201,6.44196033477783,1.96626187318832
"W37579","14Mo",-2.04150366783142,5.34920883178711,4.50864739342857
"W37580","15Mo",-3.11414790153503,6.05755043029785,5.05576816124934
"W37581","10GMP",-0.795520126819611,3.9176766872406,0.435155986069022
"W37582","13Baso",-0.160846039652824,5.89837646484375,1.54118534564117
"W37583","3Ery",3.27589869499207,-4.97655487060547,2.79788257318446
"W37584","7MEP",0.261620670557022,-0.842174232006073,0.170516916882712
"W37585","13Baso",-0.420498222112656,7.47519588470459,1.90927986955896
"W37586","2Ery",2.54120063781738,-8.53495788574219,6.25178820844075
"W37587","14Mo",-0.374546557664871,5.0623197555542,1.75631044916849
"W37588","14Mo",-0.547233521938324,6.01234817504883,1.89736287277499
"W37589","15Mo",-0.985553681850433,6.01846981048584,2.83592868179336
"W37591","4Ery",2.65804004669189,-6.12239980697632,6.22888540609714
"W37593","15Mo",-3.04712796211243,7.10534906387329,5.20008946975153
"W37594","14Mo",0.0469426698982716,6.07320165634155,1.44134519525371
"W37595","10GMP",-0.214875504374504,1.86871492862701,0.126188233378296
"W37596","13Baso",-0.780027329921722,4.22949981689453,1.16140641841732
"W37597","16Neu",-3.72723484039307,6.51871776580811,5.2000917834869
"W37599","8Mk",-1.66674983501434,-0.142663940787315,0.0179412500630571
"W37601","13Baso",-0.104186236858368,6.79899024963379,1.56767880538542
"W37602","5Ery",1.31775617599487,-5.27131462097168,2.4229329824137
"W37603","6Ery",0.951270341873169,-4.06861019134521,0.485194333185775
"W37604","14Mo",-0.188582241535187,5.18140745162964,1.60921130146165
"W37605","2Ery",1.72824215888977,-6.59159898757935,4.23211403529042
"W37606","6Ery",2.13482761383057,-3.97385096549988,1.50477406155196
"W37607","3Ery",3.25119161605835,-5.0348162651062,2.79844668949977
"W37608","14Mo",-1.56390082836151,5.20294713973999,3.47327619653345
"W37609","7MEP",-0.209512144327164,-1.51942777633667,0.123063798684852
"W37610","7MEP",-0.137223809957504,-0.778305411338806,0.136459553330362
"W37611","14Mo",-0.256025463342667,5.44190216064453,1.33784304198171
"W37612","5Ery",0.647108614444733,-4.69539642333984,0.491712206708164
"W37613","13Baso",-0.176884323358536,5.80118179321289,1.34924681521248
"W37614","2Ery",1.78843188285828,-7.2525806427002,5.57910365020861
"W37615","16Neu",-4.19618368148804,6.5706992149353,5.20009409722227
"W37617","12Baso",0.315632402896881,-1.6666442155838,0.00856204830874752
"W37618","14Mo",-2.18109273910522,6.79382228851318,3.53894860532584
"W37619","8Mk",-1.58431029319763,-0.188139945268631,0.017943563798428
"W37620","4Ery",2.21996450424194,-6.87017631530762,5.99599778233079
"W37621","3Ery",2.56223154067993,-6.0604944229126,6.22888771983251
"W37622","2Ery",2.5357768535614,-6.53748798370361,6.49159515753456
"W37624","14Mo",-0.45402729511261,6.79397296905518,1.8808745928842
"W37625","7MEP",-0.126633539795876,-0.280797630548477,0.0179458775337988
"W37627","7MEP",-1.57430744171143,-0.172616899013519,0.0179481912691697
"W37628","10GMP",-0.572382748126984,0.235246956348419,0.208404840830358
"W37629","13Baso",0.00433192076161504,6.13537549972534,1.44134750898908
"W37630","2Ery",2.43615579605103,-7.89539957046509,5.40927431042011
"W37631","2Ery",2.91059875488281,-7.7708683013916,6.25164215506724
"W37633","3Ery",3.72690892219543,-5.46071004867554,4.41684669571251
"W37634","3Ery",3.95500659942627,-5.39567279815674,4.39662960585563
"W37635","6Ery",2.36823892593384,-4.02997016906738,2.10638556480134
"W37642","7MEP",0.496723204851151,-0.390587717294693,0.558775331431965
"W37644","8Mk",-0.873764276504517,0.631273567676544,0.011749559895924
"W37650","2Ery",1.00515258312225,-1.72649192810059,0.0937378292706488
"W37651","1Ery",3.52730536460876,-8.16306686401367,6.25179052217612
"W37653","9GMP",-0.666987299919128,2.52885341644287,0.470839995524144
"W37654","13Baso",-0.554575502872467,7.56949663162231,1.96626418692369
"W37657","15Mo",-1.46113109588623,5.95947647094727,3.57456874301217
"W37658","6Ery",1.8227254152298,-3.74178075790405,0.882069282542519
"W37660","13Baso",-1.15683996677399,7.37785005569458,3.53895091906121
"W37661","3Ery",3.39047360420227,-5.95474863052368,4.29571020419747
"W37663","16Neu",-3.37285041809082,7.15702390670776,5.20009641095764
"W37664","14Mo",-0.495722979307175,6.81225204467773,1.91982786028153
"W37665","5Ery",2.09556531906128,-5.94268417358398,2.75438408398788
"W37666","7MEP",0.206363275647163,-1.51564967632294,0.110747633233357
"W37667","13Baso",-0.223824918270111,6.43810987472534,1.64398855453789
"W37668","4Ery",2.45966958999634,-4.93914890289307,2.79989157828873
"W37669","13Baso",-0.483537375926971,6.73583698272705,1.90234295065623
"W37670","2Ery",3.18006563186646,-6.53312015533447,6.22889003356788
"W37673","15Mo",-3.20797395706177,7.00395345687866,5.20009872469301
"W37674","7MEP",0.515707015991211,0.0906399786472321,0.0504228293169732
"W37675","3Ery",3.29587054252625,-5.96328115463257,4.31109189340322
"W37676","10GMP",-0.425535976886749,2.84313225746155,0.031795306070583
"W37680","13Baso",-0.423184663057327,6.91261291503906,1.86340626278231
"W37682","3Ery",3.18856287002563,-6.47477531433105,5.84305656641388
"W37683","1Ery",3.7018837928772,-8.04820823669434,6.68819569257438
"W37684","13Baso",-0.704877555370331,3.58381152153015,0.244927809986966
"W37685","13Baso",0.0784401968121529,4.67476463317871,0.00870441786291847
"W37686","7MEP",-0.194096833467484,-1.46791779994965,0.123061484949481
"W37687","16Neu",-2.34245419502258,6.46328067779541,3.89927521826588
"W37689","14Mo",-1.01960968971252,7.52997350692749,1.96626650065906
"W37691","3Ery",4.08355808258057,-7.08284282684326,6.09189090182771
"W37692","2Ery",3.59434962272644,-7.0985746383667,6.11256815461179
"W37693","1Ery",3.66029906272888,-8.05745315551758,6.74263362654943
"W37694","13Baso",-0.86349231004715,7.39909315109253,1.96626881439443
"W37696","15Mo",-3.40488195419312,7.36169338226318,5.20010103842838
"W37698","8Mk",-1.48534095287323,0.332355856895447,0.0117518736312949
"W37699","2Ery",3.72797966003418,-7.27033567428589,6.09189321556308
"W37700","14Mo",-0.792897045612335,7.06423234939575,1.9662711281298
"W37701","14Mo",-1.13288414478302,6.65709209442139,3.53895323279659
"W37702","14Mo",-1.62387657165527,5.42161655426025,2.95889457028444
"W37704","9GMP",-0.743310213088989,3.14217782020569,0.0387807481034237
"W37706","14Mo",-0.811214625835419,7.5517315864563,1.96627344186517
"W37707","14Mo",-2.75556445121765,6.81174039840698,4.99239991301415
"W37708","2Ery",2.56984162330627,-7.27476501464844,6.33013375844418
"W37709","7MEP",0.74538266658783,-0.920857965946198,0.0067224636879738
"W37710","2Ery",3.70832777023315,-7.30279350280762,6.09189552929845
"W37711","16Neu",-3.62401795387268,6.64648246765137,5.20010335216375
"W37712","10GMP",0.0128603661432862,3.61802172660828,0.541130761386376
"W37713","6Ery",0.585405945777893,-2.39774441719055,0.603100677139375
"W37714","2Ery",3.43137192726135,-7.45232772827148,6.49540859005022
"W37715","15Mo",-1.39827704429626,6.54144144058228,3.53895554653196
"W37716","14Mo",-1.11741900444031,4.21471548080444,1.42766758543115
"W37717","15Mo",-3.31440472602844,7.27897119522095,5.20010566589912
"W37718","3Ery",1.54824709892273,-5.53449106216431,2.73770485179893
"W37719","12Baso",0.214397832751274,1.24165463447571,0.0109415992759469
"W37720","2Ery",3.14402341842651,-6.74512481689453,6.22889234730325
"W37721","13Baso",0.200381815433502,4.24593067169189,0.313495274032536
"W37722","13Baso",0.177325576543808,5.68964767456055,1.22200234414041
"W37723","7MEP",0.140625104308128,-0.842915713787079,0.136654367469211
"W37724","6Ery",1.48606514930725,-4.05245923995972,0.88207159627789
"W37725","5Ery",2.13337206840515,-5.38213586807251,2.90013095513693
"W37726","2Ery",3.258056640625,-8.34331893920898,6.25179283591149
"W37728","14Mo",-1.92632830142975,6.08442068099976,3.75649691124099
"W37729","12Baso",0.544585645198822,-0.596597909927368,0.534933934143028
"W37730","2Ery",3.44023561477661,-7.34491014480591,6.3959014353274
"W37731","16Neu",-3.54433345794678,7.16089534759521,5.20010797963449
"W37737","4Ery",3.42268013954163,-5.45174694061279,3.62949830061089
"W37738","6Ery",1.07170152664185,-3.08798003196716,1.17602246285214
"W37739","13Baso",-0.657195925712585,3.67364120483398,0.152874817509354
"W37745","4Ery",2.06796669960022,-5.50858402252197,2.75438639772326
"W37746","2Ery",3.23078608512878,-6.74766302108765,6.22889466103863
"W37747","4Ery",3.29171895980835,-6.64241361618042,5.80784697285376
"W37748","15Mo",-2.87342405319214,6.14754390716553,4.92981646571532
"W37753","1Ery",3.67898845672607,-8.10402679443359,6.76046425661888
"W37754","15Mo",-3.22129583358765,7.57620906829834,5.20011029336986
"W37756","13Baso",-0.0930080637335777,5.02603769302368,0.115793426105357
"W37758","15Mo",-3.72986173629761,6.38360357284546,5.20011260710523
"W37759","3Ery",2.55128502845764,-8.09946060180664,6.24908508403474
"W37761","6Ery",1.92949867248535,-4.16637372970581,1.49328335300416
"W37762","12Baso",0.213952630758286,0.397826641798019,0.163925318760222
"W37763","12Baso",0.322650700807571,0.724524080753326,0.453890148450112
"W37764","13Baso",-0.985233783721924,2.09183287620544,0.064870583847992
"W37765","5Ery",1.1886397600174,-5.45626926422119,2.93826168260519
"W37766","16Neu",-3.37542653083801,6.2700891494751,5.2001149208406
"W37769","6Ery",3.33891749382019,-5.02261638641357,2.83660478250939
"W37770","13Baso",-0.637990355491638,7.05663299560547,1.96627575560054
"W37771","2Ery",3.97389435768127,-7.23472833633423,6.09189784303382
"W37772","14Mo",-0.912027776241302,7.46009826660156,1.96627806933592
"W37776","3Ery",1.62000346183777,-2.98083567619324,0.535852811961916
"W37777","14Mo",-0.866303741931915,6.35921812057495,1.96628038307129
"W37778","8Mk",-1.01693546772003,-0.279514193534851,0.0179505050045405
"W37779","2Ery",2.39997148513794,-8.49301910400391,6.25179514964686
"W37780","9GMP",0.362261265516281,2.98905396461487,0.636836208871511
"W37781","4Ery",2.31175231933594,-5.25228691101074,2.82259863509358
"W37782","3Ery",2.89396691322327,-4.79882669448853,2.58414552280589
"W37786","3Ery",2.87331986427307,-5.99565553665161,6.228896974774
"W37788","14Mo",-0.800380945205688,6.55860805511475,1.96628269680666
"W37790","2Ery",2.43540096282959,-7.36098051071167,6.40289756885807
"W37793","10GMP",-0.26883938908577,3.75082755088806,0.470699518891626
"W37794","16Neu",-4.07157278060913,7.04257678985596,5.20011723457597
"W37795","6Ery",1.37022435665131,-3.75246000289917,0.0993539434528936
"W37796","14Mo",-1.07180166244507,7.03417873382568,1.96628501054203
"W37797","16Neu",-3.47699213027954,6.63962125778198,5.20011954831134
"W37798","5Ery",2.59257674217224,-5.43471336364746,2.62226269123861
"W37799","10GMP",-0.646243929862976,2.369553565979,0.377567550007211
"W37800","16Neu",-1.27583074569702,6.63804292678833,3.53895786026733
"W37801","12Baso",-0.351878464221954,0.518982291221619,0.208407154565729
"W37802","11DC",-17.8960590362549,-5.60653877258301,Inf
"W37803","15Mo",-3.02190208435059,6.62477779388428,5.11425377117726
"W37804","2Ery",2.77829813957214,-7.00421667098999,6.24310985514813
"W37805","13Baso",-0.297442436218262,7.02784204483032,1.76056689660514
"W37806","7MEP",0.487034201622009,-0.432077944278717,0.558777645167336
"W37807","13Baso",-0.643464803695679,5.38023519515991,2.42533705794913
"W37809","13Baso",-0.383285760879517,6.26749753952026,1.77228271163716
"W37811","2Ery",3.06484866142273,-7.14315366744995,6.23286794649509
"W37812","6Ery",2.31980538368225,-4.56593418121338,2.04330229130912
"W37813","14Mo",-1.19577825069427,6.72556400299072,3.5389601740027
"W37817","5Ery",1.2500125169754,-5.65132904052734,2.72726556862364
"W37818","16Neu",-4.25293636322021,6.88578271865845,5.20012186204671
"W37819","5Ery",2.02920961380005,-5.44619035720825,2.75438871145863
"W37820","6Ery",1.56116247177124,-4.03120088577271,1.57743726177723
"W37821","18Eos",-3.02731871604919,2.67147898674011,4.38924457320218
"W37822","14Mo",-0.421585768461227,7.02194118499756,1.87135531868872
"W37825","14Mo",-1.68265891075134,7.45473766326904,3.53896248773807
"W37826","13Baso",0.0451472923159599,7.3914475440979,1.48463672011878
"W37828","15Mo",-3.41057825088501,7.4909839630127,5.20012417578208
"W37830","2Ery",1.19214272499084,-1.93990314006805,0.298465056968918
"W37833","2Ery",3.96561145782471,-7.02059698104858,6.09190015676919
"W37835","13Baso",0.259160786867142,4.53460741043091,0.107455631668048
"W37838","3Ery",1.13286638259888,-1.92231345176697,0.27704887176627
"W37841","2Ery",3.61143374443054,-7.27630043029785,6.14635313460329
"W37842","15Mo",-1.61127424240112,6.47527647018433,3.53896480147344
"W37843","12Baso",0.128298610448837,1.08059275150299,0.0188900550090794
"W37844","7MEP",-1.09505748748779,0.421938717365265,0.0117541873666657
"W37847","3Ery",0.961605072021484,-1.69510889053345,0.0619613792635246
"W37848","4Ery",1.02926063537598,-1.91942167282104,0.263802309230957
"W37849","15Mo",-3.14658951759338,6.9601674079895,5.20012648951746
"W37850","14Mo",-0.945358097553253,7.20391035079956,1.9662873242774
"W37851","4Ery",3.76358413696289,-5.52084398269653,4.38683115838533
"W37852","4Ery",3.55490040779114,-6.36356830596924,5.34188421073785
"W37853","13Baso",0.026748288422823,4.80550384521484,0.0355857576532147
"W37854","9GMP",-0.250333517789841,-0.0378321446478367,0.123074615045975
"W37857","12Baso",0.334533989429474,0.369584202766418,0.24551770656185
"W37858","2Ery",3.37920093536377,-6.9410343170166,6.17846523963747
"W37859","4Ery",2.23105621337891,-5.02042388916016,2.91650007750234
"W37860","9GMP",-0.888611614704132,0.224177733063698,0.2084094683011
"W37861","16Neu",-3.55737566947937,6.95936250686646,5.20012880325283
"W37863","16Neu",-3.68907785415649,6.5043625831604,5.2001311169882
"W37864","2Ery",1.7376708984375,-7.21748542785645,5.63045225577814
"W37865","2Ery",3.41956257820129,-6.86325073242188,6.18933348565953
"W37866","16Neu",-3.65941405296326,7.00452470779419,5.20013343072357
"W37867","7MEP",0.191472366452217,-1.79414474964142,0.0681986470756532
"W37868","14Mo",-1.95909428596497,5.87945556640625,3.9669201996691
"W37870","14Mo",-1.04075813293457,2.15427088737488,0.0469079754654419
"W37872","14Mo",-0.71483039855957,3.73416829109192,0.112721166491745
"W37873","5Ery",2.11930203437805,-5.58996295928955,2.754391025194
"W37874","5Ery",1.56934154033661,-5.71234512329102,2.74753242917484
"W37875","3Ery",3.16207385063171,-6.05363845825195,5.65081939433295
"W37876","3Ery",3.2084527015686,-5.98528003692627,4.31995202977323
"W37878","2Ery",2.49901533126831,-7.93127679824829,6.23988614363849
"W37879","18Eos",-2.99032354354858,2.73052096366882,4.38924688693755
"W37880","14Mo",-0.791842043399811,6.78840494155884,1.96628963801277
"W37881","3Ery",3.16759872436523,-6.66839838027954,6.22889928850937
"W37882","14Mo",-1.03970181941986,6.74353218078613,1.96629195174814
"W37883","14Mo",-2.61479830741882,5.94935703277588,4.95484696869166
"W37885","12Baso",0.427314579486847,-0.084646001458168,0.0504205155816023
"W37886","14Mo",-1.76236522197723,6.16281700134277,3.53896711520881
"W37887","4Ery",3.12601327896118,-5.79970932006836,3.62852414251314
"W37888","3Ery",4.39403295516968,-6.16232872009277,4.39756583918139
"W37889","14Mo",-0.795150756835938,6.18391132354736,1.96629426548351
"W37890","7MEP",0.22862596809864,-1.34989976882935,0.0724804504584933
"W37891","5Ery",0.930756449699402,-1.56756377220154,0.141643235065749
"W37892","12Baso",0.0987847521901131,1.31758308410645,0.0820489112741919
"W37893","2Ery",3.10557794570923,-6.68178367614746,6.22890160224474
"W37894","15Mo",-1.49945056438446,6.70244455337524,3.53896942894418
"W37895","14Mo",-3.02887153625488,5.94846773147583,4.98290521514125
"W37896","3Ery",3.10551071166992,-6.48470830917358,6.22890391598011
"W37898","14Mo",-1.24656641483307,6.35018062591553,3.54801539668988
"W37899","2Ery",3.14064741134644,-7.66624069213867,6.25179746338223
"W37900","3Ery",3.3222222328186,-5.95591640472412,4.30869804686329
"W37901","2Ery",3.26924729347229,-8.29823207855225,6.2517997771176
"W37902","16Neu",-3.63325333595276,6.66858673095703,5.20013574445894
"W37903","7MEP",0.384958267211914,-1.69661033153534,0.00352609174599716
"W37904","2Ery",3.21061778068542,-7.19554090499878,6.52938446934115
"W37906","10GMP",-0.196746453642845,2.89784073829651,0.0212858238265516
"W37907","7MEP",0.394366860389709,-0.334332376718521,0.643187010767808
"W37908","5Ery",0.470859467983246,-5.42815923690796,2.90497924523316
"W37909","5Ery",0.69637668132782,-2.0242440700531,0.320358696021519
"W37910","13Baso",-0.662256002426147,3.39141225814819,0.0374819141823013
"W37913","6Ery",0.202422216534615,-1.72359049320221,0.00805140858152398
"W37914","7MEP",-0.109083749353886,-1.26618123054504,0.12305917121411
"W37915","3Ery",3.04824185371399,-5.77157831192017,3.63186579743354
"W37916","10GMP",0.169838979840279,-0.354122370481491,0.567608812360635
"W37917","5Ery",1.08756983280182,-5.7247142791748,2.72492545216872
"W37918","5Ery",1.13832938671112,-5.59935569763184,2.77996349185899
"W37919","1Ery",2.20434308052063,-8.5841817855835,5.3627129012015
"W37921","13Baso",-0.144730567932129,6.49847030639648,1.57824753591861
"W37922","15Mo",-2.5120530128479,6.71839714050293,4.88299635978793
"W37923","3Ery",1.85251152515411,-5.14911127090454,2.00125704715662
"W37924","6Ery",1.20304036140442,-2.71096038818359,1.08116752637938
"W37929","14Mo",-1.96031033992767,7.44482421875,3.53897174267955
"W37930","11DC",-17.8035202026367,-5.52785015106201,Inf
"W37935","3Ery",3.78461909294128,-5.08761215209961,3.6288677010191
"W37937","3Ery",3.52504825592041,-5.02290964126587,3.63913995575123
"W37938","3Ery",4.09199571609497,-6.88628911972046,4.9721826507676
"W37939","16Neu",-3.44150710105896,6.73626470565796,5.20013805819431
"W37940","3Ery",2.23579430580139,-4.59257888793945,2.09673067054968
"W37941","9GMP",-0.417458325624466,3.40332078933716,0.190815757415967
"W37942","14Mo",-1.54822468757629,6.29267072677612,3.53897405641492
"W37943","12Baso",0.508869290351868,0.311121821403503,0.335859857306826
"W37945","9GMP",-0.350530445575714,1.21503829956055,0
"W37946","14Mo",-0.688899874687195,7.21842384338379,1.96629657921888
"W37948","14Mo",-1.20917761325836,6.7209906578064,3.53897637015029
"W37951","8Mk",-0.406867891550064,-0.125661551952362,0.0179528187399114
"W37952","5Ery",1.38117814064026,-2.25675964355469,0.697639676961378
"W37953","15Mo",-3.4452543258667,6.77220392227173,5.20014037192968
"W37954","15Mo",-1.93969488143921,6.59892559051514,3.53897868388567
"W37955","3Ery",3.98271012306213,-7.25169277191162,6.09190247050456
"W37956","16Neu",-3.40280556678772,6.84275388717651,5.20014268566505
"W37957","15Mo",-2.41795587539673,6.20710706710815,5.04103881169188
"W37959","4Ery",2.73859143257141,-6.00114440917969,6.22890622971548
"W37960","3Ery",3.43637657165527,-7.03228521347046,6.15026602761101
"W37961","8Mk",-1.64458775520325,0.0564728453755379,0.0179551324752822
"W37962","15Mo",-3.06779360771179,6.98603773117065,5.20014499940042
"W37963","14Mo",-2.76580715179443,5.6765513420105,4.90254038463709
"W37964","5Ery",2.41925525665283,-5.8086462020874,2.75439333892937
"W37965","3Ery",2.51664185523987,-4.52075004577637,2.85143212531576
"W37967","4Ery",1.10333895683289,-1.92300295829773,0.274587054277632
"W37969","2Ery",2.6715292930603,-7.13997268676758,6.28821818661324
"W37970","8Mk",-0.337667346000671,0.941814661026001,0.0517981019564944
"W37971","7MEP",0.124710656702518,-1.57046890258789,0.0406771101284452
"W37972","10GMP",0.3971346616745,3.95138812065125,0.0299563058037024
"W37974","15Mo",-3.01915073394775,7.06129026412964,5.20014731313579
"W37975","14Mo",-0.977805376052856,7.33610105514526,1.96629889295425
"W37977","13Baso",-1.14149403572083,4.648521900177,1.4717870676179
"W37978","3Ery",3.86786580085754,-7.06384754180908,6.09190478423993
"W37979","7MEP",-0.355449855327606,-0.653640508651733,0.0179574462106531
"W37980","2Ery",2.97400212287903,-7.96648931503296,6.25180209085297
"W37982","13Baso",-0.948075294494629,7.20823383331299,1.96630120668962
"W37983","2Ery",0.937022030353546,-1.44832372665405,0.273242825430762
"W37984","10GMP",0.290584743022919,3.00250816345215,0.636838522606881
"W37985","2Ery",3.35227704048157,-8.16743564605713,6.25180440458834
"W37986","2Ery",3.26161623001099,-6.83357286453247,6.21910667327095
"W37988","2Ery",3.26373291015625,-6.94547891616821,6.19456744681475
"W37989","12Baso",0.418964475393295,1.03165245056152,0.700985296478877
"W37990","14Mo",-1.02604627609253,6.92396211624146,1.96630352042499
"W37991","1Ery",3.64748740196228,-8.18363189697266,6.86222150539322
"W37992","14Mo",-1.31126761436462,5.45548582077026,2.88329123609818
"W37993","14Mo",-2.40062999725342,5.01403093338013,5.24585910253816
"W37994","2Ery",3.82290458679199,-7.90909290313721,6.43624964475542
"W37995","14Mo",-2.37810587882996,7.04741907119751,3.53898099762104
"W37996","16Neu",-3.43974995613098,6.76502323150635,5.20014962687116
"W37997","14Mo",-0.619120299816132,6.38730430603027,1.96630583416037
"W38000","8Mk",-0.516538619995117,-0.296737313270569,0.0179597599460239
"W38001","16Neu",-1.35393393039703,5.73146533966064,3.61264017767438
"W38002","16Neu",-4.07146501541138,6.17858457565308,5.20015194060653
"W38003","2Ery",3.11890864372253,-8.06008815765381,6.25180671832371
"W38004","8Mk",-1.63195180892944,-0.136986628174782,0.0179620736813948
"W38005","5Ery",2.26380491256714,-5.64368438720703,2.75439565266474
"W38006","6Ery",1.60929906368256,-4.65968227386475,1.69679555297562
"W38008","15Mo",-2.00867795944214,5.89537906646729,4.00872520382509
"W38009","13Baso",-0.839062631130219,4.41588258743286,1.17437300651687
"W38010","5Ery",2.11464357376099,-5.32534980773926,2.04856165844604
"W38011","14Mo",-1.43379044532776,7.16456270217896,3.53898331135641
"W38012","5Ery",1.42741537094116,-5.61434555053711,2.73506371376363
"W38013","6Ery",0.983589231967926,-3.87693667411804,0.273964264774466
"W38014","16Neu",-4.06662607192993,6.58781242370605,5.2001542543419
"W38017","3Ery",4.13985347747803,-6.06741762161255,4.29151219434917
"W38018","15Mo",-2.38277554512024,7.57389545440674,3.53898562509178
"W38019","7MEP",0.700650751590729,-2.10290265083313,0.389122623025037
"W38020","7MEP",0.268539607524872,-1.52594172954559,0.106988752603016
"W38021","10GMP",0.104255214333534,3.7330310344696,0.377390587982814
"W38022","14Mo",-0.32518470287323,7.15090847015381,1.79599994910444
"W38023","3Ery",4.2249641418457,-6.15902519226074,4.36128070742721
"W38025","4Ery",3.78228616714478,-5.11223363876343,3.628196738876
"W38026","13Baso",-0.38652703166008,7.52169990539551,1.88281172941496
"W38027","15Mo",-1.40534341335297,7.44541263580322,3.53898793882715
"W38028","11DC",-17.8257713317871,-5.55284690856934,Inf
"W38030","17Neu",0.589663207530975,0.843079924583435,0.521895266863232
"W38031","4Ery",2.63748669624329,-5.18334913253784,2.64700177824692
"W38032","6Ery",2.54594969749451,-4.59520435333252,2.81930026030975
"W38033","3Ery",4.34890460968018,-6.24863767623901,4.43779338713605
"W38034","3Ery",4.03512763977051,-5.92196321487427,4.18692852327532
"W38035","7MEP",0.598976492881775,-0.772756814956665,0.343702558538556
"W38036","8Mk",-1.11106562614441,0.658838152885437,0.0117565011020366
"W38037","6Ery",1.35646986961365,-3.60240721702576,0.0982985954866373
"W38038","11DC",-0.0852992907166481,0.183138445019722,0.155117601447932
"W38039","16Neu",-3.6875147819519,7.36840724945068,5.20015656807727
"W38040","3Ery",3.71132874488831,-5.48776388168335,4.40965523174017
"W38041","14Mo",-0.383019834756851,7.25457763671875,1.85673927916405
"W38042","4Ery",3.45736193656921,-5.38770294189453,3.63031706661515
"W38043","4Ery",3.40676331520081,-5.50132608413696,3.62851226011877
"W38044","11DC",-17.8804264068604,-5.60904502868652,Inf
"W38045","3Ery",1.52880358695984,-3.92310309410095,0.882073910013261
"W38046","14Mo",-0.565932750701904,7.50702381134033,1.96630814789574
"W38047","15Mo",-1.12076449394226,7.3358941078186,3.53899025256252
"W38048","3Ery",4.18364429473877,-6.02520275115967,4.27625357284232
"W38049","10GMP",0.377088665962219,4.26519203186035,0.327859045250626
"W38050","6Ery",1.72309470176697,-3.28701138496399,0.535855125697287
"W38051","2Ery",1.91793537139893,-7.35161447525024,5.44945989874686
"W38052","16Neu",-3.38545727729797,6.46919345855713,5.20015888181264
"W38053","15Mo",-3.49277853965759,7.01783895492554,5.20016119554801
"W38054","7MEP",-0.261628597974777,-0.95524650812149,0.12305685747874
"W38055","3Ery",3.91408324241638,-5.75052309036255,4.27012276565219
"W38056","10GMP",-0.576337099075317,3.19822645187378,0.0387830618387946
"W38057","3Ery",4.06199884414673,-5.65214347839355,4.27831937407919
"W38058","14Mo",-0.0109975021332502,6.61349582672119,1.44134982272445
"W38059","7MEP",-0.0191204100847244,-1.25549674034119,0.123054543743369
"W38060","6Ery",1.88072836399078,-5.91252899169922,2.75439796640011
"W38061","10GMP",0.186249747872353,3.27115511894226,0.158553740749328
"W38062","10GMP",-0.198126018047333,3.14139652252197,0
"W38063","3Ery",4.10756969451904,-6.23920011520386,4.38329887029051
"W38064","7MEP",0.780538320541382,-1.00664019584656,0.00936144629861169
"W38065","2Ery",3.73555731773376,-6.93797969818115,6.1264669331965
"W38066","4Ery",2.19011402130127,-6.16131019592285,4.23211634902579
"W38067","7MEP",0.0665414035320282,-1.03896999359131,0.123052230007998
"W38068","13Baso",0.0742427408695221,5.13011741638184,1.51107363103996
"W38069","6Ery",1.41807913780212,-3.98522734642029,0.847269478380515
"W38070","15Mo",-2.81642246246338,5.90443325042725,4.8470148747473
"W38071","8Mk",-1.09012687206268,0.424430787563324,0.0117588148374074
"W38072","10GMP",0.198667079210281,3.00683307647705,0.00416509851196502
"W38073","4Ery",3.2321240901947,-4.85492515563965,2.75250304435756
"W38074","4Ery",2.312344789505,-6.90279150009155,5.99600009606616
"W38075","3Ery",3.30796241760254,-5.04532051086426,2.8269353076613
"W38076","7MEP",1.20790696144104,-3.24283981323242,0.478848677311003
"W38077","2Ery",2.67151665687561,-8.21442985534668,6.25180903205908
"W38078","16Neu",-3.85918712615967,6.60719394683838,5.20016350928338
"W38079","3Ery",2.90668439865112,-6.96137285232544,6.22183537078762
"W38080","3Ery",3.6190869808197,-4.95268297195435,3.63823615961694
"W38081","6Ery",2.4915714263916,-4.24693202972412,2.92145547224129
"W38082","6Ery",1.38643980026245,-3.3040657043457,0.451783148628029
"W38083","7MEP",0.0193583499640226,-1.59710776805878,0.00855973457337666
"W38084","4Ery",2.8686408996582,-5.21303272247314,2.65783831825683
"W38085","16Neu",-3.33284878730774,6.99227571487427,5.20016582301875
"W38086","2Ery",2.56436824798584,-6.96013069152832,6.39303973462454
"W38087","13Baso",0.309502810239792,4.4138240814209,0.205854876647039
"W38088","10GMP",-0.156894117593765,2.34274125099182,0.380890574403422
"W38090","3Ery",3.21638059616089,-5.80358600616455,3.62550799887962
"W38091","3Ery",4.33207273483276,-6.13411712646484,4.36881116895203
"W38092","10GMP",-0.606715381145477,2.54565954208374,0.470842309259515
"W38093","6Ery",0.757420659065247,-2.86540293693542,1.04849244096762
"W38094","14Mo",-0.761226713657379,3.72393918037415,0.151383527385018
"W38095","15Mo",-2.80558204650879,7.54812717437744,5.16988324026759
"W38096","7MEP",-0.316102862358093,-1.04891967773438,0.123049916272627
"W38097","13Baso",-0.789853274822235,2.23252844810486,0.223382376467463
"W38098","14Mo",-1.34260511398315,5.85196447372437,3.5991248348793
"W38100","14Mo",-0.270108759403229,6.46010828018188,1.6873582662984
"W38101","14Mo",-0.412197381258011,5.34605932235718,1.54761522752914
"W38102","2Ery",2.55814051628113,-7.03955459594727,6.38219729813118
"W38103","16Neu",-3.40409660339355,5.87854862213135,5.19335270106693
"W38104","7MEP",0.495318025350571,-1.20756781101227,0.0252992390916253
"W38105","14Mo",-0.598712742328644,6.91610240936279,1.96631046163111
"W38106","10GMP",0.211840733885765,3.80826473236084,0.255644689285096
"W38107","14Mo",-0.476487904787064,6.8231086730957,1.90351377911638
"W38108","6Ery",0.841428697109222,-3.22679615020752,1.17774319226019
"W38109","14Mo",-0.348419457674026,7.00412702560425,1.8042396758947
"W38110","16Neu",-4.33272647857666,6.75057458877563,5.20016813675412
"W38111","2Ery",2.48881006240845,-6.34074258804321,5.99600240980153
"W38112","10GMP",0.083009772002697,2.84858250617981,0
"W38113","16Neu",-4.18301725387573,6.4582667350769,5.20017045048949
"W38114","14Mo",-1.71937739849091,4.76301240921021,2.93969641350147
"W38115","14Mo",0.187232181429863,5.54072284698486,1.09897103990345
"W38116","5Ery",1.51542103290558,-5.10074806213379,2.07987211847682
"W38117","12Baso",0.254884660243988,1.11553192138672,4.62747074170267e-06
"W38118","4Ery",2.68569135665894,-6.09223079681396,6.22890854345085
"W38119","3Ery",4.14422369003296,-6.13872671127319,4.3332356032273
"W38121","13Baso",-0.527081489562988,3.52932524681091,0.252759856731642
"W38123","2Ery",2.64299631118774,-7.22969007492065,6.29020545036636
"W38124","4Ery",1.82955169677734,-6.50942134857178,4.23211866276116
"W38125","4Ery",1.79309785366058,-5.41760778427124,2.24916805300452
"W38126","3Ery",1.45220863819122,-6.41817474365234,4.3807469330776
"W38127","3Ery",2.40889596939087,-5.42730617523193,2.73064459718546
"W38128","13Baso",-0.236066564917564,7.72160530090332,1.76507884196632
"W38129","12Baso",0.062344066798687,-0.311611950397491,0.521452866780405
"W38130","14Mo",-1.27776479721069,6.34118461608887,3.54607436445097
"W38131","16Neu",-4.32212829589844,6.61763858795166,5.20017276422486
"W38132","3Ery",1.18305289745331,-5.21993923187256,3.16907887087238
"W38133","5Ery",1.95281481742859,-5.27315139770508,2.04318009772272
"W38134","6Ery",0.43225771188736,-1.87991392612457,0.167647366711664
"W38135","7MEP",0.445362776517868,-1.51756227016449,0.137635878252848
"W38136","4Ery",3.84609580039978,-5.24207925796509,3.62223603018193
"W38137","4Ery",2.30463051795959,-5.94693183898926,2.75440028013548
"W38138","5Ery",1.44463872909546,-5.82020044326782,2.74604899598849
"W38140","14Mo",-0.646989345550537,5.84115648269653,2.80559459567451
"W38141","14Mo",-0.57486355304718,5.13211011886597,1.54739268527743
"W38142","2Ery",1.9401683807373,-8.00998115539551,5.51958621661168
"W38143","12Baso",0.52263605594635,-1.64730131626129,0.00855742083800581
"W38144","3Ery",4.24353456497192,-6.34867286682129,4.47363413438419
"W38145","5Ery",1.43786692619324,-6.0815052986145,4.28446992698029
"W38146","2Ery",2.87320709228516,-7.50226926803589,6.23900787535939
"W38147","2Ery",2.48779845237732,-8.47566604614258,6.25181134579445
"W38148","16Neu",-4.02053737640381,6.091468334198,5.20017507796023
"W38149","7MEP",0.751845836639404,-0.749961256980896,0.033608060837197
"W38150","5Ery",0.463022649288177,-5.84246206283569,2.72492776590409
"W38151","2Ery",2.17251372337341,-8.18671131134033,5.36271521493687
"W38152","7MEP",0.257906079292297,-0.951102554798126,0.123047602537256
"W38153","3Ery",2.57841873168945,-4.28156566619873,2.86389553118836
"W38154","4Ery",1.83161735534668,-6.37076091766357,4.23212097649653
"W38155","2Ery",2.46604251861572,-7.0156307220459,6.44767877740287
"W38156","5Ery",1.33742034435272,-5.53299236297607,2.86893608238599
"W38157","10GMP",-0.487711936235428,1.83781015872955,0.105702331245692
"W38158","1Ery",2.90015435218811,-8.64508152008057,6.25181365952982
"W38159","10GMP",-0.568888068199158,1.61564433574677,0.255956992493068
"W38160","11DC",-17.9093418121338,-5.63793468475342,Inf
"W38161","16Neu",-0.860755503177643,6.05364751815796,2.94599899779337
"W38162","2Ery",1.36903882026672,-6.08530235290527,4.22001523338948
"W38163","2Ery",2.33354449272156,-8.04501152038574,5.36271752867224
"W38164","2Ery",2.07799363136292,-8.488694190979,5.43537977280885
"W38165","5Ery",0.892180860042572,-6.31616735458374,4.74538570700467
"W38166","5Ery",1.14334261417389,-6.37478256225586,3.70419977529518
"W38167","14Mo",-0.922439455986023,5.72119617462158,2.55133226708209
"W38168","14Mo",-0.694502294063568,7.35342454910278,1.96631277536648
"W38169","16Neu",-3.50613641738892,7.15531492233276,5.2001773916956
"W38170","10GMP",-1.33441388607025,-0.204150199890137,0.0179643874167656
"W38171","14Mo",-0.536628901958466,5.75629806518555,2.76306799171671
"W38172","14Mo",-1.16824162006378,6.28468322753906,3.5635732061583
"W38173","4Ery",1.51270604133606,-6.53370761871338,4.31955739159877
"W38175","2Ery",2.95709943771362,-7.59791469573975,6.24664409415669
"W38176","6Ery",2.28731369972229,-4.06108093261719,2.15685897428349
"W38177","2Ery",2.09052491188049,-7.53404760360718,5.36271984240761
"W38180","16Neu",-3.73537945747375,5.99841642379761,5.20017970543097
"W38181","1Ery",2.04116034507751,-8.26500701904297,5.4440926198602
"W38182","13Baso",-1.42886173725128,5.23199033737183,3.49704273443814
"W38183","3Ery",2.73762989044189,-6.09130144119263,6.22891085718622
"W38184","15Mo",-1.95230758190155,7.39407110214233,3.53899256629789
"W38185","3Ery",2.31457829475403,-6.40041303634644,4.2321232902319
"W38186","5Ery",1.51376247406006,-6.10700941085815,4.32291289697266
"W38187","2Ery",2.41451525688171,-7.07039785385132,6.47147096911975
"W38188","2Ery",1.53353786468506,-7.96828651428223,5.93825376963694
"W38189","16Neu",-4.08322477340698,6.26537466049194,5.20018201916634
"W38190","4Ery",2.40906810760498,-5.95635032653809,2.75440259387085
"W38191","12Baso",0.50154972076416,0.773774385452271,0.474045164032376
"W38192","3Ery",2.45027422904968,-6.75569534301758,5.9960047235369
"W38193","12Baso",-0.253996461629868,1.01809513568878,0.0761157542010244
"W38194","14Mo",-1.1830757856369,6.25756454467773,3.56542235535211
"W38195","15Mo",-2.98102402687073,6.46011257171631,5.05680263113392
"W38196","14Mo",-0.331586331129074,6.04522562026978,1.70686646617999
"W38197","10GMP",0.0769151821732521,2.76497507095337,0.575523111602286
"W38198","6Ery",1.05853581428528,-4.11355209350586,0.491714520443535
"W38199","12Baso",0.161113828420639,1.14241075515747,0.015949441718304
"W38200","2Ery",2.97636032104492,-7.37283802032471,6.23830946924029
"W38201","3Ery",2.64963412284851,-6.67339754104614,6.39061433007196
"W38202","4Ery",1.76839745044708,-6.48598909378052,4.23212560396727
"W38203","7MEP",-0.186600118875504,-1.17341697216034,0.123045288801885
"W38204","4Ery",3.0779812335968,-7.20671510696411,6.23604475021479
"W38205","15Mo",-1.96918261051178,7.51254510879517,3.53899488003326
"W38206","2Ery",2.74819469451904,-7.00261735916138,6.26334034268307
"W38207","7MEP",0.386579871177673,0.180628210306168,0.0583067199933799
"W38208","14Mo",-2.27916359901428,6.1623215675354,4.08399038011659
"W38209","3Ery",3.30356025695801,-5.1698956489563,3.64180619722404
"W38210","13Baso",-0.138191416859627,7.25787353515625,1.63755948722156
"W38211","3Ery",4.33338403701782,-6.35527896881104,4.66543142644747
"W38212","15Mo",-2.65786409378052,7.38162136077881,5.04814172497267
"W38213","15Mo",-3.23055124282837,7.27586126327515,5.20018433290172
"W38214","13Baso",-0.56351912021637,7.60561656951904,1.96631508910185
"W38215","14Mo",-1.06514084339142,7.65163516998291,3.53899719376863
"W38217","4Ery",4.04693031311035,-7.31040859222412,6.09190709797531
"W38218","14Mo",-0.509275674819946,7.39640283584595,1.96631740283722
"W38219","6Ery",1.42159986495972,-3.53719735145569,0.189986576720664
"W38220","3Ery",3.35973215103149,-5.20915269851685,3.63882472317305
"W38221","14Mo",-0.00415205443277955,6.82386493682861,1.48012593437523
"W38222","8Mk",-1.19862914085388,0.344593167304993,0.208411782036471
"W38223","8Mk",-1.2461211681366,-0.231682687997818,0.0179667011521365
"W38224","7MEP",-0.0755888000130653,-1.17165374755859,0.123042975066515
"W38225","15Mo",-3.41300296783447,7.59132814407349,5.20018664663709
"W38226","15Mo",-3.26507258415222,6.36956644058228,5.20018896037246
"W38227","13Baso",0.325781732797623,4.39247465133667,0.224447354631069
"W38228","16Neu",-3.8863046169281,7.39664459228516,5.20019127410783
"W38229","6Ery",0.957109391689301,-2.6220223903656,0.791904699197558
"W38230","3Ery",3.95226168632507,-6.97932195663452,6.09190941171068
"W38231","2Ery",3.44751834869385,-7.14285898208618,6.12468879630426
"W38232","13Baso",-1.65142869949341,7.42726612091064,3.538999507504
"W38233","3Ery",3.91510581970215,-6.40816497802734,4.93105814972161
"W38234","3Ery",3.7782621383667,-5.67196989059448,4.3266328317002
"W38235","13Baso",-0.488521039485931,7.50725317001343,1.96631971657259
"W38236","11DC",-17.8679313659668,-5.59568357467651,Inf
"W38237","10GMP",0.116017572581768,2.78705167770386,0.631465875650325
"W38238","4Ery",2.57774305343628,-5.80159187316895,2.64433079314469
"W38239","2Ery",2.92240977287292,-8.2767333984375,6.25181597326519
"W38240","7MEP",1.36059165000916,-2.74443912506104,1.12047828114368
"W38241","7MEP",0.60765141248703,-0.903102099895477,0.0463681234054618
"W38242","6Ery",2.39400362968445,-5.48344945907593,2.72794567908386
"W38243","3Ery",2.71745014190674,-5.99969244003296,6.22891317092159
"W38244","16Neu",-3.387779712677,6.2071852684021,5.2001935878432
"W38245","7MEP",0.604526579380035,-0.669366598129272,0.466153581327589
"W38246","14Mo",-2.07535839080811,6.72120141983032,3.53900182123937
"W38247","3Ery",2.89849162101746,-4.58420705795288,2.61638413877952
"W38248","6Ery",2.56122255325317,-5.89119243621826,2.65515742694906
"W38249","9GMP",0.226350471377373,3.07183265686035,0.00713114883880357
"W38250","12Baso",0.447589874267578,0.956296384334564,0.634132532001665
"W38251","3Ery",3.71403193473816,-6.3266429901123,5.13025240975345
"W38252","14Mo",-0.143825277686119,6.84599494934082,1.60725761469939
"W38253","10GMP",0.00894531793892384,3.67570614814758,0.474248922989342
"W38254","4Ery",2.12343788146973,-5.90520524978638,2.75440490760622
"W38255","7MEP",-0.377695471048355,-1.34623301029205,0.123040661331144
"W38256","6Ery",1.73485887050629,-4.11840343475342,1.53264140950089
"W38257","14Mo",0.00379932392388582,5.25889825820923,1.39945250124048
"W38258","14Mo",0.17129547894001,5.73925018310547,1.26799560654252
"W38259","4Ery",2.7036452293396,-6.67103719711304,6.35530071337289
"W38260","3Ery",2.77781009674072,-6.92954397201538,6.2575018823911
"W38261","3Ery",1.86372780799866,-5.7877049446106,2.75440722134159
"W38262","2Ery",2.08955383300781,-7.35979795455933,5.4782890897104
"W38263","16Neu",-3.36179685592651,7.61978912353516,5.20019590157857
"W38264","3Ery",4.07940340042114,-6.6114649772644,4.84106816850196
"W38266","7MEP",-0.204087555408478,-1.43737614154816,0.123038347595773
"W38267","18Eos",-2.99733400344849,2.72822856903076,4.38924920067292
"W38268","6Ery",2.42110061645508,-4.33912801742554,2.92965075899965
"W38269","13Baso",-0.388641268014908,7.34163808822632,1.86925296956413
"W38270","4Ery",1.76954853534698,-5.66422080993652,2.75440953507696
"W38271","10GMP",-0.464777052402496,2.85873126983643,0.0354123754704548
"W38272","6Ery",2.59842371940613,-3.99082088470459,2.91110738241909
"W38273","2Ery",1.99364137649536,-7.131028175354,5.56587040196669
"W38274","12Baso",0.197674050927162,-0.00305889081209898,0
"W38275","1Ery",2.51101541519165,-8.09299278259277,6.24702489933743
"W38276","4Ery",1.300164103508,-4.17135858535767,0.734915406427101
"W38277","13Baso",-0.242851331830025,5.14999437332153,1.67984165504239
"W38278","14Mo",-1.71228802204132,5.54002285003662,3.60104478053413
"W38279","14Mo",-2.61797666549683,6.44966506958008,4.86055672716179
"W38280","13Baso",0.0978382974863052,2.91911339759827,0.00418460715675857
"W38282","3Ery",3.984943151474,-5.1174693107605,3.62153809534562
"W38283","3Ery",4.21520519256592,-6.67552089691162,4.71132781248951
"W38284","16Neu",-3.32942223548889,6.29516458511353,5.20019821531394
"W38285","15Mo",-3.35502147674561,7.10181093215942,5.20020052904931
"W38286","14Mo",-0.256697326898575,4.70885181427002,0.0573020287869055
"W38287","3Ery",2.84982299804688,-5.03579330444336,2.61254780597997
"W38288","6Ery",1.29076051712036,-3.72121381759644,0.0735928412827587
"W38289","2Ery",2.13772630691528,-6.79569482803345,5.99600703727227
"W38290","10GMP",0.334945738315582,4.09781646728516,0.411734690445388
"W38291","14Mo",-1.96140050888062,6.30894994735718,3.60514445729407
"W38292","5Ery",1.2877094745636,-4.1027717590332,0.721452461741621
"W38293","4Ery",1.72021019458771,-6.62419843673706,4.23212791770264
"W38294","15Mo",-2.84160041809082,7.00338125228882,5.08226907059219
"W38295","13Baso",-0.317001551389694,5.9348840713501,1.68432645443836
"W38296","15Mo",-1.16535723209381,6.12294626235962,3.58348098996034
"W38297","13Baso",-0.520509958267212,6.11911964416504,1.88256755674932
"W38298","14Mo",0.11946315318346,5.94860458374023,1.44135213645982
"W38299","12Baso",0.431091278791428,0.337201178073883,0.300461107435435
"W38300","16Neu",-3.34574604034424,5.927574634552,5.1682690544467
"W38301","13Baso",-0.297899723052979,2.11038827896118,0.126075090774678
"W38302","6Ery",1.2535674571991,-6.16174650192261,4.03487052230241
"W38303","15Mo",-3.02811145782471,6.03945827484131,5.00068709174661
"W38304","4Ery",2.22866749763489,-6.18446683883667,4.23213023143801
"W38305","14Mo",-0.887520551681519,3.78890061378479,0.144879197356629
"W38306","13Baso",-0.45768067240715,4.42510795593262,0.0142042642878574
"W38307","15Mo",-3.32219171524048,6.80209398269653,5.20020284278468
"W38308","3Ery",2.24842715263367,-5.9382905960083,2.75441184881233
"W38309","10GMP",-0.743157207965851,-0.322329312562943,0.0179690148875073
"W38310","13Baso",0.394746035337448,4.48755693435669,0.16465613819087
"W38311","4Ery",3.9527530670166,-6.20156717300415,4.33025836246438
"W38313","8Mk",-0.798342645168304,-0.0146634606644511,0.0179713286228782
"W38314","3Ery",2.31717658042908,-5.8404974937439,2.75441416254771
"W38315","14Mo",-0.632839679718018,5.02509450912476,1.42719313046361
"W38316","15Mo",-1.2317396402359,5.82940292358398,2.84037448911822
"W38318","16Neu",-3.29963684082031,5.60985136032104,5.07702203518473
"W38319","15Mo",-2.55984473228455,6.44483184814453,4.90091840189896
"W38320","9GMP",-0.529070794582367,3.18219876289368,0.0387853755741654
"W38321","16Neu",-4.3615574836731,6.82302236557007,5.20020515652005
"W38322","12Baso",0.0905915349721909,0.799922227859497,0.545002415221306
"W38323","10GMP",-0.0818941667675972,-0.26150980591774,0
"W38324","14Mo",-2.31723809242249,5.60750389099121,5.21982789168187
"W38326","14Mo",-0.984925031661987,6.07059526443481,2.89913700969927
"W38327","14Mo",-0.694754481315613,5.64080953598022,2.53808747834806
"W38328","7MEP",1.58993875980377,-3.13399863243103,0.535857439432658
"W38329","15Mo",-0.916749238967896,6.00400733947754,2.85578000504916
"W38330","17Neu",0.606910467147827,0.904699623584747,0.571717137782274
"W38331","2Ery",2.78603553771973,-7.17904472351074,6.22194512186637
"W38332","14Mo",-2.44416189193726,5.89568138122559,5.08058768207719
"W38333","14Mo",-0.858510971069336,4.7137188911438,1.20742355071378
"W38334","4Ery",3.50031900405884,-5.91820430755615,4.28795412121004
"W38335","6Ery",1.28552496433258,-4.03535556793213,0.718088220179629
"W38336","15Mo",-3.32800698280334,7.63205575942993,5.20020747025542
"W38337","2Ery",2.65507388114929,-7.48399639129639,6.22856321636321
"W38338","2Ery",1.23742306232452,-6.24176692962646,3.93278588449914
"W38339","5Ery",0.857572555541992,-5.01656055450439,3.16908118460775
"W38340","2Ery",1.13340258598328,-7.25734376907349,4.35532406397683
"W38341","2Ery",1.28236699104309,-7.62856197357178,5.93825608337231
"W38342","14Mo",-1.32607066631317,5.48539686203003,2.89906169831733
"W38343","2Ery",2.53146886825562,-6.89221668243408,6.42761770660121
"W38344","14Mo",0.000870702788233757,7.50265836715698,1.53387116286409
"W38345","15Mo",-1.06815433502197,6.0487117767334,2.82762834803804
"W38346","5Ery",1.44936192035675,-5.78156232833862,2.74441895394227
"W38347","6Ery",0.607819318771362,-2.75219774246216,0.784453057542527
"W38348","13Baso",-0.687658429145813,2.23372387886047,0.231266159708772
"W38349","6Ery",0.774541974067688,-1.25196146965027,0.469004001281136
"W38350","13Baso",-0.814937829971313,5.05541467666626,1.22172227378715
"W38351","5Ery",1.05935835838318,-4.34507608413696,0.491716834178906
"W38352","15Mo",-0.499010890722275,7.44849872589111,1.96632203030796
"W38353","3Ery",1.61684203147888,-6.5612907409668,4.24715824864792
"W38354","10GMP",-0.871196627616882,1.84888708591461,0.0709717296620428
"W38355","2Ery",0.645378649234772,-6.21482181549072,4.74538802074004
"W38356","14Mo",-1.0130786895752,5.11383962631226,1.37327675736319
"W38357","2Ery",0.67241495847702,-5.87446880340576,2.72493007963946
"W38358","14Mo",-1.62833917140961,3.78392791748047,3.04923864085213
"W38359","2Ery",1.5758216381073,-7.12813901901245,4.39491868025879
"W38360","2Ery",3.5997679233551,-7.55887508392334,6.39501419338106
"W38361","2Ery",1.66937899589539,-7.59234189987183,5.76032566930986
"W38362","5Ery",1.21013402938843,-5.75724315643311,2.73027712536126
"W38363","14Mo",-1.54157507419586,5.59169244766235,3.61136145373529
"W38364","1Ery",2.13472771644592,-8.46139812469482,5.3684106964543
"W38365","5Ery",1.0613409280777,-5.84461116790771,2.72648688890895
"W38366","4Ery",1.59659683704376,-6.41754293441772,4.28784015155145
"W38367","2Ery",1.32011926174164,-7.44119215011597,4.45315840715254
"W38368","10GMP",-0.495728522539139,3.1661274433136,0.0387876893095363
"W38369","2Ery",1.2045886516571,-5.80266857147217,2.73219581878752
"W38370","2Ery",1.00971364974976,-7.13787269592285,4.29130990575398
"W38372","7MEP",0.763120412826538,-1.14672458171844,0.583090934140284
"W38373","2Ery",2.28738880157471,-8.33966541290283,5.36272215614298
"W38374","7MEP",0.442237615585327,-0.298014312982559,0.653147810244574
"W38375","1Ery",2.99464774131775,-8.77757358551025,6.25181828700056
"W38376","7MEP",-0.866689920425415,0.337332636117935,0.208414095771842
"W38377","9GMP",-0.729146957397461,2.11695098876953,0.192100232129434
"W38379","2Ery",1.230717420578,-7.38384866714478,4.416762940339
"W38380","17Neu",-0.00783211179077625,0.381726920604706,0.208416409507213
"W38381","14Mo",-0.94318413734436,5.12608957290649,1.30779416984998
"W38382","14Mo",-0.761459827423096,5.85186100006104,2.75645130816218
"W38383","13Baso",0.155977606773376,5.94225025177002,1.44135445019519
"W38384","7MEP",0.574053108692169,-0.93916642665863,0.0492765744760343
"W38385","16Neu",-3.97180604934692,6.01858711242676,5.20020978399079
"W38386","2Ery",1.35206067562103,-7.21805953979492,4.3832547503819
"W38387","2Ery",1.336057305336,-7.41877222061157,4.44853759472891
"W38388","7MEP",0.797196507453918,-1.13130271434784,0.00936376003398254
"W38389","6Ery",0.534020900726318,-2.0986065864563,0.368126687167977
"W38390","14Mo",-0.85706615447998,5.76137399673462,2.59551088563499
"W38391","4Ery",2.58636927604675,-6.2496018409729,6.22891548465696
"W38392","6Ery",0.362263590097427,-1.779292345047,0.0729975611752074
"W38393","2Ery",2.95198273658752,-7.49605083465576,6.24225408212006
"W38394","4Ery",1.83207678794861,-6.48731756210327,4.23213254517338
"W38395","1Ery",3.31104016304016,-8.05163288116455,6.25182060073593
"W38396","5Ery",1.16816985607147,-6.52815628051758,4.60827354153727
"W38398","8Mk",-1.28171098232269,-0.161656722426414,0.017973642358249
"W38399","4Ery",1.46726024150848,-6.69068431854248,4.318651381876
"W38400","6Ery",0.524822473526001,-1.78243172168732,0.0925627886637937
"W38401","13Baso",-0.276264429092407,7.10754632949829,1.74841922787256
"W38402","6Ery",2.25798964500427,-3.64922761917114,1.5572637324349
"W38403","13Baso",-0.0543603785336018,6.94938659667969,1.53591002702915
"W38404","7MEP",-0.014582266099751,-0.591862499713898,0.548004467265387
"W38405","3Ery",3.99135303497314,-5.49233675003052,4.35281995498828
"W38406","3Ery",4.36530208587646,-6.26965808868408,4.45316715356755
"W38407","13Baso",-0.397623747587204,7.01772212982178,1.84950787659741
"W38409","3Ery",2.3418984413147,-4.19253301620483,2.09532618542973
"W38410","15Mo",-2.38851928710938,7.35713386535645,3.53900413497474
"W38411","14Mo",-0.734538972377777,7.03311634063721,1.96632434404333
"W38412","6Ery",2.26024913787842,-5.22260999679565,2.85857819165229
"W38413","10GMP",0.158128008246422,3.24982523918152,0.200211541323516
"W38414","16Neu",-3.93147850036621,7.14703893661499,5.20021209772616
"W38415","4Ery",3.04051852226257,-5.34618806838989,2.76497782726718
"W38416","14Mo",-0.517369449138641,6.750572681427,1.93393899999341
"W38417","14Mo",-0.985595762729645,7.53515005111694,1.9663266577787
"W38418","10GMP",-0.690538287162781,0.680363357067108,0.0117611285727783
"W38419","3Ery",1.49573457241058,-5.63512849807739,2.73978133879063
"W38420","10GMP",0.317396283149719,4.0687518119812,0.411737004180759
"W38421","14Mo",-2.91833233833313,6.57257795333862,5.04183440734261
"W38422","3Ery",3.30833840370178,-4.90877199172974,2.79895117403895
"W38423","4Ery",2.48942637443542,-6.47737741470337,5.99600935100764
"W38425","14Mo",-1.59986507892609,5.8463659286499,3.57481137994146
"W38426","3Ery",2.79124426841736,-7.20588874816895,6.22327351752682
"W38427","15Mo",-2.38207626342773,7.04465055465698,3.53900644871012
"W38428","15Mo",-3.12153673171997,7.10905313491821,5.20021441146153
"W38429","10GMP",0.0819041430950165,4.05860614776611,0
"W38430","15Mo",-2.09518909454346,7.36856269836426,3.53900876244549
"W38431","15Mo",-3.3248655796051,6.34744262695312,5.2002167251969
"W38433","14Mo",-0.748569250106812,6.55513954162598,1.96632897151407
"W38434","13Baso",-0.893081307411194,5.52246332168579,2.50915467224209
"W38435","16Neu",-3.68228363990784,5.61327981948853,5.20021903893227
"W38436","14Mo",-2.03416085243225,5.36845254898071,4.48413116880879
"W38437","4Ery",2.85084295272827,-5.44772291183472,2.6979782420202
"W38438","14Mo",-2.9349353313446,5.71300554275513,4.87954212722418
"W38439","9GMP",0.291815787553787,-0.371315866708755,0.614024228847861
"W38440","3Ery",3.46574091911316,-7.42363357543945,6.43286804212368
"W38441","14Mo",-0.726552128791809,6.77646732330322,1.96633128524944
"W38443","3Ery",3.27081990242004,-6.35925340652466,5.68231835060557
"W38444","10GMP",-0.136600390076637,4.08914756774902,0.0309065939101345
"W38445","16Neu",-3.89853286743164,5.93941354751587,5.20022135266764
"W38446","16Neu",-4.24745941162109,6.57932233810425,5.20022366640301
"W38447","13Baso",-0.878020644187927,7.30884170532227,1.96633359898482
"W38448","1Ery",3.72580862045288,-8.08189105987549,6.68939464173335
"W38449","6Ery",0.0626672729849815,-1.58522415161133,0.0169605102597672
"W38450","2Ery",0.217505499720573,-6.82140064239502,4.43721395246676
"W38451","14Mo",-2.21697735786438,4.65422439575195,2.45069761954237
"W38452","2Ery",0.871808707714081,-6.61914539337158,4.55533136137716
"W38453","14Mo",-2.78434014320374,5.36907291412354,4.94657627491516
"W38454","5Ery",0.801196694374084,-6.11841583251953,4.74539033447541
"W38455","2Ery",1.65449702739716,-7.56566429138184,5.77302412840485
"W38456","9GMP",-0.609421789646149,3.48721694946289,0.182826823777711
"W38457","13Baso",-0.562263786792755,5.78687620162964,2.78605271584143
"W38458","2Ery",0.206126749515533,-6.76001214981079,4.49261895799664
"W38459","3Ery",1.62107610702515,-6.27224826812744,4.3000088158249
"W38460","16Neu",-3.74708938598633,5.47794532775879,5.20022598013838
"W38461","13Baso",-2.19816541671753,5.1474552154541,5.24586141627353
"W38462","14Mo",-1.2325599193573,5.03457450866699,1.57689187421783
"W38463","4Ery",2.50437378883362,-6.05784511566162,4.23213485890875
"W38464","3Ery",3.47486734390259,-5.73239755630493,4.36342700605263
"W38465","6Ery",2.0289351940155,-4.35922908782959,2.28215745932123
"W38466","7MEP",0.0410745665431023,-1.47021150588989,0.140562422381612
"W38467","10GMP",-0.641240835189819,1.88967788219452,0.0242837341672129
"W38468","4Ery",0.316651791334152,-6.50410795211792,4.70885328095799
"W38469","2Ery",0.427286922931671,-6.83856344223022,4.40248489842596
"W38470","16Neu",-3.70828175544739,6.19034576416016,5.20022829387375
"W38471","12Baso",0.107856810092926,0.717579066753387,0.473623788315391
"W38474","7MEP",0.0145660163834691,-0.941109359264374,0.123036033860402
"W38475","13Baso",-0.861120820045471,4.83775424957275,1.2159983747047
"W38477","4Ery",0.970250606536865,-5.76386022567749,2.72493239337484
"W38478","7MEP",0.691917538642883,-1.2085725069046,0.50659241759028
"W38480","4Ery",2.24280762672424,-5.71885108947754,2.75441647628308
"W38481","12Baso",0.269029885530472,0.5267094373703,0.335862171042197
"W38482","5Ery",0.78962904214859,-4.65032434463501,0.491719147914276
"W38483","2Ery",0.737169563770294,-6.54519176483154,4.63332518101411
"W38484","2Ery",1.98189759254456,-8.12269401550293,5.48944648129259
"W38485","9GMP",-0.549431383609772,1.60671138763428,0.247233822006985
"W38486","1Ery",2.56710028648376,-8.61191463470459,6.2518229144713
"W38487","11DC",-17.8937129974365,-5.61483287811279,Inf
"W38488","3Ery",3.2881646156311,-6.08998680114746,5.51804717705605
"W38489","14Mo",-1.49421989917755,5.04575777053833,3.42472902030309
"W38491","16Neu",-3.45439410209656,5.82404947280884,5.20023060760912
"W38492","2Ery",2.66530108451843,-8.16743755340576,6.25182522820667
"W38493","5Ery",1.10796809196472,-5.75735378265381,2.72493470711021
"W38494","14Mo",-2.7449586391449,5.66478252410889,4.91886546157331
"W38495","15Mo",-1.70256042480469,6.00826454162598,3.54518147044509
"W38496","9GMP",-0.727653503417969,3.18999886512756,0.0387900030449072
"W38497","9GMP",-0.3914515376091,1.4438841342926,0.128892582587083
"W38498","14Mo",-1.11167669296265,6.40934753417969,1.96633591272019
"W38500","2Ery",2.00238513946533,-8.42771244049072,5.51061434370135
"W38501","4Ery",3.36927556991577,-6.87907123565674,6.19334145909041
"W38502","5Ery",1.32380080223083,-6.82736539840698,4.32890947724828
"W38503","4Ery",2.44735980033875,-6.48035907745361,5.99601166474301
"W38505","3Ery",3.80498480796814,-5.8807258605957,4.242221458174
"W38506","16Neu",-3.84849119186401,5.76498985290527,5.20023292134449
"W38507","2Ery",1.8194305896759,-8.40746402740479,5.71099457036647
"W38509","16Neu",-3.57262492179871,5.53286695480347,5.20023523507986
"W38510","2Ery",1.99429166316986,-8.39274024963379,5.51457200333934
"W38512","13Baso",0.00206418707966805,3.62895631790161,0.531532307681633
"W38515","2Ery",0.319733589887619,-6.56790399551392,4.65209232363437
"W38516","6Ery",0.221621081233025,-5.65544748306274,2.72493702084558
"W38517","6Ery",0.270048916339874,-5.92646980285645,2.72493933458095
"W38519","14Mo",-1.42171788215637,4.86518096923828,3.36038967344455
"W38521","2Ery",0.2031339854002,-6.75582599639893,4.49660468578767
"W38522","2Ery",0.193662628531456,-6.82703638076782,4.43444371082094
"W38523","8Mk",-1.25175976753235,-0.305951178073883,0.0179759560936199
"W38524","8Mk",-1.6493626832962,-0.0793913379311562,0.0179782698289907
"W38525","14Mo",-1.79419791698456,4.76464986801147,2.8561286818693
"W38526","14Mo",-1.22313821315765,4.90654039382935,1.56167817723158
"W38527","1Ery",2.23990249633789,-8.54904556274414,5.36272446987835
"W38528","4Ery",3.88378572463989,-6.206467628479,4.3190335476327
"W38529","7MEP",0.888969719409943,-1.12870121002197,0.00936607376935339
"W38530","16Neu",-3.6297345161438,5.46789884567261,5.20023754881523
"W38531","16Neu",-3.68738651275635,5.48922681808472,5.2002398625506
"W38532","14Mo",-2.00724387168884,4.61979103088379,2.49677378997853
"W38533","3Ery",0.371511340141296,-6.24559926986694,4.74539264821078
"W38534","2Ery",1.93584859371185,-8.25467967987061,5.55963454340473
"W38535","16Neu",-1.3251541852951,6.09322309494019,3.57155474196563
"W38536","17Neu",0.650262415409088,0.901960551738739,0.564244912157343
"W38537","6Ery",0.422595202922821,-5.93982315063477,2.72494164831632
"W38538","2Ery",0.400644958019257,-6.31177234649658,4.74539496194615
"W38539","14Mo",-1.32567763328552,4.76131725311279,3.38504823172132
"W38540","16Neu",-3.49179697036743,5.44215297698975,5.15836319346243
"W38541","7MEP",0.447545737028122,-1.20279026031494,0.0388228027548456
"W38543","2Ery",2.79554390907288,-6.90061521530151,6.25121207277834
"W38544","3Ery",4.03901672363281,-5.94200134277344,4.19919130846871
"W38545","2Ery",0.342807799577713,-6.21973466873169,4.74539727568152
"W38546","6Ery",0.791161417961121,-1.91192507743835,0.232629424832957
"W38547","6Ery",0.122911989688873,-5.59569692611694,2.72494396205169
"W38548","6Ery",0.434783011674881,-1.84764015674591,0.139871655699921
"W38549","10GMP",-0.770262897014618,-0.223374247550964,0.0179805835643616
"W38550","12Baso",0.136643007397652,0.255200356245041,0.140562298058898
"W38551","12Baso",0.0354584380984306,0.268900364637375,0.166891174654133
"W38552","4Ery",2.3067319393158,-5.6473913192749,2.75441879001845
"W38553","2Ery",0.32442969083786,-6.85381412506104,4.39856152756725
"W38554","4Ery",0.123617947101593,-5.74219751358032,2.72494627578706
"W38555","2Ery",0.20371313393116,-6.73984909057617,4.51069512242995
"W38556","14Mo",-1.25937688350677,4.90002155303955,1.59562555852615
"W38558","3Ery",0.250774890184402,-6.70714616775513,4.53526306462746
"W38559","6Ery",0.769524455070496,-2.91022920608521,1.0648374712127
"W38560","3Ery",3.29056334495544,-7.30661153793335,6.53215041558004
"W38561","10GMP",0.116743192076683,0.177236258983612,0.111623129750768
"W38563","2Ery",0.219836115837097,-6.71867084503174,4.52794167583124
"W38564","14Mo",-1.90302765369415,4.70330142974854,2.68283300960553
"W38565","16Neu",-3.82732439041138,5.66344118118286,5.20024217628598
"W38567","18Eos",-2.97083783149719,2.75841212272644,4.3892515144083
"W38568","13Baso",-0.0819546431303024,5.25147533416748,1.46043570279327
"W38569","6Ery",0.152207717299461,-5.86112546920776,2.72494858952243
"W38570","14Mo",-1.27261757850647,5.01565933227539,1.6138417622231
"W38571","13Baso",-1.36914038658142,4.44887399673462,3.08207484496663
"W38572","2Ery",0.221068397164345,-6.42301034927368,4.74539958941689
"W38573","2Ery",0.352104485034943,-6.86162710189819,4.38906582528832
"W38575","5Ery",1.00687897205353,-4.78084564208984,2.07456396463577
"W38576","10GMP",-0.159213155508041,4.77968215942383,0.0600513551709216
"W38577","5Ery",0.931659579277039,-5.97144746780396,2.72565946411816
"W38578","14Mo",-1.82539975643158,4.91587114334106,2.94349331585937
"W38579","13Baso",-0.848740220069885,1.94650495052338,0.0709740433974137
"W38580","14Mo",-2.44226574897766,5.20091485977173,5.2097990303874
"W38581","16Neu",-3.86007452011108,5.87360954284668,5.20024449002135
"W38582","2Ery",0.747441530227661,-7.04803943634033,4.25476480609728
"W38583","10GMP",-1.46648395061493,-0.141041591763496,0.0179828972997324
"W38584","4Ery",1.85586404800415,-6.48457765579224,4.23213717264412
"W38585","16Neu",-4.33378934860229,6.57279825210571,5.20024680375672
"W38586","6Ery",0.495030075311661,-2.2195463180542,0.495538109813756
"W38587","15Mo",-2.91502904891968,6.03601980209351,4.93236030489086
"W38588","14Mo",-0.781871378421783,4.00653982162476,1.16140873215269
"W38589","12Baso",0.441941201686859,0.619197070598602,0.351024670215147
"W38590","7MEP",-0.00692638335749507,-0.631123423576355,0.55824132666992
"W38591","10GMP",-0.358059734106064,2.10033917427063,0.111550857085319
"W38592","15Mo",-1.20359313488007,5.8435845375061,2.81594967658089
"W38593","3Ery",4.35126447677612,-6.48034238815308,4.66543374018284
"W38594","15Mo",-3.32809233665466,7.33423948287964,5.20024911749209
"W38595","3Ery",4.41125249862671,-6.27638053894043,4.46636555432878
"W38596","9GMP",-0.382656514644623,2.52519631385803,0.470844622994886
"W38597","2Ery",2.93370890617371,-7.64863109588623,6.24767644253398
"W38598","7MEP",-0.220335379242897,-0.221111506223679,0.0179852110351033
"W38599","3Ery",3.85562252998352,-6.57237577438354,5.09024314726058
"W38601","13Baso",-0.0922077372670174,6.72476005554199,1.55056455932207
"W38602","16Neu",-3.7817018032074,6.40350484848022,5.20025143122746
"W38603","13Baso",0.307290494441986,5.51962900161743,1.09897335363882
"W38604","2Ery",3.71202898025513,-7.35483551025391,6.0987948007035
"W38605","15Mo",-3.25582671165466,6.81224727630615,5.20025374496283
"W38606","7MEP",-0.456100553274155,-0.47940856218338,0.0179875247704741
"W38607","6Ery",1.05797231197357,-3.63140630722046,0
"W38608","5Ery",2.25923180580139,-5.61864185333252,2.75442110375382
"W38609","13Baso",0.0816232860088348,6.68520402908325,1.44135676393056
"W38610","10GMP",-0.35737156867981,3.96816301345825,0.241331309925887
"W38611","9GMP",0.0627931132912636,1.6726313829422,0.0899417234874768
"W38612","13Baso",0.124490328133106,4.67109203338623,0.0174982048608016
"W38613","13Baso",0.116820693016052,7.4762921333313,1.44135907766593
"W38614","12Baso",0.441348284482956,-0.365140050649643,0.665709832380044
"W38615","5Ery",1.94167613983154,-5.62340688705444,2.75442341748919
"W38616","13Baso",-0.913745999336243,2.20731592178345,0.124598017792033
"W38617","15Mo",-3.60804462432861,7.00020027160645,5.2002560586982
"W38618","14Mo",-1.34815537929535,5.11886024475098,3.49704504817351
"W38619","10GMP",-0.0967580899596214,3.99955201148987,0.124432411725162
"W38620","15Mo",-1.51855516433716,6.22452116012573,3.53901107618086
"W38622","4Ery",1.76120901107788,-5.36417865753174,2.20978421931007
"W38623","5Ery",1.50425255298615,-5.35916996002197,3.07057472389094
"W38624","8Mk",-1.53954100608826,-0.106891214847565,0.017989838505845
"W38625","13Baso",-0.481479287147522,5.63022470474243,2.64091792672561
"W38626","7MEP",0.779773414134979,-1.2280501127243,0.495874458050563
"W38627","14Mo",-1.34281802177429,5.00919771194458,3.49704736190889
"W38628","14Mo",-0.984637975692749,5.50576877593994,2.59091271161095
"W38629","2Ery",0.310881525278091,-6.7889461517334,4.45725250862423
"W38630","6Ery",0.729455649852753,-1.60136198997498,0.0801264103573114
"W38631","2Ery",1.81710004806519,-7.97599649429321,5.65144353325552
"W38632","13Baso",-1.41905844211578,6.45242500305176,3.53901338991623
"W38633","7MEP",-0.29401370882988,-0.148592084646225,0.0179921522412159
"W38634","16Neu",-4.05265140533447,5.96124410629272,5.20025837243357
"W38636","14Mo",-1.21245551109314,4.93097305297852,1.55277936233915
"W38637","3Ery",0.218841448426247,-6.27921867370605,4.74540190315226
"W38638","16Neu",-3.77887105941772,5.57396650314331,5.20026068616894
"W38640","10GMP",-0.369229108095169,2.40737366676331,0.435492045740574
"W38643","12Baso",0.283717662096024,0.417928785085678,0.249930018356737
"W38644","10GMP",-0.60874480009079,1.67481219768524,0.0709763571327846
"W38645","13Baso",-0.52278995513916,4.51750469207764,1.32164931794667
"W38646","1Ery",2.06669664382935,-8.54501819610596,5.45605038770596
"W38647","16Neu",-3.69338607788086,5.52583503723145,5.20026299990431
"W38648","6Ery",0.666881322860718,-1.08582603931427,0
"W38649","14Mo",-0.567819356918335,6.72890472412109,1.96633822645556
"W38650","2Ery",1.2718677520752,-7.93919563293457,5.93825839710768
"W38651","14Mo",-1.47440195083618,5.90159273147583,3.58030111170528
"W38652","10GMP",-0.342515170574188,2.21391224861145,0.232656774800691
"W38653","14Mo",-2.12784004211426,4.64526033401489,2.45069993327774
"W38654","16Neu",-3.74579930305481,5.63145923614502,5.20026531363968
"W38655","9GMP",-0.513970613479614,0.270326167345047,0.208418723242584
"W38656","3Ery",1.75535249710083,-4.34550905227661,1.48008462082859
"W38657","3Ery",3.27452182769775,-7.13059329986572,6.15291119514927
"W38659","14Mo",-3.33446621894836,5.41986227035522,5.05978236243681
"W38660","2Ery",0.468784332275391,-6.6166558265686,4.59505833037548
"W38662","12Baso",0.259311556816101,0.579243063926697,0.339140699796147
"W38663","9GMP",-0.567068576812744,1.55048727989197,0.221289386395749
"W38664","1Ery",2.82450580596924,-8.5636510848999,6.25182754194204
"W38666","3Ery",2.58944082260132,-5.91409826278687,2.67296383719941
"W38668","5Ery",0.542801201343536,-5.97351694107056,4.74540421688763
"W38669","2Ery",0.328992068767548,-6.83697175979614,4.4130470681898
"W38670","8Mk",-1.62748861312866,-0.0635264739394188,0.0179944659765867
"W38672","2Ery",2.43655323982239,-8.09654235839844,5.36272678361372
"W38673","16Neu",-4.15613508224487,6.70952606201172,5.20026762737505
"W38674","5Ery",1.03138899803162,-6.44855070114136,4.69147573006096
"W38675","10GMP",-0.139535531401634,1.1037073135376,0.113253180519821
"W38676","13Baso",-0.468432694673538,5.25781488418579,1.7348224304139
"W38677","16Neu",-3.68326830863953,5.61197280883789,5.20026994111042
"W38678","14Mo",-1.27299559116364,4.98599529266357,1.61273669558286
"W38679","2Ery",1.00770545005798,-6.96993827819824,4.25476711983265
"W38680","5Ery",0.942427098751068,-6.47904539108276,4.67276297873848
"W38681","15Mo",-1.27962636947632,6.39845132827759,3.5390157036516
"W38682","7MEP",0.484954595565796,-1.1381733417511,0.0396816438075469
"W38683","15Mo",-3.41297483444214,6.12167692184448,5.20027225484579
"W38684","5Ery",1.18463599681854,-6.4449896812439,4.68035542514681
"W38685","6Ery",1.38827991485596,-3.89159107208252,0.816332143200107
"W38686","5Ery",0.985487699508667,-4.36852550506592,0.491721461649647
"W38687","2Ery",2.47124767303467,-6.9946174621582,6.44819413886702
"W38688","3Ery",3.1397168636322,-6.83252716064453,6.22891779839233
"W38689","15Mo",-3.80186605453491,6.87902021408081,5.20027456858116
"W38690","7MEP",0.675695538520813,-1.5692549943924,0.108844230033262
"W38691","3Ery",3.6705117225647,-6.41803359985352,5.23140498827487
"W38692","15Mo",-0.843795418739319,6.06538867950439,1.96634054019093
"W38693","16Neu",-3.74644660949707,7.15294647216797,5.20027688231653
"W38694","6Ery",1.88517510890961,-4.42103338241577,2.37063729114659
"W38695","7MEP",-0.0682016015052795,-0.901161730289459,0.123033720125031
"W38697","6Ery",2.19122290611267,-3.99341440200806,2.23565080350434
"W38698","6Ery",0.766282618045807,-2.89398384094238,1.05912155974956
"W38699","10GMP",-0.593122839927673,1.74836325645447,0.0709786708681554
"W38700","4Ery",1.65215945243835,-5.85265302658081,2.75442573122456
"W38701","13Baso",-0.835658729076385,5.22930383682251,1.27836747870029
"W38702","14Mo",-2.96788001060486,5.85810136795044,4.92831850769223
"W38703","13Baso",-0.513309359550476,5.63388204574585,2.62807547031114
"W38704","3Ery",4.11494302749634,-6.43060255050659,4.70190407070513
"W38705","6Ery",1.82430875301361,-4.47321796417236,2.40340760963317
"W38707","8Mk",-1.00495147705078,-0.521562695503235,0.0179967797119576
"W38709","14Mo",-1.25550472736359,4.97805976867676,1.59580842293619
"W38710","2Ery",1.89689552783966,-8.37055778503418,5.61960589491665
"W38711","9GMP",-0.132644146680832,2.04097485542297,0.063370122351297
"W38712","6Ery",2.23259997367859,-3.94738698005676,2.21527277383299
"W38713","15Mo",-3.34026026725769,6.384690284729,5.2002791960519
"W38714","13Baso",-0.913986623287201,4.6081919670105,1.25468598561244
"W38715","3Ery",0.18567182123661,-6.0421142578125,4.745406530623
"W38716","16Neu",-3.81075382232666,5.69329214096069,5.20028150978727
"W38717","2Ery",2.15454077720642,-8.41167259216309,5.36272909734909
"W38718","9GMP",-0.525255143642426,1.91218900680542,0.152752674917195
"W38719","14Mo",-3.46181535720825,6.0829005241394,5.20028382352264
"W38720","3Ery",3.12770485877991,-5.59746360778809,3.63456614599524
"W38721","14Mo",-1.33948230743408,5.03728532791138,3.49704967564426
"W38722","14Mo",-1.38961887359619,4.83095550537109,3.36902837511732
"W38723","16Neu",-1.31044340133667,5.05289697647095,1.65144104765536
"W38724","14Mo",-1.33391392230988,5.01913070678711,1.67196968173114
"W38726","9GMP",-0.672203183174133,0.657432794570923,0.0117634423081491
"W38727","3Ery",2.93228149414062,-6.74976396560669,6.2289201121277
"W38728","13Baso",-0.53332257270813,7.38879060745239,1.9663428539263
"W38729","10GMP",-0.799591839313507,-0.45846351981163,0.0179990934473284
"W38730","14Mo",-3.07333469390869,5.23309946060181,4.86616823825064
"W38732","3Ery",0.119888454675674,-5.67149209976196,2.7249509032578
"W38733","6Ery",0.702536582946777,-3.41032743453979,0.160091730507653
"W38734","14Mo",-1.2435427904129,4.88426494598389,1.57987858197983
"W38735","4Ery",1.63653874397278,-5.57017707824707,2.74422774233589
"W38736","3Ery",3.8970673084259,-6.63799858093262,5.07517539613055
"W38737","2Ery",0.206315025687218,-6.74217557907104,4.50839160742283
"W38738","2Ery",0.212413936853409,-6.62922096252441,4.6078083206891
"W38739","14Mo",-2.04836416244507,4.73598861694336,2.54444959140452
"W38740","2Ery",0.401846885681152,-6.20739603042603,4.74540884435837
"W38741","8Mk",-0.0207700002938509,-5.39437484741211,2.89780335102205
"W38742","10GMP",-0.839668810367584,3.03707981109619,0.038792316780278
"W38744","10GMP",-0.286385416984558,2.40068769454956,0.433781794958494
"W38745","14Mo",-2.04509568214417,4.8216700553894,2.61771987337804
"W38747","10GMP",-0.237771540880203,1.55051553249359,0.153253187767585
"W38748","16Neu",-2.26955842971802,4.86578321456909,2.45070224701311
"W38750","10GMP",0.0101640317589045,4.3779821395874,0.183921737668412
"W38751","10GMP",0.346785485744476,3.33161497116089,0.0054015018894249
"W38752","13Baso",-0.556380450725555,7.04817628860474,1.96634516766167
"W38753","16Neu",-3.90239214897156,5.8391809463501,5.20028613725801
"W38754","2Ery",0.212786272168159,-6.53595495223999,4.69033124045188
"W38755","16Neu",-3.70293998718262,5.52709627151489,5.20028845099338
"W38756","2Ery",0.240875422954559,-6.81032466888428,4.44484520366418
"W38757","14Mo",-1.21626353263855,5.07199764251709,1.56332545714441
"W38758","11DC",-17.9971771240234,-5.58458614349365,Inf
"W38759","14Mo",-2.31571340560913,5.6642370223999,5.21041579486182
"W38760","11DC",-17.9418888092041,-5.64712905883789,Inf
"W38761","14Mo",-1.90377557277679,4.56609869003296,2.57059019611032
"W38765","13Baso",-0.608325004577637,5.82306432723999,2.80472989155251
"W38767","2Ery",1.87067794799805,-7.67603826522827,5.5487070323209
"W38768","2Ery",3.43817019462585,-7.4133472442627,6.4552765028281
"W38769","16Neu",-3.98304390907288,6.07974529266357,5.20029076472875
"W38770","2Ery",0.213308170437813,-6.5283784866333,4.69699253021878
"W38771","2Ery",1.59599375724792,-7.54229784011841,5.83465843827171
"W38772","14Mo",-1.28643727302551,4.95172691345215,1.62376195312519
"W38773","5Ery",0.297504425048828,-6.23387479782104,4.74541115809374
"W38774","2Ery",0.669562101364136,-6.12086629867554,4.74541347182911
"W38775","7MEP",0.754503011703491,-1.03404581546783,0.00936838750472424
"W38776","9GMP",-0.088738352060318,1.79442262649536,0.0936793876643786
"W38777","2Ery",1.39562845230103,-6.92965316772461,4.29333831660492
"W38778","10GMP",-0.333418309688568,1.92756700515747,0.168644228266946
"W38779","7MEP",-0.0998271331191063,-1.18348670005798,0.12303140638966
"W38781","6Ery",1.21500933170319,-3.1774320602417,1.23037772653005
"W38782","15Mo",-1.68490779399872,6.04523754119873,3.54240687811036
"W38783","5Ery",1.16202759742737,-6.3833909034729,4.57437006309338
"W38784","5Ery",1.15877211093903,-6.73244714736938,4.42830265298161
"W38785","15Mo",-3.54943680763245,7.53108596801758,5.20029307846412
"W38786","14Mo",0.0920925363898277,7.31198120117188,1.4413613914013
"W38788","8Mk",-1.71824479103088,-0.232731655240059,0.0180014071826993
"W38789","14Mo",0.0804212391376495,6.91337156295776,1.44136370513667
"W38790","15Mo",-3.16466307640076,7.70374870300293,5.20029539219949
"W38791","4Ery",2.48243618011475,-4.14082145690918,2.92965307273502
"W38793","14Mo",-0.790946185588837,6.75536823272705,1.96634748139704
"W38794","13Baso",-0.710864067077637,1.95189702510834,0.0293637859218921
"W38795","6Ery",0.39944514632225,-1.90163910388947,0.18311906354912
"W38796","4Ery",3.3464024066925,-5.22121238708496,3.63889069383175
"W38797","13Baso",-0.09200619161129,7.0759449005127,1.5805353776286
"W38798","4Ery",2.55593872070312,-6.32179403305054,5.99601397847838
"W38799","9GMP",0.0575025118887424,2.6260507106781,0.400790032569048
"W38800","3Ery",4.16115045547485,-6.00853776931763,4.26213513582204
"W38801","8Mk",-1.51004636287689,-0.0812196806073189,0.0180037209180701
"W38802","8Mk",-1.66600453853607,-0.0824905335903168,0.018006034653441
"W38803","15Mo",-3.46784734725952,7.51966571807861,5.20029770593487
"W38804","2Ery",2.51294779777527,-7.80170726776123,6.23521504363859
"W38805","12Baso",0.49624702334404,0.970297753810883,0.640125611618467
"W38806","3Ery",3.03875875473022,-4.52055025100708,2.59388937348104
"W38807","15Mo",-3.81115365028381,7.58520269393921,5.20030001967024
"W38808","15Mo",-3.22746729850769,7.73275136947632,5.20030233340561
"W38809","9GMP",-0.20673468708992,1.97825503349304,0
"W38810","3Ery",4.03591108322144,-6.11249303817749,4.29617608097886
"W38811","10GMP",-0.0803394094109535,3.3148946762085,0.257271907784415
"W38812","15Mo",-3.45354318618774,7.02127981185913,5.20030464714098
"W38813","16Neu",-3.77895736694336,7.26225709915161,5.20030696087635
"W38814","4Ery",2.88883519172668,-5.07997512817383,2.63974827803452
"W38815","3Ery",3.2546660900116,-4.67149209976196,2.72512480720154
"W38816","14Mo",-0.336351424455643,7.03840732574463,1.79635915399514
"W38818","3Ery",3.56650376319885,-5.0991644859314,3.63551148371495
"W38819","16Neu",-4.06948804855347,7.2363715171814,5.20030927461172
"W38820","6Ery",1.9397509098053,-4.06024742126465,1.51489943873021
"W38821","5Ery",1.48243474960327,-5.07057523727417,2.06849536282174
"W38822","13Baso",-0.664619624614716,3.72410178184509,0.0963284720893423
"W38823","13Baso",-0.294469356536865,7.15761470794678,1.76904042599872
"W38824","11DC",-17.925537109375,-5.65087366104126,Inf
"W38825","13Baso",-0.114939160645008,7.16319131851196,1.60858433695369
"W38826","8Mk",-1.45996963977814,-0.196415051817894,0.0180083483888118
"W38827","2Ery",2.26831912994385,-7.24618339538574,5.77411410913624
"W38828","13Baso",-0.378753572702408,6.18846082687378,1.76143557765501
"W38829","13Baso",-1.40115988254547,7.59002685546875,3.53901801738697
"W38830","8Mk",-1.50468945503235,0.228848606348038,0.0180106621241827
"W38831","8Mk",-1.31247532367706,-0.161534905433655,0.0180129758595535
"W38832","15Mo",-3.53564500808716,7.61842775344849,5.20031158834709
"W38833","14Mo",-0.169784262776375,6.93508100509644,1.63818514316855
"W38834","14Mo",-3.23739886283875,5.7179479598999,5.0614500599326
"W38836","6Ery",0.675398051738739,-2.16831469535828,0.507357371313028
"W38837","5Ery",1.56221604347229,-5.13983488082886,2.0916545301068
"W38838","15Mo",-2.88047194480896,6.45991516113281,4.99661953248147
"W38839","7MEP",-0.479632467031479,-1.09385573863983,0.123029092654289
"W38840","15Mo",-3.85071516036987,7.05978298187256,5.20031390208246
"W38841","15Mo",-3.10519099235535,7.55097675323486,5.20031621581783
"W38843","6Ery",2.55121421813965,-4.12335968017578,2.91175616267439
"W38845","12Baso",-0.59351921081543,1.88032472133636,0.0569387799123982
"W38846","2Ery",2.23791193962097,-7.30586862564087,5.68948613455019
"W38847","13Baso",-0.0573494508862495,7.37092733383179,1.57477664950328
"W38848","3Ery",0.797699749469757,-1.2720422744751,0.449774095774087
"W38849","4Ery",3.52411246299744,-5.23473358154297,3.63279118477113
"W38850","14Mo",-2.77561640739441,5.58009338378906,4.91364176129312
"W38851","10GMP",-0.383514523506165,3.45517158508301,0.260525955575117
"W38852","16Neu",-4.30719375610352,6.49986982345581,5.2003185295532
"W38853","15Mo",-3.90467524528503,7.44758033752441,5.20032084328857
"W38854","6Ery",-0.319719195365906,-1.13989782333374,0.123026778918919
"W38855","13Baso",0.550464630126953,4.60399341583252,0.103024356441561
"W38858","15Mo",-3.55822849273682,7.56045627593994,5.20032315702394
"W38859","6Ery",0.759719550609589,-1.67051613330841,0.0196864668034165
"W38860","2Ery",2.58777284622192,-7.76974487304688,6.23723804471717
"W38861","15Mo",-3.34127116203308,7.23718690872192,5.20032547075931
"W38862","3Ery",3.94768953323364,-6.17849588394165,4.31601594911954
"W38863","13Baso",-2.63977456092834,6.76039981842041,4.91285747609377
"W38864","6Ery",1.05953645706177,-2.63360261917114,1.0305809403288
"W38865","13Baso",-0.0162881854921579,6.34071493148804,1.44136601887205
"W38866","9GMP",-0.705931425094604,2.31570434570312,0.316764117735689
"W38867","10GMP",-0.146110534667969,2.14538526535034,0.17290463154132
"W38868","10GMP",-0.0112456735223532,3.92852354049683,0.182060833352352
"W38869","14Mo",-0.575692713260651,6.91663503646851,1.96634979513241
"W38870","2Ery",2.50909328460693,-7.69941997528076,6.23086837837509
"W38871","6Ery",0.258370369672775,-1.79126572608948,0.0726320533983832
"W38872","10GMP",0.287420988082886,3.0537486076355,0.00194881043277821
"W38873","7MEP",0.200519874691963,-0.81410425901413,0.18669141770682
"W38874","6Ery",0.735140860080719,-1.3872138261795,0.315811816613873
"W38875","14Mo",-1.58863699436188,5.43183755874634,2.95889688401981
"W38876","2Ery",3.5010073184967,-7.27922582626343,6.27286228254287
"W38877","2Ery",2.32246446609497,-7.4756555557251,5.63938553949056
"W38878","7MEP",0.109995946288109,-0.762758433818817,0.222063691592967
"W38879","5Ery",1.87211489677429,-6.04631996154785,2.75442804495993
"W38880","13Baso",0.0373769477009773,6.78161144256592,1.44136833260742
"W38881","13Baso",-0.125014901161194,7.25930786132812,1.62586615251694
"W38882","14Mo",-0.581519901752472,7.04996490478516,1.96635210886778
"W38883","3Ery",4.16211032867432,-6.57048225402832,4.71946808716427
"W38884","13Baso",-0.0517957545816898,7.29193735122681,1.56300892412153
"W38886","4Ery",3.40632319450378,-5.4125599861145,3.6312048397969
"W38887","3Ery",3.94794034957886,-6.02222061157227,4.22659237755397
"W38889","2Ery",3.44469952583313,-8.15804481506348,6.25182985567741
"W38890","15Mo",-3.62931680679321,7.45554399490356,5.20032778449468
"W38891","7MEP",0.628077745437622,-1.11682891845703,0.00514704537648414
"W38892","1Ery",3.08297967910767,-8.57633399963379,6.25183216941278
"W38893","15Mo",-3.87989687919617,7.43525838851929,5.20033009823005
"W38894","2Ery",3.17279458045959,-6.01971817016602,5.61982755191007
"W38895","13Baso",-1.86243367195129,5.66482973098755,4.0411741755525
"W38896","8Mk",-1.20872700214386,-0.244589671492577,0.0180152895949244
"W38897","9GMP",-0.701496660709381,3.60150384902954,0.264899094043793
"W38899","11DC",-17.9167079925537,-5.63914966583252,Inf
"W38900","8Mk",-1.57029247283936,-0.228656709194183,0.0180176033302952
"W38901","17Neu",0.647798180580139,0.840582966804504,0.512868833637314
"W38902","13Baso",0.545402109622955,4.52735710144043,0.159440871238609
"W38903","13Baso",-0.204696819186211,4.00619268417358,0.14966855025581
"W38904","13Baso",-2.5567901134491,7.63032341003418,3.53902033112234
"W38905","3Ery",4.08392906188965,-6.02177667617798,4.25400428823915
"W38906","12Baso",0.256499052047729,-0.508186161518097,0.627791474378128
"W38907","16Neu",-3.86980414390564,7.55844211578369,5.20033241196542
"W38908","10GMP",-0.189099878072739,3.66008186340332,0.553371275081242
"W38909","15Mo",-3.83907389640808,7.30714988708496,5.20033472570079
"W38910","7MEP",0.380238384008408,-1.54232954978943,0.102551954873109
"W38911","13Baso",-0.918329179286957,3.78082180023193,0.172107782224077
"W38912","13Baso",-0.0254514664411545,7.20705890655518,1.53210165334262
"W38913","14Mo",-2.65513849258423,7.46277475357056,5.06278036407343
"W38914","16Neu",-4.18022394180298,7.31900835037231,5.20033703943616
"W38915","3Ery",3.56428551673889,-5.20968294143677,3.63225363492553
"W38916","7MEP",0.202241331338882,-1.37612211704254,0.0751160568948172
"W38917","13Baso",0.116267956793308,6.25681686401367,1.44137064634279
"W38918","13Baso",-0.199730306863785,6.1227388381958,1.59531378231566
"W38919","3Ery",3.07512855529785,-5.88624954223633,3.62754307058528
"W38920","1Ery",3.7961573600769,-7.87715148925781,6.43967782101261
"W38921","14Mo",-0.0761406868696213,7.08390760421753,1.56698320394123
"W38922","15Mo",-3.45015931129456,7.13257932662964,5.20033935317153
"W38923","10GMP",-0.208414986729622,3.08822774887085,0.03583964346121
"W38924","15Mo",-1.99078154563904,6.30348634719849,3.64255282733905
"W38925","4Ery",3.28309869766235,-5.06064653396606,2.81856812638851
"W38926","9GMP",-0.770847320556641,0.718236446380615,0.01176575604352
"W38927","14Mo",-2.50537204742432,7.55372476577759,3.53902264485771
"W38928","9GMP",-0.00965579319745302,3.46256589889526,0.0393233332417871
"W38929","13Baso",0.0437805764377117,2.84154963493347,0.00197562981784741
"W38930","10GMP",-0.0400799587368965,2.06559371948242,0.0953903949313542
"W38931","9GMP",-0.166590288281441,1.73003673553467,0.233385626793708
"W38932","5Ery",1.3157399892807,-4.14958429336548,0.74980803146159
"W38933","2Ery",2.03425455093384,-7.216148853302,5.5387747702706
"W38934","7MEP",0.522377073764801,-1.23739910125732,0.45439766074061
"W38935","13Baso",-0.127378612756729,6.63754558563232,1.57462288433323
"W38937","6Ery",1.46958422660828,-3.50966930389404,0.233741647376866
"W38938","7MEP",-0.280913531780243,-0.985100030899048,0.123024465183548
"W38939","10GMP",0.0811551436781883,2.54980325698853,0.331726196203649
"W38940","7MEP",0.334773868322372,-1.157559633255,0.0764192633544156
"W38941","10GMP",-0.565163373947144,3.08792662620544,0.0387946305156489
"W38942","3Ery",2.44359850883484,-5.96507358551025,2.7544303586953
"W38943","5Ery",3.57237386703491,-5.44984769821167,3.62475068309603
"W38944","10GMP",-0.156240925192833,0.260765999555588,0.202348084114043
"W38945","6Ery",0.522555768489838,-1.84570038318634,0.147282749398704
"W38947","8Mk",-1.57184791564941,-0.0465298071503639,0.0180199170656661
"W38948","4Ery",2.95175695419312,-5.95043087005615,5.84961586019473
"W38949","14Mo",-0.240441560745239,6.55242204666138,1.6686875100025
"W38950","16Neu",-3.94837856292725,7.28252029418945,5.2003416669069
"W38951","14Mo",-1.52655529975891,6.63232421875,3.53902495859308
"W38952","10GMP",-0.260208189487457,3.38101410865784,0.253248253035622
"W38953","10GMP",-0.463131129741669,2.16449928283691,0.172596272559702
"W38954","13Baso",-0.00101697072386742,6.94143915176392,1.4874080281779
"W38955","7MEP",0.715360820293427,-0.81518417596817,0.0323997287812617
"W38956","15Mo",-3.99728488922119,7.31043481826782,5.20034398064227
"W38957","10GMP",0.0218460205942392,2.65942525863647,0.411230755884488
"W38958","15Mo",-2.42117619514465,7.45142126083374,3.53902727232845
"W38959","15Mo",-3.28591561317444,7.40396642684937,5.20034629437764
"W38960","14Mo",-1.30030608177185,3.87070155143738,2.71780800522284
"W38961","5Ery",1.88267886638641,-4.76298522949219,2.31071782317732
"W38962","13Baso",0.0493205562233925,6.91584968566895,1.44137296007816
"W38963","9GMP",-0.233390837907791,0.666992127895355,0.0362414556940187
"W38964","7MEP",0.399069845676422,-0.870860397815704,0.107283134610958
"W38965","14Mo",-3.1794068813324,7.04332542419434,5.20034860811301
"W38966","6Ery",1.41956174373627,-3.85317540168762,0.846335462751156
"W38967","2Ery",2.66691374778748,-7.87560510635376,6.24508178197155
"W38968","8Mk",-1.36917972564697,-0.202646344900131,0.0180222308010369
"W38969","7MEP",-0.0424575619399548,-1.43437373638153,0.123022151448177
"W38970","5Ery",1.6653425693512,-5.1850209236145,2.0696876522425
"W38971","7MEP",-0.340018779039383,-0.785876512527466,0.0180245445364078
"W38972","13Baso",0.311662644147873,6.0203104019165,1.44137527381353
"W38973","7MEP",0.715297818183899,-0.782472014427185,0.0378957931849405
"W38974","5Ery",2.65919065475464,-5.46176242828369,2.61200548056242
"W38975","8Mk",-1.44173896312714,0.135218396782875,0.0180268582717786
"W38976","2Ery",3.12628078460693,-8.16165637969971,6.25183448314815
"W38977","2Ery",3.04740333557129,-7.39400863647461,6.24233252042461
"W38978","4Ery",2.74213290214539,-5.90267276763916,2.74139166619354
"W38979","14Mo",-1.40391433238983,6.01985311508179,3.57280336405349
"W38980","15Mo",-3.86280584335327,7.53950691223145,5.20035092184838
"W38981","13Baso",0.320938020944595,4.93286991119385,0.0203964720488086
"W38982","3Ery",3.57268619537354,-6.27627277374268,4.29570190070155
"W38983","2Ery",3.10047793388367,-5.85814046859741,3.62757953882208
"W38985","5Ery",1.93750774860382,-3.9106137752533,1.54785508612
"W38987","13Baso",0.172377496957779,5.83878564834595,1.35935459075148
"W38989","3Ery",2.90742135047913,-5.69570779800415,2.77534702581513
"W38990","6Ery",0.0591791793704033,-1.28853893280029,0.123019837712806
"W38991","8Mk",-1.37899470329285,-0.191761404275894,0.0180291720071495
"W38992","6Ery",1.23171865940094,-2.78485894203186,1.10969262090542
"W38993","15Mo",-4.21737623214722,7.23578786849976,5.20035323558375
"W38994","2Ery",3.733642578125,-6.05308771133423,4.20066666778154
"W38996","5Ery",1.71135234832764,-6.10033941268921,4.50329878280369
"W38997","6Ery",0.761064529418945,-1.55900025367737,0.130454071610104
"W38998","9GMP",-0.493635892868042,1.75605344772339,0.011653505616742
"W38999","8Mk",-1.38732135295868,-0.0120877614244819,0.0180314857425203
"W39000","15Mo",-3.23208379745483,7.3977575302124,5.20035554931913
"W39001","13Baso",-0.212253719568253,7.5178542137146,1.72624877359101
"W39002","10GMP",-0.113802693784237,3.28440761566162,0.220063758416099
"W39003","15Mo",-4.26998281478882,6.61226892471313,5.2003578630545
"W39004","15Mo",-3.52216506004333,7.56752443313599,5.20036017678987
"W39005","2Ery",2.86801242828369,-7.58711624145508,6.24223640328645
"W39006","13Baso",-0.129528507590294,6.75322246551514,1.58648258971482
"W39007","14Mo",-0.798827946186066,6.1926965713501,1.96635442260315
"W39008","9GMP",-1.20593440532684,-0.25351282954216,0.0180337994778912
"W39009","2Ery",2.84720301628113,-7.26460266113281,6.22814699361651
"W39010","3Ery",3.1532678604126,-5.88088274002075,4.37040696192449
"W39011","17Neu",0.549455165863037,0.949184715747833,0.616014758933957
"W39012","16Neu",-4.23498487472534,6.44085311889648,5.20036249052524
"W39013","13Baso",-0.133036062121391,5.72149229049683,1.27297972486605
"W39015","6Ery",1.00597429275513,-3.68283939361572,0.0611150446228035
"W39017","13Baso",0.0977477431297302,7.06258916854858,1.4413775875489
"W39018","10GMP",0.0387933328747749,2.38393592834473,0.108105239185751
"W39019","13Baso",-0.605658888816833,5.94365167617798,1.94384718708355
"W39020","13Baso",-0.267754465341568,5.77750492095947,1.62667820474194
"W39021","2Ery",1.91777038574219,-6.32503890991211,4.23213948637949
"W39022","6Ery",0.560306489467621,-0.647567510604858,0.479594264437216
"W39023","15Mo",-2.87157654762268,7.56856298446655,5.20036480426061
"W39024","14Mo",-2.86357688903809,6.48883104324341,4.99230455863914
"W39025","14Mo",-0.777936279773712,7.09647750854492,1.96635673633852
"W39026","13Baso",0.136109918355942,5.12224674224854,1.48293342054421
"W39027","14Mo",-0.632258176803589,5.44159412384033,2.4253393716845
"W39028","6Ery",1.29186737537384,-3.8287193775177,0.190103472471308
"W39029","13Baso",-0.258714228868484,5.81191205978394,1.62152168484497
"W39030","17Neu",0.233519047498703,0.438789665699005,0.225652119332248
"W39031","2Ery",2.24583148956299,-6.01609992980957,2.75443267243067
"W39032","6Ery",0.658059775829315,-1.65997886657715,0
"W39033","7MEP",0.538942515850067,-0.918958961963654,0.0620056278332437
"W39034","10GMP",-0.668443024158478,3.58646178245544,0.264239359186345
"W39035","10GMP",0.0709395110607147,3.41759300231934,0.0477092713675258
"W39036","6Ery",1.21050727367401,-3.91016697883606,0.286783508315743
"W39037","15Mo",-3.6831796169281,6.13288402557373,5.20036711799598
"W39038","15Mo",-4.27606916427612,6.5058536529541,5.20036943173135
"W39039","6Ery",0.281054705381393,-1.03951811790466,0.110470490205113
"W39040","4Ery",2.63271260261536,-5.60109043121338,2.62846642445624
"W39041","8Mk",-1.61031889915466,0.00853361375629902,0.018036113213262
"W39042","6Ery",0.370217680931091,-1.59081017971039,0.0481335899498302
"W39043","13Baso",-0.784209251403809,4.39848756790161,1.16141104588806
"W39044","13Baso",-0.338073402643204,4.43154668807983,0.08725165112595
"W39045","5Ery",1.27520072460175,-5.1713171005249,2.33680033557214
"W39047","10GMP",-0.38331937789917,2.58034229278564,0.00349962993693567
"W39048","10GMP",-1.6626603603363,0.0417196750640869,0.0180384269486329
"W39050","10GMP",-0.476406216621399,3.17311143875122,0.0387969442510197
"W39051","2Ery",1.41530156135559,-6.83067512512207,4.31745934721653
"W39052","11DC",-17.9430522918701,-5.67340898513794,Inf
"W39053","16Neu",-4.2969274520874,6.51701211929321,5.20037174546672
"W39054","14Mo",-2.6537971496582,6.97156715393066,4.96355350907156
"W39055","5Ery",1.3752623796463,-5.0279712677002,2.09642411091089
"W39056","10GMP",0.212694182991982,2.68332290649414,0.587955520072535
"W39057","6Ery",1.47736990451813,-3.84705710411072,0.882076223748631
"W39058","2Ery",1.98521888256073,-7.19220685958862,5.50447521474271
"W39059","10GMP",0.433450818061829,4.13910150527954,0.41173931791613
"W39060","15Mo",-3.94837260246277,6.63675022125244,5.20037405920209
"W39061","16Neu",-4.38136148452759,6.89036655426025,5.20037637293746
"W39062","6Ery",0.521686315536499,-1.73288631439209,0.0491978362970291
"W39064","10GMP",-0.0120883341878653,2.88865828514099,0.00893314508581086
"W39065","15Mo",-3.326740026474,7.51512956619263,5.20037868667283
"W39066","13Baso",-0.0304298810660839,7.01346397399902,1.51995328645863
"W39067","5Ery",1.06012737751007,-4.01585721969604,0.416827259682289
"W39068","7MEP",0.32480126619339,-0.727705061435699,0.321632113742016
"W39069","4Ery",2.32979893684387,-5.88955497741699,2.75443498616604
"W39070","7MEP",0.0432833507657051,-1.28120899200439,0.123017523977435
"W39071","3Ery",2.2478940486908,-4.66528749465942,2.07523165568295
"W39073","13Baso",-2.03421473503113,7.22028875350952,3.53902958606382
"W39074","13Baso",-0.275234252214432,7.21720743179321,1.75690412912823
"W39075","13Baso",-0.75953871011734,3.75747847557068,0.110039491110652
"W39076","3Ery",2.88088607788086,-6.1161060333252,6.22892242586307
"W39077","1Ery",3.25641417503357,-8.3396520614624,6.25183679688353
"W39078","15Mo",-2.8764636516571,6.2836480140686,4.95890389125515
"W39079","8Mk",0.49304074048996,-0.631076753139496,0.480542871808796
"W39081","7MEP",0.691349744796753,-0.5157310962677,0.558779958902707
"W39082","7MEP",0.405487358570099,-0.596114754676819,0.497565466393796
"W39083","13Baso",-0.655425250530243,2.09312772750854,0.232368705107209
"W39084","13Baso",0.0330512188374996,4.67851161956787,0
"W39085","5Ery",1.21842300891876,-5.29665803909302,3.11249440646677
"W39087","6Ery",0.417277693748474,-1.93582081794739,0.21465317212027
"W39088","15Mo",-3.58815956115723,7.69064855575562,5.2003810004082
"W39089","13Baso",-0.227325662970543,5.8927116394043,1.60031394002276
"W39090","14Mo",-1.60764670372009,6.60328197479248,3.53903189979919
"W39091","10GMP",0.692726314067841,-0.793610513210297,0.0420448433582683
"W39092","13Baso",-0.92205399274826,5.13071393966675,1.28804133172861
"W39093","7MEP",0.180427357554436,-1.00075542926788,0.123015210242064
"W39094","15Mo",-3.73921298980713,6.20933198928833,5.20038331414357
"W39095","8Mk",-1.35670292377472,0.386112451553345,0.0117680697788908
"W39096","9GMP",0.331858307123184,2.85780382156372,0.636840836342252
"W39097","4Ery",1.8905256986618,-5.20680618286133,2.02863375492137
"W39098","17Neu",-0.0504461862146854,0.575171411037445,0.10789260334757
"W39099","2Ery",1.68733978271484,-7.26672983169556,5.69346625895011
"W39100","14Mo",-0.499492853879929,5.53521299362183,2.51657061356267
"W39101","15Mo",-3.39841556549072,7.17132949829102,5.20038562787894
"W39103","14Mo",-0.89871883392334,6.82529592514038,1.96635905007389
"W39104","6Ery",2.37502074241638,-4.24931764602661,2.06213088287503
"W39105","6Ery",0.783708691596985,-1.38568639755249,0.323379428046049
"W39106","10GMP",0.0505230352282524,3.12638688087463,0.0222192105069339
"W39107","6Ery",0.819662511348724,-1.29004156589508,0.43268758733318
"W39109","13Baso",-0.212971642613411,5.01341772079468,0.132669560051037
"W39110","6Ery",0.597872257232666,-1.81472492218018,0.128178307078243
"W39111","12Baso",-0.120916798710823,1.14251041412354,0.114151533683618
"W39112","3Ery",3.75886297225952,-5.520179271698,4.38801625709003
"W39113","13Baso",-0.589965403079987,4.99755811691284,1.46599528631349
"W39114","13Baso",-0.24104318022728,5.58654260635376,1.15655992860009
"W39115","16Neu",-3.94970870018005,6.15852308273315,5.20038794161431
"W39116","10GMP",0.188303306698799,4.40111827850342,0.195625128658936
"W39117","16Neu",-4.24531030654907,6.57911539077759,5.20039025534968
"W39118","13Baso",-0.88253915309906,5.68930959701538,2.51263752077495
"W39119","5Ery",1.62915396690369,-5.85304594039917,2.75443729990141
"W39120","2Ery",3.15869903564453,-7.38646793365479,6.7468865148774
"W39121","9GMP",-0.140335187315941,-0.172863647341728,0.0553441137729419
"W39122","16Neu",-4.3011155128479,7.00183391571045,5.20039256908505
"W39123","8Mk",-1.21838283538818,-0.284935474395752,0.0180407406840037
"W39124","11DC",-17.9838581085205,-5.71452522277832,Inf
"W39125","13Baso",-0.285599738359451,4.7213568687439,0.065595898847549
"W39126","10GMP",-0.679248154163361,2.14178061485291,0.24634818399946
"W39127","5Ery",2.46776485443115,-4.85674333572388,2.81185948232981
"W39128","15Mo",-3.00807070732117,6.61389493942261,5.10379692503333
"W39129","13Baso",-0.150899887084961,7.0850944519043,1.63412550625683
"W39130","9GMP",0.0529621876776218,2.08085703849792,0.117555118531505
"W39131","14Mo",-2.34166669845581,5.89897775650024,5.14957253156222
"W39134","13Baso",-1.03202140331268,4.13472843170166,1.34298648441101
"W39135","14Mo",-0.156081661581993,5.63309335708618,1.19337935096244
"W39137","15Mo",-4.13745260238647,6.39305019378662,5.20039488282042
"W39138","15Mo",-3.58171558380127,7.03346347808838,5.20039719655579
"W39139","10GMP",-0.332836657762527,2.84440875053406,0.0260232430141567
"W39140","15Mo",-3.98755669593811,7.00710248947144,5.20039951029116
"W39141","16Neu",-4.24429845809937,6.52175378799438,5.20040182402653
"W39142","6Ery",1.06148612499237,-3.78006958961487,0.160910755327805
"W39143","2Ery",2.13566255569458,-6.47755861282349,4.23214180011487
"W39144","13Baso",-0.522008419036865,6.8914213180542,1.95018809207784
"W39145","5Ery",0.329413324594498,-2.22135496139526,0.412684037341908
"W39146","7MEP",0.0291212368756533,-0.582187831401825,0.561601333248069
"W39148","6Ery",0.572343528270721,-2.22772097587585,0.515629695690836
"W39149","13Baso",0.168491646647453,5.85999488830566,1.3791094188126
"W39150","2Ery",2.05713200569153,-7.3272271156311,5.46984099800835
"W39151","11DC",-17.8960304260254,-5.62146711349487,Inf
"W39152","7MEP",-0.0321065820753574,-0.970148742198944,0.123012896506693
"W39153","13Baso",-2.8836145401001,5.48710298538208,4.85742956558004
"W39154","2Ery",1.92374920845032,-6.55201816558838,4.23214411385024
"W39155","14Mo",-0.0293883606791496,5.9063286781311,1.43552304529971
"W39156","13Baso",-0.0101130753755569,5.92644786834717,1.44137990128427
"W39157","8Mk",-1.59085524082184,0.0315967574715614,0.0180430544193746
"W39158","13Baso",-0.865755319595337,3.82254195213318,0.0920113503955402
"W39159","7MEP",-1.16401302814484,0.414391905069351,0.0117703835142617
"W39160","10GMP",-0.265281140804291,3.26583051681519,0.111685331168553
"W39161","10GMP",0.102992817759514,2.68746852874756,0.506910049084019
"W39162","14Mo",-2.46591067314148,7.15359163284302,3.53903421353457
"W39163","16Neu",-4.12887811660767,7.14210891723633,5.2004041377619
"W39164","2Ery",1.71831655502319,-6.43784952163696,4.23214642758561
"W39165","13Baso",-0.38496607542038,6.0756049156189,1.75731807745952
"W39166","7MEP",0.708663821220398,-0.936170279979706,0.013932744515389
"W39167","15Mo",-2.72090315818787,7.12872409820557,5.0351762334892
"W39168","3Ery",2.54901838302612,-6.1991662979126,5.99601629221375
