"cell_id","paul15_clusters","dim1","dim2","pseudotime"
"W31105","7MEP",-0.00922687163931625,-0.0219730605218562,0.00643040700015819
"W31106","15Mo",-0.0232686276502589,0.144106565006678,0.0337736947857343
"W31107","3Ery",0.132133786100891,-0.192678279284939,0.0933290025197821
"W31108","15Mo",-0.0727618240703336,0.212782426290698,0.0604964572922934
"W31109","3Ery",0.112373283978522,-0.187424761190421,0.0933290213748282
"W31110","15Mo",-0.0287532783411558,0.0991741726512899,0.0118928569887211
"W31111","4Ery",0.0805195769920684,-0.118190373056064,0.0759250793289026
"W31113","2Ery",0.0310148004923405,-0.0635659221833607,0.00407990398568567
"W31114","3Ery",0.0728187639873597,-0.0960930860478865,0.0711950002696491
"W31115","2Ery",0.0762741922755626,-0.199389152179429,0.0933290402298743
"W31116","2Ery",0.0431127155329918,-0.159038676802087,0.0933290590849205
"W31117","17Neu",-0.00965064677058207,0.0400857155650549,0.0141326066187746
"W31118","14Mo",-0.0205948188866341,0.124480980086275,0.024810735557188
"W31119","13Baso",-0.008599107264827,0.0996228855384372,0.00044499626412707
"W31120","3Ery",0.0774345055812787,-0.165227112040414,0.0933290779399666
"W31121","7MEP",-0.00582821153061892,-0.0279258602082065,0.0018327216133956
"W31122","3Ery",0.104883995948212,-0.144336330024264,0.0933290967950128
"W31123","3Ery",0.0815011683623956,-0.17081806443014,0.0933291156500589
"W31124","2Ery",0.0804246227278897,-0.208255342399367,0.093329134505105
"W31125","8Mk",-0.0997258636584499,-0.0214921992424176,0.013085057183412
"W31126","3Ery",0.0480662219610044,-0.0928433443508719,0.0390506602107501
"W31127","9GMP",-0.015655819951869,0.0661883317462556,0.00161882209687569
"W31128","8Mk",-0.034254631801438,0.00341060993612051,0.00736442928602729
"W31129","10GMP",-0.0188584317512583,0.0563789451367364,0.00147591871065073
"W31130","15Mo",-0.0272259251426359,0.139416215424954,0.0321358258472254
"W31131","16Neu",-0.054243033139407,0.17217154626994,0.0503092866609096
"W31132","4Ery",0.0367543388989118,-0.140998093341188,0.0797178642343621
"W31133","13Baso",-0.00408328993541118,0.0561677124710793,0.00130900237941256
"W31134","17Neu",-0.0152034880370591,0.0247279362072058,0.00413730996268229
"W31136","3Ery",0.122329638870571,-0.135262904191179,0.0933291533601512
"W31137","2Ery",0.08926900929269,-0.1612178866315,0.0933291722151973
"W31138","3Ery",0.104551867797929,-0.127537798808435,0.0933291910702434
"W31139","5Ery",0.0196093117995717,-0.0738952083211846,0.0143032685799702
"W31140","3Ery",0.104841339530519,-0.132134697119233,0.0933292099252896
"W31141","13Baso",0.0105663980863855,0.102842837434464,0.000561462031814709
"W31142","1Ery",0.0934192191170367,-0.350350266254842,0.0933292287803357
"W31143","3Ery",0.117018674048468,-0.192980659399705,0.0933292476353818
"W31144","6Ery",0.0424409088859404,-0.115073012320813,0.0684180282102432
"W31145","15Mo",-0.0822359091780205,0.152681903229147,0.416813618419978
"W31146","3Ery",0.0433214827527915,-0.113743215956559,0.0688705818933265
"W31147","3Ery",0.088543515606003,-0.163156200663991,0.093329266490428
"W31148","14Mo",-0.0156607871871256,0.162353627018929,0.0349904396412611
"W31150","12Baso",-0.000413407162219959,0.0381282117253935,0.0111277045786752
"W31151","3Ery",0.18972651045074,-0.195867758468427,0.0933292853454741
"W31152","14Mo",0.0192143626285258,0.143088391968577,0.024728114294283
"W31153","6Ery",0.0683670020005486,-0.0765913581702174,0.0397718019479263
"W31154","4Ery",0.0593095358923121,-0.155389922937113,0.0933293042005202
"W31155","7MEP",-0.0155444009403562,0.0191860870303001,0.000240988995545882
"W31156","2Ery",0.0583087882333544,-0.177409605474542,0.0933293230555664
"W31157","13Baso",0.000268431599736834,0.0672911936852759,0.00372931135559039
"W31158","14Mo",-0.0683427574754499,0.145413844635001,0.0604964761473396
"W31159","6Ery",0.0408732780654185,-0.0778129437783516,0.0217977929248761
"W31160","18Eos",-0.240412883984469,0.0570686808313166,0.256725209059595
"W31161","4Ery",0.0742105702160232,-0.159809400159924,0.0933293419106125
"W31162","3Ery",0.0344491181691374,-0.139568927382989,0.0760407671833125
"W31163","3Ery",0.063510357634347,-0.131378494735923,0.0842987743073491
"W31164","14Mo",0.00284580916757209,0.121185600887892,0.019783539572548
"W31165","2Ery",0.0919969008866945,-0.205060696955811,0.0933293607656586
"W31166","13Baso",-0.00649269865865546,0.134402773933778,0.0248107544122342
"W31167","2Ery",0.087993849233836,-0.207769121227421,0.0933293796207048
"W31168","13Baso",-0.00827247667916746,0.175737487444266,0.0349904584963072
"W31169","13Baso",0.00919088435762621,0.138920863835745,0.0247281331493291
"W31170","14Mo",-0.0199707071773838,0.16711556590746,0.0315280207018041
"W31171","7MEP",-0.024102433507736,-0.0331388810423545,0.00179293873195798
"W31172","7MEP",0.0542371139142871,-0.103057141782596,0.0717137847086559
"W31173","7MEP",-0.00224576395203711,-0.00308152328390998,0.0176179127006346
"W31174","10GMP",0.0261856342043878,0.0814948338906098,0.0185333095220672
"W31175","12Baso",0.00529223300031294,0.0387046443966122,0.0105460185039272
"W31176","6Ery",0.0195064247840562,-0.0501412615126806,0.0233750262926099
"W31177","5Ery",0.027239388847106,-0.0869072330196908,0.0429204396014082
"W31178","5Ery",0.0137785221912276,-0.0690516069215167,0.00368282121697775
"W31179","14Mo",-0.0610207340914438,0.138569540760088,0.0572482647550504
"W31180","4Ery",0.0612497566177655,-0.163569997296456,0.0933293984757509
"W31181","16Neu",-0.0771451998174446,0.123956182685958,0.414494155079967
"W31182","16Neu",-0.0859429995964954,0.157691545045206,0.413905424898352
"W31183","3Ery",0.100775847760343,-0.149517036536268,0.0933294173307971
"W31184","2Ery",0.0562566396396228,-0.176224039606318,0.0933294361858432
"W31185","6Ery",0.0411517832309479,-0.141558068015263,0.0844088995088972
"W31186","13Baso",0.0136680195823448,0.122836115592944,0.0175201179967891
"W31187","13Baso",0.004493668474888,0.0715926690373217,0.00151344844299292
"W31188","10GMP",0.00360312654246996,0.0709231809247806,0.00181628896358769
"W31189","14Mo",-0.0624698613598667,0.138777904451323,0.0587024071459453
"W31190","5Ery",0.0237654775368138,-0.124745208975659,0.067663624886988
"W31191","7MEP",-0.00355862524126839,-0.0165115434521826,0.00594119054134987
"W31192","7MEP",-0.00821464562770087,-0.012809387699257,0.00260485730487771
"W31193","5Ery",0.0519803864315126,-0.133020189827929,0.0767069563880463
"W31194","6Ery",0.0159851507696791,-0.071426935011588,0.0164194890137682
"W31195","2Ery",0.10436242247423,-0.213344129690838,0.0933294550408893
"W31196","10GMP",0.00856596715805479,-0.0635788470773745,0.00042021630092114
"W31197","10GMP",-0.00103159792523167,0.0781346554018815,0.0156732029933497
"W31198","2Ery",0.0522883309104717,-0.166921100318146,0.0933294738959355
"W31199","7MEP",0.00611838776165533,0.00935492574669561,0.010416953982559
"W31200","6Ery",0.0181183289659586,-0.0755326169851416,0.0136973547950097
"W31201","7MEP",0.00750704682710198,-0.0120609029931314,0.00505628091044751
"W31202","14Mo",-0.0176327883185668,0.111497058493354,0.0185294527563791
"W31203","16Neu",-0.0383712621742316,0.138415757344176,0.0345081435849924
"W31204","10GMP",0.0270553607352624,0.0736749176126165,0.00414374772180977
"W31205","3Ery",0.0388095647431966,-0.145453474458281,0.0842955143923594
"W31206","3Ery",0.119112472698316,-0.169278799089516,0.0933294927509816
"W31207","13Baso",-0.00710070978975568,0.165325433255316,0.0349904773513534
"W31209","1Ery",0.118036642512855,-0.286042288151046,0.0933295116060277
"W31210","14Mo",-0.0241042027686512,0.13886027773449,0.0342481123600769
"W31211","15Mo",-0.0221833870301521,0.145448038800835,0.0342122289611079
"W31212","2Ery",0.0167241644862299,-0.1602074972114,0.0888159949966189
"W31213","5Ery",0.0166521062130351,-0.0769211146148264,0.0139278157706058
"W31214","2Ery",0.0513775719637936,-0.199389812744493,0.0933295304610739
"W31215","5Ery",0.016572727552925,-0.0908715926405552,0.0430674747869189
"W31217","3Ery",0.0970221672055372,-0.155028352629819,0.09332954931612
"W31218","14Mo",-0.0247991714027375,0.133579548640364,0.0348194560537574
"W31219","10GMP",0.011148683635654,0.0707657961227608,0.0032871885302557
"W31220","2Ery",0.0727822908212001,-0.241747909311957,0.0933295681711661
"W31221","7MEP",0.00864289308135739,-0.0139019385022725,0.00649417673006956
"W31222","4Ery",0.0753202949359758,-0.152418866337354,0.0933295870262123
"W31223","9GMP",-0.0136886968293273,0.0397512913407828,0.000922993946098944
"W31224","7MEP",-0.00786823308798292,-0.015580627140197,0.00451339889144122
"W31225","3Ery",0.0549180048399922,-0.173964625036927,0.0933296058812584
"W31226","16Neu",-0.0943676976902404,0.15471694709317,0.403146850939711
"W31227","11DC",-0.637189579944969,-0.250197428812612,0.755968444679548
"W31228","10GMP",-0.0099308520229763,0.0425933264646969,0.000433616072512623
"W31229","6Ery",0.0758326072030442,-0.10114156798916,0.0681622160676848
"W31230","3Ery",0.0375387467205244,-0.0947362072118088,0.0378158598301435
"W31231","2Ery",0.0393686886990819,-0.191611676037916,0.0933296247363045
"W31232","5Ery",0.0415149126705806,-0.144225039592526,0.0843120329889797
"W31233","2Ery",0.043955947419474,-0.166947231862557,0.0933296435913507
"W31234","2Ery",0.0330137006944408,-0.161555232682059,0.0933296624463968
"W31236","5Ery",0.0148372000149438,-0.126003392014632,0.0689093275349817
"W31237","14Mo",-0.00625471865367628,0.146852048973118,0.0349904962063995
"W31238","5Ery",0.056138416712721,-0.107453022378943,0.0692224567886085
"W31239","14Mo",-0.0128845309418056,0.147530766559698,0.0349905150614456
"W31240","3Ery",0.0670446651020544,-0.0864704839760094,0.0397972763852558
"W31241","2Ery",0.0444707952551912,-0.175040499793913,0.093329681301443
"W31242","16Neu",-0.0670826994920352,0.14853752171286,0.0604964950023857
"W31243","2Ery",0.0904698382942903,-0.223650479329964,0.0933297001564891
"W31244","13Baso",-0.0313215246386892,0.0745682617486304,0.0123749119497312
"W31245","16Neu",-0.0659633060205177,0.111317256743294,0.423980783965122
"W31246","2Ery",0.0506257175976002,-0.194649642249639,0.0933297190115352
"W31247","3Ery",0.0827971711148866,-0.175500732099445,0.0933297378665814
"W31248","3Ery",0.103295579428331,-0.142509303763059,0.0933297567216275
"W31249","14Mo",-0.0135951609634315,0.137499276380342,0.0349905339164918
"W31250","5Ery",0.0258071763346005,-0.158403316129495,0.0912241029086111
"W31251","16Neu",-0.103090785928697,0.172071141441844,0.397912314142855
"W31252","14Mo",0.015035543853249,0.129435379931033,0.022007834985977
"W31253","14Mo",-0.0279535317389865,0.0582274488120233,0.00439756444552644
"W31254","13Baso",-0.00563185073374303,0.169184916180834,0.0349905527715379
"W31255","3Ery",0.0730648859443787,-0.164493995757653,0.0933297755766736
"W31256","14Mo",-0.034617859172352,0.128955660842716,0.0315280395568503
"W31257","7MEP",-0.00652371785599514,-0.0253318599871653,0.00368885444139579
"W31259","14Mo",-0.0204396437192194,0.0886594248199059,0.00171815209039762
"W31260","10GMP",-0.0286819607874056,0.0638538604360417,0.000884222707064678
"W31262","2Ery",0.00961843946728088,-0.0632259008201029,0.000412818444555537
"W31263","14Mo",-0.0372974863347647,0.0838043172511948,0.00150478425083172
"W31264","15Mo",-0.0733214029164555,0.141889145995183,0.424169585420445
"W31265","14Mo",-0.00211267526652363,0.112643438650584,0.0147527887674956
"W31266","16Neu",-0.0910356399304809,0.152187156847084,0.406330950849336
"W31267","10GMP",-0.00243830943570342,0.0583332769999847,6.14897953396358e-05
"W31268","7MEP",-0.00203137243060414,-0.0170584651651943,0.00659159448105681
"W31269","5Ery",0.0131857351742776,-0.0953226760710979,0.0414556773530309
"W31270","16Neu",-0.076277626972773,0.131376619287482,0.417658016755727
"W31271","2Ery",0.0155685642832806,-0.15454574655115,0.0839474365917003
"W31272","16Neu",-0.072957574482836,0.134722808884376,0.42252615087445
"W31273","14Mo",-0.0514919834738536,0.132935647031075,0.0477035481646903
"W31274","10GMP",-0.0123338918234817,0.0896500322001686,0.00267025014003939
"W31275","16Neu",-0.10529861461648,0.155727588557325,0.390595507637804
"W31276","8Mk",-0.0151302181210769,0.017401359832272,0.00102119444822192
"W31277","7MEP",0.0150944379033035,-0.0358672386599396,0.00703311353321009
"W31278","14Mo",-0.00486069903202938,0.132593053649946,0.0248107732672803
"W31279","7MEP",0.0517953328991124,-0.0117759494388271,0.00176640019693128
"W31280","2Ery",0.0460250604391606,-0.177153221656766,0.0933297944317198
"W31281","14Mo",-0.00232796655039541,0.147908208428084,0.0248107921223264
"W31282","14Mo",-0.0282180900097851,0.12022980952193,0.034990571626584
"W31283","4Ery",0.0330859781238547,-0.0949457753251882,0.0375347229896023
"W31284","5Ery",0.0191187654610945,-0.109985628954962,0.0416209952699369
"W31285","14Mo",-0.0339301182248704,0.0927425882970634,0.000549650902105552
"W31286","14Mo",-0.0519851638104789,0.102027851986524,0.0483219851996729
"W31287","10GMP",-0.0314848640579075,0.00514215880806266,0.00664835300394286
"W31288","6Ery",0.0156667788234772,-0.00758464100058224,0.00360912554128138
"W31289","5Ery",0.0318267604829437,-0.11261185520403,0.0717877402429034
"W31290","14Mo",-0.0219444569934451,0.135598926600563,0.0349905904816302
"W31291","3Ery",0.164566623560141,-0.190934903984619,0.0933298132867659
"W31292","5Ery",0.0459929835668615,-0.11623116315603,0.0671308111637186
"W31293","15Mo",-0.0482544728231139,0.149028367422025,0.0443888503117368
"W31294","5Ery",0.0239238173734649,-0.142287039206223,0.0750975523463644
"W31295","14Mo",-0.024891031776233,0.139372799185881,0.033643877170655
"W31296","16Neu",-0.0414312054983003,0.146688418930538,0.0375474301940487
"W31297","8Mk",0.00228585413497253,-0.00766898611358663,0.00115511785973556
"W31298","3Ery",0.108332213529889,-0.193606542833881,0.093329832141812
"W31299","14Mo",-0.0301144137314466,0.121478396071227,0.0337374748452461
"W31300","12Baso",0.0050958962788462,0.0139273191573357,0.00703768160560778
"W31301","14Mo",-0.03112640518799,0.0636666378314003,0.000572647360956018
"W31302","3Ery",0.138228667043535,-0.185915740330814,0.0933298509968582
"W31303","5Ery",0.0204893465757632,-0.072775000420963,0.0147464523449262
"W31305","16Neu",-0.0806770763584673,0.133594239426828,0.413129307006548
"W31306","15Mo",-0.0941758751437384,0.26512879032244,0.0604965138574318
"W31307","13Baso",-0.00966869337530342,0.148831546986745,0.0349906093366763
"W31309","5Ery",0.0229358478289856,-0.0787448973473474,0.0162155968935023
"W31310","3Ery",0.106325348311305,-0.149213595913276,0.0933298698519043
"W31311","13Baso",0.0197582249656685,0.106281321996115,0.00076063534697186
"W31312","12Baso",-0.00207613279104654,0.0278256294672346,0.00406343422789411
"W31313","8Mk",0.00171535197934805,0.00581034663484184,0.0121088756291881
"W31314","7MEP",-0.0331931772530914,0.00289503962622983,0.00791439237017076
"W31315","6Ery",0.0419452557281862,-0.0786702034772753,0.02247698001226
"W31316","2Ery",0.0632052004713004,-0.180411411697999,0.0933298887069504
"W31317","3Ery",0.107822900416197,-0.177842269115197,0.0933299075619966
"W31318","3Ery",0.131795361587469,-0.184108105904752,0.0933299264170427
"W31319","15Mo",-0.0398306369816832,0.157274697577415,0.0358982400344463
"W31321","3Ery",0.072923570557525,-0.09525059072424,0.0715754890484293
"W31322","3Ery",0.0847674302568146,-0.151353682727349,0.0933299452720888
"W31323","3Ery",0.0682510942281323,-0.109205091172088,0.0658815738129209
"W31324","8Mk",-0.0299175253009935,0.00488336596466245,0.00710913149211354
"W31325","2Ery",0.0409326658280515,-0.163233458866848,0.093329964127135
"W31326","2Ery",0.0763807087061479,-0.162987539551601,0.0933299829821811
"W31327","14Mo",-0.020142956582297,0.113315871372987,0.0209065248071885
"W31328","3Ery",0.0942661735283241,-0.147679307061116,0.0933300018372273
"W31329","15Mo",-0.0309731921415932,0.161373591118607,0.0315280584118964
"W31330","14Mo",-0.0214659437701604,0.152027726973259,0.0334049881828487
"W31331","7MEP",0.00479265282122509,-0.0286017864610922,0.000452042884276378
"W31332","15Mo",-0.0769736809229636,0.137018965832005,0.4184706459109
"W31333","3Ery",0.060629466917477,-0.12383947358134,0.0743722429593613
"W31334","3Ery",0.0794314173657611,-0.15424852101055,0.0933300206922734
"W31335","13Baso",-0.0380970128816122,0.0858117837170473,0.000204529344568268
"W31336","15Mo",-0.0306266382198518,0.160000842030585,0.0315280772669425
"W31337","3Ery",0.172335747327362,-0.186523680652091,0.0933300395473195
"W31338","15Mo",-0.0473791955469615,0.162392449338978,0.0434567626902685
"W31339","13Baso",-0.00251480456432384,0.150305280877907,0.0253057193940275
"W31340","3Ery",0.0718191740861727,-0.112467626527187,0.077154042095118
"W31341","15Mo",-0.0564429123130065,0.152505052097395,0.0525964235708505
"W31342","15Mo",-0.0773501183931915,0.167480055800308,0.42683098835502
"W31343","13Baso",-0.00661051353643087,0.169670481930336,0.0349906281917225
"W31345","4Ery",0.0624817192447582,-0.126390031960637,0.075893944666728
"W31346","3Ery",0.0561735871830474,-0.129563260917385,0.0760199584838477
"W31347","14Mo",-0.0195166002698593,0.102966892305949,0.0118125793578164
"W31348","4Ery",0.0458483266004378,-0.155887935393449,0.0933300584023657
"W31349","6Ery",0.0424556713157426,-0.0751385292010543,0.0206951913954167
"W31350","16Neu",-0.13625864767387,0.219674456169466,0.372698158562512
"W31351","14Mo",-0.0145190466833393,0.163766544014471,0.0349906470467686
"W31353","3Ery",0.0922216579805923,-0.187667505935519,0.0933300772574118
"W31354","17Neu",0.10417347465931,0.0715762442108294,0.0009709791608158
"W31355","15Mo",-0.0265544405055974,0.144158941060741,0.0316530976636172
"W31356","4Ery",0.0419464985638626,-0.111700867973428,0.0701298044175359
"W31357","3Ery",0.107559044987334,-0.119994761386073,0.0911806330939486
"W31358","6Ery",0.0221118292123583,-0.0643202904244206,0.00269361423690596
"W31359","14Mo",-0.000730677936120472,0.129615268557557,0.0247281520043752
"W31360","3Ery",0.0903963728588337,-0.124155162183589,0.0878101703999356
"W31361","16Neu",-0.0814298569012495,0.138710711398634,0.413723359347507
"W31362","14Mo",-0.00432325879974702,0.166937004882515,0.0349906659018147
"W31363","15Mo",-0.0523857722759248,0.14104281186473,0.0485686387155122
"W31364","7MEP",0.00119282875571337,-0.0271298735116386,0.00104504058776586
"W31365","13Baso",0.000163302167687676,0.100631547623623,0.00133528221068101
"W31366","15Mo",-0.0646007298517521,0.140588923787602,0.060496532712478
"W31367","14Mo",-0.00418976748448909,0.158245111355437,0.0349906847568609
"W31368","3Ery",0.120151101910305,-0.144622444646824,0.0933300961124579
"W31369","2Ery",0.0365758955878347,-0.177653061148498,0.0933301149675041
"W31370","2Ery",0.0621520829265974,-0.179375699479113,0.0933301338225502
"W31371","14Mo",-0.0414949337325227,0.105173074053296,0.0377769963815721
"W31372","2Ery",0.0898932009783614,-0.213149498575566,0.0933301526775963
"W31373","13Baso",-0.0101494420770275,0.0549743744779443,0.00109105979996281
"W31374","2Ery",0.057569713179547,-0.177082788119145,0.0933301715326425
"W31375","3Ery",0.0641663334448726,-0.131530318960126,0.0840980457803935
"W31376","13Baso",-0.0136221637255178,0.0668207954273177,0.00154793304990782
"W31377","12Baso",-0.0036189231103414,-0.00533413208154695,0.00147414666490256
"W31378","2Ery",0.0325167684725282,-0.169722670692721,0.0933301903876886
"W31379","10GMP",-0.00317312652099904,0.0332661145147027,0.00813768416992449
"W31380","5Ery",0.020543471851466,-0.115687037765929,0.0447651630135326
"W31381","13Baso",0.00340964042481152,0.148522349094075,0.0248108109773726
"W31382","3Ery",0.100787337828189,-0.148074337564707,0.0933302092427347
"W31383","9GMP",-0.00246850896765693,0.0613374349665435,0.00195112389993579
"W31386","15Mo",-0.0660897629773531,0.144625313235594,0.0604965515675241
"W31387","2Ery",0.0544589332723754,-0.178893954428787,0.0933302280977809
"W31388","10GMP",-0.010420042522887,0.0530394160462941,0.00241612037343499
"W31389","5Ery",0.043028853730512,-0.113292272419003,0.0691464026282078
"W31390","5Ery",0.00655851216806196,-0.0814613968656452,0.014330968082387
"W31391","2Ery",0.0450689433171884,-0.188040908820047,0.093330246952827
"W31392","14Mo",-0.0252100170022851,0.100965090361847,0.0118971046331068
"W31393","13Baso",0.00309202215158902,0.10797586759055,0.01342794623349
"W31394","2Ery",0.0594165736198073,-0.178696430400343,0.0933302658078732
"W31395","14Mo",-0.0029362955367105,0.132522920025862,0.0247281708594214
"W31396","16Neu",-0.0927537196101638,0.153223997237864,0.404611805224974
"W31397","12Baso",0.0063230486073695,0.0105933517586607,0.00958762618430276
"W31398","14Mo",-0.00990119443761955,0.131207949866068,0.0248108298324187
"W31399","14Mo",-0.0194195854997731,0.12279261545672,0.0248108486874648
"W31401","3Ery",0.0923104362552523,-0.178496624999135,0.0933302846629193
"W31402","14Mo",-0.00486980701049863,0.132568703753486,0.024810867542511
"W31403","13Baso",0.00188489652183219,0.10322690328078,0.00040681086192958
"W31405","12Baso",-0.024275653937387,0.0579212997695396,0.00352169611223387
"W31406","5Ery",0.0203807782466828,-0.11773452076067,0.0717096867687645
"W31407","10GMP",-0.0166893767696245,0.00390600071903088,0.0101542461333655
"W31409","14Mo",-0.0117528377873605,0.136597931082209,0.0248108863975571
"W31410","4Ery",0.0416089645202557,-0.110049736959321,0.0709876283869381
"W31411","15Mo",-0.0332136496775043,0.141130857188464,0.0315280961219887
"W31412","11DC",-0.618290007897545,-0.263406435535446,0.763228244492005
"W31413","3Ery",0.0706309465483628,-0.138273170887418,0.0924452332161572
"W31414","4Ery",0.0511363384163138,-0.131718402885663,0.075950978024054
"W31415","4Ery",0.0213305191566774,-0.113257014318097,0.0437138712212527
"W31416","4Ery",0.0337395064116471,-0.142417644039534,0.0797274561328113
"W31418","4Ery",0.0712037015373976,-0.168519366179805,0.0933303035179654
"W31419","5Ery",0.0182348941614303,-0.104271408175435,0.038582266989099
"W31420","1Ery",0.104917789411063,-0.381818800914573,0.0933303223730116
"W31421","16Neu",-0.0821830371116242,0.15510769645278,0.417576846766923
"W31422","14Mo",-0.0150732945634615,0.14165472687708,0.034990703611907
"W31423","2Ery",0.04437657462058,-0.181512576566115,0.0933303412280577
"W31424","5Ery",0.0249702613349583,-0.102256503444746,0.0389705116693834
"W31425","15Mo",-0.0835103790967124,0.152694038254217,0.415319631394584
"W31426","5Ery",0.0296148502531636,-0.119621505918912,0.0688993928459174
"W31427","2Ery",0.0159905758099519,-0.146929061517854,0.0755475307473244
"W31428","5Ery",0.0346289412622572,-0.116597545688065,0.0693059121088595
"W31429","1Ery",0.0838025129280258,-0.298741683541365,0.0933303600831038
"W31430","7MEP",0.0218676456108117,-0.00867921797870275,0.00550064348425093
"W31431","2Ery",0.0298178363579027,-0.172517877225544,0.09333037893815
"W31432","14Mo",-0.0547604222525283,0.135011155076508,0.0509769424736141
"W31433","10GMP",-0.0366205040851388,-0.011436155523634,0.0173214118588375
"W31434","2Ery",0.0370074120616815,-0.1387664586218,0.0762065747027161
"W31436","14Mo",-0.0178636834015327,0.129794507476507,0.0252814369896337
"W31437","6Ery",0.0319066043681165,-0.0488760171605694,0.00426071158004349
"W31439","9GMP",-0.0502221553754084,0.0150973306156588,0.00335844683381464
"W31440","3Ery",0.113484868021325,-0.188734544692967,0.0933303977931961
"W31441","2Ery",0.0228633310132505,-0.155239321243872,0.0873541683552003
"W31442","3Ery",0.0333235884722708,-0.15194158983942,0.0882522292158597
"W31443","12Baso",0.00966042975732325,-0.006333247659733,0.00164997882081638
"W31444","2Ery",0.0248272654910663,-0.147078229969186,0.0799607488080333
"W31445","18Eos",-0.184241276876313,0.325535549872095,0.346912482462643
"W31446","5Ery",0.0250513041876737,-0.129990766378154,0.0787436102709137
"W31447","3Ery",0.0308296067975378,-0.0802325364707423,0.02101837700226
"W31448","15Mo",-0.00328515467982639,0.160471962180872,0.0349907224669531
"W31451","14Mo",-0.0290750052148462,0.0870559607738045,0.00105030381592063
"W31452","2Ery",0.0413825778747623,-0.212937180523444,0.0933304166482422
"W31453","6Ery",0.0162054139661943,-0.0626768439231925,0.000555875219276997
"W31454","14Mo",-0.0318584371910656,0.0789999475949491,0.00161879619461642
"W31455","2Ery",0.0529323094724157,-0.239955689833703,0.0933304355032884
"W31456","5Ery",0.0353179591081336,-0.120975284992914,0.0670739976349197
"W31457","12Baso",0.0128248805587698,0.0318491110620071,0.00434170296273429
"W31458","7MEP",-0.033535870494691,0.00608748052479028,0.00562125260676508
"W31459","17Neu",0.0211547512091219,0.0128123417312621,0.010684457787721
"W31460","14Mo",-0.0140404597962087,0.112701657835691,0.0183704019896942
"W31461","2Ery",0.0289137613179809,-0.166384570156813,0.0933304543583345
"W31462","5Ery",0.0145475953527342,-0.116192682154511,0.0437758864642807
"W31463","2Ery",0.0375797856777601,-0.196235906266461,0.0933304732133806
"W31464","14Mo",-0.000579350605440095,0.153169713287774,0.0253415006687583
"W31465","13Baso",-0.0152843645873005,0.14932359747283,0.0349907413219993
"W31466","15Mo",-0.0207933135295474,0.139829728481422,0.0349907601770454
"W31467","2Ery",0.0437382098536993,-0.169252105014989,0.0933304920684268
"W31468","13Baso",-0.0162235872298594,0.101838037495784,0.0129479783851027
"W31469","16Neu",-0.075282216724132,0.140302795097002,0.421407147755892
"W31470","5Ery",0.0465571929815893,-0.118986222264135,0.0656993174651719
"W31471","14Mo",0.00444893703013164,0.173050031519755,0.0349907790320915
"W31472","16Neu",-0.087967064181098,0.146460372467768,0.408281622585711
"W31473","14Mo",-0.0190247881922781,0.135588025398846,0.0349907978871377
"W31474","16Neu",-0.110633069623037,0.171553021499323,0.388900763646383
"W31475","14Mo",-0.00810992022058569,0.154447286615764,0.0349908167421838
"W31476","8Mk",-0.191174995736257,0.040752068020621,0.256479228356497
"W31477","10GMP",-0.00428407503986964,0.0526311744783088,0.00378225029827381
"W31478","14Mo",-0.037379834484042,0.127206866064619,0.0335573964376964
"W31479","5Ery",0.0160784827967029,-0.119879800349709,0.0715754160476323
"W31480","7MEP",0.0534259374002999,0.00296771895051035,0.00367268045858432
"W31481","2Ery",0.0364696076147479,-0.173470746641038,0.0933305109234729
"W31483","14Mo",-0.168403929720779,0.0336091877688352,0.281168514633885
"W31484","13Baso",0.000410826395224963,0.152555812889237,0.0248109052526032
"W31485","2Ery",0.0228239859760469,-0.138177624016047,0.0754449537107933
"W31486","5Ery",0.0220267521629518,-0.117283796407665,0.0715844318116535
"W31487","14Mo",-0.0133339726796057,0.150510286541605,0.0349908355972299
"W31489","14Mo",-0.0076216947391942,0.151539007819896,0.0349908544522761
"W31491","9GMP",-0.00422917026744379,0.0631960793059402,0.00355594572414869
"W31492","4Ery",0.0762215568597965,-0.156373919849608,0.0933305297785191
"W31493","10GMP",-0.00787485700214592,0.0483693723745498,0.00416984308247537
"W31494","13Baso",-0.0339148022411554,0.144323172149406,0.0315281149770348
"W31495","10GMP",-0.00942255304392603,0.0404807878657408,0.00115413564185259
"W31497","7MEP",0.00991991472839745,-0.00603083023837042,0.00149744872416744
"W31498","10GMP",0.00981432463621994,0.0639415139785128,0.0015373461459459
"W31499","3Ery",0.052113569031287,-0.0925838574852228,0.0397594118214532
"W31500","2Ery",0.0585375479180483,-0.16788804160256,0.0933305486335652
"W31501","14Mo",-0.00942572019616472,0.143944197626812,0.0349908733073222
"W31502","10GMP",-0.00409502852637029,0.0573280217063642,0.000483875474381506
"W31503","15Mo",-0.0430173202543241,0.154142121564757,0.0391102856446332
"W31504","13Baso",-0.0391907060878935,0.18912102389436,0.0351287482175258
"W31505","7MEP",0.00868590219177101,-0.025639319029968,0.000630962419494695
"W31506","6Ery",0.00463444302115432,-0.019597122230322,0.00541058308293432
"W31507","7MEP",0.0213338634142862,-0.0452997351044956,0.0208272697300587
"W31508","5Ery",0.0315766013064773,-0.101332301785952,0.0398772410031538
"W31509","14Mo",-0.0116943290729119,0.144284013572805,0.0349908921623684
"W31510","13Baso",0.000773517584460911,0.15473320172092,0.0253148953704189
"W31511","10GMP",0.00835204474232594,0.0776372657971629,0.017762447556839
"W31512","7MEP",0.00668195322050839,-0.0220134965595025,0.0034190869487855
"W31513","3Ery",0.104174435420978,-0.143330836799265,0.0933305674886113
"W31514","7MEP",0.0052958483682866,-0.00637048774175562,0.000855924456547913
"W31515","13Baso",0.0115009195946686,0.127878151363328,0.0219883818395584
"W31516","1Ery",0.0787269367504751,-0.248154033256987,0.0933305863436575
"W31517","14Mo",-0.0406267909966139,0.108038961923248,0.0368939156580714
"W31518","13Baso",0.00243822158096702,0.155270804339477,0.0248109241076494
"W31519","10GMP",-0.00527128266739918,0.0516168384197246,0.00432849789687744
"W31520","9GMP",-0.0121255469500748,0.0582792431779536,0.00157654653191192
"W31521","3Ery",0.0928261523219899,-0.125237225509891,0.0894628315513743
"W31522","13Baso",0.00218723815022656,0.137699495919436,0.0248109429626955
"W31523","2Ery",0.0582887842206429,-0.206193998083734,0.0933306051987036
"W31524","13Baso",-0.00748153380769495,0.116556092139949,0.019858700216162
"W31525","2Ery",0.0143291048562195,-0.159729485663904,0.0878938340997775
"W31526","6Ery",0.0196554645013709,-0.0269144702741888,0.00229330059020012
"W31527","6Ery",0.0152379383393673,-0.0364374352442697,0.00741973081810612
"W31528","13Baso",0.00508245857562427,0.137168660412745,0.0247281897144675
"W31529","3Ery",0.0713023087883596,-0.0844322476794807,0.0396605785188133
"W31530","13Baso",-0.0180152529134539,0.155501594633492,0.0349520165584569
"W31531","11DC",-0.643374806826717,-0.270980796277042,0.755863014358491
"W31532","14Mo",-0.0721476697628978,0.13657765014667,0.424013823850964
"W31533","10GMP",-0.0125794335311767,0.0492005755003214,0.0047600980569987
"W31534","8Mk",-0.0747906218862931,0.00172562619647867,0.00130510008978392
"W31535","9GMP",-0.00626950831932961,0.0444927270083235,0.00113847193174013
"W31536","2Ery",0.0473333312696224,-0.171291179338726,0.0933306240537497
"W31537","13Baso",-0.022131561243879,0.105634504474354,0.0149701090196355
"W31538","14Mo",-0.00144177569339677,0.142045135359219,0.0248109618177416
"W31539","13Baso",-0.0157719655751253,0.0795991462893483,0.0119362235762554
"W31540","14Mo",-0.0202174201403224,0.142485724191368,0.0349909110174145
"W31541","5Ery",0.0259608128510688,-0.135927128919908,0.075831832504422
"W31542","14Mo",-0.019427978130919,0.13767743961996,0.0349909298724606
"W31543","5Ery",0.0219914456194861,-0.095178193274925,0.0397091363039441
"W31544","13Baso",-0.00970877359463397,0.133390222976884,0.0248109806727878
"W31545","12Baso",0.0251808691327788,0.0416469716252753,0.00918446372348428
"W31546","16Neu",-0.144127548715862,0.19955245246238,0.357638912213327
"W31547","11DC",-0.648439466518771,-0.259198598062945,0.755863033213537
"W31548","13Baso",-0.0283837388365178,0.0593617168417684,0.00404846453208993
"W31549","13Baso",-0.00700498140792451,0.124249216460211,0.0244729000739583
"W31550","2Ery",0.0699120309253958,-0.22374383196685,0.0933306429087959
"W31551","2Ery",0.0273034283506438,-0.144199826733011,0.0766473768397804
"W31552","14Mo",-0.0254092586196263,0.106531682705387,0.0175918660438874
"W31553","7MEP",0.00298901240502002,-0.0192087633490885,0.00597772757570854
"W31554","4Ery",0.0161869178021835,-0.0748159486983672,0.014491955776643
"W31555","6Ery",0.0141371086690423,-0.073553324105415,0.0156146738541846
"W31556","13Baso",-0.0205400113859826,0.121349785768051,0.0248109995278339
"W31558","14Mo",-0.0529882602985468,0.132281293911629,0.0492084668410677
"W31559","14Mo",-0.00311073132298262,0.14746769951308,0.0248110183828801
"W31560","6Ery",0.0116335079558928,-0.014605228569021,0.00741853681448389
"W31562","12Baso",0.000744839988327036,0.0250465757115836,0.00158876646974024
"W31563","6Ery",0.0531747379357898,-0.0920894830449212,0.0397321575181112
"W31564","14Mo",-0.0426399406262217,0.0896963289277336,0.00048693870892683
"W31565","2Ery",0.0314892998006326,-0.145705631722489,0.0807186661887106
"W31566","13Baso",-0.034540029844032,0.126408663838466,0.031528133832081
"W31567","13Baso",-0.00211304329846866,0.156820647582564,0.0349909487275068
"W31568","14Mo",-0.0424183254102199,0.131432154590627,0.0385994048122254
"W31569","7MEP",0.00335747563292415,-0.0288208945523626,0.000309555289457961
"W31570","7MEP",-0.00834490544263179,0.0161536189158334,0.00308156464965194
"W31571","15Mo",-0.0850240553953261,0.158011831574424,0.415077765402083
"W31572","5Ery",0.0234065362361265,-0.102029056213626,0.0385329359474246
"W31573","5Ery",0.0199514280482417,-0.0568513352477538,0.00203471267238344
"W31575","5Ery",0.00929904101102064,-0.0561230423558618,0.00461397555715081
"W31576","5Ery",0.0269790245744785,-0.11588352693669,0.0712286121094619
"W31577","15Mo",-0.0619017983571291,0.16560045711213,0.0580250628116311
"W31578","1Ery",0.0636722709713902,-0.229137252475985,0.093330661763842
"W31580","13Baso",-0.00638399075762153,0.08922735993222,0.00312357867167789
"W31581","10GMP",-0.0050648664208204,0.088011146336867,0.002098004324556
"W31583","12Baso",-0.0110505282019055,0.0197587987956197,0.000132418305312074
"W31586","4Ery",0.101861009238024,-0.160252781046649,0.0933306806188881
"W31587","7MEP",0.0188440425279606,0.0232171841170176,0.00299766234362502
"W31588","15Mo",-0.0853314778324287,0.174912808475835,0.419600663914997
"W31590","13Baso",0.0185991054240322,0.137243370910687,0.0244729189290044
"W31591","13Baso",-0.0118684448620981,0.145211737849573,0.0349909675825529
"W31593","3Ery",0.130228280328035,-0.157902818839324,0.0933306994739343
"W31594","3Ery",0.0526442671992191,-0.134813143756792,0.0802401200936763
"W31595","15Mo",-0.0781032558472534,0.148408480378314,0.42043472954029
"W31596","16Neu",-0.110218064732227,0.179662835958953,0.391731824374449
"W31597","13Baso",0.00326649043480829,0.164368952889339,0.034990986437599
"W31598","2Ery",0.0597209059091468,-0.148311470386938,0.0933307183289804
"W31599","15Mo",-0.0783580838741703,0.159521242256454,0.423346640239801
"W31600","17Neu",0.00271915262383169,0.0230945528082745,0.000148179883234685
"W31601","15Mo",-0.0670831242832484,0.104730292467249,0.42076143119969
"W31602","13Baso",-0.00888865224073229,0.0920656405955703,0.00181412665983447
"W31603","16Neu",-0.0916336816587104,0.151660563912242,0.405476038135325
"W31604","6Ery",0.00776049474170709,-0.0327608388399982,0.00364725656715417
"W31605","5Ery",0.034937846021822,-0.0613043926005762,0.00359473197959471
"W31606","15Mo",-0.0425291838529675,0.144179250500273,0.0386598898830749
"W31607","9GMP",-0.013697167676287,0.0257199151640005,0.00458322254310388
"W31608","13Baso",-0.00175893118297208,0.147947249024657,0.0248110372379262
"W31609","15Mo",-0.0950774434909834,0.268893790249425,0.0604965704225702
"W31611","13Baso",-0.0036706684982677,0.139380999984401,0.0248110560929723
"W31613","6Ery",0.00552892115946924,-0.019163476425423,0.00553129650006038
"W31614","7MEP",0.020689053426229,0.000510217955784429,0.000833721846648882
"W31615","12Baso",-0.0148909749788972,0.0301897694615885,0.00798144713172693
"W31617","15Mo",-0.102662750043055,0.168177202173408,0.397289953818667
"W31618","2Ery",0.0383982959348438,-0.20677486273336,0.0933307371840265
"W31620","13Baso",-0.000785635029372197,0.0767240978567038,0.0166590344597635
"W31621","10GMP",-0.00272762328518519,-0.0108588788797876,0.00233666622073725
"W31622","14Mo",-0.055331489820071,0.13364524537664,0.051555753695392
"W31623","14Mo",0.000148187032718285,0.123288056728339,0.0218290642645676
"W31624","14Mo",-0.0688900523448123,0.143999036290545,0.0604965892776164
"W31625","15Mo",-0.0762845559479747,0.166961410188753,0.0604966081326625
"W31626","5Ery",0.0185733073466021,-0.0856703145913826,0.0213952655233857
"W31628","16Neu",-0.104517076658879,0.170883648742594,0.395893310936132
"W31629","5Ery",0.0236713969732531,-0.0998517166009816,0.037499709771318
"W31630","14Mo",-0.0386542399979499,0.141367976418479,0.0347805250799694
"W31631","13Baso",-0.00461365923995578,0.159381637087501,0.0349910052926452
"W31632","15Mo",-0.111867053505557,0.165758160666957,0.385776494595178
"W31634","2Ery",0.0477708640868035,-0.193382334634493,0.0933307560390727
"W31635","2Ery",0.0511158149047777,-0.193215025839158,0.0933307748941188
"W31636","2Ery",0.037442787236786,-0.179386055828643,0.0933307937491649
"W31638","13Baso",-0.012145434155488,0.129202480913085,0.0248110749480185
"W31639","13Baso",0.0145777612235472,0.123549707257917,0.0174750199524943
"W31640","5Ery",0.0305521837198405,-0.0757163073077749,0.0161283251178478
"W31641","5Ery",0.0268880477750337,-0.0967218299538954,0.0378941642969487
"W31642","9GMP",-0.004701314389143,0.0172453527990817,0.00296882502611148
"W31644","14Mo",-0.0207192396104108,0.122499871651158,0.0248110938030646
"W31645","7MEP",0.00601938268595382,-0.0159631938030536,0.00737323591554264
"W31646","14Mo",-0.0161058728962671,0.111462688719612,0.0178612211639026
"W31647","11DC",-0.429589137837818,0.00289898981184527,0.432527444656398
"W31648","16Neu",-0.109629835587058,0.167924615938955,0.389031045836068
"W31649","2Ery",0.0756952076138987,-0.192824091672979,0.0933308126042111
"W31650","2Ery",0.0257319553239615,-0.145600511609999,0.0794934112971665
"W31651","10GMP",0.00811427880322373,0.00282564497652169,0.0153378960638543
"W31652","8Mk",-0.0946035193090586,-0.0127544043707606,0.00789085444863032
"W31653","2Ery",0.0352186997620246,-0.176954767986618,0.0933308314592572
"W31654","5Ery",0.0262868871817398,-0.118535607750466,0.0701059522733955
"W31655","13Baso",0.0145859828235287,0.164515465880185,0.0248111126581107
"W31656","13Baso",0.0385614573965205,0.153596894927426,0.0247282085695137
"W31657","12Baso",-0.00865768201584614,0.0358105288718138,0.010908366065573
"W31658","7MEP",0.00381822962838378,-0.010263938554991,0.00316878967969822
"W31659","7MEP",0.0163347430261919,-0.0168748649927544,0.00502668234603597
"W31660","13Baso",-0.00708994783329024,0.147573735802121,0.0349910241476913
"W31661","6Ery",0.0166519110344866,-0.0186886169548446,0.00376059669450491
"W31662","5Ery",0.0215594346070836,-0.123580567787896,0.0686755877758419
"W31663","16Neu",-0.131377675978157,0.187427522166115,0.369115048784287
"W31664","14Mo",-0.0196362014654609,0.144297187894711,0.0349910430027374
"W31665","13Baso",-0.000313177207931586,0.138293321273077,0.0248111315131569
"W31666","2Ery",0.0362333286941837,-0.170798013865908,0.0933308503143034
"W31667","14Mo",-0.0308909145173785,0.12766616447177,0.0320462431686927
"W31668","5Ery",0.0198225081491838,-0.109863068543011,0.04170552751724
"W31669","7MEP",0.00808254772400874,-0.013597677490132,0.00618663514303576
"W31670","10GMP",0.0250587873011588,0.0809882637907579,0.0186597026512431
"W31674","14Mo",-0.012001034850778,0.0694789030106042,0
"W31676","4Ery",0.0845386315143412,-0.157661725842803,0.0933308691693495
"W31678","14Mo",-0.0441756980348263,0.145534542817027,0.0403076076766893
"W31681","12Baso",-0.00212060911788087,0.0275875911170889,0.00390124832724719
"W31682","9GMP",0.00737064443020185,0.0319286162718825,0.00534779875211785
"W31683","15Mo",-0.0690674614714937,0.177720179549768,0.0604966269877087
"W31684","17Neu",0.263262171503993,0.143711090321831,0.00027174615441793
"W31685","7MEP",0.0143387246028661,0.00999291297951548,0.0114385826580883
"W31686","16Neu",-0.0901263152731426,0.161695975142966,0.410147218494052
"W31687","13Baso",0.00344151608482931,0.162863727214839,0.0349910618577836
"W31689","3Ery",0.0825843510649048,-0.121400377851324,0.0804473543324359
"W31690","15Mo",-0.100499177752369,0.178400306967594,0.402786308267638
"W31691","3Ery",0.0410258937255588,-0.151308947892238,0.0911918533931448
"W31692","7MEP",0.0253073786899251,-0.0405875154873792,0.0187860225466288
"W31693","8Mk",-0.104518580354311,0.0279806068166579,0.354599578902391
"W31695","3Ery",0.0392991650617564,-0.140792007869413,0.0801479099684402
"W31696","13Baso",-0.000554658504385265,0.153254056529846,0.0253475867149606
"W31697","9GMP",-0.00617183459781962,0.0547496073377602,0.00194845619096738
"W31698","3Ery",0.0741839977538539,-0.13424467908165,0.0898517173627794
"W31699","3Ery",0.0381613584606952,-0.128803491144782,0.0765884887286171
"W31700","2Ery",0.0817972925557829,-0.224766338038526,0.0933308880243956
"W31701","16Neu",-0.108519040163406,0.16728226807953,0.390150563321963
"W31702","14Mo",0.00835438720558371,0.130507014355253,0.0241156455754044
"W31703","16Neu",-0.10563665432761,0.165893530169324,0.393135905994376
"W31704","6Ery",0.0133792361096645,-0.0347149711128611,0.00597347747466589
"W31705","14Mo",-0.0095481579726993,0.15078190431703,0.0349910807128297
"W31706","5Ery",0.022766256271631,-0.0823275679863658,0.0204742021645174
"W31707","14Mo",-0.00297542271050333,0.139796603781242,0.024811150368203
"W31708","14Mo",-0.0340849471124408,0.122598090633051,0.0315281526871271
"W31711","15Mo",-0.062311859513602,0.131171501387485,0.0585740929508154
"W31712","13Baso",-0.0244336241858179,0.0648334815138914,0.000972685961666621
"W31713","14Mo",-0.0585341778152149,0.145949271201749,0.0547222740680611
"W31714","13Baso",-0.000106458134047214,0.119724263344873,0.0198709111350166
"W31715","17Neu",0.0852636459743024,0.061712083223184,0.0130484336452161
"W31716","14Mo",-0.021712478428798,0.125443610586876,0.025368496817771
"W31717","1Ery",0.0548293833020334,-0.212646564158961,0.0933309068794418
"W31718","2Ery",0.0271093305588483,-0.141438863292327,0.0753716020386973
"W31719","5Ery",0.026684509097028,-0.110574686078205,0.0434824369538669
"W31720","6Ery",0.016712713221623,-0.0227061724256942,0.00107643578420976
"W31721","15Mo",-0.0608418555419016,0.166145061797964,0.0569586985213104
"W31722","10GMP",0.00587701392300485,0.0668422418650018,0.00425665692748553
"W31723","6Ery",0.0115807917067897,-0.0240269493196964,0.00116052398901343
"W31724","10GMP",-0.0110129501959974,0.0402099370885181,0.0010671572154318
"W31725","7MEP",-0.0122786667496834,-0.0110309709272088,0.000659404999816127
"W31726","14Mo",-0.0199897785527266,0.137161297348855,0.0349910995678758
"W31727","13Baso",0.000884196933351581,0.0995252872746317,0.000532637567469241
"W31728","2Ery",0.0318561979616547,-0.172277349136194,0.0933309257344879
"W31729","14Mo",-0.0537665808583173,0.175887592789901,0.0498160935389799
"W31730","14Mo",-0.0373618892098088,0.131261649529892,0.0335231923104598
"W31731","6Ery",0.0118947777043026,-0.00341148957603375,0.000125369568266577
"W31732","13Baso",-0.029763176856038,0.0534755143810655,0.00143367640945655
"W31733","14Mo",-0.0176001041525924,0.136727155219713,0.034991118422922
"W31734","14Mo",-0.0373521339767414,0.114415543872609,0.0335806123506298
"W31735","2Ery",0.0297030165105922,-0.158333525573038,0.0924412698429671
"W31736","6Ery",0.0264362384176319,-0.0869825389211819,0.0430474638241433
"W31737","13Baso",-0.00105867411075542,0.120462072563869,0.0199396535796802
"W31738","10GMP",-0.0136317906313374,0.0654168081315492,0.00251834773811459
"W31739","15Mo",-0.0870555032218371,0.146962616334243,0.409497826726352
"W31740","16Neu",-0.110268076217621,0.168835650329184,0.388544375637245
"W31741","10GMP",0.00973232133653755,0.0593145428309603,0.00150100135162377
"W31742","1Ery",0.0877367157943353,-0.294036488846625,0.093330944589534
"W31743","14Mo",-0.0179166067245848,0.143830261904021,0.0349911372779681
"W31744","12Baso",-0.00122715922803825,0.0310207329143192,0.00619628098374856
"W31745","10GMP",0.0202433275602438,0.0695179091293086,0.00351631273958735
"W31746","12Baso",0.00109232371603377,0.0141681504274938,0.00615450704638615
"W31748","16Neu",-0.10681590639479,0.16856616422827,0.39252264004908
"W31749","10GMP",0.00883927704085564,0.020022086564438,0.00344517733897176
"W31750","13Baso",0.00868795852353121,0.13669414426832,0.0247282274245598
"W31751","16Neu",-0.109823514898331,0.170624181467774,0.389583561593302
"W31752","6Ery",0.0169950373811296,-0.0248580153462703,0.000480443857201526
"W31755","5Ery",0.0135682727277968,-0.0652599465036471,0.00148579774564765
"W31756","10GMP",-0.00746504274697077,0.0630250279199698,0.00402159084548646
"W31758","13Baso",-0.00300693060486286,0.118832988059296,0.0196966756391381
"W31760","14Mo",-0.0500460894571755,0.132539768733335,0.046253456121897
"W31761","5Ery",0.0234895733686133,-0.0858366897905821,0.0224984914178819
"W31762","13Baso",0.00456590523799383,0.132297499246205,0.0247282462796059
"W31764","13Baso",-0.00280264480598605,0.147689395605973,0.0248111692232491
"W31765","13Baso",-0.00228594806125104,0.158436278671841,0.0349911561330142
"W31767","13Baso",-0.0496158874849589,0.134429730409619,0.0458139403325572
"W31768","4Ery",0.0636921446734924,-0.156890348576004,0.0933309634445802
"W31771","12Baso",-0.0155197724470454,0.0225110893348373,0.00260999568747143
"W31773","10GMP",0.00472276085822649,0.0479513957901943,0.00166304368343912
"W31774","11DC",-0.397749281105521,0.0403592221344263,0.454705043757192
"W31775","1Ery",0.0935848281784107,-0.304459358224441,0.0933309822996263
"W31777","3Ery",0.0853760012092905,-0.158964801278809,0.0933310011546724
"W31778","6Ery",0.00771296156147721,-0.0467703921502463,0.018990944972255
"W31779","6Ery",0.00339957001876933,-0.0313228831017828,0.00189138149647936
"W31780","2Ery",0.0417184515989974,-0.17838797763612,0.0933310200097186
"W31781","2Ery",0.0722481442289461,-0.224380724813289,0.0933310388647647
"W31782","13Baso",0.0265848618576224,0.125970810637618,0.0156452708687825
"W31783","3Ery",0.0459137664576661,-0.0858069134817333,0.0396289541469258
"W31785","15Mo",-0.102331513360055,0.179948404833064,0.401080670576205
"W31786","2Ery",0.051712567356397,-0.172840519391509,0.0933310577198108
"W31787","10GMP",-0.0238547490823691,0.0534248925019829,0.000332288268437536
"W31788","5Ery",0.0126461651919652,-0.0854425148997016,0.0200507036304541
"W31789","13Baso",-0.0133664406746888,0.0860135031300053,0.00245161488653763
"W31791","9GMP",0.0120317835447855,0.068674583680617,0.00441456285204702
"W31792","9GMP",0.00109714262140783,0.0692696226984563,0.00250894305074984
"W31793","12Baso",0.0218856405669778,0.042991944426917,0.0107179736466654
"W31794","17Neu",0.0421538887278033,0.0410115040458146,0.00577665133092411
"W31795","6Ery",0.00521260783467416,-0.0367065346273532,0.00563121248896723
"W31796","7MEP",0.0163139718497985,-0.0212956065120613,0.00208971288955443
"W31797","6Ery",0.0310233905001314,-0.0809716493859022,0.0214533517782852
"W31798","14Mo",-0.000277230197282212,0.143209190163039,0.0248111880782953
"W31799","14Mo",-0.0090981311479614,0.136922534641291,0.0248112069333414
"W31801","13Baso",-0.000759066659988135,0.149597417268503,0.0248112257883875
"W31802","13Baso",-0.00219254015544344,0.142192703037659,0.0248112446434337
"W31803","2Ery",0.0233964842632843,-0.142729013164907,0.075187195046254
"W31804","13Baso",0.0040953278602712,0.127461814104549,0.0234844029328727
"W31805","7MEP",0.020905254981634,-0.00854440099844115,0.00523041329762567
"W31806","3Ery",0.0445824961510865,-0.115469227797685,0.0677861473539399
"W31807","13Baso",-0.0313524008674225,0.0863794932358353,0.00103446895943789
"W31808","15Mo",-0.0696754696049252,0.161724806577571,0.0604966458427548
"W31809","13Baso",-0.0215556247635289,0.128276065124357,0.0349911749880604
"W31810","11DC",-0.652578012881685,-0.272729053059204,0.755863052068583
"W31811","17Neu",0.100645363392128,0.0690740872603759,0.000184824239296411
"W31812","13Baso",-0.0157840783814759,0.102183076548972,0.0128429770920978
"W31813","14Mo",-0.0200401439451783,0.131517538154624,0.0349911938431065
"W31814","2Ery",0.0278025737234457,-0.161731312149642,0.093331076574857
"W31815","11DC",-0.642930527517106,-0.262407428159509,0.755863070923629
"W31816","13Baso",-0.0306632287753851,0.0841457494520403,0.00258074352123979
"W31817","13Baso",-0.022155543994334,0.137320436209489,0.0349912126981527
"W31818","2Ery",0.0378132187907269,-0.173927977636659,0.0933310954299031
"W31819","2Ery",0.0518678970788551,-0.211533199156941,0.0933311142849493
"W31820","16Neu",-0.105538726466523,0.159852511389591,0.391505340236916
"W31821","14Mo",-0.0211823750438818,0.131958607311261,0.0349912315531988
"W31822","10GMP",-0.0104480945081235,0.0564385874678148,0
"W31823","16Neu",-0.0879170824791864,0.144063180497005,0.407647630720636
"W31824","13Baso",-0.000261388388950467,0.162016609811653,0.0349912504082449
"W31825","10GMP",0.0179709700957215,0.108503684607578,0.000498776661530975
"W31826","16Neu",-0.0751074550675518,0.138856863160252,0.42119463775572
"W31827","2Ery",0.0146021390698532,-0.103260679320793,0.0373245940292048
"W31828","14Mo",-0.0197880894792078,0.130513049271828,0.0349912692632911
"W31829","12Baso",-0.00770965215443725,0.0239917495100572,0.00230743301759037
"W31830","9GMP",0.0250802477525746,0.0693675142467093,0.00253917375775938
"W31831","2Ery",0.0393658046536113,-0.165232735162771,0.0933311331399954
"W31832","2Ery",0.0722369665354599,-0.191888428174769,0.0933311519950415
"W31834","2Ery",0.0309073474045641,-0.174251410349975,0.0933311708500877
"W31835","6Ery",0.0184301718215605,-0.0914142219225907,0.0424012628310367
"W31836","13Baso",0.00155037167336598,0.125518202725403,0.0230917212443001
"W31837","14Mo",-0.040435013382625,0.0908023544133312,0.000701941720258385
"W31838","2Ery",0.0255059434091802,-0.151951104741825,0.0850199932483572
"W31839","5Ery",0.036390450757128,-0.130243638084754,0.0762922615426421
"W31840","16Neu",-0.107428237787895,0.189020443230142,0.397713736117301
"W31841","6Ery",0.00727548186351609,-0.0241699531832903,0.00187313527239437
"W31842","13Baso",-0.0353426384656659,0.0940629026199769,0.0134322298863655
"W31845","14Mo",-0.00958556529518541,0.153162707027552,0.0349912881183372
"W31846","5Ery",0.0204718386828495,-0.110366156871806,0.0420914103857931
"W31847","5Ery",0.00882250843997097,-0.0679822646086253,0.00206501357638456
"W31849","2Ery",0.0872206967467434,-0.207739942311482,0.0933311897051338
"W31850","4Ery",0.029435008891269,-0.11918533660712,0.0691448087193538
"W31851","2Ery",0.0386924487985972,-0.181330688552935,0.0933312085601799
"W31854","10GMP",-0.00981391623668295,0.0470694720410753,0.00358805543289692
"W31855","5Ery",0.0332170818357265,-0.152031398056373,0.0882694710260402
"W31856","13Baso",-0.0400490890003576,0.095016382273095,0.0119329665542279
"W31857","13Baso",-0.00153102056270089,0.126636312830165,0.024375782983537
"W31858","2Ery",0.0381252284357639,-0.151926447460172,0.090487418220638
"W31859","12Baso",-0.0013896342979451,0.0340946956830563,0.00841868341444365
"W31860","12Baso",0.0271722370992678,0.0428753270783856,0.00971460458313349
"W31861","15Mo",-0.0721607979933087,0.123620954184259,0.42025409447046
"W31864","13Baso",-0.0149644659312253,0.137111646748036,0.0349913069733833
"W31865","13Baso",0.00212031925795422,0.135933922108316,0.0247282651346521
"W31866","13Baso",-3.08858769034124e-05,0.158390455038934,0.0349913258284295
"W31868","13Baso",-0.0116768079141948,0.108426173234455,0.0150065511803338
"W31870","10GMP",-0.00344760652097212,0.0769417108192513,0.0160153793502695
"W31871","14Mo",-0.0762571660445739,0.139527349071811,0.420037435453139
"W31872","13Baso",0.00191234516919742,0.156390229779464,0.0253326067675932
"W36865","7MEP",0.0144465535257478,-0.0124588714352397,0.00662293739657787
"W36866","13Baso",-0.0228676665952511,0.140137221609946,0.0347962525953814
"W36867","9GMP",0.0184471466491777,0.0155782102242376,0.00826732232697784
"W36868","14Mo",-0.0097367080136339,0.148500004594175,0.0349913446834756
"W36869","1Ery",0.112458253327029,-0.248043030561926,0.0933312274152261
"W36871","3Ery",0.118235378131545,-0.1339036778613,0.0933312462702722
"W36873","13Baso",-0.00143597712578002,0.175996966190344,0.0349913635385217
"W36874","13Baso",-0.00484995651814354,0.154728503738339,0.0349913823935679
"W36875","15Mo",-0.0976276463789974,0.18900983153672,0.409226212169777
"W36876","2Ery",0.0542993434606447,-0.152682296200131,0.0933312651253183
"W36877","13Baso",-0.0205065021169148,0.0961815202037478,0.000100608580974777
"W36878","5Ery",0.139826845267703,-0.141986041883704,0.0933312839803645
"W36879","14Mo",-0.0247136991550549,0.156031408992255,0.0315281715421732
"W36881","3Ery",0.0946526385364578,-0.161713181820426,0.0933313028354106
"W36882","6Ery",0.0165313649705629,-0.0680036749400625,0.00364861668543855
"W36883","2Ery",0.0726359489198672,-0.159224395830181,0.0933313216904567
"W36885","15Mo",-0.0693078864186307,0.148188874672831,0.0604966646978009
"W36886","12Baso",0.011343673069548,0.0369588726746129,0.00824672654673963
"W36887","7MEP",-0.0090172675521916,-0.0320609429516509,6.93135907652298e-05
"W36889","2Ery",0.112493479871201,-0.248902866746988,0.0933313405455029
"W36890","8Mk",-0.098238521153113,-0.0117938243561012,0.00657025825626389
"W36891","14Mo",-0.0103452796265418,0.152445847329429,0.034991401248614
"W36892","14Mo",-0.0168935262421449,0.15414460132945,0.0349914201036601
"W36893","8Mk",-0.0258528267070612,0.00438159274811068,0.00818566153854023
"W36894","5Ery",0.0428989612406873,-0.099868347973461,0.0414909686394736
"W36895","14Mo",-0.0568151395526199,0.134344620005131,0.053042578295754
"W36897","2Ery",0.083739197812044,-0.21510421895628,0.093331359400549
"W36898","3Ery",0.0640257356266741,-0.129795664379148,0.0803547899843513
"W36899","9GMP",-0.00919289847987775,0.0667138978743289,0.00242133847472704
"W36900","5Ery",0.0471788997127824,-0.117568919424719,0.0662471811132407
"W36901","3Ery",0.071954608366264,-0.147379487575191,0.0933313782555951
"W36902","5Ery",0.0359301194362461,-0.121727333500974,0.066588536594449
"W36903","14Mo",-0.0102231219824176,0.138063942320296,0.0248112634984798
"W36905","2Ery",0.075854250518498,-0.162570266520451,0.0933313971106413
"W36906","2Ery",0.0942523803073022,-0.187755067188673,0.0933314159656874
"W36907","14Mo",-0.0586289675204583,0.132216081423731,0.0548722394564213
"W36908","16Neu",-0.0742434590601107,0.143313537677163,0.423497705479262
"W36909","9GMP",0.012530607990292,0.0107797824094968,0.0105656806470538
"W36910","16Neu",-0.118197325166109,0.196475132506582,0.387214782924097
"W36911","15Mo",-0.092615014750438,0.179151947583648,0.412267300534818
"W36912","10GMP",0.00517336957373407,0.0843422917613517,0.0126999972801705
"W36913","3Ery",0.0899515580166176,-0.162912217285578,0.0933314348207336
"W36914","14Mo",-0.0123779379556906,0.141441627302949,0.0349914389587063
"W36915","8Mk",-0.0417301229297535,0.0115252152174589,0.000669339599364419
"W36916","14Mo",-0.0441170317650531,0.104446724239193,0.040412571482355
"W36917","15Mo",-0.0271050790593351,0.146160074459322,0.0315281903972194
"W36918","16Neu",-0.0909510077970233,0.150383029002858,0.405909050895105
"W36919","5Ery",0.0371545567088503,-0.135739938098111,0.074881966726838
"W36920","14Mo",-0.0179897710996711,0.128262586075111,0.0248112823535259
"W36921","16Neu",-0.0899436449136286,0.148101090636636,0.406433314855995
"W36922","4Ery",0.0242785612064296,-0.103216913130131,0.0393071742922914
"W36923","2Ery",0.095656757903196,-0.191764749318545,0.0933314536757797
"W36924","13Baso",-0.00555508185680049,0.149186304948462,0.0349914578137524
"W36925","14Mo",-0.00486852827522449,0.169447052708195,0.0349914766687986
"W36926","13Baso",-0.0176507195125992,0.118092955346672,0.0243765575185426
"W36927","5Ery",0.0240666044453814,-0.0827697673751105,0.0209787249225206
"W36928","13Baso",-0.00695149211379512,0.0932403134444555,0.00144868504418626
"W36929","7MEP",-0.00259982561818586,-0.0149805082450168,0.00510253837039999
"W36930","15Mo",-0.0879929016866549,0.147872365068589,0.40865929319836
"W36931","6Ery",0.00406170306545244,-0.0126388001098373,0.00479438741640104
"W36932","16Neu",-0.0840877925013623,0.156234673447145,0.415664349696652
"W36933","15Mo",-0.0604439646225513,0.144944057485572,0.0566437565675889
"W36934","12Baso",0.0429930808363951,0.059381877303624,0.00305590045000752
"W36935","6Ery",0.0209688246321947,-0.0554025723711322,0.00267263702284487
"W36936","13Baso",-0.00594379973313301,0.154283239252481,0.0349914955238447
"W36939","14Mo",-0.0510248848689926,0.136949893607702,0.0472185566093245
"W36940","16Neu",-0.0974515025290641,0.150302475913597,0.398247848314111
"W36941","14Mo",-0.0121047572676702,0.144396597314927,0.0349915143788908
"W36942","14Mo",-0.0177825017089783,0.136208811579325,0.034991533233937
"W36943","2Ery",0.0545909915052905,-0.177760405791712,0.0933314725308258
"W36944","6Ery",0.01417375195197,-0.0312076903149636,0.00392287330285976
"W36945","6Ery",0.0113348304830791,-0.0209006467090052,0.00328655242711179
"W36946","13Baso",-0.00865940838594779,0.108673502947493,0.0126776494919899
"W36947","14Mo",-0.0243975631290822,0.126109974031335,0.0349915520889831
"W36948","16Neu",-0.0937704580723523,0.153304881454443,0.403440560564923
"W36949","2Ery",0.0705147249381046,-0.189396294590215,0.093331491385872
"W36950","2Ery",0.0796071414928007,-0.267317081746554,0.0933315102409181
"W36951","5Ery",0.030725961133708,-0.136403872097682,0.0746316097389461
"W36952","2Ery",0.0288065346389528,-0.157676453184185,0.0916232737408489
"W36953","5Ery",0.0259040658329565,-0.0988367129364506,0.0374549334497495
"W36954","1Ery",0.0727085979693142,-0.237854526065133,0.0933315290959642
"W36955","13Baso",0.0112887742841941,0.0995918555684847,0.000985204444912402
"W36956","14Mo",-0.0118809327930085,0.129472922421963,0.0248113012085721
"W36957","14Mo",-0.0215490958794819,0.138667669078288,0.0349915709440292
"W36958","16Neu",-0.104552220212841,0.182926272978392,0.399331983954255
"W36959","1Ery",0.0805587615707236,-0.212090581839073,0.0933315479510104
"W36960","6Ery",0.04774759397758,-0.116330984607232,0.066720360557861
"W36961","14Mo",-0.0420446107439281,0.141432846191493,0.0381842760050088
"W36962","14Mo",-0.0182203784202043,0.145511048171597,0.0349915897990754
"W36963","15Mo",-0.0470546259628328,0.147623310279562,0.0431897841928029
"W36964","13Baso",0.00088891311880028,0.178195578085377,0.0349916086541215
"W36966","15Mo",-0.059730092842115,0.152470124101395,0.0558969928620589
"W36967","1Ery",0.113426172139991,-0.26038887148444,0.0933315668060565
"W36969","8Mk",-0.341367601363728,0.0866526104062617,0.356989100751745
"W36970","15Mo",-0.0923700105767062,0.171440273961704,0.410326746465363
"W36971","14Mo",-0.0239790039627099,0.146938365432942,0.0327716754353524
"W36972","10GMP",-0.0104016741867168,0.0687521377627252,0.000791886552566274
"W36973","9GMP",-0.0206775611367417,0.0587004178416659,0.00341174583244901
"W36974","4Ery",0.0354871477833253,-0.0785449755688141,0.0210776310419376
"W36975","15Mo",-0.0428134649491856,0.158606077458654,0.0388878043794134
"W36976","4Ery",0.0171845255937615,-0.0472674375318057,0.0211821804921116
"W36977","11DC",-0.764314734647363,-0.318002231538112,0.755863089778675
"W36978","2Ery",0.0751946360942806,-0.200763090614738,0.0933315856611026
"W36979","14Mo",-0.0208613522568951,0.123123151680005,0.0248113200636182
"W36980","14Mo",-0.0376059482770508,0.10580017433661,0.0338698234391091
"W36981","8Mk",-0.0466891987906901,0.0171056260536465,0.00417704800088822
"W36982","13Baso",-0.0226194052237017,0.0956372281053913,0
"W36983","6Ery",0.0329051460199401,-0.0799866518333561,0.0213152337753246
"W36984","13Baso",-0.000721659021165469,0.135729770886363,0.0248113389186644
"W36985","4Ery",0.031691576953695,-0.116829406351522,0.0698026171067699
"W36987","13Baso",-0.0071990935279067,0.0625784879839656,0.00366436429208258
"W36990","15Mo",-0.0322876310245558,0.128741353730728,0.0315282092522655
"W36991","13Baso",-0.00232910855672396,0.101741788111838,0.000443861425740263
"W36992","4Ery",0.103860334408047,-0.143787852930576,0.0933316045161488
"W36993","2Ery",0.0588154964053861,-0.200332328987544,0.0933316233711949
"W36994","16Neu",-0.101373629941113,0.150351047565491,0.393653534961581
"W36995","2Ery",0.0548372321325014,-0.233452510458701,0.093331642226241
"W36996","5Ery",0.0263420191681451,-0.0954346698986314,0.0386758328342554
"W36997","2Ery",0.0625596611668964,-0.205599901894655,0.0933316610812872
"W36998","5Ery",0.0227106282925691,-0.0742503800233209,0.0137155843335031
"W36999","10GMP",0.0679114472517334,0.0961676861004799,0.0165746282876353
"W37000","13Baso",0.0042789778519136,0.114439095788568,0.0151238056493093
"W37001","13Baso",0.00197195050007853,0.120719799591402,0.0198252785730779
"W37003","8Mk",-0.0393136135407052,-0.000787169182768636,0.00939585695001188
"W37004","16Neu",-0.0958690785371291,0.151237331326128,0.400377271318469
"W37005","13Baso",0.00943981683612125,0.102452835806994,0.000555724243636254
"W37006","7MEP",0.0105138952719554,-0.026106624104098,0
"W37008","4Ery",0.0747379161745245,-0.155516843610687,0.0933316799363333
"W37009","13Baso",-0.00514597706304154,0.104850433217489,0.0135098018479069
"W37010","6Ery",-0.00307027336209937,-0.00752512398334597,5.45611031381073e-05
"W37011","2Ery",0.0227522195952527,-0.17631313574526,0.0933316987913795
"W37012","14Mo",-0.0220562524462003,0.0859237259768866,0.00313265888372654
"W37013","16Neu",-0.0910191630074219,0.137972358396536,0.402242575192737
"W37014","2Ery",0.076343589134022,-0.191369869183221,0.0933317176464256
"W37015","13Baso",-0.0359644082114226,0.116435125166378,0.0321792301363699
"W37016","14Mo",-0.0615030055015228,0.11817438295238,0.0578137914146309
"W37017","6Ery",0.0299161781890345,-0.0900273912548672,0.0407457444372992
"W37018","2Ery",0.0511262635371901,-0.246547158248772,0.0933317365014717
"W37019","2Ery",0.0213683158084898,-0.159566753486982,0.0902273649790272
"W37020","2Ery",0.047652267577003,-0.205729572928328,0.0933317553565179
"W37022","8Mk",-0.0183605468832091,0.018885208582426,0.000516412247436801
"W37023","2Ery",0.0535881561123195,-0.176095181534227,0.093331774211564
"W37024","4Ery",0.0813020769950725,-0.167180042914107,0.0933317930666101
"W37025","14Mo",-0.0112874047846699,0.153887014011416,0.0349916275091676
"W37026","17Neu",-0.014331606794861,0.0142653341291166,0.00333282564943958
"W37027","5Ery",0.0117562982631239,-0.0669636681616387,0.00208439232809601
"W37028","13Baso",-0.0140097271117877,0.141744260194411,0.0349916463642138
"W37029","7MEP",0.0097072965662803,-0.0043959899439993,0.000369931369891624
"W37030","3Ery",0.0518259145056121,-0.128523208204512,0.0746622253729916
"W37031","5Ery",0.0423328243010695,-0.135744509981729,0.0759466124156968
"W37032","13Baso",-0.00137514502397165,0.141053336320665,0.0248113577737105
"W37034","8Mk",-0.198542689584174,0.0321728942275585,0.245344160463954
"W37035","6Ery",0.0103863479516869,-0.0245596740616977,0.00103017293369555
"W37036","5Ery",0.0347369220034266,-0.138288516895968,0.0755266560317959
"W37037","5Ery",0.0303620247017844,-0.0868321613766131,0.0423134199817852
"W37038","11DC",-0.402795435668183,0.0187042560301903,0.475081345059674
"W37039","5Ery",0.0536797322547763,-0.148604929492137,0.0933318119216563
"W37040","15Mo",-0.0681090518016497,0.141942887777384,0.0604966835528471
"W37041","2Ery",0.029645453009869,-0.169940721811841,0.0933318307767024
"W37042","2Ery",0.0454249317057676,-0.172467268797503,0.0933318496317485
"W37043","15Mo",-0.0754784328747802,0.147989621160136,0.423397879765252
"W37044","15Mo",-0.0673635384029517,0.144641881955227,0.0604967024078932
"W37045","13Baso",-0.0209025221232136,0.121920619957802,0.0248113766287566
"W37046","14Mo",-0.0104159056899451,0.141313173522801,0.0349916652192599
"W37047","14Mo",-0.0290662770613435,0.139695476908966,0.0315282281073116
"W37048","14Mo",-0.0125439714603428,0.139048459861234,0.034991684074306
"W37049","5Ery",0.0288489047014569,-0.10320698969085,0.0402490853709329
"W37050","7MEP",0.0160956097933297,-0.00154592648420428,0.000327634663375139
"W37051","3Ery",0.0358403714845585,-0.120382737808037,0.0672487918639427
"W37052","2Ery",0.073171450978803,-0.158767137036705,0.0933318684867947
"W37053","7MEP",0.00870074925646913,-0.00146428099814916,0.018441689326001
"W37054","1Ery",0.0919687069387208,-0.281488792536822,0.0933318873418408
"W37055","14Mo",-0.0226008790342844,0.147825540191459,0.0334858528945413
"W37056","2Ery",0.0530043612562354,-0.172761795494929,0.0933319061968869
"W37057","15Mo",-0.0739578360951932,0.15885275189385,0.0604967212629393
"W37058","13Baso",-0.0222282413935162,0.158329648893883,0.0317009206033861
"W37059","4Ery",0.0393620048509051,-0.104505949249793,0.0430757550790981
"W37060","13Baso",-0.028139811537477,0.157688646129344,0.0315282469623578
"W37061","6Ery",0.0269156082965048,-0.0755765032018607,0.0153042128387453
"W37063","9GMP",-0.0198122743185568,0.0564271936611787,0.00168152315152995
"W37065","3Ery",0.199765410017735,-0.19270223019428,0.0933319250519331
"W37066","6Ery",0.0230056823926837,-0.0731405538203572,0.0140274660988311
"W37067","1Ery",0.0750861064671054,-0.231560894836983,0.0933319439069792
"W37068","4Ery",0.0636561638325198,-0.130259412700422,0.0804839000395283
"W37069","13Baso",-0.00489408149135543,0.147798049474989,0.025381007414849
"W37070","9GMP",0.0056950973521479,0.0625056889243276,0.00128658598504188
"W37072","7MEP",0.0112476214015022,-0.0175155274897626,0.00555481620913117
"W37073","14Mo",-0.0217159166464626,0.144642598460848,0.0346677692754917
"W37074","13Baso",-0.0298346998698327,0.119908433041365,0.0342197306766118
"W37075","13Baso",-0.00285944749729489,0.152755270365726,0.0349917029293522
"W37077","10GMP",-0.0108718845434661,0.0635262894597526,0.00432555580658375
"W37078","9GMP",-0.00913260969565156,0.0293568611920705,0.00638465733842075
"W37079","5Ery",0.0199068066139862,-0.0747271520680131,0.0137792549631269
"W37080","16Neu",-0.0951967186793413,0.155453154866691,0.402385503514356
"W37081","14Mo",-0.0194500821565747,0.151173095288554,0.0348646041198272
"W37082","15Mo",-0.0730936058497871,0.147652296549044,0.426102661566113
"W37083","2Ery",0.0660113061102428,-0.163147616800574,0.0933319627620254
"W37084","3Ery",0.0821519073033323,-0.16275932716774,0.0933319816170715
"W37085","13Baso",-0.0129654457765708,0.0913042651949805,0.00150154417843196
"W37086","6Ery",0.0259019657794636,-0.0829097396227049,0.0214322658655198
"W37087","4Ery",0.0206112112149783,-0.0899521750230685,0.0427096362692147
"W37088","3Ery",0.0902441059006072,-0.178549656051019,0.0933320004721176
"W37089","16Neu",-0.093698084275041,0.169197755672609,0.408118215782661
"W37090","9GMP",-0.0168750684062035,0.0438579927360812,0.00254902975851403
"W37091","9GMP",-0.0114380469559796,0.0518751483879287,0.00306330217583189
"W37092","12Baso",-0.00354247998706964,0.00209725526711289,0.0137660134962541
"W37093","7MEP",0.0203144605676122,-0.0117050070734384,0.00722218455668915
"W37094","16Neu",-0.0861146420349129,0.157756739302044,0.413722566398188
"W37095","6Ery",0.0264629297701819,-0.0601532845016778,0.00121316367670024
"W37096","13Baso",-0.0223570140386153,0.122428938741944,0.0248113954838028
"W37097","17Neu",0.0553244554062097,0.030873185524015,0.00415850340248576
"W37098","14Mo",-0.014756763465574,0.121360997073375,0.0247282839896982
"W37099","3Ery",0.0915482318724631,-0.184173145683328,0.0933320193271638
"W37100","16Neu",-0.084021131397851,0.153477739657393,0.414945951738577
"W37101","13Baso",-0.0166473684419114,0.0894826451105465,0.00193620281253723
"W37102","14Mo",-0.00907095388948964,0.152973731291742,0.0349917217843983
"W37103","3Ery",0.114649035293877,-0.202257865268388,0.0933320381822099
"W37104","14Mo",-0.0302913327390942,0.125596734450392,0.0328301723344607
"W37105","16Neu",-0.113139093664014,0.162292933459181,0.383280688764151
"W37106","2Ery",0.0709320340227213,-0.185974783595329,0.093332057037256
"W37107","18Eos",-0.232526182907039,0.206312588278344,0.255734690359143
"W37108","7MEP",0.00928373057236438,-0.0179547168352771,0.00563108779548406
"W37109","7MEP",0.0193932437020813,-0.00691520834312163,0.00386286416722425
"W37110","5Ery",0.012382006221727,-0.0992343308408001,0.0395897281983773
"W37111","16Neu",-0.0388139896154581,0.147844981974314,0.0349151164431089
"W37112","2Ery",0.0394482492731221,-0.18413158022067,0.0933320758923022
"W37113","5Ery",0.0403098204458252,-0.137408209914949,0.076276264666383
"W37114","13Baso",-0.00267386137011317,0.104957658701853,0.0139540692380102
"W37115","6Ery",0.0154095059439921,-0.0257306644831453,0.000719644333538078
"W37116","14Mo",-0.0263957520425945,0.147188389028362,0.0315282658174039
"W37117","12Baso",0.0619402792887686,0.0641715356087788,0.0031288276574421
"W37118","13Baso",-0.00742030996004847,0.0968278635076583,0.000596040387109444
"W37119","5Ery",0.0331886017332932,-0.13407641337612,0.0751925676942905
"W37120","2Ery",0.0323477729190098,-0.152440417850875,0.0882694333159479
"W37121","2Ery",0.0745996575656912,-0.161288477919583,0.0933320947473483
"W37122","14Mo",-0.00911836855617441,0.150817879522454,0.0349917406394444
"W37123","16Neu",-0.0884300893075609,0.143335540784644,0.4068345883925
"W37124","14Mo",-0.0347842569409893,0.102191181657561,0.0178238992609334
"W37125","1Ery",0.0845895177852505,-0.224267129932389,0.0933321136023944
"W37126","11DC",-0.64628381265965,-0.251665703259294,0.755863108633722
"W37127","1Ery",0.0726457793460868,-0.229996491101991,0.0933321324574406
"W37128","13Baso",-0.0116669619955149,0.0968338369547718,0.00145225572560655
"W37130","3Ery",0.0555668537351886,-0.109107038823327,0.0685511441819487
"W37131","5Ery",0.0449594889907285,-0.164075005424135,0.0933321513124867
"W37132","16Neu",-0.102238348889264,0.171877825579748,0.398858038603373
"W37133","16Neu",-0.086012917249559,0.156510500016304,0.413481947489731
"W37134","6Ery",0.0165519672713315,-0.0648921204668953,0.00188505873236703
"W37135","1Ery",0.106727596809399,-0.293628962835465,0.0933321701675328
"W37137","14Mo",-0.0178926804823051,0.102281611925997,0.0123567544197628
"W37138","16Neu",-0.0712383636862056,0.148298058637748,0.0604967401179855
"W37139","2Ery",0.0646947136876902,-0.165282767257661,0.093332189022579
"W37140","10GMP",-0.00477232323425597,0.0152117297173409,0.00437793350053768
"W37141","5Ery",0.0216563765095404,-0.122626518281226,0.0691109128644738
"W37142","14Mo",0.0501542341121494,0.169950770731625,0.0247283028447443
"W37143","2Ery",0.0433844945320241,-0.17764087575366,0.0933322078776251
"W37144","6Ery",0.020366417271002,-0.0561618413464643,0.0023523156750618
"W37145","5Ery",0.0302815258078469,-0.107984756980407,0.0429332506306047
"W37146","1Ery",0.0870253472612909,-0.324395624749492,0.0933322267326712
"W37147","5Ery",0.0121011656463,-0.0230191654849198,0.00173332809834758
"W37148","15Mo",-0.0749245737204754,0.134097322313986,0.420034064555695
"W37150","10GMP",0.073325364112173,0.0959066113299081,0.0177628204904644
"W37151","2Ery",0.0600829052226811,-0.180708567270997,0.0933322455877174
"W37152","5Ery",0.0250273025287806,-0.127330803336345,0.0661687506758817
"W37153","7MEP",0.0110279370895144,-0.0184301551503562,0.00498755577236925
"W37154","6Ery",0.0549520552765635,-0.105316887619295,0.0704873409173914
"W37155","11DC",-0.585357808465776,-0.291660822954734,0.770911423492894
"W37156","4Ery",0.0726464829377753,-0.151293993977588,0.0933322644427635
"W37157","15Mo",-0.0225230268604928,0.167079851416574,0.03152828467245
"W37158","3Ery",0.0870251157730446,-0.176934419680375,0.0933322832978097
"W37159","2Ery",0.0980165072821337,-0.197729702495289,0.0933323021528558
"W37161","7MEP",0.011590171832134,-0.0210024055747796,0.00317092302645573
"W37162","1Ery",0.0959173122849289,-0.23188590216045,0.0933323210079019
"W37163","7MEP",0.036227854010036,-0.0116602486341891,0.00476377633814092
"W37164","5Ery",0.0302607128361505,-0.102559178572065,0.0402177684118632
"W37165","3Ery",0.0949586990031677,-0.151189099074708,0.0933323398629481
"W37166","3Ery",0.0510315046188738,-0.140088413807719,0.0850668259235256
"W37167","13Baso",-0.0242985456750322,0.101763189242104,0.0121430328349538
"W37168","3Ery",0.10900927337364,-0.139928987051823,0.0933323587179942
"W37169","15Mo",-0.0630504444629913,0.160133736076698,0.0592001466341551
"W37170","15Mo",-0.0340868110538106,0.14449915354512,0.0315283035274962
"W37171","4Ery",0.0335927757760255,-0.142730742312617,0.0798356554875442
"W37172","14Mo",-0.0226070845850141,0.15621461290732,0.0318651735163402
"W37173","2Ery",0.0416100304257595,-0.175900514379487,0.0933323775730403
"W37174","2Ery",0.0792433866677532,-0.165864079770572,0.0933323964280865
"W37175","16Neu",-0.101179846165462,0.169438806250082,0.399396978798766
"W37176","13Baso",-0.00372807806140256,0.16547989989157,0.0349917594944906
"W37177","14Mo",-0.000831130056080219,0.107362635229914,0.012972992996407
"W37178","5Ery",0.0270874557468066,-0.095053242294138,0.0387198175788677
"W37179","16Neu",-0.0748834329856922,0.127205520346974,0.418090838036715
"W37180","14Mo",-0.0127959774367435,0.147881310634199,0.0349917783495367
"W37181","16Neu",-0.0562983508682173,0.0944130316570444,0.0526829589788371
"W37182","8Mk",-0.0642180956997538,0.0122854050273782,0.00378746393637833
"W37183","7MEP",0.00215260290541465,-0.0225182460059015,0.0039329470506391
"W37184","8Mk",0.0203054920255909,0.0136860456483909,0.00992197376820889
"W37185","14Mo",-0.00803640262140493,0.136046937808562,0.0248114143388489
"W37186","10GMP",0.00948740341932527,0.0864538897501544,0.0121014116044132
"W37187","5Ery",0.0245553787028991,-0.139098509080933,0.0746657622554458
"W37188","10GMP",-0.0060999442278171,0.00727814473451855,0.00968736380239741
"W37190","3Ery",0.0405232260399696,-0.137042829059149,0.0761564755761552
"W37191","13Baso",-0.00714707286955966,0.0989131281293966,0.00115859462524344
"W37192","14Mo",-0.0166061247445482,0.136429298083565,0.0349917972045829
"W37193","3Ery",0.0920316853713588,-0.16362430993097,0.0933324152831326
"W37194","2Ery",0.0156433499247992,-0.140358731249411,0.0759228515730966
"W37195","2Ery",0.0415427999319802,-0.190524660358559,0.0933324341381787
"W37196","14Mo",-0.0687772078422129,0.134875626001164,0.0604967589730316
"W37197","2Ery",0.0189162745952342,-0.170243828597213,0.0933324529932249
"W37198","6Ery",0.0294948511348978,-0.0722141328514403,0.0139989884624435
"W37199","4Ery",0.0623976616262536,-0.159769066046471,0.093332471848271
"W37200","15Mo",-0.0716346099304564,0.147506045103806,0.0604967778280777
"W37201","13Baso",-0.00624459422022319,0.115941371958258,0.0183287480347616
"W37202","6Ery",0.01867419938688,-0.0961573363791686,0.0398866948032341
"W37203","12Baso",0.000275079998619127,0.0282626285948561,0.00396609690697933
"W37204","16Neu",-0.0980512597256044,0.150953627766696,0.397731299472809
"W37205","14Mo",-0.0303957456073398,0.14106554817177,0.0315283223825423
"W37206","15Mo",-0.0742034789093831,0.134121524583411,0.420888385770617
"W37207","13Baso",0.019257614823181,0.122345552021114,0.0150603357725016
"W37208","2Ery",0.0575442645820513,-0.16311032339675,0.0933324907033171
"W37209","14Mo",-0.0176993759634328,0.12864282142834,0.024811433193895
"W37210","14Mo",-0.0286151931046791,0.123969106703766,0.0342204766485091
"W37211","12Baso",-0.0116555988283018,0.0464321237143044,0.00345909112450163
"W37212","10GMP",-0.0259373313061293,0.0430769246729132,0.0035850646210264
"W37213","7MEP",0.00437234280253761,-0.0147463806912808,0.00625479146085155
"W37215","2Ery",0.0680339506360966,-0.164066428694097,0.0933325095583633
"W37216","4Ery",0.0308600644037789,-0.109749205173511,0.0439348899376638
"W37217","3Ery",0.0258608336229155,-0.144650123342105,0.0765528968942057
"W37218","16Neu",-0.0754545309771144,0.131421589796273,0.41863815861998
"W37219","5Ery",0.0261298722770578,-0.112281375358899,0.0442204726605057
"W37220","2Ery",0.0436383418438576,-0.182298745445074,0.0933325284134094
"W37221","3Ery",0.0343909381319881,-0.138253318474756,0.0754399044998256
"W37223","2Ery",0.0448365704710477,-0.181045447645829,0.0933325472684556
"W37224","14Mo",-0.0246636175559183,0.131750963650625,0.034991816059629
"W37225","14Mo",-0.0219406545859785,0.147795134142035,0.033915786146012
"W37226","8Mk",-0.105123357329304,0.00299151031355839,0.00427368281488595
"W37227","5Ery",0.0263968991971261,-0.143894900334362,0.076324861528082
"W37228","7MEP",0.00431302229162406,-0.0136657714159391,0.00552476669798092
"W37229","7MEP",0.00822718358683855,-0.0112961083700118,0.00468257860822689
"W37230","16Neu",-0.0951364247745135,0.154939698736072,0.402307961670737
"W37231","2Ery",0.0310383052352478,-0.173714948232204,0.0933325661235017
"W37232","13Baso",0.00865335313821585,0.0893068006902021,0.000246131733614256
"W37233","5Ery",0.0362800872185288,-0.144187709037424,0.0842523954410184
"W37234","5Ery",0.0222359327722917,-0.124911411001113,0.0679006288923645
"W37235","14Mo",-0.0643564160783245,0.132989790372956,0.0604967966831239
"W37236","6Ery",0.00499835072046257,-0.0531979379270854,0.022315699716768
"W37237","14Mo",-0.0160766938539511,0.135383216657031,0.0349918349146751
"W37238","7MEP",-0.0054629917471363,0.018133046075314,0.00221223478767397
"W37239","2Ery",0.0216495489180768,-0.162410477375478,0.0935498110954799
"W37240","13Baso",-0.0131030308883696,0.111995808718364,0.0175020607016619
"W37241","2Ery",0.0533317564595633,-0.221874970116692,0.0933325849785478
"W37242","14Mo",-0.0151094725739696,0.125374634651783,0.0248114520489412
"W37243","2Ery",0.0295362864443426,-0.171474254420279,0.093332603833594
"W37244","15Mo",-0.0647011935960825,0.149600916695589,0.06049681553817
"W37245","3Ery",0.0287686818995536,-0.117922218120001,0.0698854812632536
"W37246","5Ery",0.0216863040315852,-0.119802097632878,0.0704528422618225
"W37247","10GMP",-0.0635582285661312,-0.0897684722532249,0.000236553665466349
"W37248","6Ery",0.0128473700568808,-0.0542659014723997,0.0245262939359534
"W37249","15Mo",-0.0224491872368408,0.139596058957683,0.0349918537697213
"W37250","1Ery",0.108835386551947,-0.228421236237653,0.0933326226886401
"W37251","4Ery",0.0685964732484971,-0.106519276413491,0.0670919239487242
"W37252","12Baso",0.0721987139202571,-0.000340097163404833,0.00554650940488639
"W37253","4Ery",0.0580103736898868,-0.116109272233349,0.0783265634358926
"W37258","13Baso",-0.0021650110503934,0.169577562817119,0.0349918726247674
"W37259","6Ery",0.0636902891703049,-0.116427969245352,0.0770105587750003
"W37260","3Ery",0.0325914078020838,-0.0802045760005101,0.0213669552355735
"W37261","8Mk",-0.0311947244841756,0.00353980411965497,0.00782040825838244
"W37262","6Ery",0.0483129644687121,-0.0468826865198316,0.00210237161525053
"W37264","3Ery",0.0780912469026311,-0.122849791425548,0.0801674467952228
"W37265","3Ery",0.148370489676289,-0.125218610004293,0.0933326415436862
"W37266","4Ery",0.116300944437386,-0.16559473668973,0.0933326603987324
"W37267","16Neu",-0.0838085926250211,0.17403634741876,0.421136821347092
"W37268","7MEP",0.00776738085687475,-0.0246142494342412,0.00148521650816681
"W37269","3Ery",0.151689057684601,-0.184591615650976,0.0933326792537785
"W37270","15Mo",-0.094913044416274,0.251612847983779,0.0604968343932161
"W37273","10GMP",0.0272540085877441,0.0784749782822193,0.000855959876468436
"W37274","12Baso",0.0112666933300905,0.0401596096299302,0.0105446154104759
"W37275","3Ery",0.119828106663565,-0.186337062880031,0.0933326981088246
"W37276","3Ery",0.14756677299336,-0.132887564509688,0.0933327169638708
"W37277","14Mo",-0.00668376255359952,0.158738664016707,0.0349918914798135
"W37278","9GMP",-0.010471483211662,0.0478919328401111,0.00428679618187735
"W37279","12Baso",0.002514221204214,0.0434534854232252,0.00113995617615017
"W37280","15Mo",-0.0782083262168826,0.152056757437961,0.421365569794017
"W37281","15Mo",-0.0726187579882354,0.163122018317675,0.0604968532482623
"W37282","2Ery",0.0681079423261177,-0.184084503650325,0.0933327358189169
"W37283","14Mo",-0.0119893285515394,0.149449200371396,0.0349919103348597
"W37284","4Ery",0.0446583761159471,-0.15809560027373,0.093332754673963
"W37285","3Ery",0.11840592627012,-0.16923986051606,0.0933327735290092
"W37286","14Mo",-0.00232316550615248,0.165653773210537,0.0349919291899058
"W37288","14Mo",-0.000194748553131705,0.154445391915617,0.0349919480449519
"W37289","8Mk",-0.168288104804709,0.0996930626310521,0.300399262317255
"W37290","16Neu",-0.117224080632063,0.18950392394024,0.386343906016524
"W37291","10GMP",0.00986978749074199,0.0492447797462361,0.00167738446736735
"W37292","2Ery",0.0520436416111411,-0.166394471529907,0.0933327923840553
"W37293","2Ery",0.0609745553380009,-0.177901672551073,0.0933328112391014
"W37294","3Ery",0.114204003467787,-0.146633820356992,0.0933328300941476
"W37295","9GMP",0.00500123556144474,-0.00652888209681435,0.000906036465770781
"W37296","15Mo",-0.0806779590730466,0.169747375114056,0.423575927803206
"W37297","14Mo",0.0268192074388488,0.145826966898755,0.0247283216997905
"W37298","5Ery",0.026523504663767,-0.118861070282915,0.0699016800866068
"W37300","14Mo",-0.020182586222116,0.100604601879281,0.0128356914951344
"W37301","2Ery",0.052357651879628,-0.170954944448331,0.0933328489491937
"W37302","13Baso",-0.00189124285085995,0.149077672290237,0.0248114709039873
"W37303","14Mo",0.000306455313442727,0.163565389005529,0.0349919668999981
"W37304","14Mo",-0.00724705389657431,0.164219999143292,0.0349919857550442
"W37305","14Mo",-0.0353870441545784,0.126739684559294,0.0315584345697786
"W37306","2Ery",0.0896248695232021,-0.177433711835245,0.0933328678042399
"W37307","2Ery",0.0750254518927278,-0.201947555552394,0.093332886659286
"W37308","13Baso",-0.00650527510792565,0.141657435380268,0.0248114897590334
"W37309","6Ery",0.00927717510683236,-0.0636760407767313,0.000219704130432753
"W37310","7MEP",0.00878497903765761,-0.000804781844575863,0.0179956235624501
"W37311","7MEP",0.0305806563977459,-0.00103253794769785,0.00204822980897152
"W37312","13Baso",-0.0142333683405347,0.0826161794659039,0.000473066170634574
"W37313","3Ery",0.0994614272798376,-0.128838479558203,0.0933329055143321
"W37314","3Ery",0.024706113436523,-0.0952477532798495,0.0391113715721674
"W37315","14Mo",-0.014802503872803,0.120865817136401,0.0244729377840505
"W37317","2Ery",0.025865170450524,-0.0595189630277992,0.000730940386996278
"W37318","2Ery",0.0363840914650063,-0.177520409112596,0.0933329243693783
"W37319","8Mk",-0.0526270729122557,-0.0108465154929177,0.0140515721731643
"W37320","7MEP",0.0084516709187281,-0.00828108094499107,0.0027189485500725
"W37322","16Neu",-0.0958115584263448,0.144323406783342,0.398446971719161
"W37323","5Ery",0.0251668877576939,-0.111064511965095,0.0434128465418019
"W37324","14Mo",-0.0118168675937616,0.144959514775455,0.0349920046100903
"W37325","2Ery",0.0209947536783253,-0.117950011296562,0.0714798369939226
"W37326","14Mo",-0.0196390440309091,0.112523166015641,0.0200493682983484
"W37327","8Mk",-0.0392302492534448,0.00911443624482856,0.002488432915439
"W37328","7MEP",-0.00150921240046994,0.00274059714552574,0.0136792577927131
"W37330","14Mo",-0.0301070117369877,0.10936078814103,0.0218442652377937
"W37331","12Baso",0.0184462550653023,0.0103368911459949,0.0119314234703211
"W37332","13Baso",0.00423943520845949,0.131327914265826,0.0244729566390967
"W37334","12Baso",-0.0209669332755424,0.000160090293012956,0.0120093232118776
"W37335","13Baso",0.00727339121171332,0.14306783750711,0.0248115086140796
"W37336","4Ery",0.0957210382989635,-0.145897812948106,0.0933329432244244
"W37337","14Mo",-0.020947135547447,0.145575452702777,0.0349818378833472
"W37338","2Ery",0.0956809375413346,-0.193185200208077,0.0933329620794705
"W37339","5Ery",0.0299565327249673,-0.140040971170412,0.0753301247461998
"W37340","11DC",-0.410430045577298,0.014804672534012,0.486739639919969
"W37341","16Neu",-0.134181190859155,0.184848121431001,0.365075907415658
"W37342","3Ery",0.105451351649216,-0.150736550721214,0.0933329809345167
"W37343","11DC",-0.75659801815189,-0.311578385606314,0.755863127488768
"W37344","3Ery",0.0903724353306281,-0.146776784546919,0.0933329997895628
"W37345","4Ery",0.101977919949746,-0.159560920321363,0.0933330186446089
"W37346","3Ery",0.0996100151102604,-0.181051038895662,0.0933330374996551
"W37347","6Ery",0.0213222304099719,-0.0598689659932061,0
"W37348","15Mo",-0.0643388697069951,0.173623251413126,0.0604399908368771
"W37349","17Neu",0.125151351677106,0.0947793191375311,0.00207326646286931
"W37350","14Mo",-0.00453968887062991,0.14959177322233,0.0349920234651365
"W37353","4Ery",0.121694459075037,-0.166287929299422,0.0933330563547012
"W37354","9GMP",0.0206493383615596,0.0747073520621749,0.00227264818624365
"W37355","7MEP",-0.0109294222831201,-0.022302801589098,0.00653045756629222
"W37356","7MEP",-0.000752112540364198,-0.015834751614462,0.00601748929375857
"W37357","14Mo",-0.035287146736873,0.156178735637763,0.0315283412375884
"W37358","13Baso",-0.00895556986876567,0.134092290308122,0.0248115274691257
"W37361","4Ery",0.100892683394288,-0.135876460527506,0.0933330752097473
"W37362","13Baso",0.000950954406558181,0.0724334947153114,0.000291832728093579
"W37363","14Mo",-0.00626361451350117,0.144018687696636,0.0251496985546542
"W37364","3Ery",0.0378163718842011,-0.143203041615526,0.0843698922361739
"W37365","2Ery",0.0542915136413051,-0.217079501290668,0.0933330940647935
"W37366","3Ery",0.104515977100207,-0.140653769617971,0.0933331129198396
"W37367","14Mo",-0.0029596626137608,0.164681173835544,0.0349920423201826
"W37369","6Ery",0.0404079168520362,-0.107095777353961,0.0445866422389517
"W37371","2Ery",0.0375248113454622,-0.183925465818139,0.0933331317748858
"W37372","10GMP",0.0136197129746792,0.0933429605552468,0.00183033888035206
"W37373","13Baso",0.00476463380317477,0.148242498091981,0.0248115463241718
"W37374","5Ery",0.0298621077539287,-0.0983991395863317,0.038056172026996
"W37375","7MEP",0.0216090885905493,-0.00030841407265649,0.000116582736221358
"W37376","13Baso",0.00029475134999939,0.155376024426678,0.0349920611752288
"W37377","3Ery",0.0971285749793565,-0.182471662963869,0.0933331506299319
"W37378","2Ery",0.0461976822823648,-0.18926832307702,0.093333169484978
"W37379","14Mo",-0.0155028956493659,0.133970323941019,0.0349920800302749
"W37380","3Ery",0.0879347273038086,-0.175277517854299,0.0933331883400242
"W37381","2Ery",0.046127149802943,-0.172733221099309,0.0933332071950703
"W37382","10GMP",0.00638562997561915,-0.0228240757565038,0.00293538611713541
"W37384","13Baso",-0.00421063236034627,0.161078577783593,0.034992098885321
"W37385","14Mo",-0.0057432879986297,0.152034748129244,0.0349921177403672
"W37386","4Ery",0.0720092984238439,-0.167774806967391,0.0933332260501164
"W37387","5Ery",0.0206401834300468,-0.108233674014463,0.041060626312166
"W37388","18Eos",0.00734617949895671,0.0666301252835664,0.00384459449369364
"W37389","2Ery",0.0193636425042205,-0.10870595742013,0.0410322002923953
"W37390","14Mo",-0.0730012106280613,0.145063800379027,0.425463167245797
"W37391","3Ery",0.114576637638877,-0.146449334151443,0.0933332449051626
"W37392","13Baso",-0.00545990293217678,0.0932040450369895,0.00176211376302702
"W37393","5Ery",0.0355016708113465,-0.119576325465014,0.0677037152854466
"W37394","12Baso",0.00490837551607296,0.0368269256464892,0.00927263370054032
"W37395","5Ery",0.0150361492438404,-0.0810804416099059,0.0158662180889448
"W37396","2Ery",0.0453800253974837,-0.168606222721248,0.0933332637602087
"W37397","7MEP",0.0110631731859342,-0.0176054737918715,0.00552952994315573
"W37398","5Ery",0.0123581155835967,-0.0125740180548712,0.00630776150111839
"W37399","16Neu",-0.10354353910603,0.159338465385673,0.393701055138855
"W37401","15Mo",-0.0900884722173882,0.244154247485039,0.0604968721033084
"W37402","14Mo",-0.044762472029994,0.117922657806223,0.0410068468865744
"W37403","5Ery",0.0359825885915233,-0.130151081843963,0.0764187512784485
"W37405","16Neu",-0.0634406538857198,0.151410195543807,0.0596267426375072
"W37406","2Ery",0.0410441877622845,-0.1644795329881,0.0933332826152548
"W37407","2Ery",0.0716282007557024,-0.188009244097782,0.093333301470301
"W37409","6Ery",0.0443487176032611,-0.093099278041572,0.0384084836245984
"W37410","2Ery",0.0372255499846361,-0.143919983411375,0.0841763895362569
"W37411","5Ery",0.0387713115929252,-0.138479877450414,0.0764402566259203
"W37412","14Mo",-0.00991259754717472,0.11038840032455,0.0149037350863492
"W37413","2Ery",0.0775725783662469,-0.199749750809793,0.0933333203253471
"W37414","3Ery",0.0906494220896606,-0.0901901213289718,0.0703251824998039
"W37415","5Ery",0.0727016449311306,-0.097552033476749,0.0705229292583086
"W37417","16Neu",-0.0855092434448244,0.165472407316925,0.416663561070537
"W37418","10GMP",0.0174233484383126,0.0729077317433813,0.0029365484941043
"W37419","14Mo",-0.0233806044711709,0.133279120903706,0.0349921365954133
"W37420","1Ery",0.0933639828220505,-0.292319682167439,0.0933333391803932
"W37421","2Ery",0.0371337202905318,-0.187434341184077,0.0933333580354394
"W37422","3Ery",0.121572131730186,-0.189799915452896,0.0933333768904855
"W37424","15Mo",-0.0805156814450186,0.151372641733015,0.418456648338896
"W37425","7MEP",-0.0211441000231413,-0.00105910933179148,0.0128300817435681
"W37426","4Ery",0.0416999190996423,-0.141757530367013,0.0842093035590935
"W37427","7MEP",-0.00940825099618724,-0.0155551634879421,0.00420754323216161
"W37428","5Ery",0.0276347415426931,-0.102248359646574,0.0395183686334724
"W37429","2Ery",0.031610778198731,-0.146189250035535,0.0843299017055442
"W37430","13Baso",0.0117700651421834,0.101208957311484,0.000540302767496548
"W37431","14Mo",-0.0286012857644027,0.153012645439174,0.0315283600926346
"W37432","15Mo",-0.0187324516537171,0.145727007125849,0.0349921554504594
"W37433","2Ery",0.0587758387190889,-0.16678360205825,0.0933333957455316
"W37434","14Mo",-0.0386878170155707,0.128710021234458,0.0348647291177081
"W37435","6Ery",0.0296564913692911,-0.0777440905701395,0.0194468359624525
"W37436","12Baso",-0.00301349625580426,0.0424030816473189,0.000915083423628969
"W37437","2Ery",0.0663122973797605,-0.160971206596084,0.0933334146005778
"W37442","6Ery",0.0277695200063357,-0.0616077143006206,0.00230584287503487
"W37443","14Mo",-0.0263922229140981,0.151515130901025,0.0315283789476807
"W37446","6Ery",0.0202222391587516,-0.0295238640976387,0.00404504665623846
"W37449","17Neu",0.088179068278905,0.0512218485170749,0.00505347042572582
"W37450","6Ery",0.0474047636361553,-0.0874092762288579,0.0384879650186448
"W37451","6Ery",0.00751659734695103,-0.0154247169407247,0.0072958841151417
"W37452","9GMP",-0.0202538454352694,0.0400297964417488,0.000426511820050202
"W37453","3Ery",0.074726544966172,-0.118083943079338,0.0746887087460687
"W37454","14Mo",-0.0120135328419632,0.145914382660429,0.0349921743055056
"W37455","6Ery",0.0772320613405847,-0.0937347151284715,0.0714080203020367
"W37456","15Mo",-0.0721056484514875,0.192796063057439,0.0604968909583546
"W37457","15Mo",-0.038524126639627,0.145476211877165,0.0346334959749914
"W37458","13Baso",-0.00519025680355147,0.161631931593221,0.0349921931605517
"W37459","3Ery",0.0561988831346644,-0.144318414723302,0.0911934330347456
"W37460","16Neu",-0.0916669495083966,0.13697851803304,0.401194266180848
"W37461","7MEP",-0.0046561256792676,-0.019155307499562,0.00744749685300992
"W37462","3Ery",0.132421829170253,-0.160649933322581,0.0933334334556239
"W37463","13Baso",-0.0106984707777072,0.121969954391501,0.0243758018385831
"W37465","3Ery",0.124593093543813,-0.170995702876786,0.0933334523106701
"W37466","14Mo",-0.0415708531898339,0.138642215355978,0.0377197345385755
"W37467","14Mo",0.00664775736999026,0.1756632918005,0.0349922120155978
"W37468","8Mk",-0.125411697117689,0.0316199875611518,0.331104308964069
"W37469","16Neu",-0.0928918938339453,0.164236943654678,0.407631947172708
"W37470","14Mo",-0.0404658627790657,0.0852385477250106,0.00033927325823236
"W37471","17Neu",0.0863208514873277,0.0626502889606907,0.0135340568567236
"W37473","3Ery",0.118940853555933,-0.181242283491578,0.0933334711657162
"W37474","5Ery",0.0310081736763392,-0.104323904697566,0.0412544372376506
"W37475","10GMP",-0.00996053663613493,0.0653565211110505,0.00322273474988895
"W37476","16Neu",-0.100591814209531,0.158973794972938,0.397063743238937
"W37477","2Ery",0.0188070380785696,-0.116534597265678,0.0448290318158069
"W37478","14Mo",-0.035102624176303,0.111394943625883,0.0324767806254889
"W37479","6Ery",0.0213114250455828,-0.0631939454279223,0.00189051565508148
"W37480","14Mo",-0.00591108377537025,0.155188909745662,0.034992230870644
"W37481","13Baso",0.000579942761887351,0.161263752805825,0.0349922497256901
"W37482","5Ery",0.0304106282042185,-0.101352182807548,0.0396455427410818
"W37483","10GMP",0.00246136975104706,0.0227808912606605,0.000327214355463755
"W37484","7MEP",0.000950552327986398,-0.0138579581441981,0.00502178104158478
"W37485","2Ery",0.0244591659339986,-0.152399019852968,0.085001250523896
"W37486","2Ery",0.0332670767011689,-0.157630280887723,0.0933334900207623
"W37487","2Ery",0.0639590405245768,-0.208501917367402,0.0933335088758085
"W37488","14Mo",-0.0214977894051773,0.144596811296299,0.03481669882124
"W37489","7MEP",0.0164307101393292,-0.030219079450133,0.00374185440064492
"W37490","8Mk",-0.0880127450222705,0.0107657400156901,0.00684450343347735
"W37491","14Mo",-0.0147805064144307,0.142411015789151,0.0349922685807362
"W37492","2Ery",0.024889023429213,-0.165266081173047,0.0933335277308546
"W37493","2Ery",0.0479675816102053,-0.15592137758015,0.0933335465859007
"W37494","14Mo",-0.0318956963788457,0.123485586469525,0.032206541070085
"W37496","13Baso",0.00982313561771326,0.120028856175899,0.0160905332907662
"W37497","7MEP",-0.0146195056956175,0.00857159236700414,0.00726196532997444
"W37498","4Ery",0.128251897681857,-0.177907942090224,0.0933335654409469
"W37499","13Baso",-0.00846803653122037,0.114802756958666,0.0178966871707778
"W37500","13Baso",-0.00537923517528322,0.147451495506793,0.0349922874357824
"W37501","5Ery",0.0198830531983158,-0.10672649322106,0.0401506355610598
"W37502","2Ery",0.0137877176817285,-0.13636559000822,0.0781376782933364
"W37503","18Eos",-0.263327290571528,0.17617745105876,0.226415077815242
"W37504","15Mo",-0.0698911953588721,0.155364363114546,0.0604969098134007
"W37505","5Ery",0.0691264894849555,-0.0691489043173306,0.0229974977535049
"W37506","7MEP",0.0292239294617899,-0.00843957036331731,0.00672128820588799
"W37507","2Ery",0.0545518688168157,-0.212167650568234,0.093333584295993
"W37508","13Baso",0.00324489546354328,0.167735572409087,0.0349923062908285
"W37509","14Mo",-0.0107683960989101,0.150710038555775,0.0349923251458747
"W37510","6Ery",0.00599021652103334,-0.00809527422144528,0.00213362280555779
"W37511","5Ery",0.0348476506436341,-0.0639245763627961,0.0167307063418497
"W37512","4Ery",0.0529279769776237,-0.136656957384155,0.0841490171501325
"W37514","13Baso",0.00687438036747628,0.138239578190761,0.0247283405548366
"W37515","7MEP",0.010068806137912,-0.0232167608838842,0.00198322352232102
"W37516","5Ery",0.0119279408138847,-0.0587029618348306,0.00257962931655267
"W37517","5Ery",0.0243557419521216,-0.138992879553018,0.0747553753086017
"W37518","10GMP",-0.00780075564571678,0.0742696576346293,0.0169800548646829
"W37519","16Neu",-0.0960528494888239,0.17078863820539,0.405811094598001
"W37520","2Ery",0.0608046979090261,-0.156882169694511,0.0933336031510391
"W37521","14Mo",-0.0385079113798328,0.144147348726887,0.034622496735182
"W37522","3Ery",0.107991925097679,-0.178175367069213,0.0933336220060853
"W37523","2Ery",0.0276063374184041,-0.120580185732071,0.0688571466506951
"W37524","10GMP",-0.00722735542613011,0.072403265630647,0.0183308873254835
"W37525","16Neu",-0.102883013032723,0.169114477925496,0.397302012742284
"W37526","8Mk",-0.02117695473327,0.00351671907486145,0.00962515258604036
"W37527","6Ery",0.0242648889265734,-0.0700762342108712,0.0154750321022395
"W37528","15Mo",-0.0361420075394376,0.124637771401739,0.032324841741175
"W37529","5Ery",0.057146731709876,-0.110431830029489,0.0675922160243636
"W37530","10GMP",-0.00133596722802833,0.0784147438153687,0.0154295565367078
"W37531","7MEP",-0.00193995702913594,-0.0247131554739308,0.00324058234236236
"W37532","14Mo",-0.00377604756301576,0.14776912729378,0.0252037343685714
"W37534","2Ery",0.0668794255627078,-0.183367166011367,0.0933336408611314
"W37535","15Mo",-0.0731235831637413,0.147073867662344,0.425900269913057
"W37537","3Ery",0.139504088629303,-0.152182242569924,0.0933336597161775
"W37538","6Ery",0.0357631745849628,-0.0885789409525217,0.0402887159767509
"W37539","1Ery",0.129032375949253,-0.299356162010155,0.0933336785712237
"W37540","2Ery",0.120638250518432,-0.170076317626888,0.0933336974262698
"W37541","3Ery",0.121094155967208,-0.185953901832114,0.093333716281316
"W37542","4Ery",0.100569515424541,-0.148396562578888,0.0933337351363621
"W37545","6Ery",0.0429410111549478,-0.0786296322964008,0.0226607651427862
"W37546","13Baso",0.00386302561257721,0.154405532508856,0.024811565179218
"W37548","3Ery",0.0658086411153434,-0.156996857960031,0.0933337539914082
"W37549","5Ery",0.0331614906354768,-0.113391063945612,0.0711397294945273
"W37551","14Mo",-0.0640048748070668,0.143060529698004,0.0602265099571366
"W37552","13Baso",-0.0208050899702244,0.155674915924484,0.0331265688251995
"W37553","13Baso",-0.00218699596610374,0.128423374526067,0.0247283594098827
"W37554","3Ery",0.106196504531215,-0.128939209967345,0.0933337728464544
"W37555","4Ery",0.0356884958206499,-0.12677237918179,0.0780299558129167
"W37557","7MEP",0.010789790660612,-0.0198852097232158,0.00406429339719452
"W37558","10GMP",-0.0118388391524507,0.04796376426397,0.00457766863293745
"W37559","11DC",-0.622447486258605,-0.250336438118732,0.771269747432486
"W37561","3Ery",0.0945313083193283,-0.152908509411517,0.0933337917015005
"W37562","13Baso",-0.0373762935468458,0.0873857497731734,0.000995849615789645
"W37563","2Ery",0.0400958642411226,-0.145247818318579,0.0850804306105802
"W37564","13Baso",0.00257410881423997,0.137806103883262,0.0248115840342641
"W37565","2Ery",0.063071641859723,-0.160941480135736,0.0933338105565466
"W37566","4Ery",0.112560145477239,-0.106642384591305,0.0800678580907372
"W37567","10GMP",0.00719834906380494,0.0653203748914722,0.00296430321110857
"W37568","16Neu",-0.102450233961628,0.196222075010123,0.405643805329425
"W37569","14Mo",-0.0450553383534911,0.151687133667556,0.0411662690481556
"W37570","16Neu",-0.0864864615620996,0.165283508593603,0.415460814187869
"W37572","10GMP",-0.0197255549970317,0.0257685790759327,0.0056672323793913
"W37573","2Ery",0.0304101680115044,-0.158335906649435,0.0935286881170901
"W37574","2Ery",0.0458115076148038,-0.176258894234441,0.0933338294115928
"W37575","6Ery",0.0257547834871797,-0.0720542707910324,0.0140688626755958
"W37577","3Ery",0.152752219539354,-0.169063438985131,0.0933338482666389
"W37578","14Mo",-0.011917684923395,0.148149999325592,0.0349923440009208
"W37579","14Mo",-0.0342676578747132,0.106918523530438,0.0208667543415979
"W37580","15Mo",-0.0701024732405159,0.138598710955867,0.427000951491933
"W37581","10GMP",-0.01798113077178,0.0905642727567317,0.000992650146748809
"W37582","13Baso",0.000142437506635278,0.153276741483562,0.0252418201102347
"W37583","3Ery",0.078307613505732,-0.121568135370036,0.0796457552146555
"W37584","7MEP",-0.00225435230493212,-0.00966759897689168,0.00163294391466519
"W37585","13Baso",-0.00534453450299799,0.160753726304802,0.0349923628559669
"W37586","2Ery",0.0644321461782872,-0.210345919188177,0.093333867121685
"W37587","14Mo",-0.0103851002198,0.113485990399432,0.0176736352623075
"W37588","14Mo",-0.00502480872587632,0.166060049781379,0.0349923817110131
"W37589","15Mo",-0.0181431014325792,0.147343224859713,0.0349924005660592
"W37591","4Ery",0.0633843331661411,-0.157699584811549,0.0933338859767312
"W37593","15Mo",-0.0678859847862134,0.11893394622711,0.423922665571843
"W37594","14Mo",-0.000975669309036799,0.149626237216541,0.0248116028893103
"W37595","10GMP",-0.0103163019528938,0.056735559706243,0.00018115615088273
"W37596","13Baso",-0.0222618402619018,0.0927440940628002,0.00114751087731329
"W37597","16Neu",-0.0797151707156222,0.15002186453803,0.419006941640869
"W37599","8Mk",-0.0910925891313894,-0.00140019782001758,0.00102121330326805
"W37601","13Baso",-0.00576318262492759,0.136313622790015,0.0248116217443564
"W37602","5Ery",0.0254027640262193,-0.102132512896325,0.0389981537410986
"W37603","6Ery",0.0119467010604323,-0.0755828946595563,0.0149338139953281
"W37604","14Mo",-0.0024518259295918,0.124320138742972,0.0234809334508323
"W37605","2Ery",0.0395789396596813,-0.155024294654696,0.0933339048317773
"W37606","6Ery",0.0439313953614742,-0.08150043626279,0.0422762874624073
"W37607","3Ery",0.0769024206283456,-0.135434658953431,0.0923954781743888
"W37608","14Mo",-0.0221521023044748,0.101287085086256,0.0120483226692259
"W37609","7MEP",0.00892267797759924,-0.0290888168760445,0.00156488235715945
"W37610","7MEP",0.000825399716704608,-0.0141465392194943,0.00519030360613428
"W37611","14Mo",-0.00476634232080606,0.146819731828496,0.0252461260730068
"W37612","5Ery",0.0120366695745679,-0.089413323209582,0.0220466493883385
"W37613","13Baso",0.00472439281433173,0.164738174909452,0.0349924194211053
"W37614","2Ery",0.0360314734327343,-0.169928503886244,0.0933339236868234
"W37615","16Neu",-0.0812336042439665,0.148653795583215,0.416827316961054
"W37617","12Baso",0.00423974364397705,-0.0263611666670431,0.000984805142694148
"W37618","14Mo",-0.0402757054746931,0.110585098144529,0.0365312692896352
"W37619","8Mk",-0.0949134064606416,0.0255360771924568,0.00324556423762172
"W37620","4Ery",0.0462306251241142,-0.153667629002263,0.0933339425418696
"W37621","3Ery",0.0807356128391514,-0.155142343450174,0.0933339613969157
"W37622","2Ery",0.059212848486612,-0.162056045010338,0.0933339802519619
"W37624","14Mo",-0.00546197149217369,0.15635290308316,0.0349924382761515
"W37625","7MEP",-0.00760119567441497,0.00589698659841575,0.0103849238298434
"W37627","7MEP",-0.0453990077522073,-0.0117145826287759,0.0159488350665157
"W37628","10GMP",-0.0140725563965535,0.0164721641844393,0.00183624741983202
"W37629","13Baso",0.00043376252049354,0.137812869162044,0.0248116405994025
"W37630","2Ery",0.0572529524497565,-0.200053456422139,0.093333999107008
"W37631","2Ery",0.0769475001188667,-0.200243278203405,0.0933340179620541
"W37633","3Ery",0.0938321432461603,-0.146388556624853,0.0933340368171003
"W37634","3Ery",0.115949550389732,-0.142913317579997,0.0933340556721464
"W37635","6Ery",0.0259215709524096,-0.0513750225883076,0.00401618859728983
"W37642","7MEP",-0.00143027630825547,-0.00445142200748304,0.0187212405736103
"W37644","8Mk",-0.011844465397404,0.0101105466629468,0.006681515786404
"W37650","2Ery",0.0232373414013484,-0.0708979729026943,0.015228183417265
"W37651","1Ery",0.0908326713133978,-0.212874079046214,0.0933340745271925
"W37653","9GMP",-0.0232409401378119,0.0523041076199817,0.000688121242912473
"W37654","13Baso",-0.0041658019406934,0.173948954562915,0.0349924571311976
"W37657","15Mo",-0.0295515470996989,0.127446837685502,0.0329487805870354
"W37658","6Ery",0.022129919362939,-0.064059692287349,0.00254924878198204
"W37660","13Baso",-0.016595272895665,0.12584188997308,0.0248116594544487
"W37661","3Ery",0.106447856446647,-0.148919544618156,0.0933340933822387
"W37663","16Neu",-0.0944974820906005,0.177401777948278,0.40954972633119
"W37664","14Mo",-0.00930420074250388,0.144656560944423,0.0349924759862437
"W37665","5Ery",0.0451990352355734,-0.121050737684936,0.07869715951551
"W37666","7MEP",0.00970246918237563,-0.0188978968251703,0.00492503835205188
"W37667","13Baso",0.0020681877629187,0.142803362537236,0.0248116783094948
"W37668","4Ery",0.0370739074853661,-0.095930177136586,0.038316222408568
"W37669","13Baso",-0.00738572789893172,0.144716682249046,0.0349924948412899
"W37670","2Ery",0.083536777668855,-0.161345718697619,0.0933341122372848
"W37673","15Mo",-0.0641204412859925,0.145316707467355,0.0603335556638021
"W37674","7MEP",0.067006218522757,0.0036539576549543,0.00576386413341593
"W37675","3Ery",0.0899472517250257,-0.150877777400971,0.0933341310923309
"W37676","10GMP",-0.00947861363012288,0.0753379769432532,0.0159539905944745
"W37680","13Baso",-0.00658646404278856,0.125928072879748,0.0247283782649289
"W37682","3Ery",0.0730828658679559,-0.150917723195204,0.0933341499473771
"W37683","1Ery",0.109748199593726,-0.21341147366775,0.0933341688024232
"W37684","13Baso",-0.0184595488605915,0.0843397107165661,0.00238523915919516
"W37685","13Baso",0.00208545587153815,0.111153215852324,0.0118130335959551
"W37686","7MEP",0.00490395767444943,-0.0179569341813644,0.00645124788382127
"W37687","16Neu",-0.0410392591068588,0.144415803023839,0.0371629767417047
"W37689","14Mo",-0.0228286263882044,0.147047599421703,0.033489511376432
"W37691","3Ery",0.117789858706645,-0.19865315789731,0.0933341876574693
"W37692","2Ery",0.0942391143145415,-0.185803074672856,0.0933342065125155
"W37693","1Ery",0.0953947992149134,-0.201267324954203,0.0933342253675616
"W37694","13Baso",-0.00548127992445572,0.149580859750648,0.034992513696336
"W37696","15Mo",-0.0714438776391738,0.147267441728937,0.0604969286684468
"W37698","8Mk",-0.0695043049545795,0.0128536705938458,0.00511327834389975
"W37699","2Ery",0.102352926053351,-0.195372432623409,0.0933342442226077
"W37700","14Mo",-0.00692505182956485,0.162565664450914,0.0349925325513821
"W37701","14Mo",-0.0196901553984073,0.148777848460284,0.0349925514064283
"W37702","14Mo",-0.0294721997258731,0.129224254400926,0.0326572001534332
"W37704","9GMP",-0.0147258264667665,0.0643614970843371,0.00305162886922304
"W37706","14Mo",-0.0144082470363695,0.166934861766186,0.0349925702614744
"W37707","14Mo",-0.0382931999573125,0.119927071261176,0.0345034798625454
"W37708","2Ery",0.0560676894938527,-0.174673897895389,0.0933342630776539
"W37709","7MEP",0.0123088196912883,-0.0234131833733096,0.00143225713772089
"W37710","2Ery",0.10416663525564,-0.19496143461269,0.0933342819327
"W37711","16Neu",-0.09535787310712,0.17622495804334,0.408198668271362
"W37712","10GMP",0.00444129481907428,0.0838296950128542,0.0129043694059814
"W37713","6Ery",0.0180245897651031,-0.0669275479473795,0.00334161739321088
"W37714","2Ery",0.0746397644414258,-0.196132801501392,0.0933343007877462
"W37715","15Mo",-0.0237701675476986,0.142881173353308,0.033687692485286
"W37716","14Mo",-0.0374742281469328,0.116229380711503,0.0336959754677631
"W37717","15Mo",-0.0701540430348613,0.157338286704692,0.060496947523493
"W37718","3Ery",0.036246175902518,-0.119508502979922,0.0675821035622841
"W37719","12Baso",-0.000938279863068779,0.0463258730921595,0.00150331617381801
"W37720","2Ery",0.0689746735542323,-0.162726273728211,0.0933343196427923
"W37721","13Baso",0.0102782075142701,0.095334096038274,0.0034799162302921
"W37722","13Baso",0.00341925745376865,0.130341219876599,0.0244729754941428
"W37723","7MEP",-0.00527081501253777,-0.0110162935663121,0.00196429147918684
"W37724","6Ery",0.0284881406936048,-0.0921948143085958,0.0399151376136418
"W37725","5Ery",0.0475217590916415,-0.114067476056213,0.0678473698280033
"W37726","2Ery",0.0401141781392781,-0.106089542387051,0.0440229735115458
"W37728","14Mo",-0.0422201502373309,0.140486744108984,0.0383643015144059
"W37729","12Baso",0.0137268481938675,0.00874075954331083,0.0122047351737404
"W37730","2Ery",0.0896908241487324,-0.180988312482031,0.0933343384978384
"W37731","16Neu",-0.0795679850617956,0.154149711927126,0.42037273961569
"W37737","4Ery",0.0570962560345869,-0.119558674221816,0.0769317746177604
"W37738","6Ery",0.0110936615593893,-0.0543947388012545,0.0242534510415412
"W37739","13Baso",-0.023654609332211,0.105529620148092,0.0156399740516384
"W37745","4Ery",0.0453135943954828,-0.128045267577852,0.0754634311577899
"W37746","2Ery",0.0816639373071619,-0.174062735637506,0.0933343573528846
"W37747","4Ery",0.0744257760525683,-0.161890883190125,0.0933343762079307
"W37748","15Mo",-0.0693977487704996,0.139419103186119,0.0604969663785391
"W37753","1Ery",0.113875765625266,-0.27264349177503,0.0933343950629768
"W37754","15Mo",-0.07221028614397,0.165995417596968,0.0604969852335852
"W37756","13Baso",0.000396426706421578,0.123177461636795,0.0218402762105681
"W37758","15Mo",-0.0738407474836924,0.142831518699717,0.423831639411942
"W37759","3Ery",0.042673789848739,-0.169386199499479,0.093334413918023
"W37761","6Ery",0.0313789049640911,-0.0813393293273449,0.0217231283203436
"W37762","12Baso",0.0109540558304359,0.0280571891007094,0.00196069155400405
"W37763","12Baso",-0.0162192159011342,0.0136613868826815,0.00341804622300317
"W37764","13Baso",-0.0229507445441529,0.101182739707256,0.0119441092420459
"W37765","5Ery",0.0351933457875249,-0.114165432090693,0.0703500006561767
"W37766","16Neu",-0.0861773868146875,0.156842663343308,0.413384674551318
"W37769","6Ery",0.0491428269996585,-0.0892214196517378,0.0374636431908108
"W37770","13Baso",-0.00352095650509387,0.150224967566047,0.0349925891165205
"W37771","2Ery",0.1456996944184,-0.19318475680904,0.0933344327730691
"W37772","14Mo",-0.0184294991032539,0.158443825445927,0.0341188420305955
"W37776","3Ery",0.0309290124899244,-0.0871466649039409,0.0420327381015358
"W37777","14Mo",0.00873448933965682,0.127484326308896,0.0219503812213921
"W37778","8Mk",-0.0488763616977318,-0.0504531765560855,0.00371421279582053
"W37779","2Ery",0.0380583013158735,-0.177512074382675,0.0933344516281152
"W37780","9GMP",0.0186416521776468,0.0739440631108762,0.00243881303940138
"W37781","4Ery",0.0453671021282726,-0.115562071400784,0.0675795251978795
"W37782","3Ery",0.0850907696555272,-0.0912797531560151,0.0709545690220582
"W37786","3Ery",0.0694610311072916,-0.142622991916472,0.0933344704831614
"W37788","14Mo",-0.0168607517808445,0.14233029621938,0.0349926079715667
"W37790","2Ery",0.0389118786494458,-0.149574865155605,0.0888980565749503
"W37793","10GMP",-0.00470464748927229,0.0938032479314807,0.00153038315672731
"W37794","16Neu",-0.120853701229334,0.192900244476491,0.383060813221325
"W37795","6Ery",0.0248233157549719,-0.0432267513752232,0.0202771777249011
"W37796","14Mo",-0.0128796464606073,0.150776594618648,0.0349926268266128
"W37797","16Neu",-0.0728445008748533,0.142199465284692,0.424819626338426
"W37798","5Ery",0.0621961708097644,-0.128924571161545,0.0795954854709685
"W37799","10GMP",-0.0117584074089474,0.0737004430648104,0.0166178399795231
"W37800","16Neu",-0.0268745197404059,0.153330394321355,0.0315283978027268
"W37801","12Baso",-0.00262263189305438,-0.00089228278131521,0.016020163119734
"W37802","11DC",-0.403353630475615,-0.00782887846028466,0.493366873335526
"W37803","15Mo",-0.0674661937778492,0.139523154076465,0.0604970040886314
"W37804","2Ery",0.0380071231753387,-0.161601697412391,0.0933344893382075
"W37805","13Baso",-0.00901738822347138,0.135021921539279,0.0248116971645409
"W37806","7MEP",0.00759522655398445,-0.000204807718337593,0.0173637562642901
"W37807","13Baso",-0.00905468096118325,0.144557286737531,0.034992645681659
"W37809","13Baso",-0.00704991365584243,0.142359119432014,0.0248117160195871
"W37811","2Ery",0.0506965625188485,-0.146721406900525,0.0912058236328746
"W37812","6Ery",0.0409458416891996,-0.0263985390263827,0.00612635705434739
"W37813","14Mo",-0.0175149551039811,0.129458428825698,0.0251877100930058
"W37817","5Ery",0.0321727446983953,-0.114596051900854,0.0707690927025987
"W37818","16Neu",-0.124621401285555,0.18550876288113,0.376498465354765
"W37819","5Ery",0.0395006794821844,-0.0987825236000826,0.0402444677259288
"W37820","6Ery",0.0325587198687575,-0.0820040201357511,0.0223217229925807
"W37821","18Eos",-0.211055732473267,0.144890974867912,0.263212327142049
"W37822","14Mo",-0.00920834283260614,0.144652438277851,0.0349926645367051
"W37825","14Mo",-0.0303091338292769,0.151495867424007,0.031528416657773
"W37826","13Baso",0.0009742470332497,0.163033364219768,0.0349926833917512
"W37828","15Mo",-0.0826702510447449,0.174062667039075,0.422482023625211
"W37830","2Ery",0.0290152261323504,-0.0809259870629422,0.0210145478074159
"W37833","2Ery",0.153170057274116,-0.194326334663668,0.0933345081932536
"W37835","13Baso",0.000537843354980201,0.0991179925561165,0.000359984072839686
"W37838","3Ery",0.0236777895739072,-0.0804007249197402,0.0196328125026931
"W37841","2Ery",0.093578387886106,-0.186017349092758,0.0933345270482998
"W37842","15Mo",-0.0309513170903936,0.146962772911925,0.0315284355128191
"W37843","12Baso",0.00871055871902885,0.0530753162867512,0.00459780498462017
"W37844","7MEP",-0.0305139195614357,0.00634612816812072,0.00597998295888893
"W37847","3Ery",0.0242020466438597,-0.0653209412155268,0.00368818816231983
"W37848","4Ery",0.0289324472347317,-0.0484145520721556,0.0242192864587554
"W37849","15Mo",-0.0730914285874241,0.161860885077395,0.0604970229436775
"W37850","14Mo",-0.0214790524922671,0.156417863573594,0.0325505271525531
"W37851","4Ery",0.0687994974625683,-0.139627437333902,0.092311591986814
"W37852","4Ery",0.0674374127316952,-0.139637438790384,0.0916904941397879
"W37853","13Baso",0.00756707679784212,0.114394026307231,0.0124451283707851
"W37854","9GMP",-0.0101924764064474,0.0463978389662686,0.00317804691810147
"W37857","12Baso",0.0163554780406285,0.0255312430759736,0.000782472843999847
"W37858","2Ery",0.0828722513748569,-0.163856658665619,0.0933345459033459
"W37859","4Ery",0.036646297026854,-0.0960273631335194,0.0382762008498816
"W37860","9GMP",-0.0174112288733407,0.00558611860007935,0.00885070681224209
"W37861","16Neu",-0.105766185334494,0.197106407894177,0.402003162252777
"W37863","16Neu",-0.0905662515094183,0.153329455684543,0.407212598559232
"W37864","2Ery",0.0350833379773579,-0.16740814179346,0.0933345647583921
"W37865","2Ery",0.0805556134655532,-0.167820728879894,0.0933345836134382
"W37866","16Neu",-0.092090406160922,0.166298441710097,0.409169405988333
"W37867","7MEP",0.0170831826152648,-0.00962778708683267,0.00523414452197775
"W37868","14Mo",-0.0422846275468752,0.124839999635057,0.0384914462952721
"W37870","14Mo",-0.039215104175642,0.105592113207317,0.0354863446632684
"W37872","14Mo",-0.0215570572106722,0.0893519822586816,0.00106276478824616
"W37873","5Ery",0.0396790030023188,-0.101049069748353,0.0414139951649747
"W37874","5Ery",0.0436454676933475,-0.145162047625188,0.0874893669053904
"W37875","3Ery",0.085244280575714,-0.153913436448744,0.0933346024684843
"W37876","3Ery",0.0981900305601235,-0.15555965269166,0.0933346213235305
"W37878","2Ery",0.0740760083384193,-0.195059598339903,0.0933346401785766
"W37879","18Eos",-0.202523425168503,0.275607890551308,0.311006843704197
"W37880","14Mo",-0.0135812832521977,0.140530266881878,0.0349927022467974
"W37881","3Ery",0.0848418452012737,-0.159290041896394,0.0933346590336227
"W37882","14Mo",-0.0248992949475305,0.153931241548875,0.0315284543678653
"W37883","14Mo",-0.0619592447777507,0.13299528263923,0.0582127918082141
"W37885","12Baso",-0.0173145675687249,0.0168912200332523,0.00102123215831419
"W37886","14Mo",-0.0289103264003625,0.138779460870684,0.0315284732229114
"W37887","4Ery",0.0672826586353753,-0.139949017901044,0.0924023009779673
"W37888","3Ery",0.13387715213284,-0.181850557720645,0.0933346778886689
"W37889","14Mo",-0.00935399611026537,0.15069079343095,0.0349927211018435
"W37890","7MEP",0.00592741518912156,-0.0184255260837402,0.0059475277861452
"W37891","5Ery",0.0189772269360433,-0.0370019111843189,0.008504919525395
"W37892","12Baso",0.00288405444674175,0.0446505631737331,0.00035567581233148
"W37893","2Ery",0.0732478399993414,-0.150209628213192,0.093334696743715
"W37894","15Mo",-0.0284076467216941,0.159063426466835,0.0315284920779575
"W37895","14Mo",-0.0668980400818368,0.140482490566374,0.0604970417987236
"W37896","3Ery",0.0770082154727023,-0.153779349716677,0.0933347155987611
"W37898","14Mo",-0.0266820436658253,0.143681643021532,0.0316631382058014
"W37899","2Ery",0.056476124451029,-0.15313895659762,0.0933347344538073
"W37900","3Ery",0.0914049082467575,-0.148682828456818,0.0933347533088534
"W37901","2Ery",0.0787274007101304,-0.205597047559986,0.0933347721638995
"W37902","16Neu",-0.0774053867380239,0.127516084478598,0.415217160622496
"W37903","7MEP",0.00366136728559522,-0.0170282123238449,0.00730218285248608
"W37904","2Ery",0.0617277761081423,-0.174662784051007,0.0933347910189457
"W37906","10GMP",-0.00493709741680648,0.0644627497546869,0.00456085805347159
"W37907","7MEP",0.00950811596069785,-0.00553383875373832,0.00108958051856247
"W37908","5Ery",0.00835952832761998,-0.0387933915920124,0.00755822085316115
"W37909","5Ery",0.0259720589694617,-0.0665229952378742,0.0171028252984157
"W37910","13Baso",-0.0186469662017017,0.0751591683869584,0.0143555334071466
"W37913","6Ery",0.00878452797501767,-0.032039452059787,0.00339353910538601
"W37914","7MEP",0.000131501568409257,-0.0199321875555081,0.00603253790171959
"W37915","3Ery",0.125092921329814,-0.135252420701403,0.0933348098739918
"W37916","10GMP",0.00211634301397302,-0.00934447346393766,0.00223792301312241
"W37917","5Ery",0.015009273526884,-0.118430740080401,0.0449899023230383
"W37918","5Ery",0.0293526772748528,-0.115838844809924,0.0707590768694938
"W37919","1Ery",0.0493613200649506,-0.196120889763734,0.0933348287290379
"W37921","13Baso",0.000210175808868491,0.160851112831205,0.0349927399568896
"W37922","15Mo",-0.0427324506633647,0.15561140387513,0.0388183924105701
"W37923","3Ery",0.0386185720371175,-0.107060509387086,0.0441983790045484
"W37924","6Ery",0.0217471437496294,-0.0461100419068644,0.0213973586311001
"W37929","14Mo",-0.033255407087294,0.155177775121362,0.0315285109330037
"W37930","11DC",-0.41105893102891,0.0287365540868394,0.478233493684078
"W37935","3Ery",0.13598897279813,-0.109858926132761,0.0933348475840841
"W37937","3Ery",0.0702892819597036,-0.114055597203553,0.0767402640973427
"W37938","3Ery",0.111993600502026,-0.188113990114823,0.0933348664391302
"W37939","16Neu",-0.0817663241546211,0.158318535154433,0.41899435900156
"W37940","3Ery",0.0521038401382863,-0.100133160876942,0.043529936479399
"W37941","9GMP",-0.0111827284261965,0.0752238326332548,0.015710806614859
"W37942","14Mo",-0.0287367443975948,0.14444103370269,0.0315285297880498
"W37943","12Baso",0.0247922352753866,0.0311036210933238,0.00172649935670024
"W37945","9GMP",-0.0200044952091439,0.0406453459520382,0.000819393494490992
"W37946","14Mo",-0.014054327594677,0.141831932682737,0.0349927588119358
"W37948","14Mo",-0.0268128497620199,0.143943485183272,0.0315286540825319
"W37951","8Mk",-0.0147207608552169,0.00129885388164932,0.0123284129965923
"W37952","5Ery",0.0355442801802015,-0.061455355191878,0.0038041683241443
"W37953","15Mo",-0.0675581986838418,0.14177560991032,0.0604970606537698
"W37954","15Mo",-0.0362243018576001,0.144852962283248,0.0323268696328542
"W37955","3Ery",0.115568801923731,-0.197424347331263,0.0933348852941764
"W37956","16Neu",-0.0901430461046972,0.165792940326799,0.411311474146296
"W37957","15Mo",-0.0572067548434058,0.14765577208913,0.0533826816613409
"W37959","4Ery",0.05361201572059,-0.138692729367922,0.0849859343772919
"W37960","3Ery",0.0621739969743578,-0.128733063353236,0.0795063896291286
"W37961","8Mk",-0.0479917716215433,-0.0114692115898562,0.0153143809355259
"W37962","15Mo",-0.0602717116541059,0.154085714597498,0.056434349685744
"W37963","14Mo",-0.0649997346510553,0.131296302491911,0.0604970795088159
"W37964","5Ery",0.0403265989011142,-0.104180814890939,0.0431130967751906
"W37965","3Ery",0.0548705961814546,-0.107792869248916,0.069322458338528
"W37967","4Ery",0.0207616185192367,-0.066149218711808,0.00345737620530641
"W37969","2Ery",0.0597495891543115,-0.167086997754208,0.0933349041492225
"W37970","8Mk",-0.00887559871109635,0.0369268602023055,0.0117430977462608
"W37971","7MEP",-0.000823712008564135,-0.0273803526143754,0.00125671992381528
"W37972","10GMP",0.0216243514707055,0.0875981324280253,0.0136126956534887
"W37974","15Mo",-0.0670627536353817,0.156620228689456,0.060497098363862
"W37975","14Mo",-0.0184932143485714,0.167921460620153,0.0322514035529737
"W37977","13Baso",-0.021110535495314,0.0884463335771205,0.00172224142224851
"W37978","3Ery",0.0989834849723717,-0.178612805634555,0.0933349230042686
"W37979","7MEP",0.00253112195488792,0.00334895346442672,0.0139753140562383
"W37980","2Ery",0.0820317948768684,-0.22362608795029,0.0933349418593148
"W37982","13Baso",-0.0124404202632619,0.162816863294919,0.0349927776669819
"W37983","2Ery",0.0143986173717734,-0.0738931127308172,0.0153719739775596
"W37984","10GMP",0.020816778366413,0.0660052503070605,0.000980521680141415
"W37985","2Ery",0.0957075772022045,-0.231920571909173,0.0933349607143609
"W37986","2Ery",0.0793767074536461,-0.165527132566996,0.093334979569407
"W37988","2Ery",0.0700169537923631,-0.167651692982434,0.0933349984244532
"W37989","12Baso",0.0337481657881866,0.0328309241766735,0.00140054920884487
"W37990","14Mo",-0.0214353210415289,0.15239973491994,0.0333529582738175
"W37991","1Ery",0.119194751572407,-0.29033654634343,0.0933350172794993
"W37992","14Mo",-0.0282164137425708,0.123529098027487,0.0345614234363985
"W37993","14Mo",-0.0329698309120204,0.103390409276215,0.0175991155752718
"W37994","2Ery",0.110216034710104,-0.215711447907628,0.0933350361345454
"W37995","14Mo",-0.0513388627209509,0.156150536368773,0.0474572302443158
"W37996","16Neu",-0.0810613045019023,0.148168542140752,0.416889554695462
"W37997","14Mo",-0.00755142066076937,0.154339541731368,0.034992796522028
"W38000","8Mk",-0.0167789967822903,0.00424420828360962,0.00990177427548978
"W38001","16Neu",-0.0236422470730019,0.135409830276037,0.0349928153770742
"W38002","16Neu",-0.0879673605300686,0.147444684071088,0.40856570555613
"W38003","2Ery",0.0666317518942999,-0.184648071878774,0.0933350549895916
"W38004","8Mk",-0.0378703793338371,-0.00070409969387566,0.00959550921722678
"W38005","5Ery",0.0525997137251079,-0.138114530807665,0.0839095595096477
"W38006","6Ery",0.0261806540702745,-0.0868996458326177,0.0431434252175564
"W38008","15Mo",-0.0594110538090964,0.143307217217861,0.055613211175696
"W38009","13Baso",-0.0179418347717254,0.106969902276418,0.014794749779861
"W38010","5Ery",0.0388721307112534,-0.101520110925893,0.0414822577017544
"W38011","14Mo",-0.0307168113126464,0.154378102028054,0.0315285486430959
"W38012","5Ery",0.0380009783584766,-0.134111940585692,0.0743269462829003
"W38013","6Ery",0.0212407112553626,-0.0798207927824536,0.0164544135929986
"W38014","16Neu",-0.0948177183145745,0.155176118093129,0.402750770693146
"W38017","3Ery",0.13198070444302,-0.181235594354229,0.0933350738446377
"W38018","15Mo",-0.0468309630169758,0.177837326500229,0.0428446973205242
"W38019","7MEP",0.0115700037918995,-0.00395784848658431,0.00042795975134497
"W38020","7MEP",0.00320386618909304,-0.0177931241183594,0.00687912411900398
"W38021","10GMP",-0.00166750071594951,0.0803496749405374,0.0140783720176895
"W38022","14Mo",-0.00356797051429752,0.156172656438086,0.0349928342321203
"W38023","3Ery",0.134829343190579,-0.181393751991093,0.0933350926996838
"W38025","4Ery",0.0708825325582597,-0.113051782888449,0.077078843881255
"W38026","13Baso",-0.00313400501248585,0.161033475326944,0.0349928530871664
"W38027","15Mo",-0.0518514957115589,0.169083430869186,0.0479203572750738
"W38028","11DC",-0.608544631758309,-0.230314293004041,0.804810396512496
"W38030","17Neu",0.0666923558645129,0.0394304253703473,0.000376937394542351
"W38031","4Ery",0.0536497627556792,-0.106693205702611,0.0700997175436151
"W38032","6Ery",0.0575472168745578,-0.110668128304846,0.0673966118434346
"W38033","3Ery",0.145422482161316,-0.184558774266756,0.09333511155473
"W38034","3Ery",0.123857212373309,-0.165160697931073,0.0933351304097761
"W38035","7MEP",0.00364142401405153,-0.00555045592206944,0
"W38036","8Mk",-0.0114399372897936,0.0159941873512392,0.00264043319028089
"W38037","6Ery",0.0237227502397799,-0.0660646218739397,0.0040129843827135
"W38038","11DC",-0.0177670416095769,0.0346355327149475,0.0116552215061932
"W38039","16Neu",-0.0895751676943391,0.168015253371352,0.412620862662313
"W38040","3Ery",0.106601314312397,-0.145113116292512,0.0933351492648223
"W38041","14Mo",0.000970283647285204,0.176865514673442,0.0349928719422126
"W38042","4Ery",0.120332496135133,-0.122528053491789,0.0933351681198684
"W38043","4Ery",0.093983934172023,-0.150182452592746,0.0933351869749145
"W38044","11DC",-0.620722494704569,-0.255346038423458,0.768325124482522
"W38045","3Ery",0.027645356209463,-0.0846800117831562,0.0227378720402722
"W38046","14Mo",-0.00561511628839492,0.168270979318869,0.0349928907972587
"W38047","15Mo",-0.0190637365369049,0.167208412819879,0.0320223525882613
"W38048","3Ery",0.137953750360647,-0.187954566525785,0.0933352058299607
"W38049","10GMP",0.0171037839746399,0.100788515572356,0.00136106872775125
"W38050","6Ery",0.0255764111112674,-0.0561815370032909,0.00128680505571146
"W38051","2Ery",0.0404888008025988,-0.166372291040926,0.0933352246850068
"W38052","16Neu",-0.0874571295775094,0.160618394426729,0.412972060555409
"W38053","15Mo",-0.0732771943564375,0.147048240588356,0.425712372319725
"W38054","7MEP",-0.00917384704233896,-0.0164635539931801,0.00485586123047715
"W38055","3Ery",0.108537631168951,-0.165199780574749,0.0933352435400529
"W38056","10GMP",-0.00990965048372667,0.053059358109515,0.00249153882418332
"W38057","3Ery",0.127830543929725,-0.159252992847014,0.0933352623950991
"W38058","14Mo",-0.000671443283640587,0.134064806630678,0.024728397119975
"W38059","7MEP",-0.00286104044181122,-0.00892010066437064,0.00102185017460819
"W38060","6Ery",0.0331201977129662,-0.11288876571827,0.0713880374108674
"W38061","10GMP",0.00407743565188878,0.069965355267034,0.00256515447345221
"W38062","10GMP",-0.00777803370167932,0.0698270331413255,0.000521129889425376
"W38063","3Ery",0.118088447077825,-0.165277423869614,0.0933352812501452
"W38064","7MEP",0.00843452484820127,-0.0226943148145843,0.0026373093631435
"W38065","2Ery",0.134997468674532,-0.18185437147849,0.0933353001051913
"W38066","4Ery",0.0417959446161598,-0.139808318305803,0.0802247458235974
"W38067","7MEP",0.00367149739776706,-0.0177789408912852,0.00680083036179387
"W38068","13Baso",0.00905615728347493,0.121280191585527,0.0174887408817157
"W38069","6Ery",0.02476738702399,-0.0899872777682852,0.0418316288113072
"W38070","15Mo",-0.0617701933773809,0.132241967732456,0.058025977595806
"W38071","8Mk",-0.0153970354366463,-0.000577161267816256,0.013519203475401
"W38072","10GMP",0.00591273834762426,0.0630768512112506,0.00164284090838895
"W38073","4Ery",0.075740306056389,-0.116546919248249,0.0744741729918067
"W38074","4Ery",0.0609468830468257,-0.166722360046125,0.0933353189602375
"W38075","3Ery",0.0897211011802856,-0.126145549669598,0.0891266994564186
"W38076","7MEP",0.0142067895524513,-0.00925408191724668,0.00444586852155499
"W38077","2Ery",0.0588529888371591,-0.228531233282096,0.0933353378152836
"W38078","16Neu",-0.0863499518402339,0.158704037260507,0.413719805357939
"W38079","3Ery",0.0628545077032154,-0.156665929254736,0.0933353566703297
"W38080","3Ery",0.108213568562601,-0.136968924761841,0.0933353755253759
"W38081","6Ery",0.0464753815172446,-0.0849722784414595,0.0399464544085551
"W38082","6Ery",0.0129013192495181,-0.0352290535960985,0.00620348431681344
"W38083","7MEP",-0.00261332891358478,-0.0254992526784471,0.00284388365122054
"W38084","4Ery",0.0749014388928703,-0.094237020688386,0.071650262062418
"W38085","16Neu",-0.0656577628082101,0.108821908878069,0.423618683177129
"W38086","2Ery",0.0588861926692236,-0.164091914990723,0.093335394380422
"W38087","13Baso",0.0195591526503323,0.0997214430903966,0.00251373303256178
"W38088","10GMP",-0.0031166677093113,0.0593199813620994,0.000671175953539254
"W38090","3Ery",0.089766278012772,-0.151218509167026,0.0933354132354682
"W38091","3Ery",0.124015952876006,-0.174647650372351,0.0933354320905143
"W38092","10GMP",-0.00673827810054783,0.0207433770882732,0.000180265192882994
"W38093","6Ery",0.0161211288251101,-0.0636318035498668,0.00108122105286559
"W38094","14Mo",-0.0203915182324725,0.0914460023853092,0
"W38095","15Mo",-0.0718889462913819,0.174855187115607,0.0604971172189082
"W38096","7MEP",-0.00824030753260754,-0.0190741604181881,0.00676777859311304
"W38097","13Baso",-0.00519542507240518,0.063464315984657,0.00391612582078931
"W38098","14Mo",-0.0185912620763035,0.145223742403728,0.0349929096523049
"W38100","14Mo",-0.00359550808651922,0.152226187897237,0.034992928507351
"W38101","14Mo",-0.00926465976896876,0.136789253498638,0.0248117348746332
"W38102","2Ery",0.0583690137040992,-0.164832604587094,0.0933354509455604
"W38103","16Neu",-0.0786692574797773,0.144123638606108,0.41853143701995
"W38104","7MEP",0.00175398309117226,-0.0258961038644046,0.00176055899587195
"W38105","14Mo",-0.0121563443877663,0.145453315983304,0.0349929473623971
"W38106","10GMP",0.011537416364201,0.0943478871886761,0.00287094775546898
"W38107","14Mo",-0.00692129778209227,0.160243438448489,0.0349929662174433
"W38108","6Ery",0.0125779195169111,-0.0648688737730694,0.00106173269829241
"W38109","14Mo",-0.00584964612043315,0.163767423521383,0.0349929850724894
"W38110","16Neu",-0.108668938439859,0.169770167343064,0.390693356323095
"W38111","2Ery",0.0773050371182908,-0.159881616390244,0.0933354698006066
"W38112","10GMP",0.010206154300549,0.0844967607285381,0.0135398569058468
"W38113","16Neu",-0.101207065951854,0.156029658613972,0.39549011062524
"W38114","14Mo",-0.0276252860802072,0.100357733275955,0.0120643130422299
"W38115","14Mo",0.00286469457260828,0.1311389576813,0.0247284159750211
"W38116","5Ery",0.0314085643645241,-0.101848554729986,0.0401004003486772
"W38117","12Baso",0.0230779471141899,0.038937483092901,0.00761657206325274
"W38118","4Ery",0.084721584649111,-0.158003720127321,0.0933354886556527
"W38119","3Ery",0.13543208417107,-0.186169368333032,0.0933355075106988
"W38121","13Baso",-0.00911223387747886,0.073720375331685,0.0171003166063235
"W38123","2Ery",0.060576483370749,-0.167488641188595,0.093335526365745
"W38124","4Ery",0.0417961822343762,-0.141490352222985,0.0843067617018414
"W38125","4Ery",0.0335202152014911,-0.115159176612803,0.07022168677308
"W38126","3Ery",0.0311385734795837,-0.134066725469793,0.0756193011198212
"W38127","3Ery",0.0436666475959199,-0.11350233328439,0.0689142195060186
"W38128","13Baso",-0.00830269542791502,0.126778554255475,0.0247284348300673
"W38129","12Baso",-0.00766746362407025,0.0147034926181239,0.00421633000923505
"W38130","14Mo",-0.0235389978254103,0.129787460349465,0.0349930039275355
"W38131","16Neu",-0.110371346924909,0.169947737302778,0.388744396735445
"W38132","3Ery",0.024667345001407,-0.108113324078119,0.0418346972806124
"W38133","5Ery",0.0413027946333141,-0.104769625751155,0.0436095628240016
"W38134","6Ery",0.0107308845911756,-0.00332400298723485,0.000151192914946666
"W38135","7MEP",0.00979952929395155,-0.0157484212752017,0.00700206734137921
"W38136","4Ery",0.148591326055533,-0.114916564822675,0.0933355452207911
"W38137","4Ery",0.0521884311513289,-0.133187150424264,0.0794286899725447
"W38138","5Ery",0.0397319023550322,-0.14552327838085,0.085126062850378
"W38140","14Mo",-0.0169523782404494,0.139313105338746,0.0349930227825817
"W38141","14Mo",-0.00715456818601668,0.116096518312661,0.0185923925014459
"W38142","2Ery",0.0440791024374013,-0.178244094076036,0.0933355640758372
"W38143","12Baso",0.00908271535857902,-0.0273106673397363,0.000477818153888228
"W38144","3Ery",0.120356816009659,-0.177230189886752,0.0933355829308834
"W38145","5Ery",0.0317827322439672,-0.1315365188528,0.0766478824022367
"W38146","2Ery",0.0613828318441218,-0.175372975547937,0.0933356017859295
"W38147","2Ery",0.0664444346646659,-0.22888175331309,0.0933356206409756
"W38148","16Neu",-0.101957044752261,0.150996814452184,0.393154668125391
"W38149","7MEP",0.000952187056571865,-0.0153356774153885,0.00600518539214412
"W38150","5Ery",0.00604445213828351,-0.119426733935886,0.0436306615814956
"W38151","2Ery",0.0443224830154117,-0.17718588474626,0.0933356394960218
"W38152","7MEP",0.00742596189964847,-0.00493167833045557,0.000298322155202562
"W38153","3Ery",0.0444130416699868,-0.0864816176225639,0.0395888312873286
"W38154","4Ery",0.0390963307957733,-0.142666403496041,0.0843433730602251
"W38155","2Ery",0.0535405743655696,-0.173132004942352,0.0933356583510679
"W38156","5Ery",0.0250927573803043,-0.114875845888392,0.0720996455126411
"W38157","10GMP",-0.0154364751118135,0.0508382369083213,0.00309725322457206
"W38158","1Ery",0.0758786304619003,-0.242853940860618,0.093335677206114
"W38159","10GMP",-0.0145944050468494,0.0536492698817302,0.00125106823871156
"W38160","11DC",-0.642343566525067,-0.260596869146286,0.755863146343814
"W38161","16Neu",0.00251810659952355,0.129953393140577,0.0244729943491889
"W38162","2Ery",0.0426661829601269,-0.16267330472194,0.0933356960611602
"W38163","2Ery",0.0432985402162921,-0.178215245844355,0.0933357149162063
"W38164","2Ery",0.0502348167280867,-0.291090792289792,0.0933357337712525
"W38165","5Ery",0.019017663661951,-0.105741923914092,0.0394792295187306
"W38166","5Ery",0.0218399899077929,-0.125343493452848,0.0677762560506378
"W38167","14Mo",-0.0127880797688059,0.153397771719216,0.0349930416376278
"W38168","14Mo",-0.0182176317396183,0.150492128019986,0.0349930604926739
"W38169","16Neu",-0.0831581209481094,0.136125204907044,0.410945493702728
"W38170","10GMP",-0.035752382668743,-0.00813318882619969,0.0151673534718276
"W38171","14Mo",-0.00483184826770539,0.147439245921891,0.0253291246091149
"W38172","14Mo",-0.0208700318081937,0.139807628452163,0.0349930793477201
"W38173","4Ery",0.0305991679322992,-0.134416443347274,0.0755698625505953
"W38175","2Ery",0.0853547946922078,-0.205181181697617,0.0933357526262986
"W38176","6Ery",0.0440564325950733,-0.0924946184212189,0.0380457413438915
"W38177","2Ery",0.0409520068244966,-0.166821651738573,0.0933357714813447
"W38180","16Neu",-0.0823409027562443,0.144375352143793,0.414289841745579
"W38181","1Ery",0.0460178518626804,-0.193590871050633,0.0933357903363909
"W38182","13Baso",-0.00376835411216414,0.0783596002591134,0.0150105803314621
"W38183","3Ery",0.0811529420433423,-0.154710318183332,0.093335809191437
"W38184","15Mo",-0.0476672426072216,0.159785067700444,0.0437563654360143
"W38185","3Ery",0.0587695878471838,-0.162501265685386,0.0933358280464831
"W38186","5Ery",0.0334095139752276,-0.117471441003238,0.0691409124699582
"W38187","2Ery",0.0556958635623727,-0.16537406352895,0.0933358469015293
"W38188","2Ery",0.0394008369293613,-0.187946893354834,0.0933358657565754
"W38189","16Neu",-0.115341813956009,0.167425310511989,0.382175707199347
"W38190","4Ery",0.0523365880104043,-0.137767972455407,0.083783032128124
"W38191","12Baso",0.00787445378748959,0.0426606706231263,0.0129202079926238
"W38192","3Ery",0.0542144618511226,-0.16804271980344,0.0933358846116215
"W38193","12Baso",-0.00441499842081133,0.0139345190679209,0.00533454710181547
"W38194","14Mo",-0.0251607175429319,0.15077460688208,0.0315285674981421
"W38195","15Mo",-0.0703761389672933,0.145671560651575,0.0604971360739543
"W38196","14Mo",-0.00547555149248429,0.149151343595039,0.0349930982027662
"W38197","10GMP",0.00984841984651493,0.0746626445902483,0.000354208236201848
"W38198","6Ery",0.0215487358428031,-0.0871308109468798,0.0227895628115543
"W38199","12Baso",0.00412986720590553,0.0439214902942891,0.00109145965302986
"W38200","2Ery",0.0760426566894587,-0.199711308649524,0.0933359034666677
"W38201","3Ery",0.082198369403442,-0.175660864313629,0.0933359223217138
"W38202","4Ery",0.0378047075183983,-0.140452315950342,0.0796919061753493
"W38203","7MEP",-0.00129188654362767,-0.0189307738741452,0.00696569376554377
"W38204","4Ery",0.0629426346844331,-0.157456407557183,0.0933359411767599
"W38205","15Mo",-0.0498452045299566,0.16596207094523,0.0459184438998375
"W38206","2Ery",0.0637750460211335,-0.177978428213579,0.0933359600318061
"W38207","7MEP",0.0222379799689932,0.024940869359434,0.00239854680904314
"W38208","14Mo",-0.0468490011934734,0.129033161552646,0.0430574390107422
"W38209","3Ery",0.0769567779500367,-0.128255328119455,0.0852081634381562
"W38210","13Baso",-0.00180020929217603,0.164042618101182,0.0349931170578123
"W38211","3Ery",0.122595559837902,-0.176272162559335,0.0933359788868522
"W38212","15Mo",-0.0585932497760398,0.152085947585427,0.0547571277393095
"W38213","15Mo",-0.0684535315291485,0.110089805261401,0.420699961905842
"W38214","13Baso",-0.00523427418666632,0.168789616453929,0.0349931359128585
"W38215","14Mo",-0.0172111357616244,0.111993328103141,0.0200255758051805
"W38217","4Ery",0.150262338107513,-0.260373339239584,0.0933359977418984
"W38218","14Mo",-0.00810961318689807,0.163443921389021,0.0349931547679046
"W38219","6Ery",0.0205565200099194,-0.0537961219106474,0.00369159365296153
"W38220","3Ery",0.106308154864196,-0.137166493011022,0.0933360165969445
"W38221","14Mo",-0.00158060852061557,0.14362246121319,0.0248117537296793
"W38222","8Mk",-0.024978605008308,0.0027214427401508,0.00950234935631071
"W38223","8Mk",-0.0135082165528746,0.00913258898517383,0.00706816172041817
"W38224","7MEP",0.00067266341560269,-0.0135571917103395,0.00476955981145496
"W38225","15Mo",-0.0832557457980536,0.173758673460619,0.421706189945616
"W38226","15Mo",-0.0799220715907419,0.158206151516769,0.421128916034535
"W38227","13Baso",0.0132613160099975,0.116792665543685,0.0125760116510984
"W38228","16Neu",-0.090500731373269,0.168429347152808,0.411653035172915
"W38229","6Ery",0.017886816951965,-0.0326801773065927,0.00557395967235742
"W38230","3Ery",0.153406976002205,-0.196922215574941,0.0933360354519906
"W38231","2Ery",0.0931790990608565,-0.185863001742897,0.0933360543070368
"W38232","13Baso",-0.0175194588435845,0.0808555358613532,0
"W38233","3Ery",0.121305088849743,-0.182847274544458,0.0933360731620829
"W38234","3Ery",0.0952830617956447,-0.147549533724548,0.093336092017129
"W38235","13Baso",-0.00499568881602897,0.173747722572769,0.0349931736229507
"W38236","11DC",-0.736780961076648,-0.298628867371366,0.75586316519886
"W38237","10GMP",0.00470670379051233,0.0701655987476143,0.00254006193615375
"W38238","4Ery",0.0476770490951846,-0.121018633999998,0.0782015895081936
"W38239","2Ery",0.0780666902465832,-0.204609428338847,0.0933361108721752
"W38240","7MEP",0.0223397494750968,-0.0140871640621814,0.00575471929697525
"W38241","7MEP",0.0208757037471348,-0.012426915807466,0.00713383332013322
"W38242","6Ery",0.0412383091093595,-0.110018460298981,0.0710791997198333
"W38243","3Ery",0.0729816169898148,-0.148423631345947,0.0933361297272213
"W38244","16Neu",-0.0738980258009825,0.144834292314687,0.424343149871978
"W38245","7MEP",0.0199176550809796,-0.00755886989248129,0.00438946282815918
"W38246","14Mo",-0.0251561480501102,0.109759452557535,0.0198911366588202
"W38247","3Ery",0.0786598523214578,-0.0963645766333237,0.0698575235638604
"W38248","6Ery",0.0486869090586332,-0.123868291036877,0.0766857753829566
"W38249","9GMP",0.0178580040457127,0.0627409019999555,0.000496317258559425
"W38250","12Baso",0.0108719322349921,0.0303302245402085,0.00359739041290818
"W38251","3Ery",0.102047724965737,-0.180633542004465,0.0933361485822674
"W38252","14Mo",-0.00317345189141424,0.161463332079039,0.0349931924779969
"W38253","10GMP",-0.00186676776482186,0.0791466167834393,0.014842488826701
"W38254","4Ery",0.0486540632134515,-0.130986690249363,0.0751140435563961
"W38255","7MEP",-0.00562874785416783,-0.010624852645785,0.00163674837868628
"W38256","6Ery",0.0441977760230827,-0.0432477473149783,0.0241603695990489
"W38257","14Mo",-0.00514121152240455,0.122113393868183,0.0227307740369446
"W38258","14Mo",0.00615311861073927,0.14652670313957,0.0248117725847255
"W38259","4Ery",0.059097818026301,-0.16166867006561,0.0933361674373136
"W38260","3Ery",0.0680745708333217,-0.185197784239963,0.0933361862923597
"W38261","3Ery",0.0412500171769364,-0.142170555454787,0.0841202464512978
"W38262","2Ery",0.044566923524814,-0.148226119134139,0.0898372140495926
"W38263","16Neu",-0.0781435671400165,0.176554919848014,0.0604971549290005
"W38264","3Ery",0.172079637836969,-0.196733297612999,0.0933362051474058
"W38266","7MEP",0.00911612526737675,-0.00893261480604426,0.00327699293393542
"W38267","18Eos",-0.228063846366108,0.0668653089909216,0.235550576424694
"W38268","6Ery",0.046444781143997,-0.0883539598436926,0.0381957734602237
"W38269","13Baso",-0.00339059996553978,0.165451784533392,0.034993211333043
"W38270","4Ery",0.0361128765666946,-0.122645904145869,0.0661123728097114
"W38271","10GMP",-0.00841305374545124,0.0618523749478597,0.00338062843125884
"W38272","6Ery",0.0887625873108302,-0.0681893052419418,0.0399176975953376
"W38273","2Ery",0.0469054799312857,-0.170263233157595,0.093336224002452
"W38274","12Baso",-0.00145842698145492,-0.00347950848510841,0.0180367076467025
"W38275","1Ery",0.0639460637185274,-0.211567826281975,0.0933362428574981
"W38276","4Ery",0.0253797732841177,-0.0961715801921769,0.0384920372824709
"W38277","13Baso",-0.00207631758255163,0.125489983227611,0.0241156644304506
"W38278","14Mo",-0.0342532125649296,0.127589732251103,0.0315285863531882
"W38279","14Mo",-0.0462202316282548,0.139896457094226,0.0423828253892626
"W38280","13Baso",0.00296755076466514,0.0641814399182219,0.0029392706494512
"W38282","3Ery",0.109441497107173,-0.12808056187093,0.0933362617125442
"W38283","3Ery",0.121503611092291,-0.185389110723295,0.0933362805675904
"W38284","16Neu",-0.0807617143156247,0.149672343577908,0.417676259524958
"W38285","15Mo",-0.07341116626511,0.157419461470295,0.0604971737840466
"W38286","14Mo",-0.00784436409197067,0.110533607200297,0.0146841494926747
"W38287","3Ery",0.0651896108968238,-0.116607496044939,0.0766193271765073
"W38288","6Ery",0.0249981212949316,-0.0766949311172656,0.015520510187073
"W38289","2Ery",0.0449146194202958,-0.153872669005342,0.0933362994226365
"W38290","10GMP",0.0100904401042108,0.0943484487802476,0.00315303007061611
"W38291","14Mo",-0.0452309799632815,0.102243443738592,0.0415397878578137
"W38292","5Ery",0.0277510244747118,-0.0867139810842057,0.0429149791415054
"W38293","4Ery",0.04103757209321,-0.152936306792409,0.0924149006115544
"W38294","15Mo",-0.0578601983599249,0.156023430334582,0.0540053807818493
"W38295","13Baso",-0.00280554718933699,0.157363854524547,0.0349932301880892
"W38296","15Mo",-0.0266519802797379,0.146489545059354,0.0315286052082343
"W38297","13Baso",-0.015786195113134,0.130494559732799,0.0248117914397716
"W38298","14Mo",0.00120011453491912,0.137820225173418,0.0248118102948177
"W38299","12Baso",0.00485746623406927,0.0104308497290396,0.00943954759258698
"W38300","16Neu",-0.0811941242669125,0.151092568949455,0.417578561832411
"W38301","13Baso",-0.0079521908408686,0.0709931433859181,0.000271765009464065
"W38302","6Ery",0.026207186492451,-0.13322155836386,0.0770228816970998
"W38303","15Mo",-0.0653339311604559,0.139165900680926,0.0604971926390927
"W38304","4Ery",0.0529365371270445,-0.135437857629341,0.0805758256802716
"W38305","14Mo",-0.0332744881744356,0.125268614564263,0.0315286240632805
"W38306","13Baso",-0.00601248562199016,0.0862733224876674,0.00118408158894842
"W38307","15Mo",-0.0714481602619343,0.14308577038385,0.426716415143249
"W38308","3Ery",0.052081047696225,-0.1333746983687,0.0794895391869954
"W38309","10GMP",-0.0155754749743616,0.0229079244378494,0.00290295061896341
"W38310","13Baso",0.000181613987872005,0.120061777146764,0.0197692545184257
"W38311","4Ery",0.105503587751898,-0.162365407479562,0.0933363182776827
"W38313","8Mk",-0.0232535742927156,0.0024155623981615,0.0100242508793124
"W38314","3Ery",0.0543359173641224,-0.140824182452857,0.0879346260468375
"W38315","14Mo",0.0153308451900481,0.127835649153823,0.0200169438302023
"W38316","15Mo",-0.0245926944412159,0.138334824824313,0.0340355551962885
"W38318","16Neu",-0.0801272597618489,0.141628742802526,0.416097182366452
"W38319","15Mo",-0.0479972995185087,0.138530420552744,0.0441725027548404
"W38320","9GMP",-0.00721224713275615,0.0697265765174879,0.000692813366453195
"W38321","16Neu",-0.13198650065759,0.185956084747999,0.367974572136927
"W38322","12Baso",0.01804556052897,0.0168143357694388,0.00733141373305748
"W38323","10GMP",-0.00151389260885653,-0.00370591475423869,0.0181851079176574
"W38324","14Mo",-0.0576286932942514,0.139581200143293,0.0538385066542516
"W38326","14Mo",-0.0206817861285198,0.142984669953033,0.0349932490431353
"W38327","14Mo",-0.0133709599195379,0.138552771033331,0.0349932678981814
"W38328","7MEP",0.0267676510060178,-0.058182984126511,0.000119804676942104
"W38329","15Mo",-0.018999291826869,0.144238305327245,0.0349932867532276
"W38330","17Neu",0.109049968146768,0.0794374695115372,0.00465360539565762
"W38331","2Ery",0.0644556957863967,-0.181797489341369,0.0933363371327288
"W38332","14Mo",-0.0499771241255869,0.139237350226156,0.0461574727231375
"W38333","14Mo",-0.0110813998814702,0.0840665350509296,0.000776118032908855
"W38334","4Ery",0.0756937160377587,-0.156893752247921,0.0933363559877749
"W38335","6Ery",0.0238445254254121,-0.0831731844861766,0.0211485235577734
"W38336","15Mo",-0.0774900002545786,0.174421948140429,0.0604972114941389
"W38337","2Ery",0.0552224401263727,-0.17644726833761,0.0933363748428211
"W38338","2Ery",0.0263077911639595,-0.13453455399152,0.0763994869744168
"W38339","5Ery",0.0168589718878911,-0.0912057274919605,0.0428346264654929
"W38340","2Ery",0.000325155023878649,-0.153425431426825,0.0752408097697323
"W38341","2Ery",0.0366635836844738,-0.179467849380134,0.0933363936978672
"W38342","14Mo",-0.0265299741479432,0.139603319039418,0.0325467551752472
"W38343","2Ery",0.0523872339360443,-0.148192188617044,0.0934419987500602
"W38344","14Mo",-0.00795407127163224,0.144181200017565,0.0349933056082737
"W38345","15Mo",-0.0175132396785593,0.146515492325633,0.0349933244633198
"W38346","5Ery",0.022535513777772,-0.0953646588430487,0.0394996478530146
"W38347","6Ery",0.00731408565967342,-0.0551659075815201,0.0239623026101812
"W38348","13Baso",-0.0112620493142202,0.0553973172401845,0.000595858971886486
"W38349","6Ery",0.0127438920114853,-0.0278599095348433,0.00153819319498293
"W38350","13Baso",-0.00836142068706138,0.150086651573055,0.034993343318366
"W38351","5Ery",0.0226443853513594,-0.0833980030622418,0.0210210262584254
"W38352","15Mo",-0.00811708069302977,0.163873515888047,0.0349933621734121
"W38353","3Ery",0.0391687707914737,-0.152272421276181,0.0911640776758057
"W38354","10GMP",-0.00879859010769226,0.0422620778416666,0
"W38355","2Ery",0.0196702451920342,-0.157901086309829,0.0881995456120923
"W38356","14Mo",-0.0193078357400717,0.138028016379531,0.0349933810284582
"W38357","2Ery",0.0227485055052613,-0.132489760183809,0.0780709923994335
"W38358","14Mo",-0.0397398565015066,0.0782541746841225,0.00268188516532938
"W38359","2Ery",0.0372634365957507,-0.171385044842147,0.0933364125529133
"W38360","2Ery",0.0979511259547898,-0.197212879393946,0.0933364314079595
"W38361","2Ery",0.0390487223816714,-0.176555878006841,0.0933364502630056
"W38362","5Ery",0.030122170586032,-0.13180904860725,0.0768648306253426
"W38363","14Mo",-0.0321489724907567,0.138505037056743,0.0315286429183266
"W38364","1Ery",0.0495003362020403,-0.191442533087296,0.0933364691180517
"W38365","5Ery",0.0326446562091809,-0.137564520749655,0.0747732443018583
"W38366","4Ery",0.0325359032083473,-0.153262062024016,0.0891722754262664
"W38367","2Ery",0.0298866111911815,-0.173392033785837,0.0933364879730979
"W38368","10GMP",-0.0100656390343914,0.0682945050050259,0.00116944009992404
"W38369","2Ery",0.0268010163089531,-0.131058219075405,0.0778933748456355
"W38370","2Ery",0.0232157053373345,-0.138049442863238,0.0754230927820662
"W38372","7MEP",0.02406269773321,-0.016268829045895,0.00398013081503647
"W38373","2Ery",0.0508022907871026,-0.194174733699543,0.093336506828144
"W38374","7MEP",0.00329373289051216,0.00788204381992566,0.0109423599737597
"W38375","1Ery",0.105246511126343,-0.323401967289487,0.0933365256831901
"W38376","7MEP",-0.0112993282889024,0.00485077981379352,0.0104561020510341
"W38377","9GMP",-0.00951067070264651,0.0621877194911657,0.00381101017307128
"W38379","2Ery",0.0353408483631138,-0.174171671520544,0.0933365445382363
"W38380","17Neu",-0.0160129956591292,0.0265800340204813,0.00560021607497667
"W38381","14Mo",0.0209678981419404,0.127528809910966,0.0183186496285044
"W38382","14Mo",-0.00841334730138981,0.154788386790707,0.0349933998835044
"W38383","13Baso",0.00874942165776543,0.104607684172494,0.000964009853745066
"W38384","7MEP",0.00616635552735351,-0.020251406200713,0.00468795353887345
"W38385","16Neu",-0.0991408200350179,0.150502860523401,0.396320823465034
"W38386","2Ery",0.0283133008574712,-0.166415690760579,0.0933365633932824
"W38387","2Ery",0.0365422731060676,-0.174621661293679,0.0933365822483286
"W38388","7MEP",0.0146356434067462,-0.0175329422004154,0.00490761021380651
"W38389","6Ery",0.00519366900710502,-0.024142520710535,0.00228191886205673
"W38390","14Mo",-0.0173805064625543,0.144626207349486,0.0349934187385505
"W38391","4Ery",0.0672137294047221,-0.157636249629812,0.0933366011033747
"W38392","6Ery",0.00654141012111665,-0.0279676439808278,0.000394703662697784
"W38393","2Ery",0.0663393817137028,-0.176646891167218,0.0933366199584208
"W38394","4Ery",0.0426252795154829,-0.143341682636087,0.084153317400582
"W38395","1Ery",0.0858785487753337,-0.211707982109291,0.093336638813467
"W38396","5Ery",0.013740354725497,-0.0664409018158436,0.00219185060513682
"W38398","8Mk",-0.0364809679928803,-0.00911608500700798,0.0157244341246458
"W38399","4Ery",0.0327678366799502,-0.14049372089336,0.0761097209901927
"W38400","6Ery",0.00840559742981742,-0.0252382112739514,0.000950337529492667
"W38401","13Baso",0.00130619883325187,0.172865280265852,0.0349934375935966
"W38402","6Ery",0.0218796217379875,-0.0548622648504519,0.00280304433007712
"W38403","13Baso",0.000327077138484713,0.16623016302008,0.0349934564486428
"W38404","7MEP",-0.00270911921082836,-0.00791398641454097,0.000381012252986999
"W38405","3Ery",0.113579953582017,-0.142900546035228,0.0933366576685131
"W38406","3Ery",0.136505581931487,-0.183088999167906,0.0933366765235592
"W38407","13Baso",-0.00415977353365343,0.160206255749314,0.0349934753036889
"W38409","3Ery",0.0448979065415919,-0.044876790479862,0.00396146251129978
"W38410","15Mo",-0.0535395516080324,0.159445659337044,0.0496537117501928
"W38411","14Mo",-0.0182408846266851,0.148335364093624,0.0349934941587351
"W38412","6Ery",0.0454445545369128,-0.110963654338418,0.069758242259287
"W38413","10GMP",0.00598045911045404,0.0745554296942218,0.000269638450492741
"W38414","16Neu",-0.104576768519777,0.176597380411928,0.397474231107441
"W38415","4Ery",0.103947547060714,-0.127240420014752,0.0933366953786054
"W38416","14Mo",-0.00686209220858243,0.16169869444446,0.0349935130137812
"W38417","14Mo",-0.0135733827152521,0.172850804513374,0.0344614840355941
"W38418","10GMP",-0.0229212574086357,0.0375091976499009,0.000893372467260741
"W38419","3Ery",0.0367677035047941,-0.13157702886453,0.0756026007964815
"W38420","10GMP",0.0104975605985522,0.0920467056487887,0.00161887599475862
"W38421","14Mo",-0.0487439184131187,0.153499555455665,0.044862440425079
"W38422","3Ery",0.086816588019142,-0.089629822822664,0.0713851905198093
"W38423","4Ery",0.0606963267651105,-0.156912207743011,0.0933367142336515
"W38425","14Mo",-0.0285180467967572,0.123537802721682,0.0343659966935326
"W38426","3Ery",0.0666109058535775,-0.184270534617927,0.0933367330886976
"W38427","15Mo",-0.049407055995819,0.151405594265458,0.0455365702489187
"W38428","15Mo",-0.0692368870370904,0.1455919633151,0.060497230349185
"W38429","10GMP",0.0046350431817098,0.0839233434730546,0.0128782590303654
"W38430","15Mo",-0.0487740875753745,0.164621095027416,0.0448483614204127
"W38431","15Mo",-0.0733081964985717,0.146953778410062,0.425648635420454
"W38433","14Mo",-0.0145969841707121,0.143638883071389,0.0349935318688273
"W38434","13Baso",-0.0102040257502486,0.144904970980792,0.0349935507238735
"W38435","16Neu",-0.0881924343818824,0.1409432573717,0.406422526221973
"W38436","14Mo",-0.0469091277459009,0.130613707425927,0.0431115196406407
"W38437","4Ery",0.0620027676295139,-0.128111465419633,0.0765663377724956
"W38438","14Mo",-0.0646382095789916,0.133112671799584,0.0604972492042311
"W38439","9GMP",-0.00302840703793212,-0.0066933273633409,0.000490939683979976
"W38440","3Ery",0.0983642309510018,-0.191802572840122,0.0933367519437438
"W38441","14Mo",0.0168334298700241,0.139378174560325,0.0247284536851134
"W38443","3Ery",0.0564048161525991,-0.146434866092694,0.093384088472859
"W38444","10GMP",-0.0028334753905916,0.0754403575156704,0.0171306934638757
"W38445","16Neu",-0.090791657916066,0.14267602517032,0.403869156507603
"W38446","16Neu",-0.092802832960785,0.15358397019608,0.404658134566305
"W38447","13Baso",-0.0136623010741436,0.131162156906293,0.0248118291498639
"W38448","1Ery",0.115384805282494,-0.261645057140247,0.0933367707987899
"W38449","6Ery",0.00713115263044199,-0.0222864562120508,0.00315319190367041
"W38450","2Ery",0.0290734010934666,-0.175662447357814,0.093336789653836
"W38451","14Mo",-0.027774103341179,0.101629990211225,0.0127860108727188
"W38452","2Ery",0.0243041135837972,-0.171355579408329,0.0933368085088822
"W38453","14Mo",-0.0521555351729049,0.0954043176314355,0.0485194616720117
"W38454","5Ery",0.0122531908994599,-0.106662268661782,0.0385379735884016
"W38455","2Ery",0.0347257618111387,-0.162445822920391,0.0933368273639283
"W38456","9GMP",-0.0102454724975088,0.0706736757974089,0.0189177808449304
"W38457","13Baso",-0.0049562629500568,0.149177091976592,0.0349935695789196
"W38458","2Ery",0.0115278723253983,-0.170591393875758,0.0933368462189745
"W38459","3Ery",0.0275788115223177,-0.106283688359501,0.0415234606025183
"W38460","16Neu",-0.0866293956566183,0.145242211890595,0.409501365694051
"W38461","13Baso",-0.0227919675835422,0.0573475526929533,0.00285659949296641
"W38462","14Mo",-0.0196581461657196,0.139621275104296,0.0349935884339657
"W38463","4Ery",0.0517355985597648,-0.137795184010718,0.0838939678978897
"W38464","3Ery",0.0885597345975849,-0.122374721583659,0.0850167190597919
"W38465","6Ery",0.0396883360943962,-0.0745967136603956,0.0198348252293802
"W38466","7MEP",-0.0143708992663076,-0.032952595578642,0.000450492729992794
"W38467","10GMP",-0.0126500878729133,0.065577071636308,0.00258460771132182
"W38468","4Ery",0.0108372593218001,-0.102105621259627,0.0384175244364057
"W38469","2Ery",0.00403513220537576,-0.139808054733676,0.078566290692865
"W38470","16Neu",-0.0800073341486749,0.14394650455933,0.416907918475157
"W38471","12Baso",-0.0199225888947977,0.0346440904658472,0.0120365195854516
"W38474","7MEP",0.0047483975589081,-0.0159362014756678,0.00711684184711146
"W38475","13Baso",-0.0171081847390144,0.121946447900529,0.0247284725401596
"W38477","4Ery",0.00625250596440047,-0.128971240149958,0.0692681385511682
"W38478","7MEP",0.00982684861583726,-0.0130548121964697,0.00615270774309009
"W38480","4Ery",0.0508170538675043,-0.126150600915665,0.0751995196537684
"W38481","12Baso",0.00728438206003136,0.0187097548711444,0.00408499282935598
"W38482","5Ery",0.0180375701081492,-0.0978610579328442,0.0391332257394822
"W38483","2Ery",0.0193665924452133,-0.162907781313227,0.0923146371771046
"W38484","2Ery",0.0504340849287885,-0.195466201450924,0.0933368650740206
"W38485","9GMP",-0.0235556097626406,0.0378978804122812,0.000506375254148624
"W38486","1Ery",0.0788983369198979,-0.291178214981235,0.0933368839290667
"W38487","11DC",-0.635337000932251,-0.255874075589304,0.755863184053906
"W38488","3Ery",0.0757392131323346,-0.152555468614649,0.0933369027841129
"W38489","14Mo",-0.030360785566044,0.118842325366176,0.0340872579856506
"W38491","16Neu",-0.0727080610046634,0.131535736742851,0.421898313923225
"W38492","2Ery",0.0651776465902876,-0.213115034569199,0.093336921639159
"W38493","5Ery",0.0320346924605811,-0.145263326523862,0.0806350273266988
"W38494","14Mo",-0.0518963223519368,0.125487746682468,0.0481392238755729
"W38495","15Mo",-0.0354157698760365,0.128141994117071,0.031581700886086
"W38496","9GMP",-0.0146993073466609,0.0641963856719314,0.00317074010037202
"W38497","9GMP",-0.0159928989411932,0.0532164569293192,0.00131274022571111
"W38498","14Mo",-0.0229280170900267,0.160082079395695,0.0315286617733727
"W38500","2Ery",0.044000386396944,-0.189852148475462,0.0933369404942051
"W38501","4Ery",0.083273768441842,-0.156142711720178,0.0933369593492513
"W38502","5Ery",0.0263961802578811,-0.13671513248934,0.0753804391412443
"W38503","4Ery",0.0531244419419003,-0.144092745884014,0.0898819648826242
"W38505","3Ery",0.105968163314376,-0.163661235646964,0.0933369782042974
"W38506","16Neu",-0.0950429055487193,0.152571466276453,0.40173346980559
"W38507","2Ery",0.0380129707321023,-0.198156854717589,0.0933369970593435
"W38509","16Neu",-0.0907556664862833,0.140056075212426,0.403154362934072
"W38510","2Ery",0.0525048841364718,-0.236933036191313,0.0933370159143897
"W38512","13Baso",-0.000210392568803566,0.0787472129809119,0.0154189005590954
"W38515","2Ery",0.0108251200837504,-0.165019953635788,0.0905931771679473
"W38516","6Ery",0.00800263477113988,-0.0990694921585619,0.0405813868767255
"W38517","6Ery",0.0118688621111511,-0.0892038945818968,0.0219001340789087
"W38519","14Mo",-0.0279386498742238,0.120756489262729,0.0349936072890119
"W38521","2Ery",0.0149134230577207,-0.151467166038802,0.0798690070028372
"W38522","2Ery",0.00704073643012096,-0.172204116313163,0.0933370347694358
"W38523","8Mk",-0.022957225494429,-0.00115801579788818,0.0125754862008053
"W38524","8Mk",-0.036641566388344,-0.0129346778666601,0.0183653299946828
"W38525","14Mo",-0.0314016548944,0.113143297847739,0.0345170576583872
"W38526","14Mo",-0.0188042928387239,0.132075450448995,0.034993626144058
"W38527","1Ery",0.0498685082699886,-0.25254829263339,0.0933370536244819
"W38528","4Ery",0.106596617650909,-0.163527486489123,0.0933370724795281
"W38529","7MEP",0.0247591752528932,-0.0180121286205164,0.00268968579619677
"W38530","16Neu",-0.0777272981134932,0.136107933097194,0.417321850554028
"W38531","16Neu",-0.0819740746969863,0.132043172546974,0.41115713423382
"W38532","14Mo",-0.0333505938843175,0.0922241161730835,0.000125001919352722
"W38533","3Ery",0.0185256321503556,-0.148641775443575,0.0768073890202481
"W38534","2Ery",0.0437576629146858,-0.203511375645043,0.0933370913345742
"W38535","16Neu",-0.0262287692583063,0.145036413847585,0.0316932003734395
"W38536","17Neu",0.103667850283688,0.0822587366316023,0.00170818937133132
"W38537","6Ery",0.0176044015667478,-0.109253498991123,0.0409414060707874
"W38538","2Ery",0.0220791079708195,-0.168285391337536,0.0933371101896203
"W38539","14Mo",-0.000515157224315062,0.109136288608144,0.0120363969128801
"W38540","16Neu",-0.0774903126425172,0.132998261063223,0.416701564891413
"W38541","7MEP",0.00637378508762789,-0.0100426390606443,0.00350095492163652
"W38543","2Ery",0.0689081554988638,-0.167567643436122,0.0933371290446665
"W38544","3Ery",0.133743229270589,-0.17994783293513,0.0933371478997126
"W38545","2Ery",0.012946441015984,-0.163993470590306,0.0905813622561709
"W38546","6Ery",0.0286957652710152,-0.0711327340386521,0.0139792150313383
"W38547","6Ery",0.0164808751461844,-0.0915510858622457,0.0427334164497574
"W38548","6Ery",0.00653180909009928,-0.0207545211801428,0.00428474267120578
"W38549","10GMP",-0.0129439308552283,0.0227638278041214,0.00234205631014575
"W38550","12Baso",-0.00541815228395663,0.0251257019541873,0.00271798181932298
"W38551","12Baso",-0.00664126712674102,0.0307677478424448,0.00695813096498026
"W38552","4Ery",0.0514029958344837,-0.128301272587669,0.0744761221596232
"W38553","2Ery",0.0147139848722583,-0.162442722277892,0.0898876458887129
"W38554","4Ery",0.00741216756595941,-0.106639244940929,0.0375236730781474
"W38555","2Ery",-0.0109698965006864,-0.170815365807653,0.0874943939364355
"W38556","14Mo",-0.0142777193615818,0.10542747330024,0.0120708687886394
"W38558","3Ery",0.0032327414002223,-0.168009750049571,0.0901178356413945
"W38559","6Ery",0.0137389283745104,-0.0656706972998516,0.00175394785435322
"W38560","3Ery",0.089903661202581,-0.182247929341517,0.0933371667547588
"W38561","10GMP",-0.0080697671062016,0.0304177622525666,0.00695694300871518
"W38563","2Ery",-0.000121918011860503,-0.173897343576955,0.0933371856098049
"W38564","14Mo",-0.027050181184389,0.11936655765029,0.0349936449991041
"W38565","16Neu",-0.0895378686189,0.138430402601617,0.404115467748755
"W38567","18Eos",-0.284169736137559,0.12246712711027,0.265263434499273
"W38568","13Baso",-0.000249203992046991,0.132609402160174,0.0247284913952057
"W38569","6Ery",0.0106514758992419,-0.0894335518922131,0.0217716642376961
"W38570","14Mo",-0.0210865873469685,0.134153891077608,0.0349936638541503
"W38571","13Baso",-0.017268568265719,0.0962275834695511,0.000723361390096239
"W38572","2Ery",0.00838611398079657,-0.160019551910617,0.0850374899570111
"W38573","2Ery",0.0142440854562082,-0.168321236670694,0.093337204464851
"W38575","5Ery",0.012778915180416,-0.0707888176258759,0.00446600076358672
"W38576","10GMP",-0.00455111032431756,0.0938849446361331,0.00150862083995792
"W38577","5Ery",0.0230592775363258,-0.150036818663037,0.0843921098878974
"W38578","14Mo",-0.032635315722593,0.118496949116768,0.0326928780497885
"W38579","13Baso",-0.0258919598980936,0.0594882890581021,0.00441062658169245
"W38580","14Mo",-0.0324781796219957,0.0917818098914131,0.000313216250188094
"W38581","16Neu",-0.0862910713239043,0.155492785613392,0.41286097428426
"W38582","2Ery",0.0174691712045084,-0.168563605076472,0.0933372233198972
"W38583","10GMP",-0.0825201241976759,-0.0234184123024217,0.0175034427168394
"W38584","4Ery",0.0420737555070515,-0.155185157430728,0.0933372421749433
"W38585","16Neu",-0.103282129513586,0.163947642947895,0.3953400169351
"W38586","6Ery",0.00545217595367121,-0.0135164277123013,0.00563911323334184
"W38587","15Mo",-0.0532119229300652,0.133873106564425,0.049426723294988
"W38588","14Mo",-0.0252916072558023,0.0929280142483741,0.0010745780486329
"W38589","12Baso",-0.00386287911945343,0.0242891132044439,0.00185013035020253
"W38590","7MEP",-0.00561321160059807,-0.00879317914886804,0.000421125627882702
"W38591","10GMP",-0.0120947990849366,0.0572022562690932,0.000825266480459625
"W38592","15Mo",-0.0199424575254257,0.13719539808382,0.0349936827091964
"W38593","3Ery",0.138497877955499,-0.193683843317042,0.0933372610299894
"W38594","15Mo",-0.0949769893548277,0.182927002444572,0.410582928848343
"W38595","3Ery",0.143659267431922,-0.181736066059769,0.0933372798850356
"W38596","9GMP",-0.00914170794808978,0.0626560970219954,0.00406876246449767
"W38597","2Ery",0.0635581172510251,-0.179548927567024,0.0933372987400817
"W38598","7MEP",-0.0145933093997541,0.0108775625743717,0.00565447880977851
"W38599","3Ery",0.10903747305324,-0.179872376993092,0.0933373175951278
"W38601","13Baso",-0.00167853651450295,0.158043567007504,0.0349937015642425
"W38602","16Neu",-0.0844456921293881,0.154912242843691,0.414861620259855
"W38603","13Baso",0.0164951150900223,0.136543203099223,0.0244730132042351
"W38604","2Ery",0.112726938977298,-0.204017555045884,0.093337336450174
"W38605","15Mo",-0.0708449462685774,0.145333751791898,0.0604972680592773
"W38606","7MEP",-0.00400653374620213,-0.0071078421563024,0.000398677321702518
"W38607","6Ery",0.0222087334873187,-0.0792455275652222,0.0163394010440221
"W38608","5Ery",0.046233311139686,-0.116665925143114,0.0668736185873668
"W38609","13Baso",0.0034859083454584,0.153840346554166,0.02481184800491
"W38610","10GMP",-0.00622500364072366,0.0887929272783705,0.00281802372281079
"W38611","9GMP",-0.00287291780868933,0.0525970932306083,0.00405401453752316
"W38612","13Baso",0.0102513626838551,0.1019179520624,7.46815804328511e-05
"W38613","13Baso",0.00217071348775506,0.142279690857685,0.0248118668599561
"W38614","12Baso",0.00779981784576733,0.00761147813492065,0.0119359900035323
"W38615","5Ery",0.0334843135043702,-0.112785417306976,0.0713620369650904
"W38616","13Baso",-0.0324864466593017,0.0860644443596266,0.00101279461631004
"W38617","15Mo",-0.0868037175792108,0.158162140816797,0.413030033549677
"W38618","14Mo",-0.0243302295677144,0.133689433773034,0.0349937204192887
"W38619","10GMP",-0.00402331438513535,0.0865041679283071,0.000942718407794425
"W38620","15Mo",-0.0296253144742055,0.137844405587108,0.0315286806284189
"W38622","4Ery",0.0338209460629271,-0.117509870047152,0.0690374793662022
"W38623","5Ery",0.0293715237609578,-0.0991887306911998,0.038349138873702
"W38624","8Mk",-0.0459336176171615,-0.0120038515593389,0.016055641727257
"W38625","13Baso",-0.00264693886495883,0.130924586187609,0.0247285102502518
"W38626","7MEP",0.0222080700781609,-0.00722403595976074,0.00459640407424588
"W38627","14Mo",-0.0268572622119963,0.125934844428449,0.034970831505983
"W38628","14Mo",-0.0121617372579705,0.152972791733693,0.0349937392743348
"W38629","2Ery",0.00328650959196649,-0.174101108442738,0.0933373553052201
"W38630","6Ery",0.0177883300647571,-0.069270260297046,0.0172503858611552
"W38631","2Ery",0.0360193923567461,-0.19372274638396,0.0933373741602662
"W38632","13Baso",-0.0195728977790645,0.121369244074346,0.0248118857150023
"W38633","7MEP",-0.0163547002961562,0.00942892615953211,0.00635276818416395
"W38634","16Neu",-0.100185671907198,0.152885203572291,0.395781563816386
"W38636","14Mo",-0.0199287649420536,0.130481173023435,0.034993758129381
"W38637","3Ery",0.0103865697927128,-0.105206755515704,0.037423883236074
"W38638","16Neu",-0.0866304483797362,0.143949552680716,0.409126545552007
"W38640","10GMP",-0.0105247608481038,0.0600126355821311,0.00248787476261127
"W38643","12Baso",-0.000790010808481788,0.0347326158309781,0.00876962949323319
"W38644","10GMP",-0.00895126324435021,0.0566631649824363,0.000103381971140848
"W38645","13Baso",-0.0105786060176867,0.110282890936535,0.0149869263964812
"W38646","1Ery",0.0640658941502845,-0.335597046029306,0.0933373930153124
"W38647","16Neu",-0.0718389883142389,0.120384060757506,0.419696838581171
"W38648","6Ery",0.00578990631568135,-0.0178479822824003,0.00635750815869277
"W38649","14Mo",-0.0082769041397322,0.136726053332014,0.0248119045700484
"W38650","2Ery",0.0285799066749242,-0.169702619499624,0.0933374118703585
"W38651","14Mo",-0.0286086093245485,0.125568324204905,0.0339164674481788
"W38652","10GMP",-0.00752323958194858,0.0645530816067219,0.00421895125256861
"W38653","14Mo",-0.0485578618903212,0.0907788701717125,0.0125872002753884
"W38654","16Neu",-0.080126476876831,0.130461926614412,0.412871068567605
"W38655","9GMP",-0.00066225623531391,0.0224775459527889,0
"W38656","3Ery",0.0296196271375475,-0.0837615701234573,0.0226544312965011
"W38657","3Ery",0.105473434263013,-0.142208794541528,0.0933374307254047
"W38659","14Mo",-0.0677707935879639,0.125737089633794,0.426023982762551
"W38660","2Ery",0.0197503125754004,-0.174460593349333,0.0933374495804508
"W38662","12Baso",0.00829760353829041,0.033898942302492,0.00659283142984517
"W38663","9GMP",-0.0200904112816191,0.0393183761594652,0.000106784019072442
"W38664","1Ery",0.0931358590531466,-0.284865174108034,0.0933374684354969
"W38666","3Ery",0.0471815054457944,-0.127144430233802,0.0754921829988795
"W38668","5Ery",0.0154531554128511,-0.140377728285419,0.0759533351184332
"W38669","2Ery",0.00132373691276598,-0.177103591867504,0.0933374872905431
"W38670","8Mk",-0.0741280214947768,0.00145707552600113,0.00161114887982548
"W38672","2Ery",0.0519084970274477,-0.197849653349269,0.0933375061455892
"W38673","16Neu",-0.11261878512513,0.180752390676157,0.389225949529638
"W38674","5Ery",0.0211434736602529,-0.12235589104988,0.0693462515822918
"W38675","10GMP",-0.000852150672070244,0.0287021980203818,0.00447611627181481
"W38676","13Baso",-0.00380390060133604,0.124312130741024,0.02393064672893
"W38677","16Neu",-0.0877385923379677,0.14133824529985,0.407069920287373
"W38678","14Mo",-0.0273618578783385,0.119867495817331,0.0349937769844271
"W38679","2Ery",0.0262390527166839,-0.17293558131541,0.0933375250006353
"W38680","5Ery",0.0201969682837534,-0.115098399815675,0.044399253383591
"W38681","15Mo",-0.0286982628536623,0.149110852298693,0.031528699483465
"W38682","7MEP",0.00854881979312456,-0.0225824232482127,0.00269033075620974
"W38683","15Mo",-0.0632307936574976,0.148653447008126,0.0594270262419888
"W38684","5Ery",0.0266261035558906,-0.135862441911383,0.0757245064118728
"W38685","6Ery",0.0250955392102919,-0.0745412839816669,0.0143648381113607
"W38686","5Ery",0.0203904064839591,-0.0934908700601699,0.0409169625743754
"W38687","2Ery",0.0582006732195908,-0.165214454799199,0.0933375438556815
"W38688","3Ery",0.0796693475851266,-0.162085119814853,0.0933375627107276
"W38689","15Mo",-0.0938437196360586,0.175474561046697,0.40976097377933
"W38690","7MEP",0.0104903746154101,-0.0229683790144895,0.00206937587902658
"W38691","3Ery",0.0898677338948153,-0.162353651602348,0.0933375815657737
"W38692","15Mo",-0.0184472827111397,0.143362671631781,0.0349937958394732
"W38693","16Neu",-0.100709097077541,0.178182783518939,0.402476789244912
"W38694","6Ery",0.0326774103902377,-0.0818823803590076,0.0222812047200585
"W38695","7MEP",-0.00197938581695919,-0.0115450014150613,0.00293343030183131
"W38697","6Ery",0.0389407996723209,-0.0528978611980056,0.000495410392584415
"W38698","6Ery",0.0121402629072761,-0.0596797787564559,0.00196776724218819
"W38699","10GMP",-0.0125991400468693,0.046776916454477,0.00386922286453055
"W38700","4Ery",0.0475670807618924,-0.155471783608454,0.0933376004208199
"W38701","13Baso",-0.0128835934973476,0.129135937197648,0.0248119234250946
"W38702","14Mo",-0.0648627882306624,0.12929910376357,0.0604972869143234
"W38703","13Baso",-0.00915811246875972,0.113376503441326,0.0175298432745628
"W38704","3Ery",0.106264125004441,-0.166864236758972,0.093337619275866
"W38705","6Ery",0.0277377216625321,-0.0700931779670557,0.014754113725348
"W38707","8Mk",-0.0869114562715331,-0.0710911250604099,0.00926617719444162
"W38709","14Mo",-0.0216874356892023,0.128530956822326,0.0349938146945194
"W38710","2Ery",0.0373767506497834,-0.189403747500672,0.0933376381309121
"W38711","9GMP",0.00140723231888085,0.0690317545204825,0.00272967128470295
"W38712","6Ery",0.0247315274886373,-0.0453543353625696,0.0215389179516235
"W38713","15Mo",-0.0764142133584808,0.152477437213887,0.423595245161915
"W38714","13Baso",-0.0153133789436383,0.09997338114297,0.00111154104756254
"W38715","3Ery",0.0134618847114675,-0.0977809422472713,0.0401214993392162
"W38716","16Neu",-0.0775317520671279,0.12848729604319,0.415349361989089
"W38717","2Ery",0.0547856809854598,-0.258852849957778,0.0933376569859583
"W38718","9GMP",-0.00475730562451869,0.053217797475818,0.00328315241772778
"W38719","14Mo",-0.0654754605320532,0.129027972930851,0.0604973057693695
"W38720","3Ery",0.0647784759063232,-0.133660947329001,0.085075176203106
"W38721","14Mo",-0.0250310180043484,0.125033820917018,0.0349938335495655
"W38722","14Mo",-0.0138377479242537,0.109036403403598,0.0150157819979771
"W38723","16Neu",-0.024867350883771,0.127101167425744,0.0349938524046116
"W38724","14Mo",-0.0277200236879695,0.125102304260602,0.0345770859216827
"W38726","9GMP",-0.0103797815478873,0.0354220966276624,0.0109308745283917
"W38727","3Ery",0.0601976931294586,-0.154129345086318,0.0933376758410044
"W38728","13Baso",-0.00347742195624622,0.174644448823088,0.0349938712596578
"W38729","10GMP",-0.0213969541902002,-0.00198317057599738,0.0134309244876115
"W38730","14Mo",-0.0553114344547886,0.12017816009796,0.0515893585481692
"W38732","3Ery",0.012113400688936,-0.100735692825538,0.0388653096260879
"W38733","6Ery",0.0142905104446368,-0.0769703863788495,0.0136813257920708
"W38734","14Mo",-0.017386476392145,0.111896169368902,0.0200357300623093
"W38735","4Ery",0.0342034198532736,-0.123550042160997,0.066075692009589
"W38736","3Ery",0.121605626904726,-0.183567120208521,0.0933376946960505
"W38737","2Ery",-0.00416211036626831,-0.177695270565278,0.0933377135510967
"W38738","2Ery",0.00791462217330807,-0.165841945908896,0.0902540610375794
"W38739","14Mo",-0.0426996460908219,0.0855700517337362,0.00098494916008076
"W38740","2Ery",0.0146736760418118,-0.152654920656745,0.0803444239248363
"W38741","8Mk",0.0218752864994804,-0.0640795719295863,0.00250862227034045
"W38742","10GMP",-0.0289589952026851,0.0568718446347961,0.0036403311653747
"W38744","10GMP",-0.00352467940502339,0.0601810557213977,0.00134102123543438
"W38745","14Mo",-0.0498645214940264,0.0949308451987117,0.0462211217436276
"W38747","10GMP",-0.00187749911615017,0.0567444600136949,0.00128691651970058
"W38748","16Neu",-0.0629671174539959,0.118621224422102,0.0592820456624756
"W38750","10GMP",0.00163967785959233,0.0942699746830209,0.00247061807784614
"W38751","10GMP",0.00976472738911991,0.0811873197224936,0.0156619658740512
"W38752","13Baso",-0.00772782508424521,0.15164934877296,0.0349938901147039
"W38753","16Neu",-0.120524109501935,0.154762403456309,0.372428213913911
"W38754","2Ery",0.00787272161328392,-0.141383665103798,0.0770529171955443
"W38755","16Neu",-0.0771712500303241,0.133420317416612,0.417198544430472
"W38756","2Ery",0.00698404824338845,-0.181382792717493,0.0933377324061428
"W38757","14Mo",-0.0179254511533282,0.152685754151369,0.03499390896975
"W38758","11DC",-0.648918976881236,-0.25195383868192,0.755863202908952
"W38759","14Mo",-0.0334112557296936,0.0858868708115467,0.000944929659851847
"W38760","11DC",-0.584830052569076,-0.221073269812643,0.838399308712937
"W38761","14Mo",-0.0264616159486996,0.0915133808139892,0.0012589019362408
"W38765","13Baso",-0.00654230220283013,0.153997567900036,0.0349939278247962
"W38767","2Ery",0.044775436962166,-0.187978061104161,0.093337751261189
"W38768","2Ery",0.110682299688728,-0.194280422947304,0.0933377701162351
"W38769","16Neu",-0.0918333947699645,0.150993090581879,0.405048499197108
"W38770","2Ery",0.0171569388368289,-0.139584726425643,0.0759664016129458
"W38771","2Ery",0.043066999979301,-0.177758835028291,0.0933377889712812
"W38772","14Mo",-0.0200854703311319,0.133082338226583,0.0349939466798423
"W38773","5Ery",0.0147606017910215,-0.138764446538989,0.0768363855329783
"W38774","2Ery",0.0229843864977082,-0.150434896151115,0.084232876083054
"W38775","7MEP",0.00899281585930335,-0.0179915712395249,0.00566115787902777
"W38776","9GMP",0.0115470049238162,0.0177221935632028,0.00553639768487293
"W38777","2Ery",0.0340090482802969,-0.163669263403868,0.0933378078263274
"W38778","10GMP",-0.00722931450142394,0.0582818727867517,0.000694662213154206
"W38779","7MEP",0.00255533804664961,-0.0087065649345051,0.00189590273648399
"W38781","6Ery",0.0173838416132049,-0.0446595853314775,0.0196530040672817
"W38782","15Mo",-0.0312809679390436,0.140129647049898,0.0315287183385112
"W38783","5Ery",0.0283129627471883,-0.126543774954794,0.0658649437994842
"W38784","5Ery",0.02602996571523,-0.135692839583254,0.0759251354060329
"W38785","15Mo",-0.07088081358108,0.160775544027281,0.0604973246244157
"W38786","14Mo",0.0213180042290273,0.110311905434288,9.54741697980765e-05
"W38788","8Mk",-0.109470644693033,0.0236163148661626,0.347520462640706
"W38789","14Mo",-0.00109640507023826,0.153723527077228,0.0349939655348884
"W38790","15Mo",-0.0767310380587408,0.175134319773232,0.0604973434794618
"W38791","4Ery",0.0368632370039741,-0.0933278082727641,0.0375939094829171
"W38793","14Mo",-0.0232548207240619,0.136454831462632,0.0349939843899346
"W38794","13Baso",-0.0327094167969457,0.0871443736212678,8.47858198255828e-05
"W38795","6Ery",0.00883352515896285,-0.0427315733246044,0.0101274627124082
"W38796","4Ery",0.103830064457576,-0.131862405509397,0.0933378266813735
"W38797","13Baso",-0.000603724554756715,0.1689792528569,0.0349940032449807
"W38798","4Ery",0.0522969025586937,-0.14593296960718,0.0912208424587089
"W38799","9GMP",0.00583859319482796,0.0604437230407127,1.67634426845604e-05
"W38800","3Ery",0.119067762369766,-0.170219841835643,0.0933378455364196
"W38801","8Mk",-0.093363019598649,-0.00491442422901221,0.00263128485476528
"W38802","8Mk",-0.174227807629329,0.0978421816503427,0.292886033005692
"W38803","15Mo",-0.0692597740669796,0.157101266611255,0.0604973623345079
"W38804","2Ery",0.0577295074269316,-0.198877282080196,0.0933378643914658
"W38805","12Baso",0.0568788214203328,0.059428345796175,0.000652571282382521
"W38806","3Ery",0.062301093967849,-0.0762963228295897,0.0411799143526094
"W38807","15Mo",-0.10295306986706,0.191941859213813,0.403816136702307
"W38808","15Mo",-0.0683677007538666,0.164441918877678,0.0604973811895541
"W38809","9GMP",-0.000553270148074618,0.0625238448800287,0.00242695517972217
"W38810","3Ery",0.147507101504442,-0.164711865685262,0.0933378832465119
"W38811","10GMP",0.000611234074564762,0.0739469746300884,0.0187708805602083
"W38812","15Mo",-0.0790268962624756,0.158025667705303,0.42212867352404
"W38813","16Neu",-0.0850788785895401,0.166850335314686,0.417567558064885
"W38814","4Ery",0.0592697065451848,-0.114241549815127,0.0653350922377962
"W38815","3Ery",0.0740541829990067,-0.11133927568976,0.0772116005805158
"W38816","14Mo",-0.0142258603417172,0.139582876314151,0.0349940221000268
"W38818","3Ery",0.0820712064797373,-0.120889510588056,0.0801166778598431
"W38819","16Neu",-0.114733843763014,0.191755980100601,0.389920494528264
"W38820","6Ery",0.0410948814604486,-0.075576861438781,0.0206486381665719
"W38821","5Ery",0.030834973103868,-0.107759083671409,0.042935136080189
"W38822","13Baso",-0.0186481715947433,0.0914763728533974,0.000331963780933819
"W38823","13Baso",-0.00748511972425648,0.0907136382056807,0.00294199094524316
"W38824","11DC",-0.628199569160068,-0.254927738076344,0.760894244120395
"W38825","13Baso",-0.00211306738638361,0.16186288427608,0.034994040955073
"W38826","8Mk",-0.0391306168852564,-0.00360485171249432,0.0113984836909313
"W38827","2Ery",0.0445663211456289,-0.152699458256851,0.093337902101558
"W38828","13Baso",-0.00500541965501077,0.149381004537148,0.0349940598101191
"W38829","13Baso",-0.0246854396830095,0.154815526399443,0.0315287371935573
"W38830","8Mk",-0.040238494829107,0.0036115702711834,0.00615553073839342
"W38831","8Mk",-0.0581710783469036,-0.0179677712353665,0.0180401367003009
"W38832","15Mo",-0.0859681527088763,0.176700501062716,0.419369158470234
"W38833","14Mo",-0.00711022722946151,0.147584166614817,0.0349940786651653
"W38834","14Mo",-0.0699608271838241,0.13514948739034,0.426170674097184
"W38836","6Ery",0.0132565434022139,-0.0354742900826222,0.0064270871227669
"W38837","5Ery",0.0315961898727652,-0.100998538163953,0.0397144222060217
"W38838","15Mo",-0.0532983480926742,0.159701843916026,0.0494104758769045
"W38839","7MEP",-0.0104767186553252,-0.0160026491356175,0.00430479074536246
"W38840","15Mo",-0.0826585836137192,0.15511611823032,0.41702047834116
"W38841","15Mo",-0.0699780017141877,0.172767272346436,0.0604974000446002
"W38843","6Ery",0.0450334549151474,-0.0881208802503013,0.038608839702959
"W38845","12Baso",-0.00894820520857095,0.0600733226824662,0.00224533321241874
"W38846","2Ery",0.0546577612288651,-0.201389780660415,0.0933379209566042
"W38847","13Baso",0.00620157820565936,0.179931345463117,0.0349940975202114
"W38848","3Ery",0.0275127512995166,-0.0368182610702707,0.0100561540960289
"W38849","4Ery",0.0812373559136189,-0.117848481128351,0.0759193150374737
"W38850","14Mo",-0.057923026161956,0.131875959400316,0.0541647861967498
"W38851","10GMP",-0.00854832164822569,0.0703331262989906,3.17013821331501e-05
"W38852","16Neu",-0.0989466236966263,0.159671437961182,0.399198461886407
"W38853","15Mo",-0.0883487030591225,0.168618223575272,0.41423627557977
"W38854","6Ery",-0.0271662229349754,-0.0346866503113095,0.00133798482135663
"W38855","13Baso",0.0073601290639753,0.133331089941146,0.0244730320592812
"W38858","15Mo",-0.0931004370217856,0.180684127013354,0.412139687467973
"W38859","6Ery",0.029255961532013,-0.0510756111155925,0.00351595281093446
"W38860","2Ery",0.0643362893335922,-0.210184284527068,0.0933379398116503
"W38861","15Mo",-0.0682138794562243,0.155720782790551,0.0604974188996463
"W38862","3Ery",0.0971754248975811,-0.154949197912752,0.0933379586666964
"W38863","13Baso",-0.00720973568245532,0.132337227246815,0.0248119422801407
"W38864","6Ery",0.019158607217507,-0.0452501525922241,0.0203628755310226
"W38865","13Baso",-0.00780722807866382,0.130710689555749,0.0248119611351868
"W38866","9GMP",-0.0143811497847783,0.0469415902844766,0.00429870847381975
"W38867","10GMP",-0.000226943808707323,0.0619861397605806,0.00199573830002343
"W38868","10GMP",0.00133018342899366,0.0642257226980547,0.00326545681218647
"W38869","14Mo",-0.0154574851670562,0.136400143745263,0.0349941163752575
"W38870","2Ery",0.0608319258592145,-0.202428740387886,0.0933379775217426
"W38871","6Ery",0.00428617883352043,-0.0279772547667058,3.96953763281745e-05
"W38872","10GMP",0.0120729369583809,0.0842164042874119,0.0140763217975885
"W38873","7MEP",0.00222314056310483,-0.0122726478045952,0.00420584581105001
"W38874","6Ery",0.0121026616365507,-0.0209895781592392,0.00308329501741064
"W38875","14Mo",-0.0338451866581038,0.111642507395565,0.0332367126605023
"W38876","2Ery",0.0780150655975466,-0.192628990398614,0.0933379963767887
"W38877","2Ery",0.0718834269704302,-0.187986154927302,0.0933380152318349
"W38878","7MEP",0.00677984613090643,-3.01756341041712e-05,0.0170960850204285
"W38879","5Ery",0.0353280731601169,-0.12394198963057,0.0656560863922903
"W38880","13Baso",0.00108839615309648,0.144633344022223,0.024811979990233
"W38881","13Baso",0.0313945389877786,0.148040495553312,0.024728529105298
"W38882","14Mo",-0.0166610611911538,0.149983743040915,0.0349941352303037
"W38883","3Ery",0.120386519741246,-0.181966887354865,0.093338034086881
"W38884","13Baso",0.0480376131754119,0.163800636498669,0.0247285479603441
"W38886","4Ery",0.0612212233850212,-0.130195680916423,0.0799571817298069
"W38887","3Ery",0.101049273842592,-0.15801554556476,0.0933380529419271
"W38889","2Ery",0.0912193586983487,-0.213644275006323,0.0933380717969733
"W38890","15Mo",-0.0790550297538042,0.157616013461817,0.421977233639783
"W38891","7MEP",0.00848714740346603,-0.0196821129516281,0.00463129485919593
"W38892","1Ery",0.119798091951803,-0.347095017755616,0.0933380906520194
"W38893","15Mo",-0.0850821113020287,0.164787646129606,0.416967661251035
"W38894","2Ery",0.0992656185361034,-0.180590351259568,0.0933381095070655
"W38895","13Baso",-0.0366476741974208,0.117929839490868,0.0328592953677057
"W38896","8Mk",-0.0392156625740975,0.0121301443712935,0.000675236320807599
"W38897","9GMP",-0.0166622661313314,0.074443668876483,0.0152039892121864
"W38899","11DC",-0.635770151571348,-0.261321867819629,0.755863221763999
"W38900","8Mk",-0.0204957037493406,0.00646223984412502,0.00768750456871076
"W38901","17Neu",0.0626045503537899,0.057152137846946,0.0137376228302404
"W38902","13Baso",0.0139124006697347,0.113263205588178,0.012653244016234
"W38903","13Baso",-0.00674775195382246,0.0936201481942843,0.00124825042769734
"W38904","13Baso",-0.0354729882813415,0.129353384597674,0.0316343339217187
"W38905","3Ery",0.143046530905529,-0.141697689774597,0.0933381283621117
"W38906","12Baso",0.00682170909012381,-0.0222466242874453,0.00323776128298552
"W38907","16Neu",-0.0987441936652412,0.183541761324473,0.406334152500657
"W38908","10GMP",0.0102494384959711,0.0677486304178825,0.0040951022962291
"W38909","15Mo",-0.0816019294799439,0.167865597563809,0.421946496523879
"W38910","7MEP",0.00396801619753074,-0.0253925224352844,0.00168019912427293
"W38911","13Baso",-0.0304203985830809,0.111750019757392,0.02408888612978
"W38912","13Baso",-0.0131986466078157,0.143743787405048,0.0349941540853498
"W38913","14Mo",-0.0544698872034014,0.160401874012667,0.0505839902155479
"W38914","16Neu",-0.106403690791888,0.184206673064387,0.397526515031785
"W38915","3Ery",0.101147853681001,-0.135635071311664,0.0933381472171578
"W38916","7MEP",-0.00105151694972319,-0.020556457014835,0.00583915621616925
"W38917","13Baso",-0.00292037623998656,0.148955504851266,0.0252101470659715
"W38918","13Baso",0.0211154786765862,0.135923308880025,0.0237167979651951
"W38919","3Ery",0.0853554542824386,-0.156531675261017,0.0933381660722039
"W38920","1Ery",0.109783812523917,-0.22332401721241,0.0933381849272501
"W38921","14Mo",-0.0167968841939902,0.148614310016728,0.0349941729403959
"W38922","15Mo",-0.0985318804384196,0.180489272555006,0.405701478301187
"W38923","10GMP",0.000506885130402378,0.0711676101324079,0.00108824104674025
"W38924","15Mo",-0.0548171281750127,0.143775565221109,0.0509989422976747
"W38925","4Ery",0.0790770919614227,-0.129289805297888,0.0878916348460163
"W38926","9GMP",-0.0134110706699583,0.0290639122664485,0.00692027976650043
"W38927","14Mo",-0.0450177327430464,0.153922997656081,0.0411195799975042
"W38928","9GMP",0.00977972888402394,0.0812049344123541,0.0156530231432743
"W38929","13Baso",0.00521677314731495,0.0688353939313522,0.00355317916719951
"W38930","10GMP",0.00675428290805532,0.0580691149394117,0.00186187638381205
"W38931","9GMP",-0.00541329001046196,0.04305079268432,3.45498774953516e-05
"W38932","5Ery",0.0117486971243545,-0.0660946512109044,0.00158910020738636
"W38933","2Ery",0.0486888254358279,-0.177215741149741,0.0933382037822962
"W38934","7MEP",0.00377759027540593,-0.0149561922385525,0.00628280793234907
"W38935","13Baso",-0.00223572442023589,0.153195155694086,0.0349941917954421
"W38937","6Ery",0.0253581480146837,-0.0701344145674389,0.015218648596007
"W38938","7MEP",-0.0100061624207633,-0.0147317028383319,0.00354753427444926
"W38939","10GMP",-0.00289690091710036,0.0585068405811054,0.000111382463118367
"W38940","7MEP",0.0068946275550156,-0.0188114440623783,0.00550925032061152
"W38941","10GMP",-0.00701436820384445,0.0647452963012602,0.00417767189522967
"W38942","3Ery",0.0527315920066232,-0.135325417574141,0.0804842240578024
"W38943","5Ery",0.0872028502312079,-0.146956286190571,0.0933382226373423
"W38944","10GMP",-0.010984783811732,0.0114452360064592,0.0059018686139437
"W38945","6Ery",0.00837780379323369,-0.0356460164607036,0.00558232041858832
"W38947","8Mk",-0.065911764043431,0.00834825000436885,0.00127202330690799
"W38948","4Ery",0.0576061354406525,-0.112426560090489,0.0665452262610009
"W38949","14Mo",-0.00631143433368479,0.147919392154934,0.0349942106504882
"W38950","16Neu",-0.0980149550145483,0.176474440732991,0.405148677272759
"W38951","14Mo",-0.022739349342135,0.133722538594069,0.0349942295055343
"W38952","10GMP",0.00720074482188805,0.0783003347887792,0.0171050613222042
"W38953","10GMP",-0.0187433012820477,0.0588712618841531,0.00318091624534976
"W38954","13Baso",-0.00138682433549719,0.14124077271292,0.0248119988452791
"W38955","7MEP",0.0157276915691305,-0.0202646654999367,0.0028854819715466
"W38956","15Mo",-0.0870231163816869,0.162757951902643,0.414100356645314
"W38957","10GMP",-0.00282256337679183,0.0623254176130467,0.00269916646383168
"W38958","15Mo",-0.053211025323468,0.105786761824741,0.0495378391423313
"W38959","15Mo",-0.0673839982550619,0.15716333501918,0.0604974377546925
"W38960","14Mo",-0.065818764467225,0.116450279737748,0.425633916298209
"W38961","5Ery",0.0407257291528859,-0.0973481717473063,0.0397813881509895
"W38962","13Baso",0.00457081375051217,0.156525129273787,0.0248120177003252
"W38963","9GMP",-0.0163285833372136,0.0394155100677442,0.000697944108528399
"W38964","7MEP",-0.00329929231754703,-0.0194900836684014,0.00697021424860654
"W38965","14Mo",-0.059751948480999,0.146966610086837,0.0559408998353485
"W38966","6Ery",0.0363405185951627,-0.0896397479051498,0.0396180927358995
"W38967","2Ery",0.0698901882526415,-0.221352766574391,0.0933382414923885
"W38968","8Mk",-0.0274445360465243,-0.00929820171203035,0.0174650454073361
"W38969","7MEP",-0.00733179837996268,-0.026534296995509,0.00304050787592805
"W38970","5Ery",0.028732814448275,-0.0871873530622677,0.042465937972038
"W38971","7MEP",-0.00818148820451208,-0.00971351532535964,0.000551589329577024
"W38972","13Baso",0.0027158201147055,0.145174585648827,0.0248120365553714
"W38973","7MEP",0.0254188088797125,-0.00358732290122471,0.00277941745047133
"W38974","5Ery",0.0538117367270211,-0.108551840842846,0.0691791380160851
"W38975","8Mk",-0.0680276970229948,0.030496334876113,0.00204664016967481
"W38976","2Ery",0.0815661295018363,-0.211756277954354,0.0933382603474346
"W38977","2Ery",0.0768217663069995,-0.199656036213111,0.0933382792024808
"W38978","4Ery",0.0539800611657653,-0.140816643516981,0.0872674416661302
"W38979","14Mo",-0.0273745916269712,0.144573323527629,0.0315287560486034
"W38980","15Mo",-0.101207625029637,0.192340869896965,0.405982353201314
"W38981","13Baso",0.0147475526503449,0.124125264163744,0.0177123073575327
"W38982","3Ery",0.108677454827277,-0.177884041826901,0.0933382980575269
"W38983","2Ery",0.070962720888343,-0.137146074596359,0.091218428641967
"W38985","5Ery",0.0258002845460067,-0.0675144435424291,0.0165862313415806
"W38987","13Baso",-0.00148242114297317,0.0789808940122145,0.0150249137005482
"W38989","3Ery",0.0605984840016071,-0.116037284821499,0.0778265678262036
"W38990","6Ery",0.0112926829158762,-0.0174787352761759,0.00557085441577231
"W38991","8Mk",-0.0231130192889337,0.00396452621881386,0.00896638562000689
"W38992","6Ery",0.0175757084283261,-0.0332754077320812,0.00588758844886241
"W38993","15Mo",-0.108622491856132,0.187376937043373,0.395835602794444
"W38994","2Ery",0.0878699567150729,-0.149123144993927,0.093338316912573
"W38996","5Ery",0.0300202093132482,-0.117290328673631,0.0699282935500819
"W38997","6Ery",0.0140460109993068,-0.0278762829437476,0.00180278574369521
"W38998","9GMP",-0.0133958531535267,0.0476117505223801,0.00460120759323722
"W38999","8Mk",-0.0421400053377406,-0.010548035283682,0.0157151423940141
"W39000","15Mo",-0.0761219130332411,0.119676469627227,0.414459766736074
"W39001","13Baso",0.000484957126371733,0.147068924990155,0.0248120554104175
"W39002","10GMP",-0.00691657572045292,0.0639900839948579,0.00459085829959129
"W39003","15Mo",-0.107067497266883,0.169534611579044,0.392506861813513
"W39004","15Mo",-0.0797138007891422,0.168734867550889,0.42441632220896
"W39005","2Ery",0.0785783474624982,-0.203221616930003,0.0933383357676192
"W39006","13Baso",-0.00402250139430415,0.146586737011865,0.0248120742654636
"W39007","14Mo",-0.00820263212068095,0.154284119534874,0.0349942483605805
"W39008","9GMP",-0.0294702681712281,0.00286044504928375,0.00860324146480467
"W39009","2Ery",0.0693150314086927,-0.187863202435718,0.0933383546226653
"W39010","3Ery",0.0811328687411087,-0.153611688039212,0.0933383734777114
"W39011","17Neu",0.179693641952732,0.10946940181173,0.00240079018372846
"W39012","16Neu",-0.0978849449029936,0.157263998660843,0.399750239614556
"W39013","13Baso",0.0285805071195825,0.133865765853984,0.0201083429191376
"W39015","6Ery",0.02090858337294,-0.0708219461415356,0.0157476039952606
"W39017","13Baso",-0.00138024300491371,0.151312219410327,0.0252476972471215
"W39018","10GMP",0.00203110658124634,0.073705518435676,0.000271783864510201
"W39019","13Baso",-0.00637721598301374,0.151172350052571,0.0349942672156266
"W39020","13Baso",-0.00286796103199639,0.15926895036831,0.0349942860706727
"W39021","2Ery",0.03636413562412,-0.133608919981686,0.0747531710475267
"W39022","6Ery",0.00512385099686554,-0.00667165016861349,0.00102402891192092
"W39023","15Mo",-0.0861764113900878,0.326793229972583,0.0604974566097386
"W39024","14Mo",-0.0579021185693643,0.136988347866308,0.0541233906870473
"W39025","14Mo",-0.0136140660706275,0.101760752861001,0.0135244829712874
"W39026","13Baso",0.00901755239196961,0.113713684707949,0.0117770081606468
"W39027","14Mo",-0.0116193255507944,0.141419626871896,0.0349943049257189
"W39028","6Ery",0.017573921455051,-0.0740638472820718,0.0146263992432534
"W39029","13Baso",-0.00168002598238908,0.150038921518019,0.0248120931205098
"W39030","17Neu",0.0228916541905429,0.023610154066945,0.00344565417921421
"W39031","2Ery",0.049464577014715,-0.13296447852871,0.0761657394838032
"W39032","6Ery",0.0142537098349775,-0.0314257520315153,0.00407565580481047
"W39033","7MEP",0.0118900145493564,-0.0038149907731306,0.000392926144367889
"W39034","10GMP",-0.00683692059910563,0.0728220257517241,0.0181250490582931
"W39035","10GMP",-0.00195080513781775,0.0785059581306938,0.0152535908859042
"W39036","6Ery",0.0213503754027067,-0.0801309052425279,0.0166462888006225
"W39037","15Mo",-0.0772679939896222,0.141991315258568,0.419561715431217
"W39038","15Mo",-0.0998101090413885,0.158947078092647,0.397974580034853
"W39039","6Ery",0.00500256671645911,-0.0141301273656148,0.00596302219051782
"W39040","4Ery",0.0628571330218976,-0.128318270628485,0.0794630510264412
"W39041","8Mk",-0.0776010481151205,0.0090290988845568,0.0037926213296332
"W39042","6Ery",0.00812394196740017,-0.0195017542364169,0.00481943302988171
"W39043","13Baso",-0.0208593086247367,0.101155545803445,0.0123865474822376
"W39044","13Baso",-0.0122433111137486,0.07153260084892,0.0179712849466957
"W39045","5Ery",0.0256583525391794,-0.10317376728455,0.0395714373635645
"W39047","10GMP",-0.00272150643304791,0.0691459566225011,0.00190536526534419
"W39048","10GMP",-0.0373111131220206,0.0109321301273296,0.00156032270887537
"W39050","10GMP",-0.0102515155588257,0.0645738663011961,0.00371211539527968
"W39051","2Ery",0.0340649358740847,-0.157694225084963,0.0933383923327576
"W39052","11DC",-0.649683297783071,-0.263271455032828,0.755863240619045
"W39053","16Neu",-0.113344958432229,0.169137582230407,0.385016590779897
"W39054","14Mo",-0.0582414334142355,0.145454189807287,0.054430326895165
"W39055","5Ery",0.0273876378077184,-0.0987096254628258,0.0376987682115092
"W39056","10GMP",0.00505744999166648,0.0678533361704925,0.00420442135712503
"W39057","6Ery",0.0329840258393386,-0.0808034483322104,0.0217679689815981
"W39058","2Ery",0.0544601482904721,-0.172198640924254,0.0933384111878037
"W39059","10GMP",0.00211973347744089,0.0951682246484626,0.00199634952501525
"W39060","15Mo",-0.0898782182366411,0.163109436893366,0.41084717124607
"W39061","16Neu",-0.108540380097942,0.171176982877454,0.391250907976083
"W39062","6Ery",0.00758200481975097,-0.0209670237962059,0.00394637401187731
"W39064","10GMP",-0.00286469449600618,0.0656259179984768,0.00431690595963768
"W39065","15Mo",-0.0772119168533835,0.168620702182174,0.0604974754647848
"W39066","13Baso",-0.00282240509827713,0.155101904078153,0.034994323780765
"W39067","5Ery",0.0211390500499181,-0.0799388012964446,0.0164979495461748
"W39068","7MEP",0.00426640274304654,-0.0111871607629753,0.00386704790331496
"W39069","4Ery",0.0561727150783362,-0.145769046488528,0.0923968923715963
"W39070","7MEP",-0.00295793559179499,-0.0129464991179152,0.00368218316456272
"W39071","3Ery",0.0532082770136691,-0.0940274817841726,0.040707618203852
"W39073","13Baso",-0.0299679692936598,0.110721232724541,0.0231089938443675
"W39074","13Baso",-0.00218467145002629,0.160886654923114,0.0349943426358112
"W39075","13Baso",-0.0231494801919504,0.0896862091978888,0.000492710659754717
"W39076","3Ery",0.0705094108102381,-0.15118491559465,0.0933384300428498
"W39077","1Ery",0.0920855068515319,-0.231722381407241,0.093338448897896
"W39078","15Mo",-0.0537536975747375,0.138957002010861,0.0499504439364877
"W39079","8Mk",0.0144959046241268,0.00820607480896332,0.0127158422964418
"W39081","7MEP",-0.00141254101396451,0.00403610479618958,0.0127908256052377
"W39082","7MEP",0.0110445291769924,-0.0150308840089304,0.0072458387960702
"W39083","13Baso",-0.0113911736096149,0.0556765897796382,0.000375078097437713
"W39084","13Baso",0.00191672590525628,0.101571640464386,0.00139752618315053
"W39085","5Ery",0.0249003373789067,-0.109765743708009,0.0427086088385442
"W39087","6Ery",0.00816924550093913,-0.0269173303025052,5.20174347476005e-05
"W39088","15Mo",-0.0814694057137213,0.167128685462819,0.421889230296718
"W39089","13Baso",0.0324291189963497,0.145069385752034,0.0244730509143273
"W39090","14Mo",-0.0328484436673798,0.143947573276384,0.0315287749036496
"W39091","10GMP",0.00250374166426307,-0.0118738841139427,0.00399323263354707
"W39092","13Baso",-0.00760761172268497,0.129505429913977,0.0247623329353008
"W39093","7MEP",0.00499776991789748,-0.0164859684171481,0.00741220188869323
"W39094","15Mo",-0.081681581252988,0.150055623779889,0.416706014146584
"W39095","8Mk",-0.0849443724098745,-0.00376184975110156,0.00332858615641238
"W39096","9GMP",0.0265256227247114,0.0764746841800347,0.00210951311092369
"W39097","4Ery",0.040248603691407,-0.0976991913679553,0.0398579944110294
"W39098","17Neu",-0.00574907967377737,0.0304657584524936,0.00658722890441214
"W39099","2Ery",0.0364947899702164,-0.178912262662984,0.0933384677529421
"W39100","14Mo",-0.0121473875162738,0.136317126203181,0.0251593118773613
"W39101","15Mo",-0.0666347421619193,0.125929143845197,0.0604974943198309
"W39103","14Mo",-0.0221378987776086,0.127974891838751,0.0349943614908573
"W39104","6Ery",0.0459042743824585,-0.087635980883616,0.038680638752541
"W39105","6Ery",0.00504250293090982,-0.0409366552977043,0.00825836893054974
"W39106","10GMP",-0.00367374689140588,0.0759474296513684,0.0166354067813409
"W39107","6Ery",0.0124777884314087,-0.00488622572645302,0.00121586972738609
"W39109","13Baso",-0.00482747734002782,0.115655477911817,0.0175918897738967
"W39110","6Ery",0.012512021172244,-0.022820649417603,0.00178836100222616
"W39111","12Baso",0.00897989696451327,0.0422478625224965,0.0124331744700908
"W39112","3Ery",0.126464939253569,-0.150082391562557,0.0933384866079882
"W39113","13Baso",-0.00818883612907024,0.131601776638662,0.0248121119755559
"W39114","13Baso",-0.00288319343661125,0.153353342897902,0.0349943803459034
"W39115","16Neu",-0.101495932706437,0.169564647437888,0.399061921363105
"W39116","10GMP",0.0127222719186721,0.0976379048176841,0.0024995667775628
"W39117","16Neu",-0.0968412423831039,0.160041401179754,0.401779071261816
"W39118","13Baso",-0.00822617342411916,0.1555879059459,0.0349943992009496
"W39119","5Ery",0.0309299631476286,-0.108366364641051,0.0432582892818702
"W39120","2Ery",0.0791501020135931,-0.206215501526563,0.0933385054630344
"W39121","9GMP",-0.00507444282576736,0.0497933066719624,0.00468855950528089
"W39122","16Neu",-0.108847949270296,0.178797698729573,0.393091617615248
"W39123","8Mk",-0.0278826460123016,-0.039467546821451,0.000904897564293381
"W39124","11DC",-0.642968656890947,-0.264511955034974,0.755863259474091
"W39125","13Baso",-0.00106131266085339,0.12311349483825,0.0225598881027288
"W39126","10GMP",-0.0195109886284987,0.0593698060156679,0.00366476238873863
"W39127","5Ery",0.047561324751075,-0.0925177948993256,0.0387833776162952
"W39128","15Mo",-0.068113318584631,0.143260192002195,0.060497513174877
"W39129","13Baso",0.00110872337186943,0.11674235790488,0.0179707076855821
"W39130","9GMP",-0.000702767990433403,0.0586591629521302,0.000134880464238454
"W39131","14Mo",-0.0440023314842447,0.130324470184241,0.0401941886679278
"W39134","13Baso",-0.0235001594428203,0.0952328234532503,6.36521584841988e-05
"W39135","14Mo",-0.00607811788398535,0.139590193662337,0.024812130830602
"W39137","15Mo",-0.0787873357919482,0.13971381677833,0.417118304750363
"W39138","15Mo",-0.0745857735171294,0.147348737331706,0.424261650847438
"W39139","10GMP",-0.00511666664959967,0.0545169248984217,0.00229862113839551
"W39140","15Mo",-0.112039403786896,0.158505023424795,0.383478206406851
"W39141","16Neu",-0.132475699403721,0.18120075995476,0.36602577690073
"W39142","6Ery",0.0198454162999687,-0.0744538852973089,0.0139439230119119
"W39143","2Ery",0.0472771161825362,-0.156174283374234,0.0933385243180805
"W39144","13Baso",-0.0146799715545494,0.139200814608151,0.0349944180559957
"W39145","5Ery",0.0139564264553098,-0.000365777568783616,0.018612062157083
"W39146","7MEP",-0.00260071523025528,-0.0151850300359128,0.00523847736028755
"W39148","6Ery",0.0148807946477992,-0.0350064788196885,0.00645007416641486
"W39149","13Baso",0.00193160314933274,0.147135431467589,0.0248121496856482
"W39150","2Ery",0.0484373998890745,-0.174000197947215,0.0933385431731266
"W39151","11DC",-0.624928148623396,-0.250622878670069,0.768401166909545
"W39152","7MEP",-0.000410141441741177,-0.0125273399123474,0.00388131218127447
"W39153","13Baso",-0.055192607903358,0.0981413455365822,0.0515579178727366
"W39154","2Ery",0.038650918659287,-0.152728261837684,0.0912558559208492
"W39155","14Mo",-0.00764489109693203,0.13187274002525,0.0248121685406943
"W39156","13Baso",0.00498551900482968,0.158471220275725,0.0248121873957405
"W39157","8Mk",-0.0595531446778575,0.009502875642384,0.000989407446159607
"W39158","13Baso",-0.0341728333796633,0.110169405173382,0.0333101588588639
"W39159","7MEP",-0.035196962769533,0.00763749817770805,0.00424113556903657
"W39160","10GMP",-0.0071624873479948,0.0746354309385812,0.0168559353730385
"W39161","10GMP",0.0020458472242626,0.0633303344531178,0.00251630064078114
"W39162","14Mo",-0.0531626151858013,0.147347125418508,0.0493234532777092
"W39163","16Neu",-0.108468852982696,0.184398413485638,0.395155403194067
"W39164","2Ery",0.0427291135458568,-0.143936752687495,0.0850471980501121
"W39165","13Baso",0.000747960979216212,0.172049556067306,0.0349944369110418
"W39166","7MEP",-0.00271465728506992,-0.00944466643095991,0.00139829624450385
"W39167","15Mo",-0.0837430663577953,0.120915984059809,0.405863094094583
"W39168","3Ery",0.0684647760362622,-0.158000650357893,0.0933385620281728
