"cell_id","paul15_clusters","dim1","dim2","pseudotime"
"W31105","7MEP",0.92475078899731,0.72606923792046,2.33736692669572
"W31106","15Mo",-6.19420698419031,-1.47097860358809,8.95382345580659
"W31107","3Ery",7.33409627638586,3.52942649546505,9.34783025624464
"W31108","15Mo",-7.02098688550498,-3.28204904317212,10.8798998597724
"W31109","3Ery",7.46150832200519,3.35713788723301,9.34783717711563
"W31110","15Mo",-5.61942083962659,-2.80255461755038,10.9926108449963
"W31111","4Ery",5.48646343929148,3.10324303639601,7.92036929098818
"W31113","2Ery",1.18615831968222,-0.174382377149932,2.20390551701012
"W31114","3Ery",3.89991126963283,2.30677071070165,6.25221414775403
"W31115","2Ery",7.84470358075125,2.22871780199643,12.4684553266117
"W31116","2Ery",7.40013742100857,1.42602989626011,12.188327956506
"W31117","17Neu",-1.62032916974212,0.747983123262645,2.83271273491806
"W31118","14Mo",-6.65018161584151,-2.2252999339825,8.97640791533988
"W31119","13Baso",-4.39171957521409,-0.481264063700625,6.25328779986521
"W31120","3Ery",7.39870533180411,3.00327171183192,9.17378945066635
"W31121","7MEP",0.810810962786572,0.0417854058435766,1.54020340042304
"W31122","3Ery",6.19139196185819,3.75669104998966,8.17497520301004
"W31123","3Ery",7.5532387612051,3.15638691507365,9.16535408108758
"W31124","2Ery",8.47727527644243,2.18274422197166,12.4684622474827
"W31125","8Mk",-0.715325411791471,2.13657863356741,2.87591591291061
"W31126","3Ery",4.86541939620996,2.43824872403206,7.15934658951735
"W31127","9GMP",-3.31989340140454,0.616279341615549,4.33791657257065
"W31128","8Mk",-0.88646045694044,1.69295255294426,2.90185802562009
"W31129","10GMP",-2.24372369091563,-0.73322359727305,2.88313094862986
"W31130","15Mo",-5.21583011200358,-2.00728904225328,10.362785976452
"W31131","16Neu",-6.65385680052001,-3.2442904239767,10.8799067806434
"W31132","4Ery",6.90394252846447,1.70683678684845,10.0495568323375
"W31133","13Baso",-3.2294650320164,0.202151472534145,3.97308769481452
"W31134","17Neu",-1.37960750086429,0.041318700391102,1.84048469430049
"W31136","3Ery",6.78029442454261,3.23700782542297,9.34784409798663
"W31137","2Ery",7.36764516942415,2.48973650810562,12.4684691683537
"W31138","3Ery",5.30203898254888,3.27464488684031,7.92037621185917
"W31139","5Ery",5.10386918891924,1.37813939184241,8.64363776702028
"W31140","3Ery",5.29136030988969,2.88562946751999,7.92038313273016
"W31141","13Baso",-5.20104864601158,-0.172843856016289,6.44451415074432
"W31142","1Ery",8.91762354818838,1.56234230223553,12.4684760892247
"W31143","3Ery",7.7697322786308,3.45128110110818,9.34785101885762
"W31144","6Ery",4.68491586339901,2.61348219392362,7.13538310975495
"W31145","15Mo",-5.92026019512331,-4.03041852792504,10.8799137015144
"W31146","3Ery",5.65465753035831,2.0336479129562,8.68493769476901
"W31147","3Ery",7.331111410169,3.24490531182673,9.34785793972861
"W31148","14Mo",-7.26500781647366,-1.44790280802409,9.04904329785751
"W31150","12Baso",-1.95761086229724,0.634682981908103,2.74435749566226
"W31151","3Ery",7.2155101698294,3.93019163591284,9.3478648605996
"W31152","14Mo",-6.53257126602202,-1.20315345649176,9.03660625430162
"W31153","6Ery",5.69712350540022,3.0212203954397,8.17094529643136
"W31154","4Ery",6.77538222700762,2.6764574479063,9.15139674082046
"W31155","7MEP",0.148381742929512,-0.0648260350578073,0.119089630755045
"W31156","2Ery",7.90451714323548,2.07349613580007,12.4684830100957
"W31157","13Baso",-2.86477427253003,-0.186815511969971,3.99207900513672
"W31158","14Mo",-6.53025505182606,-3.77183112991151,10.8799206223854
"W31159","6Ery",4.05645065667576,1.63757962294762,6.69257923084416
"W31160","18Eos",-2.64109149459099,1.90346249607717,4.00071589392583
"W31161","4Ery",7.05093742066165,2.69614549318236,9.18554663046415
"W31162","3Ery",5.78241395105158,1.11479126659595,10.8429346564026
"W31163","3Ery",5.8727181024852,2.97072308239824,8.16679268528202
"W31164","14Mo",-6.21830377927413,-1.41789990405662,8.96512786093164
"W31165","2Ery",8.09888630510796,2.41514193007836,12.4684899309667
"W31166","13Baso",-6.25199664604884,-0.401022636707772,7.82804860592724
"W31167","2Ery",8.05879401797368,2.31263828661784,12.4684968518377
"W31168","13Baso",-7.61349836290803,-1.13298700827444,9.0490502187285
"W31169","13Baso",-5.87472554260834,-0.230157979629675,7.8300094052861
"W31170","14Mo",-7.44197583921118,-1.76080977035221,9.04905713959949
"W31171","7MEP",0.747501470558517,0.707823914424464,1.40557172353791
"W31172","7MEP",3.61393691980786,2.14952137743619,6.25222106862502
"W31173","7MEP",0.456592873671604,0.705936471725257,1.16250111155886
"W31174","10GMP",-3.089574586795,-0.257144460298667,3.8810992765716
"W31175","12Baso",-2.14740953619827,0.634764661703272,2.82878639636296
"W31176","6Ery",2.75948898210415,1.23519126898328,4.16092470542729
"W31177","5Ery",4.3997647852343,1.95837596105088,6.53406874533632
"W31178","5Ery",4.93572359678835,1.52579194039396,6.90650951180827
"W31179","14Mo",-6.2060228695564,-3.46898041651889,10.8799275432564
"W31180","4Ery",6.9636683868184,1.90909555601056,10.2707358610218
"W31181","16Neu",-5.7099392592049,-4.08355980481921,10.8799344641273
"W31182","16Neu",-5.87093468664258,-4.15917991489566,10.8799413849983
"W31183","3Ery",6.25851271214376,3.01413465628656,9.34787178147059
"W31184","2Ery",8.10285600367453,2.42159203573716,12.4685037727087
"W31185","6Ery",6.65020040607214,1.56860770075493,10.4942974588771
"W31186","13Baso",-5.06103429641545,0.230341039807335,6.78142649118739
"W31187","13Baso",-4.10684408524757,0.190729760992492,5.36206494456245
"W31188","10GMP",-3.37071826612634,0.433569975614446,4.32193316704685
"W31189","14Mo",-5.96764412700321,-3.49804405405073,10.8799483058693
"W31190","5Ery",6.15440553418183,0.82249375104906,11.3061243932415
"W31191","7MEP",0.885735864784968,0.821231904460479,2.36435811826014
"W31192","7MEP",0.83732118559274,0.764217481907559,2.42943494348865
"W31193","5Ery",5.99434424809975,2.0234905979662,8.76817580267742
"W31194","6Ery",3.55066542792289,0.808752644766774,4.8930733821653
"W31195","2Ery",8.061432995302,2.53440307700488,12.4685106935797
"W31196","10GMP",3.91349923984466,1.37374515531614,5.78532981876975
"W31197","10GMP",-3.89222679984185,0.179225102677901,4.48464750559607
"W31198","2Ery",7.17308408316977,1.71988383854434,12.3466552561901
"W31199","7MEP",-0.351954243311172,0.0890195168958565,0.588016507793836
"W31200","6Ery",3.45847800476017,1.22617174120794,5.41034215548837
"W31201","7MEP",1.18184694059972,0.0875907897426164,2.16157343217593
"W31202","14Mo",-4.80708961099671,-0.598534743693652,6.46042549997453
"W31203","16Neu",-5.66808878316382,-2.17345490173411,10.3806409651724
"W31204","10GMP",-3.01976700986665,-0.310120974507836,3.93090506315012
"W31205","3Ery",7.04398284432167,1.79229641876949,12.3280724968733
"W31206","3Ery",6.76921822758493,3.74736064468226,9.34787870234158
"W31207","13Baso",-7.1948009466102,-1.33051671503327,9.04906406047048
"W31209","1Ery",8.63836422941718,2.52986018409175,12.4685176144507
"W31210","14Mo",-5.68602852008228,-1.47971336144047,8.96832326463543
"W31211","15Mo",-6.61243127190725,-1.92881994853193,8.93117956174303
"W31212","2Ery",6.2120222388127,0.224358910329473,11.3061313141125
"W31213","5Ery",3.83762241507297,0.769346507782124,4.89308030303629
"W31214","2Ery",8.54026149000414,0.970748583564043,12.4685245353216
"W31215","5Ery",5.4434459162592,0.48814407641751,11.3061382349835
"W31217","3Ery",6.88494146328017,3.59409093407093,9.34788562321257
"W31218","14Mo",-5.70830941294175,-1.78248403341096,9.01975128023814
"W31219","10GMP",-3.23934723117199,-0.281295228611017,3.8810580670479
"W31220","2Ery",8.68298137140368,1.40461162619,12.4685314561926
"W31221","7MEP",0.294242590872423,-0.0352381146919764,0.00828573866969362
"W31222","4Ery",6.55489678438113,3.02825367792842,9.34789254408356
"W31223","9GMP",-3.37189625752498,0.673664311730626,4.3708385322333
"W31224","7MEP",0.784884168704063,0.87674475515198,1.41610086233444
"W31225","3Ery",7.69079862836313,1.71798969686768,12.4685383770636
"W31226","16Neu",-5.50895049127408,-4.5581805483967,10.8799552267403
"W31228","10GMP",-2.07392976584163,-0.637890295873626,2.61303620131468
"W31229","6Ery",5.04364406408333,3.05485247808522,7.92039005360115
"W31230","3Ery",4.55421348816435,2.14680149585346,6.83606628231176
"W31231","2Ery",8.25173132186727,0.783938225623945,12.1431029443133
"W31232","5Ery",6.85925150565565,1.84367998486608,10.192325116197
"W31233","2Ery",7.76593252122942,1.50445925539388,12.4685452979346
"W31234","2Ery",7.60095502484944,1.76740978044603,12.4685522188056
"W31236","5Ery",5.89856457917032,0.232653981748358,11.3061451558545
"W31237","14Mo",-5.64531641790055,-1.03132554026577,7.35418468058057
"W31238","5Ery",5.37088696925612,2.66395226877752,8.17059497092735
"W31239","14Mo",-6.41002437354271,-1.2410341792931,9.01601124550922
"W31240","3Ery",5.34246349910301,3.09493898761291,7.92039697447214
"W31241","2Ery",7.49208801457168,1.65434842994567,12.4685591396766
"W31242","16Neu",-5.07396326385532,-3.78818255445971,10.8799621476113
"W31243","2Ery",8.32555970268085,2.25323792637315,12.4685660605476
"W31244","13Baso",-3.36952821807578,-1.50581566579684,3.23259412328833
"W31245","16Neu",-5.1756569325223,-3.68149545320922,10.8799690684823
"W31246","2Ery",8.31373105326157,0.988934253261455,12.4061294756796
"W31247","3Ery",7.438703613458,3.04919403751414,9.17037629099776
"W31248","3Ery",6.62422234698322,3.75662040201546,9.34789946495455
"W31249","14Mo",-5.52821358739167,-0.789759773259562,7.1679504543977
"W31250","5Ery",7.02414411514517,0.706552603971367,11.2435284688114
"W31251","16Neu",-5.66709011358416,-4.68238770470628,10.8799759893533
"W31252","14Mo",-5.55815789084301,-1.08371112145818,7.26544580459457
"W31253","14Mo",-3.94786257355996,-1.82547041090191,10.3127357139483
"W31254","13Baso",-7.40043660714769,-0.87204506143453,9.04907098134147
"W31255","3Ery",7.00912787966259,3.03797397564198,9.34790638582554
"W31256","14Mo",-4.97662217856331,-1.97077739146258,10.3492232559786
"W31257","7MEP",1.02985363254897,-0.127348118064989,2.37229263879416
"W31259","14Mo",-4.21479785892015,-0.0947440589495518,5.14389715534824
"W31260","10GMP",-2.94812508796943,-1.2000075747491,3.23260104415932
"W31262","2Ery",5.81621840136462,-0.120042076692988,11.3061520767255
"W31263","14Mo",-3.92635529931071,-1.91571651104153,10.3127426348193
"W31264","15Mo",-5.07440704677415,-3.30478602893515,11.0228544176894
"W31265","14Mo",-6.25486913786278,-0.887147662156082,8.26819763781321
"W31266","16Neu",-5.81779257369059,-4.1768731402438,10.8799829102243
"W31267","10GMP",-2.35870682062042,-0.17417694001878,2.51772554893656
"W31268","7MEP",0.154116714445897,0.487348551485149,0.1950574079338
"W31269","5Ery",5.26708111672571,0.0846516911091252,11.3061589975965
"W31270","16Neu",-4.78997008804654,-3.81055785451019,10.8799898310953
"W31271","2Ery",6.23401961019563,0.0385830507825739,11.2566982224751
"W31272","16Neu",-5.28988954295461,-3.46970747505524,10.8799967519663
"W31273","14Mo",-5.20539325864502,-3.0567777765373,11.14447384406
"W31274","10GMP",-3.93584788640754,-0.148000123680932,5.45713353359337
"W31275","16Neu",-5.34755802575805,-4.41287768711748,10.8800036728373
"W31276","8Mk",-0.244847387857868,1.75088696874279,0.502300692865409
"W31277","7MEP",0.23910633529013,-0.0688809815291475,0.046912261821248
"W31278","14Mo",-6.17731093090186,-0.748452808679741,8.0515567553753
"W31279","7MEP",0.199209802510806,1.04482626225451,0.240775236590886
"W31280","2Ery",7.87230328926479,1.50468112582696,12.4685729814186
"W31281","14Mo",-5.80955380907825,-0.610421057461979,7.89291894468796
"W31282","14Mo",-4.98844688811845,-1.74699406558419,10.3679240548998
"W31283","4Ery",6.79652072636318,2.39688377485317,9.20857186874489
"W31284","5Ery",5.82626336479961,0.330007792936206,11.3061659184675
"W31285","14Mo",-4.25855988284403,-1.55281201006675,6.96649175404654
"W31286","14Mo",-4.03369306857399,-1.89616428426104,10.3127495556903
"W31287","10GMP",-0.250976910826308,1.51720607418229,0.5023076137364
"W31288","6Ery",1.15483909465961,0.0219823802906789,2.20395377544567
"W31289","5Ery",6.49458001400746,1.40719924983442,10.3913713391522
"W31290","14Mo",-5.57765398840406,-2.06535771918039,10.3830773123522
"W31291","3Ery",6.90968634471183,3.27089734031248,9.34791330669653
"W31292","5Ery",5.74046961692116,2.45436412978542,8.80181097925173
"W31293","15Mo",-6.30689418235036,-3.48152143130426,10.8800105937082
"W31294","5Ery",6.00949112601482,0.390029570904328,11.3061728393385
"W31295","14Mo",-5.65221799317697,-1.71394652755004,9.01476873675823
"W31296","16Neu",-5.96187105317973,-2.00503305657515,9.02662174991647
"W31297","8Mk",0.422262910552622,-0.237026942238989,1.24957074581741
"W31298","3Ery",8.08640736153185,2.45635182506346,12.4685799022896
"W31299","14Mo",-7.25900822977485,-2.18629689116315,8.96754125372363
"W31300","12Baso",-0.61767455207357,0.403250772172914,0.829816073677535
"W31301","14Mo",-4.07152302818199,0.323623774118704,5.44595731070407
"W31302","3Ery",7.25662084952655,3.69400229977405,9.34792022756753
"W31303","5Ery",5.52313922928171,1.08801235074733,10.8006222621507
"W31305","16Neu",-4.93848870569636,-3.94952169369612,10.8800175145792
"W31306","15Mo",-7.1218628470729,-3.3006319781767,10.8800244354502
"W31307","13Baso",-6.37808308488202,-0.784744577016395,8.22942109186442
"W31309","5Ery",5.69145526607169,1.51662979731299,8.64364468789127
"W31310","3Ery",6.29448784692046,3.46064540529809,9.34792714843852
"W31311","13Baso",-5.02353159688009,-0.0146159562772665,6.60232661021399
"W31312","12Baso",-1.61654785774268,0.812541114265901,2.82185466488103
"W31313","8Mk",-0.430346554246478,-0.0229405151337891,0.69862377211884
"W31314","7MEP",-0.730722193695528,1.26837503475198,2.93527313514892
"W31315","6Ery",3.91824138970241,1.91826262513736,6.40149074394478
"W31316","2Ery",7.5726391373148,2.14190418841345,12.4685868231606
"W31317","3Ery",7.68985434114749,3.57925708484499,9.34793406930951
"W31318","3Ery",7.48605283400856,3.79805049895322,9.3479409901805
"W31319","15Mo",-6.70298606542806,-2.01453257639237,8.93164947278682
"W31321","3Ery",3.86598996566928,2.27312737792623,6.25222798949601
"W31322","3Ery",6.44693119949659,3.18795304487466,9.34794791105149
"W31323","3Ery",5.21309442947025,2.96552408037254,7.92040389534314
"W31324","8Mk",-0.663041686930113,1.28834141644671,0.711526447956814
"W31325","2Ery",7.23923788514356,1.16341354645887,11.9081099385721
"W31326","2Ery",7.30250996572427,2.62154047295115,9.22888643123301
"W31327","14Mo",-7.1650001376172,-2.1318037321756,8.96495206130748
"W31328","3Ery",6.24175306014456,3.70533900404571,8.17311884743104
"W31329","15Mo",-7.39590221860359,-2.24643957931641,8.97434442991557
"W31330","14Mo",-7.26619603689953,-1.82606255678365,9.02544840427029
"W31331","7MEP",1.31039670607351,0.315644575774073,2.13475721032517
"W31332","15Mo",-5.24319695252219,-3.94615316094417,10.8800313563212
"W31333","3Ery",6.13061740813855,2.65526042140618,9.34795483192248
"W31334","3Ery",6.57279411499659,2.84589851380025,9.34796175279347
"W31335","13Baso",-3.41181665973729,0.362458493233177,4.32446666963874
"W31336","15Mo",-7.29866375418318,-2.2428112665513,8.96330448801817
"W31337","3Ery",7.15164676980304,3.95200431650081,9.34796867366446
"W31338","15Mo",-6.94824154092955,-2.55078223443175,8.99594113978923
"W31339","13Baso",-7.09991467651639,-0.964463130087407,9.04907790221246
"W31340","3Ery",5.81085820057342,3.0059637644307,8.16856835455792
"W31341","15Mo",-6.42482800892818,-3.37040701692118,10.8800382771922
"W31342","15Mo",-6.50834184483968,-3.91998124805045,10.8800451980632
"W31343","13Baso",-7.56273466966386,-1.37419059149568,9.04908482308345
"W31345","4Ery",6.0135440187751,3.17414673501055,8.16781738393539
"W31346","3Ery",5.54701539627548,2.5368728054173,8.16508533130076
"W31347","14Mo",-5.33912606213262,-1.04671344772945,7.00614500640574
"W31348","4Ery",6.24770913752817,1.1239850768804,10.8780672855947
"W31349","6Ery",3.73487686255978,1.98752334543695,6.34713594696995
"W31350","16Neu",-6.34668418816029,-4.49897536747121,10.8800521189342
"W31351","14Mo",-7.23914831916691,-1.62492822466938,9.04909174395444
"W31353","3Ery",7.65940425563204,3.40286277931618,9.34797559453545
"W31354","17Neu",-1.31294529003566,0.498004965886662,2.93528005601991
"W31355","15Mo",-6.98652822104804,-2.02769491213081,8.96014461671238
"W31356","4Ery",5.70214480401598,2.23093751009077,8.73842875382224
"W31357","3Ery",6.95328044429429,2.77441256568027,9.15689159654631
"W31358","6Ery",2.86878839984756,1.02269655265396,4.18652348852917
"W31359","14Mo",-5.91527377397505,-0.966430105608761,7.9208138418647
"W31360","3Ery",5.66951584945374,3.66583633958548,7.92041081621413
"W31361","16Neu",-5.54832088593392,-4.05447611487412,10.8800590398052
"W31362","14Mo",-6.16744463853848,-0.90746384188304,8.23356710865216
"W31363","15Mo",-5.74389280642694,-3.03618476323114,10.8800659606762
"W31364","7MEP",1.28782389878769,0.848016097671969,2.97207483529753
"W31365","13Baso",-5.09967888432499,-0.0519310440724775,6.5651589695881
"W31366","15Mo",-5.64391288728474,-3.83936651466305,10.8800728815472
"W31367","14Mo",-6.6003509453598,-0.667048211759189,8.2390673835591
"W31368","3Ery",6.47342123695012,3.73766448296269,9.34798251540644
"W31369","2Ery",7.38851657942793,0.819845232372109,12.2701126163284
"W31370","2Ery",7.89615521066554,2.31215570425065,12.4685937440316
"W31371","14Mo",-4.32423285307499,0.149973099602644,6.22225565250677
"W31372","2Ery",8.20408979352142,2.502960485029,12.4686006649025
"W31373","13Baso",-2.43362951605787,0.687856697815499,2.96691968786229
"W31374","2Ery",7.35980350131227,1.91394864000493,12.4686075857735
"W31375","3Ery",5.46815326885302,2.8796216867129,8.17267093345841
"W31376","13Baso",-3.79458422310686,0.433936994041877,5.61474489454785
"W31377","12Baso",-0.224852170936234,0.167694955487367,0.447357677450277
"W31378","2Ery",7.51357393354016,0.813008651597812,12.2535739174491
"W31379","10GMP",-2.20568566257494,-0.199139990897945,2.58309820699062
"W31380","5Ery",5.64538592356941,0.910961204824298,11.3061797602095
"W31381","13Baso",-5.76947580159249,-0.345625662728035,7.86500799538815
"W31382","3Ery",6.3380545503768,3.36342148840349,9.34798943627744
"W31383","9GMP",-2.84731210096916,-0.404942127257385,4.04651351249652
"W31386","15Mo",-5.96143798442046,-3.88229369675217,10.8800798024182
"W31387","2Ery",7.44703633093061,1.50015288595131,12.3102518616706
"W31388","10GMP",-2.13004051634203,-0.483186299750237,2.53857161126888
"W31389","5Ery",5.46789799460945,1.77775951754749,8.64365160876226
"W31390","5Ery",5.51277463012365,0.980991701646418,10.6876971437766
"W31391","2Ery",7.6888848490647,1.29797678037643,12.268716132374
"W31392","14Mo",-4.28342651005501,-1.36548628439495,6.89121600818256
"W31393","13Baso",-4.75124659639396,-0.449252426557329,6.2532947207362
"W31394","2Ery",7.80125611679692,1.74828782417142,12.4686145066445
"W31395","14Mo",-5.76502116943703,-0.326771685178272,7.86330175588495
"W31396","16Neu",-5.19364136019027,-4.2715841915835,10.8800867232891
"W31397","12Baso",-0.204785679600092,0.0199540422457377,0.409980065852287
"W31398","14Mo",-5.48987093549339,-0.900572277253022,7.14773752912611
"W31399","14Mo",-5.25764406467138,-1.02923603988972,6.9088843408437
"W31401","3Ery",7.08073324040892,2.40454953753619,9.22889335210401
"W31402","14Mo",-5.13599640098774,-0.68204377463806,6.82685071886477
"W31403","13Baso",-5.02503250374837,0.309623280720535,6.78143341205838
"W31405","12Baso",-3.43704268189463,-1.40166778701666,3.23260796503031
"W31406","5Ery",6.06122811124542,0.624481456001771,11.3061866810804
"W31407","10GMP",-0.299979377420136,1.19050584133694,0.50231453460739
"W31409","14Mo",-5.56011224201002,-0.844232828498487,7.21627338761696
"W31410","4Ery",5.64254476253314,1.91073848417773,8.64841239622154
"W31411","15Mo",-5.56526331269166,-2.07963906286325,10.3810715303433
"W31413","3Ery",5.29371666936813,3.07138160327547,7.92041773708512
"W31414","4Ery",6.69356834287182,2.21099784949289,9.228900272975
"W31415","4Ery",5.507557349316,0.749227416314607,11.3061936019514
"W31416","4Ery",6.37164630334629,1.43037383873974,10.4278107736633
"W31418","4Ery",7.18275305653887,2.13370518933136,12.4686214275155
"W31419","5Ery",5.67960451988754,1.03546429596602,10.7540102623732
"W31420","1Ery",8.74689392244145,1.49771006716384,12.4686283483865
"W31421","16Neu",-5.83999800193599,-4.390716327202,10.8800936441601
"W31422","14Mo",-6.59709908485887,-1.41705045713576,9.01041371021082
"W31423","2Ery",7.53856262161657,1.3966130789068,12.2635211886224
"W31424","5Ery",5.17992622143017,1.33861142355243,8.64365852963325
"W31425","15Mo",-5.64950805276149,-3.72757870857581,10.8801005650311
"W31426","5Ery",5.2304874553117,1.09201331598112,8.64366545050424
"W31427","2Ery",6.09949285837735,0.152989399009023,11.3062005228224
"W31428","5Ery",5.41394735733904,1.66398383149648,8.64367237137523
"W31429","1Ery",8.78256955288301,1.67417200365043,12.4686352692575
"W31430","7MEP",0.716328231053301,0.273686017075082,1.43279032841495
"W31431","2Ery",7.56888734842306,0.682991294377822,11.4926263679776
"W31432","14Mo",-5.43282031394007,-2.63137734582312,11.3502633966856
"W31433","10GMP",-0.483756386466195,1.9738309130567,0.50232145547838
"W31434","2Ery",7.02438785093026,1.41266683364067,11.8772884944093
"W31436","14Mo",-5.71252522538081,-1.20224755433982,7.94375066481072
"W31437","6Ery",1.3057772553833,-0.011398789898428,2.12076801615161
"W31439","9GMP",-1.10393164998362,1.49251364517613,2.86634091874222
"W31440","3Ery",7.41309760630022,3.59943857905381,9.34799635714843
"W31441","2Ery",6.9738990996512,0.541067140774,11.1655567995553
"W31442","3Ery",7.00467951544324,0.947509053814232,11.254596363482
"W31443","12Baso",0.181850664782263,-0.0350849247565247,0.097007716137778
"W31444","2Ery",7.41287128697046,0.59258950133225,11.4926332888486
"W31445","18Eos",-2.64917291434758,1.92374557721249,4.00072281479682
"W31446","5Ery",5.76965179677765,0.834323117701799,11.3062074436934
"W31447","3Ery",5.76637091583209,1.83508927410196,8.64367929224622
"W31448","15Mo",-6.30954477320338,-1.87054584789356,8.95717298219364
"W31451","14Mo",-3.94042583395978,-1.57057860134042,6.83834832096307
"W31452","2Ery",8.36988727917771,1.18755149222977,12.4686421901285
"W31453","6Ery",4.85803280668361,0.330242684800312,6.9340465884705
"W31454","14Mo",-4.13084111155905,-1.67486355779236,10.3147242040804
"W31455","2Ery",8.62844623393235,1.08661908749569,12.4686491109995
"W31456","5Ery",6.05553943848352,1.83133162579655,8.66194774574035
"W31457","12Baso",-1.0281160480505,0.0883525967727265,2.29574104341768
"W31458","7MEP",-0.570903612952043,1.17073659790512,0.629331402424323
"W31459","17Neu",-1.33907871348354,0.268603978207299,2.04224269966977
"W31460","14Mo",-5.06544650523585,-1.81151945649504,10.3680745024661
"W31461","2Ery",7.12028968102812,0.589651304723768,11.3340960402547
"W31462","5Ery",5.91550509972148,0.233452427571865,11.3062143645644
"W31463","2Ery",8.01066444006135,0.711050044921223,12.2729536307895
"W31464","14Mo",-5.61786755729988,-0.415884070992917,7.19058128085923
"W31465","13Baso",-5.38280631422133,-1.78014088226917,10.3924479155657
"W31466","15Mo",-6.27494232645562,-1.3918382428297,8.97601515226214
"W31467","2Ery",7.26041088829224,1.55457908857268,12.2257738845578
"W31468","13Baso",-4.61376800851241,-0.913141859691708,6.65489851262187
"W31469","16Neu",-5.122394576834,-3.81045516001184,10.8801074859021
"W31470","5Ery",6.58710317067848,1.96456481117356,10.2996636968235
"W31471","14Mo",-6.48074642358533,-0.506586880609669,7.96836948842357
"W31472","16Neu",-5.19038402674972,-3.65986899063477,10.8801144067731
"W31473","14Mo",-5.93439154728234,-0.981094289050767,7.91919896402267
"W31474","16Neu",-5.95188757637775,-4.8963269630426,10.8801213276441
"W31475","14Mo",-5.74462095737673,-0.988340209710581,7.94375758568171
"W31476","8Mk",-0.642967585370749,2.09176015694796,2.90874933327097
"W31477","10GMP",-2.98311689076773,-0.0333928399064705,3.89463823414326
"W31478","14Mo",-4.98471599211836,-2.00192580604382,10.3472932706667
"W31479","5Ery",5.74504446365452,0.467034174021417,11.3062212854354
"W31480","7MEP",1.0093854162701,0.0294585069699291,2.36717691832549
"W31481","2Ery",7.43701175467789,0.691338175610291,11.4926402097195
"W31483","14Mo",-2.65406553858254,1.80262569661293,4.00072973566781
"W31484","13Baso",-5.98687994246484,-0.463793077509384,7.84039230219929
"W31485","2Ery",6.46535207386355,0.431021888142107,11.2164632903396
"W31486","5Ery",6.23904304446673,0.609038035808332,11.3062282063064
"W31487","14Mo",-5.34297394125105,-1.26736971415911,7.05792656766852
"W31489","14Mo",-7.20548455521499,-1.28561804760794,9.04909866482543
"W31491","9GMP",-3.05869071429655,0.17460597276422,3.90139432036216
"W31492","4Ery",6.37309300634417,3.2625345135551,9.34800327801942
"W31493","10GMP",-2.28149112951951,-0.471278489852714,2.69426060234129
"W31494","13Baso",-6.34687238235778,-2.42631978670077,9.05201183047919
"W31495","10GMP",-3.48258233066559,0.238667267387197,4.32855968663717
"W31497","7MEP",0.818980674522706,-0.108370527790483,2.57440068154471
"W31498","10GMP",-3.14984789766469,-0.173437066244949,3.86771070640746
"W31499","3Ery",4.67729639392401,2.32945986668206,7.09697515264252
"W31500","2Ery",7.38364327601944,1.71864035402605,12.4686560318705
"W31501","14Mo",-6.69888956348087,-1.22703158610194,9.04910558569643
"W31502","10GMP",-2.72891104799434,-0.590084299656473,3.56162146555293
"W31503","15Mo",-6.6132377594452,-3.43455297618959,10.8801282485151
"W31504","13Baso",-7.3044088483099,-2.4513205918973,8.93159817505345
"W31505","7MEP",0.490173975352005,0.351227719141047,1.2341228868535
"W31506","6Ery",1.78384414037166,0.549657852033724,3.02739977310264
"W31507","7MEP",1.67891557566962,0.951565490056425,3.127950236331
"W31508","5Ery",4.85157142023993,1.82344838897959,6.99088082316476
"W31509","14Mo",-6.69554117510728,-1.00160444084222,9.04911250656742
"W31510","13Baso",-6.31261975797818,-0.442515401836293,7.82805552679823
"W31511","10GMP",-4.66544426397525,0.351676644980675,5.89886066812008
"W31512","7MEP",2.49708790026121,1.20892067667589,4.02939380171914
"W31513","3Ery",5.80159768851594,3.43510742909478,7.92042465795611
"W31514","7MEP",0.862255289677792,0.768774059214458,2.40040259924694
"W31515","13Baso",-5.88628907353362,-0.0188216424736439,7.82806244766922
"W31516","1Ery",8.64713393061726,1.637050563626,12.4686629527415
"W31517","14Mo",-4.45917106543704,-2.36770663089173,10.3127564765613
"W31518","13Baso",-6.06108552410019,-0.37563718662547,7.82806936854021
"W31519","10GMP",-2.1050300201879,-0.72227163090119,2.72136582538446
"W31520","9GMP",-3.29060878097391,0.563347444972605,4.31520898458604
"W31521","3Ery",5.25942573817256,3.13863437294461,7.9204315788271
"W31522","13Baso",-6.31396445301556,-0.161392771475858,7.8280762894112
"W31523","2Ery",8.11214703353606,1.28729252045913,12.4686698736125
"W31524","13Baso",-4.79167098407274,0.163282331541239,5.80150841358783
"W31525","2Ery",7.26665841950082,1.10121842965927,11.9735569332627
"W31526","6Ery",1.30177171180254,0.0897991649161482,2.11950331712174
"W31527","6Ery",1.53849021369343,0.28375027308087,3.22052311962668
"W31528","13Baso",-6.02329136483416,-0.332683815584506,7.82808321028219
"W31529","3Ery",5.13218263757919,2.99022805325452,7.92043849969809
"W31530","13Baso",-7.34384538016049,-0.8848716391783,9.04911942743841
"W31532","14Mo",-5.18695514431339,-3.45218057931548,10.8801351693861
"W31533","10GMP",-1.06971656686631,-0.366870375540925,2.0633310051036
"W31534","8Mk",-0.799746216579554,2.21862496151294,4.0007366565388
"W31535","9GMP",-2.13069413574055,0.102347220735943,2.42057910005317
"W31536","2Ery",7.16752173252407,1.39011959313688,11.9640612035443
"W31537","13Baso",-2.53186673934715,-0.230779282514636,4.10779557418445
"W31538","14Mo",-5.95221283285464,-0.590963602911869,7.86383240831719
"W31539","13Baso",-2.384636377876,-0.829747648052162,3.12257947693665
"W31540","14Mo",-5.46406900631712,-1.78913846420061,9.05279943396927
"W31541","5Ery",6.5451838395874,0.673424530528756,11.2247022157073
"W31542","14Mo",-5.45745061071114,-1.66767300800014,9.0318495497142
"W31543","5Ery",3.99670592814341,0.98590778998714,5.71226783152938
"W31544","13Baso",-5.9827955436195,-0.451456162006627,7.83949904551442
"W31545","12Baso",-1.62094672607303,0.414514893160787,2.89532667040642
"W31546","16Neu",-6.08572812985203,-4.84505216436538,10.8801420902571
"W31548","13Baso",-2.53104686969253,-0.79449753911888,3.2326148859013
"W31549","13Baso",-4.97253754099931,-0.707411090233667,6.72009138758191
"W31550","2Ery",8.22368093349649,1.63730545052735,12.4686767944834
"W31551","2Ery",6.50481857657032,0.791203842583669,11.2702429491904
"W31552","14Mo",-5.00629189937693,-0.800035099722355,6.85244864691105
"W31553","7MEP",0.325148270419013,0.0752284465412382,0
"W31554","4Ery",5.87955405504367,1.72014604588236,8.64368621311722
"W31555","6Ery",3.68782406383496,0.86699390675681,4.89308722390728
"W31556","13Baso",-4.70181087047701,-1.36539694399026,6.96649867491753
"W31558","14Mo",-4.9006595413373,-2.27295473592886,10.3199195585725
"W31559","14Mo",-5.39305573610438,-0.990679818248675,7.05598955504354
"W31560","6Ery",0.945484906669561,0.230773863202677,2.40321189384197
"W31562","12Baso",-0.998143399687275,0.326602295692581,2.42727030700757
"W31563","6Ery",4.82228678322862,2.22698517407514,7.1806368921671
"W31564","14Mo",-4.74150624246266,-2.87826990965465,10.3127633974323
"W31565","2Ery",6.45854354748048,0.951144886340654,10.7081324952448
"W31566","13Baso",-5.22509579046566,-1.91738377183415,10.3706068873476
"W31567","13Baso",-5.36530099278548,-0.78758377832186,6.98054238253485
"W31568","14Mo",-5.0098218826745,-2.67328248608851,10.3127703183033
"W31569","7MEP",0.839765126355366,-0.120833937630644,2.5744076024157
"W31570","7MEP",0.575348941843455,0.596363889327343,1.27533032593877
"W31571","15Mo",-6.39582148458916,-4.64056743064298,10.8801490111281
"W31572","5Ery",4.91948548094024,1.44063978298837,6.80712393299428
"W31573","5Ery",3.77359684053172,0.973293813516252,4.89309414477827
"W31575","5Ery",2.20299619892136,0.437087565991943,3.46864998880043
"W31576","5Ery",5.60393202267459,1.02194244263872,10.735667755233
"W31577","15Mo",-6.63342080273852,-3.882654618228,10.8801559319991
"W31578","1Ery",8.32396254290489,1.60441699353978,12.4686837153544
"W31580","13Baso",-4.71167915850121,-0.531605734065449,6.30602011364017
"W31581","10GMP",-3.78708491903296,0.22219642878088,4.45017991105304
"W31583","12Baso",-0.733213549928274,0.851317979327355,0.875180287199204
"W31586","4Ery",6.36403987867886,3.62574039132284,9.34801019889041
"W31587","7MEP",-0.567481772128594,0.5827995809438,0.738302976280299
"W31588","15Mo",-6.77825410494839,-4.60323278161085,10.88016285287
"W31590","13Baso",-7.29726330290508,-0.816533442237139,9.0491263483094
"W31591","13Baso",-7.49711034036563,-1.23403804775911,9.04913326918039
"W31593","3Ery",6.62765672122112,3.62553834798583,9.3480171197614
"W31594","3Ery",6.37977527176055,1.61947332938774,10.5743396999357
"W31595","15Mo",-5.62438407037706,-3.64027829021672,10.880169773741
"W31596","16Neu",-5.88769132311351,-4.92441772911523,10.880176694612
"W31597","13Baso",-7.42592054483407,-1.32605524466571,9.04914019005138
"W31598","2Ery",7.21611418096139,2.32544437956857,9.22890719384599
"W31599","15Mo",-6.52691803224301,-4.06299975573463,10.880183615483
"W31600","17Neu",-0.700810841121745,0.0804865382305497,0.986276390748829
"W31601","15Mo",-6.32432515061539,-3.45639240435468,10.880190536354
"W31602","13Baso",-4.38599837328846,0.0709974388613163,6.17350902500196
"W31603","16Neu",-5.15369001463881,-4.35851379974024,10.880197457225
"W31604","6Ery",1.80651256549712,0.505038656442823,3.02951593159317
"W31605","5Ery",4.71307505934646,2.22014019306145,7.07180946124081
"W31606","15Mo",-6.78524186579952,-1.91547485869193,8.95391463013513
"W31607","9GMP",-2.93440202591274,0.74088240298611,4.54731535404764
"W31608","13Baso",-7.34042988728626,-1.16377861305843,9.04914711092237
"W31609","15Mo",-7.03020150434672,-3.47705414670289,10.880204378096
"W31611","13Baso",-5.9795386136048,-1.05134819331719,7.92020763976029
"W31613","6Ery",-0.0639687101282147,0.568245227430073,0.378853089994186
"W31614","7MEP",-0.176856113855136,0.175148368203548,0.410584800938815
"W31615","12Baso",-0.835225716395994,-0.111161302734987,2.44731940424212
"W31617","15Mo",-6.17850837378216,-4.87435659197641,10.880211298967
"W31618","2Ery",8.29269808225516,0.939669820984187,12.3330449583629
"W31620","13Baso",-2.4876590432554,-0.232805451168577,4.10780249505544
"W31621","10GMP",-0.355759758822458,0.00794241481832661,0.607902113796631
"W31622","14Mo",-5.66012840715547,-3.11866900302671,10.880218219838
"W31623","14Mo",-6.60146778998131,-0.906356794108155,9.04915403179336
"W31624","14Mo",-5.80768214679106,-3.60973382424962,10.880225140709
"W31625","15Mo",-6.64290544458121,-4.54898096314057,10.88023206158
"W31626","5Ery",3.63509616695427,0.973324949684674,4.89310106564926
"W31628","16Neu",-5.53051367063207,-4.5491192356878,10.8802389824509
"W31629","5Ery",5.02791691381516,0.9239394388302,6.93405350934149
"W31630","14Mo",-5.88321913336972,-2.60296840706465,10.9339218783594
"W31631","13Baso",-7.07021217348413,-0.703653978879222,9.04916095266435
"W31632","15Mo",-6.6579582085998,-4.53619842953091,10.8802459033219
"W31634","2Ery",7.9320566193786,1.13218005527487,12.2699671147625
"W31635","2Ery",8.43297413182496,1.48200235914814,12.4686906362254
"W31636","2Ery",7.88879860932782,0.795292223591845,12.2007766943917
"W31638","13Baso",-4.95131801619991,-1.22107155826747,6.96650559578852
"W31639","13Baso",-5.0656680854868,0.277848995719433,6.78144033292937
"W31640","5Ery",3.9482295998803,1.31719948176528,5.75135915527102
"W31641","5Ery",4.75103722367523,1.61656185741724,6.63423164412566
"W31642","9GMP",-1.51223085889932,-0.329824992930067,1.87411805503238
"W31644","14Mo",-5.55719510828508,-1.56611517217781,9.00064218676942
"W31645","7MEP",0.784747393757487,0.478665984837792,1.46483552847768
"W31646","14Mo",-5.34373712566522,-0.682534128686228,6.93324801149451
"W31648","16Neu",-5.32152414381428,-4.46930229531402,10.8802528241929
"W31649","2Ery",7.5565634256095,2.08263216903819,12.4686975570964
"W31650","2Ery",6.65288433470323,0.689762891305276,11.1715597850779
"W31651","10GMP",-1.14058283910142,-0.422577380742353,1.9559248834282
"W31652","8Mk",-0.787492948149215,2.0188057566611,2.87379650014557
"W31653","2Ery",7.01240118878967,0.697421619246563,11.2292950386396
"W31654","5Ery",6.35301781160757,0.851537683829761,11.3062351271774
"W31655","13Baso",-6.10582021685704,-0.472241513386062,7.82809013115318
"W31656","13Baso",-6.26775941933398,-0.483150393006872,7.82809705202417
"W31657","12Baso",-2.01529720962455,0.787699566821657,2.80137870041795
"W31658","7MEP",0.963319360098713,0.136309973461347,2.40004871300285
"W31659","7MEP",1.12566370662015,0.271688318373918,2.19194284136527
"W31660","13Baso",-5.41479228706443,-1.12180819086994,7.1090778486076
"W31661","6Ery",1.11927602516878,-0.0849858393379378,2.2634702283869
"W31662","5Ery",5.56200998714708,1.04254384655471,10.7550116695381
"W31663","16Neu",-5.96531949319953,-4.94620413035722,10.8802597450639
"W31664","14Mo",-5.79526155757971,-1.65683480132854,8.98589044086066
"W31665","13Baso",-5.98381811693479,-0.38395976746459,7.83029549264266
"W31666","2Ery",7.0286532976318,0.797860762757462,11.260875802028
"W31667","14Mo",-4.7480765793003,-1.88840758810257,10.3401011544839
"W31668","5Ery",6.18838042763194,0.748543205690232,11.3062420480484
"W31669","7MEP",0.197514826711371,-0.0617931898237395,0.0807556804572813
"W31670","10GMP",-4.75884590057374,0.161148320479533,5.83115748757528
"W31674","14Mo",-4.66068944375408,-2.7022199766916,10.3127772391743
"W31676","4Ery",6.49279107502828,2.26762365590274,9.19185846852485
"W31678","14Mo",-6.31899532587413,-2.65812435589581,10.8802666659349
"W31681","12Baso",-1.18025483483241,0.401980416141476,2.14959990811612
"W31682","9GMP",-2.80772801822344,0.24860892372929,3.93468343523157
"W31683","15Mo",-6.9709574534222,-3.74742090291155,10.8802735868059
"W31684","17Neu",-1.3846688750473,0.612733945697236,2.9352869768909
"W31685","7MEP",0.160125489953564,1.12126487171585,0.282753998780509
"W31686","16Neu",-6.23299221650672,-4.62423311301782,10.8802805076769
"W31687","13Baso",-7.11196810750649,-0.61730152897007,9.04916787353534
"W31689","3Ery",5.51648668864268,3.26328362515485,7.92044542056908
"W31690","15Mo",-6.25824796485776,-4.75637782545717,10.8802874285479
"W31691","3Ery",6.92587491212668,1.73834597926116,10.0850317231347
"W31692","7MEP",1.73755247160225,0.378918020539079,3.10229559351218
"W31693","8Mk",-0.755778718385988,2.24002446086718,4.00074357740979
"W31695","3Ery",6.13314593711816,1.80833096146829,8.72546427698868
"W31696","13Baso",-6.43619804134123,-0.496477727241644,7.92645871799136
"W31697","9GMP",-1.80467016517188,-0.240497085872676,2.18563185708258
"W31698","3Ery",5.70772991834176,2.72004061902616,8.16538408725397
"W31699","3Ery",6.02235514370997,1.84992953061844,8.64369313398821
"W31700","2Ery",8.36491540224107,1.87643154846315,12.4687044779674
"W31701","16Neu",-5.67520193384426,-4.7980887691863,10.8802943494189
"W31702","14Mo",-5.88364222522286,-0.970628134553085,7.92725002296646
"W31703","16Neu",-5.89907754799203,-4.85879691055055,10.8803012702899
"W31704","6Ery",1.94021932805055,0.449800047060865,3.15936616800114
"W31705","14Mo",-6.67239416248337,-1.18434380116521,9.04917479440634
"W31706","5Ery",3.66720699390707,1.01764279912248,5.58880810632964
"W31707","14Mo",-6.25303155842376,-0.799127835929105,8.16252105628602
"W31708","14Mo",-5.7180984545174,-2.43020196326761,10.3635689259524
"W31711","15Mo",-5.09501776825151,-3.54960046107618,10.8803081911609
"W31712","13Baso",-3.10450983610049,-1.13790704681335,3.23262180677229
"W31713","14Mo",-5.98907483083899,-3.30378187525598,10.8803151120318
"W31714","13Baso",-4.9206420450533,-0.641733622503931,6.60311197011334
"W31715","17Neu",-1.47942741554222,0.519961319304911,2.92314262840536
"W31716","14Mo",-5.05438523921285,-1.48674224848132,6.77385205395228
"W31717","1Ery",8.69672355102363,1.18898712457979,12.4687113988384
"W31718","2Ery",6.74954542041889,0.7129471694638,11.1256081897593
"W31719","5Ery",5.10829068803294,0.928771672935577,6.93406043021248
"W31720","6Ery",0.674937257958742,-0.104836089014975,1.44462911523376
"W31721","15Mo",-7.28644765253753,-3.1855658185405,10.8803220329028
"W31722","10GMP",-3.11436504484158,0.440581207844578,3.97573442691863
"W31723","6Ery",1.28872167453035,0.269473444233758,2.11116638759538
"W31724","10GMP",-1.40890942513044,-0.241556790224314,1.70873010542935
"W31725","7MEP",0.289290265541183,-0.179080527915412,1.13680301795689
"W31726","14Mo",-5.09515521407676,-1.58991081202523,10.3878485185476
"W31727","13Baso",-4.91582647899621,0.199344936713591,6.78144725380036
"W31728","2Ery",7.15909917893066,0.693213867094508,11.3910214048622
"W31729","14Mo",-6.64867123461906,-2.99235248038815,10.8803289537738
"W31730","14Mo",-5.94665954437478,-3.01237710343076,10.8803358746448
"W31731","6Ery",0.951767926881708,-0.0447903386532551,2.44577663094445
"W31732","13Baso",-2.56203324430539,-0.999081495284451,3.23262872764328
"W31733","14Mo",-5.25824408072615,-1.43736572461462,6.99719574638559
"W31734","14Mo",-4.16975330540215,-1.68947765535061,10.3162349825067
"W31735","2Ery",6.77890762268109,0.784169968052422,11.1249225244338
"W31736","6Ery",4.63440733914516,1.63590400139788,6.62671081269679
"W31737","13Baso",-5.68752739854806,-0.183854775460866,7.8586075464201
"W31738","10GMP",-2.19003414740652,-0.496977564028332,2.61651541029415
"W31739","15Mo",-5.29139407707245,-3.93608036575732,10.8803427955158
"W31740","16Neu",-5.3292505466972,-4.45363873239114,10.8803497163868
"W31741","10GMP",-3.36244567022298,0.148267893248234,4.01401494091908
"W31742","1Ery",8.79377254882098,1.49083324758029,12.4687183197094
"W31743","14Mo",-5.69110587148332,-1.30855330373039,8.93690865125589
"W31744","12Baso",-1.68521475305932,0.730136573500502,2.81427007741264
"W31745","10GMP",-3.28731130999594,-0.183489542645404,3.91907267911724
"W31746","12Baso",-1.58779104801452,-0.444706142096359,2.01831842094944
"W31748","16Neu",-5.7986906515311,-4.89689798418907,10.8803566372578
"W31749","10GMP",-2.60032688741499,0.7414778429958,4.54732227491863
"W31750","13Baso",-5.95848105910731,-0.20295485518546,7.82810397289516
"W31751","16Neu",-5.79208430435398,-4.81102410098493,10.8803635581288
"W31752","6Ery",1.80016611422203,0.431907840116889,3.04040149075008
"W31755","5Ery",4.54408060248514,0.56990690002096,6.93406735108347
"W31756","10GMP",-3.54927562173243,-0.419444141774237,3.97389950745506
"W31758","13Baso",-5.24228226824637,-0.557790896221011,6.77481562185169
"W31760","14Mo",-5.54505697092179,-2.30476689571086,10.3616756211126
"W31761","5Ery",6.00525971391708,1.13189065277296,10.8730834117865
"W31762","13Baso",-5.98648885188245,-0.306033008311706,7.82811089376615
"W31764","13Baso",-6.07624505847902,-0.730639430768014,7.85944403403359
"W31765","13Baso",-5.55842007806329,-0.81088478086097,7.20716996816298
"W31767","13Baso",-5.98566965075347,-3.18310765868837,10.8803704789998
"W31768","4Ery",6.4537092281394,2.12132607608745,9.21486435677168
"W31771","12Baso",-0.770980601547169,0.180540596797925,1.04683843214395
"W31773","10GMP",-1.89404178141812,-0.207462692146076,2.27817481257038
"W31775","1Ery",8.81269307378876,1.54058890833834,12.4687252405804
"W31777","3Ery",6.88702725530178,3.39875104487268,9.34802404063239
"W31778","6Ery",1.31157408765145,0.0792091151840782,2.12928944727504
"W31779","6Ery",1.58343170461442,0.478329390259013,3.00848207531645
"W31780","2Ery",7.30945368900717,1.12054740472869,11.9432346305629
"W31781","2Ery",8.34491289077973,1.87874744927619,12.4687321614514
"W31782","13Baso",-6.22028717038999,-0.405746257511225,7.82811781463714
"W31783","3Ery",4.50736494861184,2.38165505675349,6.9260433663079
"W31785","15Mo",-6.40249867445548,-4.44147875098304,10.8803773998708
"W31786","2Ery",7.50044718259607,1.81753253356165,12.4687390823224
"W31787","10GMP",-3.51502826538698,-0.824271662512989,3.8803279477246
"W31788","5Ery",3.59235550139722,0.867507998324925,4.89310798652025
"W31789","13Baso",-4.7613103261189,-1.30085570859729,6.96651251665951
"W31791","9GMP",-2.78311741314134,-0.282109598415814,4.05715488399009
"W31792","9GMP",-2.9851609032722,-0.237474183539446,3.93533126122988
"W31793","12Baso",-1.60693639097567,0.359025464930422,2.91050253588226
"W31794","17Neu",-1.2474181859877,0.215095277544168,1.98647407383179
"W31795","6Ery",1.4780060578433,0.249570125721594,2.30503328093613
"W31796","7MEP",1.06966733802943,-0.0588421295318979,2.31488421573387
"W31797","6Ery",3.79033653179229,1.34906483942203,5.91312836976156
"W31798","14Mo",-6.0721397564383,-0.754107895653999,7.86334257718174
"W31799","14Mo",-6.26235390062187,-1.1567280375132,9.01172436739146
"W31801","13Baso",-5.99265335705225,-0.398128892505901,7.83055308737397
"W31802","13Baso",-5.01378238687387,-0.871915370125558,6.93967736647738
"W31803","2Ery",6.77950971134973,0.418570795875606,11.0737101862724
"W31804","13Baso",-4.95089761611757,-0.00678284509815216,6.61005723406325
"W31805","7MEP",-0.0596915175687328,0.241502390089081,0.327846611728473
"W31806","3Ery",5.88846932989314,1.81405170772105,8.6437000548592
"W31807","13Baso",-3.07006046221818,-1.19978206836966,3.23263564851427
"W31808","15Mo",-7.03074055722496,-3.66944155210704,10.8803843207418
"W31809","13Baso",-5.02286430518115,-1.43046272860911,6.9665194375305
"W31811","17Neu",-1.26328115716492,0.717845314229896,2.93529389776189
"W31812","13Baso",-4.42261402422134,-0.557004318067633,6.25330164160719
"W31813","14Mo",-5.31925880978455,-1.74654951407887,10.3907516945005
"W31814","2Ery",6.82067683216295,0.460411948616703,11.0737171071434
"W31816","13Baso",-4.08185806961945,-0.903333951183212,6.25330856247818
"W31817","13Baso",-5.12982704607516,-1.54369807695377,9.0523351901041
"W31818","2Ery",7.2466941279252,0.807152186647603,12.3121627448058
"W31819","2Ery",8.11800399055282,0.821520975165404,12.1263346815647
"W31820","16Neu",-5.32221808026852,-4.43565594958972,10.8803912416128
"W31821","14Mo",-5.14990820647947,-1.70311972954429,10.3825675175248
"W31822","10GMP",-1.94812905846978,-0.475645526509826,2.46727222534353
"W31823","16Neu",-5.276843222065,-4.30621450653199,10.8803981624837
"W31824","13Baso",-7.56448233085019,-0.865970190761127,9.04918171527733
"W31825","10GMP",-5.28234393256314,0.0919092672898098,6.70907920602331
"W31826","16Neu",-4.81600821798458,-3.70326527274946,10.8804050833547
"W31827","2Ery",5.74720413717755,0.322957026109922,11.3062489689194
"W31828","14Mo",-5.16884634905538,-1.22949692890808,6.84997511985396
"W31829","12Baso",-0.948514987706782,-0.0344411355661425,2.34207743232607
"W31830","9GMP",-2.80511621589511,-0.381288940699101,4.0652096638755
"W31831","2Ery",7.20209694612426,1.39041774907188,11.9916109364791
"W31832","2Ery",7.60579889921978,2.08936014327589,12.4687460031934
"W31834","2Ery",7.10046423575606,0.629883657031216,11.3176006203881
"W31835","6Ery",4.61401787327979,0.803532445423126,6.93407427195446
"W31836","13Baso",-5.34410454909058,0.145547449494377,6.76274207206462
"W31837","14Mo",-3.92007478651656,-1.78487336912861,10.3127841600453
"W31838","2Ery",6.92337766944276,0.685707193471016,11.1292379391103
"W31839","5Ery",5.8644882143433,1.29288916590046,10.3959616733059
"W31840","16Neu",-6.24099307743019,-4.79789818693092,10.8804120042257
"W31841","6Ery",1.591940772206,0.46129875179159,3.02601998795768
"W31842","13Baso",-3.99555562346481,-1.58876725939092,6.90451740176466
"W31845","14Mo",-5.16021450188965,-1.20984822764314,6.8358518400098
"W31846","5Ery",4.94333805336552,1.17779810036051,6.93408119282545
"W31847","5Ery",5.93222606909931,0.7521305222043,11.3062558897904
"W31849","2Ery",8.18115177540039,1.43409388951299,12.4687529240643
"W31850","4Ery",5.60827913123677,1.15700937532257,10.8777269372794
"W31851","2Ery",7.98061281540369,0.810143363041626,12.1660130833319
"W31854","10GMP",-2.27950882215124,-0.70669210301037,2.89906526553795
"W31855","5Ery",6.5720336801927,1.18489844481429,10.9597765063783
"W31856","13Baso",-4.75322596239187,-2.64152196650313,10.3127910809163
"W31857","13Baso",-5.58384533533059,-0.52462640548508,7.17487942675555
"W31858","2Ery",6.98914490418962,1.13459946257047,11.9895395803887
"W31859","12Baso",-1.1332895492156,0.335520708847844,2.08580705995666
"W31860","12Baso",-1.53640823884829,0.630670397937451,2.88307929907528
"W31861","15Mo",-4.92406723220814,-3.39325356468671,11.0819068184219
"W31864","13Baso",-6.38874291241439,-0.876738759376908,8.34578949321019
"W31865","13Baso",-5.696877535808,-0.290157540765954,7.87108502802629
"W31866","13Baso",-5.60127684130217,-0.656688539548766,7.22325121165708
"W31868","13Baso",-4.84010063921734,-0.97852126948715,6.91602214128706
"W31870","10GMP",-3.85989768290739,-0.063743539134645,4.42241716122564
"W31871","14Mo",-5.9127899156098,-4.85409523318264,10.8804189250967
"W31872","13Baso",-7.29229094149004,-1.016976007592,9.04918863614832
"W36865","7MEP",0.207622419748031,0.206448370816164,0.111913888295413
"W36866","13Baso",-6.92144167007035,-1.87719801748987,8.97624812909885
"W36867","9GMP",0.156082290779923,0.930600689708783,0.258139777610235
"W36868","14Mo",-7.54770163361431,-1.48939341067823,9.04919555701931
"W36869","1Ery",8.61610141547901,2.58997032804909,12.4687598449353
"W36871","3Ery",5.87967590791025,3.67640966876913,7.92045234144007
"W36873","13Baso",-7.29002414091582,-0.626200266358876,9.0492024778903
"W36874","13Baso",-5.88880865056258,-0.938506305957009,7.92200289775544
"W36875","15Mo",-6.3628663024483,-4.27435305556381,10.8804258459677
"W36876","2Ery",7.95080382469068,2.2637772038537,12.4687667658063
"W36877","13Baso",-4.05752007185115,0.321503462814768,5.46187102534585
"W36878","5Ery",6.53498974011709,2.500078065929,9.15253402897608
"W36879","14Mo",-6.54250268932337,-1.58379860688635,8.97753424830381
"W36881","3Ery",6.73872070213992,2.90525010217423,9.34803096150338
"W36882","6Ery",3.23936715189142,1.07229033919053,4.61135806494847
"W36883","2Ery",7.12233474450251,2.51330199754065,9.22891411471698
"W36885","15Mo",-6.03384964245981,-3.5492561131397,10.8804327668387
"W36886","12Baso",-1.70618092640772,0.350398141207254,2.8786854143376
"W36887","7MEP",0.239649855846177,0.659876583837797,0.152756072590562
"W36889","2Ery",8.6734461358361,2.61248052556321,12.4687736866773
"W36890","8Mk",-0.621208258937987,1.91843612106789,2.93530081863288
"W36891","14Mo",-6.9113754233738,-1.73727361920649,8.99718841491509
"W36892","14Mo",-7.34075695504337,-1.64189470268577,9.04920939876129
"W36893","8Mk",-0.372199694245052,1.38370347672142,0.502328376349371
"W36894","5Ery",4.93079418440883,2.07593420467305,7.18064381303809
"W36895","14Mo",-5.42481672016529,-3.01287323054007,10.9720362643847
"W36897","2Ery",8.30024212817863,1.86185223399008,12.4687806075483
"W36898","3Ery",5.78861318952952,3.22966083673042,8.17299941654057
"W36899","9GMP",-3.68643199575149,0.418782341595234,4.44850091950192
"W36900","5Ery",5.45945217140506,1.92391426896129,8.6860129415025
"W36901","3Ery",6.68132428938669,2.34228689408196,9.20330081323511
"W36902","5Ery",5.5459545479235,1.68546121782709,8.64370697573019
"W36903","14Mo",-5.74869782941779,-1.08396608022467,7.9437645065527
"W36905","2Ery",6.99635222731073,2.65883568800529,9.18525973065507
"W36906","2Ery",7.27728732655226,2.70563761037313,9.2148434252587
"W36907","14Mo",-5.47486523701931,-2.89845884262484,11.038410611934
"W36908","16Neu",-5.62616271035326,-4.02192673281112,10.8804396877097
"W36909","9GMP",-0.0417227213880192,1.15167567341605,0.446374565243071
"W36910","16Neu",-5.67726227309183,-4.34343054369289,10.8804466085807
"W36911","15Mo",-6.55144896258582,-4.07042301177307,10.8804535294517
"W36912","10GMP",-4.55743970733715,0.282088219617007,6.00171115852896
"W36913","3Ery",6.98434588210127,2.67981035271953,9.17952369643569
"W36914","14Mo",-6.22333871704561,-1.39693584466964,8.96906512283933
"W36915","8Mk",-0.757982700708303,1.46086957914386,2.93530773950387
"W36916","14Mo",-4.93667375284499,-2.61342201210737,10.3127980017872
"W36917","15Mo",-6.04001419608622,-1.83370751181905,8.98570790513243
"W36918","16Neu",-5.13891673735135,-4.26391750820309,10.8804604503227
"W36919","5Ery",5.37375909877312,1.3922530725263,8.64371389660118
"W36920","14Mo",-6.30372353603263,-1.76619818844115,8.93916758212446
"W36921","16Neu",-4.99383298756287,-4.16860717328542,10.8804673711937
"W36922","4Ery",4.99233619014494,0.769569485966246,6.93408811369644
"W36923","2Ery",7.95011774324419,2.82444118470061,12.4687875284193
"W36924","13Baso",-6.15391485090929,-0.424630043190626,7.82812473550813
"W36925","14Mo",-6.63467122053848,-0.840302720097389,8.46772518160145
"W36926","13Baso",-6.53178290454402,-1.74528178639597,8.95062399319766
"W36927","5Ery",4.25683627878186,1.17200868583384,6.93409503456743
"W36928","13Baso",-4.43587078151097,0.10333624353241,6.12599861517335
"W36929","7MEP",0.717909005936291,0.640267133911781,1.38912303589162
"W36930","15Mo",-5.31012330632007,-4.40127063716398,10.8804742920646
"W36931","6Ery",2.09114552770136,0.690555183673183,3.47705120921196
"W36932","16Neu",-6.01796430360524,-4.1606153011476,10.8804812129356
"W36933","15Mo",-6.56159766264481,-3.49423370942588,10.8804881338066
"W36934","12Baso",-1.48728651591246,0.450251581988856,2.93362684721301
"W36935","6Ery",1.28044706620678,-0.173107731383768,2.09700940159502
"W36936","13Baso",-6.13433669999972,-0.693244642941115,7.95718613729923
"W36939","14Mo",-5.16917718730524,-3.09394936079384,11.1426328118518
"W36940","16Neu",-5.25991556721765,-4.27205209757563,10.8804950546776
"W36941","14Mo",-6.39242956907734,-1.53698300416263,8.96703101853933
"W36942","14Mo",-5.68624725501594,-1.32297460614866,8.94015440136481
"W36943","2Ery",8.16279687388065,1.92252022838832,12.4687944492903
"W36944","6Ery",1.53709001110551,0.665113224105481,2.97208175616852
"W36945","6Ery",0.904044287913331,-0.0955775795195276,2.50893669268268
"W36946","13Baso",-4.78577564735852,-0.194480481920902,6.42232869209254
"W36947","14Mo",-5.33851946967109,-2.26716864786224,10.3504587197411
"W36948","16Neu",-5.63952920705755,-4.39675443987006,10.8805019755486
"W36949","2Ery",7.87743767217597,2.33970106406018,12.4688013701613
"W36950","2Ery",8.58443344161888,1.8120703886866,12.4688082910323
"W36951","5Ery",5.61708358873658,0.763860047766805,11.3062628106613
"W36952","2Ery",6.60109817486786,1.10612398329808,10.8786679129102
"W36953","5Ery",4.95629184554149,0.874280353930308,6.93410195543842
"W36954","1Ery",8.61022551161048,1.43128034268089,12.4688152119033
"W36955","13Baso",-4.91553527772974,0.239778768504266,6.78145417467135
"W36956","14Mo",-5.18297857712526,-1.16439321555494,6.85222119190374
"W36957","14Mo",-6.28686239231002,-1.97837239436113,8.97947797092421
"W36958","16Neu",-6.14414288121139,-4.56396962123089,10.8805088964196
"W36959","1Ery",8.65194909970019,2.19332063495184,12.4688221327743
"W36960","6Ery",4.99394463842016,2.05022117045682,7.18065073390908
"W36961","14Mo",-6.58324226006358,-2.62075213227265,10.8805158172906
"W36962","14Mo",-7.36793205188839,-1.68644109889478,9.04921631963228
"W36963","15Mo",-7.14822808527429,-3.08484552706831,10.8805227381616
"W36964","13Baso",-7.10405047766981,-0.447417063646295,8.31678663819745
"W36966","15Mo",-7.10809855857244,-3.50631576944634,10.8805296590326
"W36967","1Ery",8.69663019472499,2.58347347520653,12.4688290536452
"W36969","8Mk",-0.728996311430353,2.09013119644863,2.8800750723814
"W36970","15Mo",-6.14678884971798,-4.31988457706049,10.8805365799036
"W36971","14Mo",-6.07099142931728,-1.66529336193719,8.95143868288769
"W36972","10GMP",-3.59962933379648,0.0822803372431204,4.34505806687404
"W36973","9GMP",-2.39865464576677,0.645120949394468,2.94260776338174
"W36974","4Ery",5.22046150398937,2.04493536954174,7.16051472387333
"W36975","15Mo",-7.06632690975044,-2.53460022141501,8.97764904407929
"W36976","4Ery",1.11168978205728,-0.170212612798924,2.28741198201326
"W36978","2Ery",8.26079941328521,1.76775192719105,12.4688359745162
"W36979","14Mo",-6.14540308756005,-1.74002491862833,8.95515478681351
"W36980","14Mo",-4.07180346296722,-2.08604058594484,10.3128049226582
"W36981","8Mk",-0.769816969922362,2.07390105080541,2.86935809574012
"W36982","13Baso",-4.20240654149215,-0.489423120962096,6.26283744650528
"W36983","6Ery",4.35306159032981,1.47732310386139,6.83331399888582
"W36984","13Baso",-7.71428695960102,-1.06088004109083,9.04922324050327
"W36985","4Ery",5.44940189541687,1.5963808588786,8.64372081747217
"W36987","13Baso",-2.67879619626672,-0.320022248667221,3.42249606108504
"W36990","15Mo",-5.98402264156787,-2.41751161755881,10.3829036805405
"W36991","13Baso",-4.90276932799926,-0.254486667918162,6.36254948319056
"W36992","4Ery",6.24941230901133,3.60918648430962,9.34803788237437
"W36993","2Ery",8.48896760215225,1.42246948167532,12.4688428953872
"W36994","16Neu",-5.32855670253342,-4.35100360852401,10.8805435007746
"W36995","2Ery",8.53039877312781,0.920506643623196,12.4688498162582
"W36996","5Ery",4.72110175348555,1.1360210198809,6.93410887630941
"W36997","2Ery",8.4814461621877,1.58595208780978,12.4688567371292
"W36998","5Ery",2.62155875698664,0.643283753111698,3.91289620602344
"W36999","10GMP",-4.58032240382998,0.413456946977803,5.97002806673706
"W37000","13Baso",-7.66880440279873,-1.0257418693883,9.04923016137426
"W37001","13Baso",-5.40879893800342,-0.517651371266103,6.97249715386949
"W37003","8Mk",-0.0556680602192725,1.2990319105616,0.478857506659021
"W37004","16Neu",-5.41818708188912,-4.19999260965678,10.8805504216455
"W37005","13Baso",-5.05027256046773,0.0337587003387435,6.65068552257171
"W37006","7MEP",0.9168397264106,-0.0961528130076227,2.4945597495307
"W37008","4Ery",6.62040657800361,3.05070880304491,9.34804480324536
"W37009","13Baso",-5.24853896776471,-0.320255223520979,6.51230923052338
"W37010","6Ery",0.504578640835931,0.0291913252460119,1.28576407537001
"W37011","2Ery",6.72539694250932,0.0483241050714495,11.0737240280144
"W37012","14Mo",-3.52317615422456,-1.58146446374819,3.23264256938526
"W37013","16Neu",-4.88972313511705,-3.8445265392278,10.8805573425165
"W37014","2Ery",7.98873759424408,2.69611166165368,12.4688636580002
"W37015","13Baso",-4.09340831069811,-0.0699233655187144,5.29541121793509
"W37016","14Mo",-4.92547110585468,-2.87092110187902,11.6091218398903
"W37017","6Ery",4.4657646607769,1.54042583736388,6.75101419212419
"W37018","2Ery",8.55110903919592,0.970878873438534,12.4688705788712
"W37019","2Ery",6.70712022685185,0.294498654961153,11.0737309488854
"W37020","2Ery",8.39029125419543,0.936051280466213,12.40573065669
"W37022","8Mk",-0.456258811377514,1.63079577814846,0.502335297220361
"W37023","2Ery",7.93906932466327,2.48177443598213,12.4688774997422
"W37024","4Ery",6.89216308051194,3.10151389546703,9.34805172411635
"W37025","14Mo",-5.16184595832327,-1.29972894987786,6.85703694113628
"W37026","17Neu",-0.987602479605589,-0.00616770452101666,2.30648734530182
"W37027","5Ery",5.50637092413945,0.465702182364932,11.3062697315323
"W37028","13Baso",-6.03313223699548,-1.36691361512614,8.9510880818769
"W37029","7MEP",0.402403529847332,0.671987003972486,0.0261181706404126
"W37030","3Ery",5.41638311303638,1.78778443219796,8.65097321068197
"W37031","5Ery",5.46948287781002,1.08792244428354,8.64372773834316
"W37032","13Baso",-5.70531807611818,-0.494315921369248,7.89677336299327
"W37034","8Mk",-0.721959604893792,2.19016476258715,2.86356632462559
"W37035","6Ery",1.28237627749835,0.078016151522,2.09923686192912
"W37036","5Ery",5.72819995961573,1.22580994503233,10.3638505729357
"W37037","5Ery",4.55699164071861,1.56929183995056,6.70873388301274
"W37039","5Ery",7.36156071179647,2.10660508667389,12.4688844206132
"W37040","15Mo",-5.53819915192595,-3.50490344350839,10.8805642633875
"W37041","2Ery",7.06304223425702,0.594686550699863,11.2714405806317
"W37042","2Ery",7.3140394298844,1.57745473424236,12.2942230487438
"W37043","15Mo",-5.90921453060697,-3.81103571756086,10.8805711842585
"W37044","15Mo",-5.76543116316932,-3.69964523114325,10.8805781051295
"W37045","13Baso",-7.14183407479075,-1.93194260839089,8.9938347954339
"W37046","14Mo",-5.83056025708598,-1.33347153088829,8.93223769547801
"W37047","14Mo",-5.75196270318568,-2.04443343649879,9.06107858654987
"W37048","14Mo",-5.15767798149416,-1.31368884360477,6.85524505160245
"W37049","5Ery",4.97647318263241,0.966977914237683,6.9341157971804
"W37050","7MEP",0.823222250936225,-0.145214116763971,2.57441452328669
"W37051","3Ery",5.48578447802713,1.7430346355263,8.64373465921415
"W37052","2Ery",7.29592511285876,2.62407609823891,9.22892103558797
"W37053","7MEP",0.404330029644408,0.70786805122847,0.029841498185448
"W37054","1Ery",8.88844310704994,1.73131971780144,12.4688913414842
"W37055","14Mo",-6.04188649072093,-1.49366415241656,8.93206199301485
"W37056","2Ery",7.3795488036712,1.33809770361888,12.071279380068
"W37057","15Mo",-5.99571077319734,-4.03463383536171,10.8805850260005
"W37058","13Baso",-7.34128089457581,-1.96370562812865,9.01259275444651
"W37059","4Ery",5.42683194087186,2.11019095274006,8.75065009198514
"W37060","13Baso",-7.28610197100048,-2.08791107747641,8.98635099795587
"W37061","6Ery",4.37356160510609,1.62935257001024,6.66444186024966
"W37063","9GMP",-3.06592066914687,0.526812039101147,3.97403506062616
"W37065","3Ery",6.9848843065198,4.00643029143608,9.34805864498735
"W37066","6Ery",3.43126680504857,1.0274201794078,4.81954517588201
"W37067","1Ery",8.49708866329406,1.9913933798671,12.4688982623552
"W37068","4Ery",6.14917388874346,2.80245891218418,9.34806556585834
"W37069","13Baso",-7.21518574664984,-1.20514802132492,9.04923708224525
"W37070","9GMP",-3.24464338189021,0.665567378656647,4.31695785715404
"W37072","7MEP",0.404277691707851,0.223162503569226,1.17800970212277
"W37073","14Mo",-6.0775452604262,-1.92377397444055,8.99696781020876
"W37074","13Baso",-6.61853245402902,-2.7746428085809,10.8805919468715
"W37075","13Baso",-7.2322581115124,-1.3116094757165,9.04924400311624
"W37077","10GMP",-2.50529993178814,-0.255960293995372,3.42266437304457
"W37078","9GMP",-2.67554529287783,0.640667724902625,4.54732919578962
"W37079","5Ery",4.51152056133342,1.10671120988677,6.93412271805139
"W37080","16Neu",-5.57169502405909,-4.56847008134405,10.8805988677425
"W37081","14Mo",-5.77113122336308,-1.43671291233529,8.94950737096697
"W37082","15Mo",-6.31063124787538,-3.9531345939291,10.8806057886135
"W37083","2Ery",7.27207644195908,2.28421481297252,12.4689051832261
"W37084","3Ery",7.03488627682171,2.86260761094837,9.15099152374966
"W37085","13Baso",-4.10145432888644,-0.114671863410962,5.27171858172779
"W37086","6Ery",4.49639169414475,1.73147763881557,6.53824138563455
"W37087","4Ery",7.05140489139218,0.371615734067652,11.2283586123062
"W37088","3Ery",7.20521232897173,2.97047425614642,9.15351796539188
"W37089","16Neu",-5.82054983101323,-4.26485399080805,10.8806127094845
"W37090","9GMP",-3.29762244214199,0.745977229703978,4.35492947506253
"W37091","9GMP",-1.10730763550187,-0.305434201853391,2.04283018906112
"W37092","12Baso",0.090522903129926,-0.0201461769608167,0.171225552916617
"W37093","7MEP",0.310133219541735,0.0739887754756459,0.0116959790930263
"W37094","16Neu",-5.79103684953044,-4.08193466888905,10.8806196303555
"W37095","6Ery",3.56419175713288,1.58616635633581,5.15968123913593
"W37096","13Baso",-5.64734324510363,-1.42457239436477,8.96348144209107
"W37097","17Neu",-1.48439148970606,0.281741795250436,2.06597114269072
"W37098","14Mo",-6.07007618890111,-1.40101766341813,8.95007626644574
"W37099","3Ery",7.84052324534711,2.94331891134097,12.4689121040971
"W37100","16Neu",-6.05133310393518,-4.24991202077729,10.8806265512264
"W37101","13Baso",-4.02088147136242,0.184150741826735,5.46171662979152
"W37102","14Mo",-5.78499186593786,-1.14085596970831,7.94377142742369
"W37103","3Ery",7.96348164670703,3.2818586813648,12.4689190249681
"W37104","14Mo",-5.28986957138812,-2.18708849056424,10.3535158042626
"W37105","16Neu",-5.90784223299417,-4.18201821343283,10.8806334720974
"W37106","2Ery",7.92697033135866,2.23851726958264,12.4689259458391
"W37107","18Eos",-2.65164625269121,1.91686086702382,4.00075049828078
"W37108","7MEP",0.519777023715104,0.0532353239535028,1.29552456847453
"W37109","7MEP",0.86266470206609,-0.0267118558100453,2.54335869548835
"W37110","5Ery",5.42880138489193,0.977542925622558,10.6794769777347
"W37111","16Neu",-5.8074415224722,-2.43658300456697,10.3692040300084
"W37112","2Ery",7.67122429869495,1.12124765584362,12.0521356392951
"W37113","5Ery",5.57701238121131,1.43029262953181,8.64374158008514
"W37114","13Baso",-5.71941247822943,-1.29342040279629,8.93049469398482
"W37115","6Ery",1.18265871498417,0.200177105066951,2.14036307279507
"W37116","14Mo",-5.92158052120184,-1.84094852034934,9.00244595405491
"W37117","12Baso",-1.67602579797531,0.467191661340268,2.86681766384139
"W37118","13Baso",-4.79179432010033,-0.119942850134967,6.49680751399435
"W37119","5Ery",5.64708330217833,1.24675555960449,8.64374850095613
"W37120","2Ery",6.74181411096064,1.17836153986696,10.9622136114791
"W37121","2Ery",7.15262554075528,2.43240643745064,9.22892795645896
"W37122","14Mo",-6.00531424890908,-1.24104541675487,8.96774670507418
"W37123","16Neu",-5.52174980571274,-4.02691470244113,10.8806403929684
"W37124","14Mo",-5.17659996595733,-2.81797722527684,11.4145854447582
"W37125","1Ery",8.68432981477021,2.08486401726227,12.4689328667101
"W37127","1Ery",8.61875251231078,1.37403274792726,12.4689397875811
"W37128","13Baso",-4.31405121530849,-0.838801245905407,6.32301057161241
"W37130","3Ery",6.44042946910094,1.95236928533873,10.274761718807
"W37131","5Ery",5.94187124504754,0.937620247123276,10.6656376214361
"W37132","16Neu",-5.61980522527316,-4.58380697341837,10.8806473138394
"W37133","16Neu",-5.65827382469337,-4.49184716380268,10.8806542347104
"W37134","6Ery",2.87831425130717,0.826504685796785,4.30909322438343
"W37135","1Ery",8.76448492173,2.20226346518484,12.4689467084521
"W37137","14Mo",-4.37538130768255,-0.604622842454206,6.25331548334917
"W37138","16Neu",-5.92984106246806,-3.58246726486113,10.8806611555814
"W37139","2Ery",7.163866315918,2.54720657040048,9.22893487732995
"W37140","10GMP",-0.0857423031759103,1.12798017216954,0.47763276237061
"W37141","5Ery",6.03013948442253,0.568948861235722,11.3062766524033
"W37142","14Mo",-6.04692293864904,-0.86638238482365,7.88302203166407
"W37143","2Ery",7.36128620909473,1.07291652198358,11.9873672394021
"W37144","6Ery",4.55006906627651,1.89936753531398,6.67725210519847
"W37145","5Ery",5.53769932958158,1.22802793401233,8.64375542182712
"W37146","1Ery",8.89595248679826,1.60215474384169,12.4689536293231
"W37147","5Ery",0.741319174023613,-0.212065630613036,1.51327417154402
"W37148","15Mo",-5.26484185811473,-3.52133861929442,10.8806680764524
"W37150","10GMP",-2.61386981173868,-0.423122649685911,3.49285518940146
"W37151","2Ery",7.73669234934045,1.37777670390433,12.3979042243089
"W37152","5Ery",5.39817342254884,0.792599938119258,11.3062835732743
"W37153","7MEP",0.993516893135204,0.553559439208623,2.29066322943292
"W37154","6Ery",4.91914505709304,2.6120983616256,7.38002754739532
"W37156","4Ery",6.74490312542557,2.62972294662273,9.15627238221336
"W37157","15Mo",-6.89336614165153,-1.80908987631179,8.98368033928856
"W37158","3Ery",7.49301793167699,2.85555505105133,12.4689605501941
"W37159","2Ery",8.11030931070525,3.09580220081802,12.4689674710651
"W37161","7MEP",1.18039386733728,0.615706366264833,2.07687794291264
"W37162","1Ery",8.57317353372055,2.59888752950529,12.4689743919361
"W37163","7MEP",0.830842277219936,-0.105866878085129,2.57442144415768
"W37164","5Ery",5.07140744183838,1.47546114019656,7.03760733339836
"W37165","3Ery",6.38721562076308,2.76573567660412,9.34807248672933
"W37166","3Ery",6.11732520851619,2.01557539198903,8.89445204355469
"W37167","13Baso",-5.19674940018451,-0.565065263494206,6.74531097554794
"W37168","3Ery",6.00139288103039,3.61085294213972,7.92045926231106
"W37169","15Mo",-5.81674695006994,-3.89751770660322,10.8806749973234
"W37170","15Mo",-5.95670111552757,-1.71797438074262,8.97579392280083
"W37171","4Ery",5.82137315914132,1.47635453414993,8.64376234269812
"W37172","14Mo",-6.10058410477765,-1.42335541897954,8.95018309737326
"W37173","2Ery",7.26172211743777,1.83987501044883,12.468981312807
"W37174","2Ery",7.23839329026345,2.35102768644704,9.22894179820094
"W37175","16Neu",-5.78795309759986,-4.58256324024561,10.8806819181944
"W37176","13Baso",-7.67232249330703,-1.14432771375039,9.04925092398724
"W37177","14Mo",-4.74081896378627,-0.260472016100924,6.3563452325707
"W37178","5Ery",4.76696430306891,1.07650616662396,6.93412963892238
"W37179","16Neu",-4.68286976858991,-3.68295919971853,11.0270071043077
"W37180","14Mo",-5.40917206585836,-1.57764739609606,9.02200086282242
"W37181","16Neu",-4.79009559207003,-3.76225572145193,10.8806888390654
"W37182","8Mk",-0.894636113884121,2.0213066546256,2.83724579943453
"W37183","7MEP",1.09824297633601,0.105570082607853,2.25291429252109
"W37184","8Mk",0.0890260056940615,0.500833772827711,0.248369199363008
"W37185","14Mo",-5.56681122299797,-0.941104422711205,7.24476379345509
"W37186","10GMP",-4.80765305454089,0.301802025123319,5.77540554603974
"W37187","5Ery",5.54724933607967,0.776260053646577,11.3062904941453
"W37188","10GMP",0.18019134177043,1.18366755422935,0.276023152041416
"W37190","3Ery",6.072846120652,1.54591136061737,10.5626004196084
"W37191","13Baso",-4.69996843096872,-0.114694069020216,6.5019312426212
"W37192","14Mo",-6.50807307359775,-1.59387605396482,8.97182395157414
"W37193","3Ery",6.97566708582385,2.69152834128378,9.1760473679916
"W37194","2Ery",6.07445303192946,-0.0606833349097832,11.3062974150163
"W37195","2Ery",8.41186520171196,0.807234085833238,12.2749414347753
"W37196","14Mo",-5.13387755160199,-3.39862576226545,10.8806957599364
"W37197","2Ery",6.84279794119053,0.298607499185272,11.0737378697564
"W37198","6Ery",3.41901381407844,1.26069408986563,5.3824027719004
"W37199","4Ery",6.6656891723747,2.42894975744482,9.18434045822951
"W37200","15Mo",-6.71970662794594,-4.23627862360321,10.8807026808073
"W37201","13Baso",-5.04347939125543,-0.382055308349807,6.41218436118868
"W37202","6Ery",5.37223411360481,0.0737881600497545,11.3063043358873
"W37203","12Baso",-1.17061831819668,0.534605294914966,2.93531466037486
"W37204","16Neu",-4.8160069447275,-4.16560319514644,10.8807096016783
"W37205","14Mo",-5.04640338250244,-1.73586577124514,10.3728151076403
"W37206","15Mo",-5.12491527831941,-3.64159608516399,10.8807165225493
"W37207","13Baso",-7.47475109083852,-1.56068589195585,9.04925784485823
"W37208","2Ery",7.4159358059129,1.74103338437577,12.468988233678
"W37209","14Mo",-4.77376983800261,-1.19152407295146,6.96652635840149
"W37210","14Mo",-4.70551069465601,-1.70202399087889,10.352051669093
"W37211","12Baso",-0.903557592776366,0.00744746489777322,2.41284368969083
"W37212","10GMP",-1.4552098461844,-0.404157267880445,1.83965984401864
"W37213","7MEP",0.411680109431614,0.0484387271872588,1.20564643660072
"W37215","2Ery",7.36313934033101,2.61323408144773,9.22894871907193
"W37216","4Ery",5.16105065096984,1.38691443300511,8.64376926356911
"W37217","3Ery",6.30170282150007,0.520839423892444,11.3063112567583
"W37218","16Neu",-4.86885927465423,-3.78420077187673,10.8807234434203
"W37219","5Ery",6.7891949620719,0.533019578730701,11.0737447906274
"W37220","2Ery",7.77742218762175,0.657901082474223,11.4926471305905
"W37221","3Ery",5.46647165949961,0.888146513774104,11.3063181776293
"W37223","2Ery",8.32727619640285,0.957231073065397,12.3804145175765
"W37224","14Mo",-4.71255064830055,-1.68215560403358,10.3541283059409
"W37225","14Mo",-6.26567395195781,-1.55172866328754,8.94952828586718
"W37226","8Mk",-0.591153853631306,2.17311881702355,2.91088029142681
"W37227","5Ery",7.20497192908463,0.748171701305759,11.4491842832247
"W37228","7MEP",1.06720927625518,0.347045032997512,2.24450077619993
"W37229","7MEP",-0.145119782052821,0.475362224114435,0.429325707256079
"W37230","16Neu",-5.42089444965317,-4.17660843058312,10.8807303642913
"W37231","2Ery",7.54436200315465,0.95604629256634,12.0847790141938
"W37232","13Baso",-4.81712551736185,0.328658317389521,5.76461980198088
"W37233","5Ery",5.69403091541379,0.953770708834987,10.6690308344751
"W37234","5Ery",6.28949314574066,0.570262424228691,11.3063250985003
"W37235","14Mo",-5.01877980783081,-3.73113971962489,10.8807372851623
"W37236","6Ery",2.37065334940009,0.757357290554346,3.66392335801685
"W37237","14Mo",-5.11859954772148,-1.36996045604142,6.82247122749818
"W37238","7MEP",0.544688461096043,0.707122523603872,1.23603302392723
"W37239","2Ery",8.17879328836134,1.42125379345238,12.468995154549
"W37240","13Baso",-4.74086071709097,-0.647768178701131,6.46108343024955
"W37241","2Ery",8.5668760347374,1.11380590003634,12.46900207542
"W37242","14Mo",-4.7437892028223,-1.13202900903691,6.96653327927248
"W37243","2Ery",7.35547324424608,0.419721795287981,11.4926540514615
"W37244","15Mo",-5.43499456067534,-3.43537024342062,10.8807442060333
"W37245","3Ery",5.39356456570942,1.20176218770467,8.6437761844401
"W37246","5Ery",5.35677640516734,0.758486821547502,11.3063320193713
"W37247","10GMP",-0.18836113907202,1.34418116841848,0.502342218091352
"W37248","6Ery",2.97306815736524,0.709341172016368,4.25134094378697
"W37249","15Mo",-6.99891443601405,-0.960314324172336,9.04926476572922
"W37250","1Ery",8.14099923630781,3.15231743021573,12.469008996291
"W37251","4Ery",5.80202074703986,3.60931917366441,7.92046618318205
"W37252","12Baso",-0.741197203683469,0.396498197185696,0.971527439418698
"W37253","4Ery",6.52635394160873,3.55421967242307,9.34807940760032
"W37258","13Baso",-7.26517876361577,-0.679389232459669,9.04927168660021
"W37259","6Ery",5.37614622046541,3.18319666727779,7.92047310405304
"W37260","3Ery",2.13216250543406,-0.147293359129485,3.43059098897204
"W37261","8Mk",-0.709180503065774,1.39874922945062,2.93532158124585
"W37262","6Ery",4.82609060855994,2.67319676148576,7.34005225706101
"W37264","3Ery",6.18532496991834,3.75085718510911,8.17499012033679
"W37265","3Ery",6.01845208915153,3.58701654214699,8.17517136335769
"W37266","4Ery",6.81964539975278,3.6132772153712,9.34808632847131
"W37267","16Neu",-6.72494435400376,-4.46271983799939,10.8807511269043
"W37268","7MEP",0.906653979749853,0.762414916237359,2.35128789008025
"W37269","3Ery",7.18200026120368,3.95217772533818,9.3480932493423
"W37270","15Mo",-6.80234823818284,-3.74277662957153,10.8807580477753
"W37273","10GMP",-3.22427105198228,-0.309811298308638,3.86954477650207
"W37274","12Baso",-1.94980849807349,0.571334852424601,2.75524332571083
"W37275","3Ery",7.41757613060459,3.5445062234594,9.34810017021329
"W37276","3Ery",6.44461118007156,3.41678310646448,9.34810709108428
"W37277","14Mo",-7.52436121485261,-1.50248754866555,9.0492786074712
"W37278","9GMP",-2.7901132330933,0.664091562943317,4.54733611666061
"W37279","12Baso",-1.68909429969577,0.424475934454241,2.87047149604137
"W37280","15Mo",-6.73278904758558,-4.47324645085819,10.8807649686463
"W37281","15Mo",-7.00250773995924,-3.89777475565249,10.8807718895173
"W37282","2Ery",7.39918910438257,2.11634836700291,12.469015917162
"W37283","14Mo",-6.49614660311009,-1.6029313678422,8.96896680288476
"W37284","4Ery",7.64692034869898,1.59791589489996,12.469022838033
"W37285","3Ery",6.66572814496423,3.67144745440814,9.34811401195527
"W37286","14Mo",-7.51856426599839,-1.13942259517239,9.04928552834219
"W37288","14Mo",-7.42507342974682,-0.95936807444256,9.04929244921318
"W37289","8Mk",-0.822639116439777,2.16772394752527,4.00075741915177
"W37290","16Neu",-6.04251229849829,-4.92793490441213,10.8807788103882
"W37291","10GMP",-1.91644823681454,-0.369418100429029,2.37998201521234
"W37292","2Ery",7.10338823858829,1.59769900595081,12.1516307771368
"W37293","2Ery",7.56531563033864,2.06709183282232,12.469029758904
"W37294","3Ery",5.73732317479284,3.32962577363392,7.92048002492403
"W37295","9GMP",0.654319831888571,0.883670044360532,1.306110164071
"W37296","15Mo",-6.84171046638354,-4.2296716063227,10.8807857312592
"W37297","14Mo",-7.41639109861691,-0.788252813814989,9.04929937008417
"W37298","5Ery",5.95153898350813,1.02069663040651,10.7533862806215
"W37300","14Mo",-4.55825614976733,-1.08154818669314,6.79874959359822
"W37301","2Ery",7.2221221350021,1.78555966479183,12.4606131138556
"W37302","13Baso",-7.01119317630907,-0.562364302061166,8.39083446023174
"W37303","14Mo",-7.25469893609925,-0.785960963119304,9.04930629095516
"W37304","14Mo",-7.56468997122845,-1.18471492019656,9.04931321182615
"W37305","14Mo",-7.12400889398266,-3.16932364371809,10.8807926521302
"W37306","2Ery",7.3977659812219,2.95965731702518,9.18212686008378
"W37307","2Ery",8.0165590326315,1.98533088751832,12.469036679775
"W37308","13Baso",-5.04360490734946,-1.3154954955947,6.96654020014347
"W37309","6Ery",2.21552868292179,0.608911696488907,3.58076207870311
"W37310","7MEP",0.294737394025814,-0.0241679852886061,0.00951560099934995
"W37311","7MEP",0.493182601586465,0.0856823414135116,1.26929280273442
"W37312","13Baso",-4.25865428358132,0.408382589164929,5.25135707888862
"W37313","3Ery",5.89831013981703,3.62029807840332,7.92048694579502
"W37314","3Ery",3.85864220662177,1.20370149955832,5.84748662383609
"W37315","14Mo",-4.89120342110032,-0.778267079278495,6.73260725689018
"W37317","2Ery",1.68817488089297,-0.129136849218039,2.51015837992639
"W37318","2Ery",8.0803106995355,0.953813732609466,12.1820935325156
"W37319","8Mk",-0.782595330424898,1.87242639102796,2.90303301637942
"W37320","7MEP",1.30728983407587,0.847717066432131,2.97208867703951
"W37322","16Neu",-5.71271066325308,-4.71036178077613,10.8807995730012
"W37323","5Ery",5.33805394760978,1.22701599656584,8.64378310531109
"W37324","14Mo",-5.97305737455367,-1.03776828836354,7.91959265804273
"W37325","2Ery",6.15697308901778,0.79925504403047,11.3063389402423
"W37326","14Mo",-5.50748156478243,-1.7937536879768,9.04794748082979
"W37327","8Mk",-0.963127323651284,1.46701779091932,2.91862509609951
"W37328","7MEP",0.603764697240807,1.04618908547486,1.24384394644253
"W37330","14Mo",-6.26871797767296,-2.62324762766315,10.8808064938722
"W37331","12Baso",0.176996874816351,-0.0210841219098611,0.102887345177571
"W37332","13Baso",-5.20130095875309,-0.388089092089343,6.54964065616941
"W37334","12Baso",-0.737690907629827,1.33800183557438,2.93532850211684
"W37335","13Baso",-6.13165347396476,-0.261909753970891,7.82813165637912
"W37336","4Ery",5.72734138095413,3.28818489644279,8.1752293487396
"W37337","14Mo",-7.109557677874,-1.45282775240287,9.04932013269715
"W37338","2Ery",7.51358753468742,2.77189041911739,12.469043600646
"W37339","5Ery",6.57663383429978,1.03932786402024,10.8071854833997
"W37341","16Neu",-5.87347053967736,-4.56665455265834,10.8808134147432
"W37342","3Ery",6.03901754665994,3.49399851582266,8.17309070019769
"W37344","3Ery",6.13952517134101,2.40689508915217,9.27000055423999
"W37345","4Ery",6.62246507132127,3.70532640269334,9.34812093282626
"W37346","3Ery",6.97715963724621,3.51515453995899,9.34812785369725
"W37347","6Ery",2.93320169263141,1.21806080454174,4.29160538305227
"W37348","15Mo",-6.88155242689033,-3.75752934413869,10.8808203356142
"W37349","17Neu",-1.38115930985875,0.531426286864026,2.93533542298783
"W37350","14Mo",-6.3724242254347,-0.615089331852585,8.02435675970109
"W37353","4Ery",6.56109052025344,3.79207528773807,9.34813477456825
"W37354","9GMP",-3.19313642963747,-0.140942572917952,3.89096733195245
"W37355","7MEP",1.11333455452237,0.614068543189285,2.14420000829733
"W37356","7MEP",0.576832567587922,0.369323924991365,1.30443692410159
"W37357","14Mo",-7.05887793498311,-2.5637703381817,8.98385584675791
"W37358","13Baso",-6.73328867503765,-0.704517316994215,8.37284345620022
"W37361","4Ery",5.92928674025006,3.68836571513202,7.92049386666601
"W37362","13Baso",-3.16176605364922,-0.592952266715334,3.90966118044126
"W37363","14Mo",-6.23068407928463,-0.476298665202573,7.82813857725011
"W37364","3Ery",6.4873717071907,1.3791887655607,10.3705651990878
"W37365","2Ery",8.05674646626228,1.36654174437577,12.469050521517
"W37366","3Ery",5.80590698445156,3.6117125190752,7.920500787537
"W37367","14Mo",-7.23667058467602,-1.32960450766288,9.04932705356814
"W37369","6Ery",5.46908804931275,3.30425629346644,7.92050770840799
"W37371","2Ery",7.85279161971637,0.869535421608956,12.1232576589204
"W37372","10GMP",-4.85751964000335,0.398470156897659,6.78146109554234
"W37373","13Baso",-5.82553604606913,-0.461986287121875,7.87013482679779
"W37374","5Ery",4.60689595446715,1.87915852674101,6.73269186480722
"W37375","7MEP",0.891955324074438,-0.0527024883906812,2.51488903928501
"W37376","13Baso",-7.34532687876073,-1.02332642976704,9.04933397443913
"W37377","3Ery",6.60805041885061,3.82723021318504,9.34814169543924
"W37378","2Ery",7.63268381612557,1.49522457648488,12.4507655482561
"W37379","14Mo",-5.79041961121947,-1.1858573979801,7.94377834829468
"W37380","3Ery",7.63474927666635,2.33301738436299,12.4690574423879
"W37381","2Ery",7.57361376529393,1.52456037852059,12.4378958927242
"W37382","10GMP",0.531188105983193,-0.0360028977139778,1.31601596317365
"W37384","13Baso",-7.29398237827677,-0.655609051024846,9.04934089531012
"W37385","14Mo",-7.80117275093148,-1.18669549267605,9.04934781618111
"W37386","4Ery",6.9438037597926,2.13210245450182,9.22895563994292
"W37387","5Ery",6.16155143675263,0.561950754702588,11.3063458611132
"W37388","18Eos",-1.92273387041302,0.878116002044208,2.77874676616818
"W37389","2Ery",6.76009606511667,0.548055826104112,11.085959853792
"W37390","14Mo",-5.78149909057457,-3.56343854164279,10.8808272564852
"W37391","3Ery",6.12271586063028,3.69296190212067,8.17512016657182
"W37392","13Baso",-4.55846217476955,-0.396078678883481,6.25332240422016
"W37393","5Ery",5.8945911709757,1.97802048837569,8.64379002618208
"W37394","12Baso",-1.81161086004966,0.697296834726798,2.777988849314
"W37395","5Ery",4.19913817290595,0.769644552410391,6.93413655979337
"W37396","2Ery",6.72830171784102,1.40282952426243,10.353123624514
"W37397","7MEP",0.491591365213085,-0.0234223804525255,1.28135965393799
"W37398","5Ery",1.91851666170245,0.557014843743804,3.19376147601689
"W37399","16Neu",-5.37940026197345,-4.55804464578946,10.8808341773562
"W37401","15Mo",-7.05851101191938,-3.57192892227642,10.8808410982272
"W37402","14Mo",-5.75108926922074,-3.06162116853142,10.8808480190982
"W37403","5Ery",5.92814360012464,1.69938962436467,8.64379694705307
"W37405","16Neu",-6.43390338603434,-3.0024970682668,10.8808549399691
"W37406","2Ery",7.30350646579702,1.04261563830283,12.0330983744501
"W37407","2Ery",7.99355460638065,1.516490985565,12.4690643632589
"W37409","6Ery",4.09356050008045,2.22988892623197,6.33644741414488
"W37410","2Ery",7.49811214091407,1.75242772477831,12.4690712841299
"W37411","5Ery",6.30107639351242,1.55365134014451,10.5346405665161
"W37412","14Mo",-4.95814622112089,-0.688161644995812,6.68647286709679
"W37413","2Ery",7.75254248476714,2.23867412343017,12.4690782050009
"W37414","3Ery",5.01772116144502,2.85474095428608,7.71275824506686
"W37415","5Ery",5.69371557255616,2.31568087609457,8.76666049106665
"W37417","16Neu",-6.51500004070181,-4.40488707869831,10.8808618608401
"W37418","10GMP",-3.56175050232502,0.584836410770224,4.43081994264697
"W37419","14Mo",-5.45302019601693,-1.51155447621871,9.00443746462948
"W37420","1Ery",8.87419968108319,1.64319375734966,12.4690851258719
"W37421","2Ery",7.70568025683869,0.716124925891952,11.4926609723325
"W37422","3Ery",7.23344661588446,3.53771515872016,9.34814861631023
"W37424","15Mo",-6.29472523060616,-4.29390628031248,10.8808687817111
"W37425","7MEP",-0.246923148328314,0.703680819663203,0.502349138962342
"W37426","4Ery",6.28204864934795,1.67040682053111,9.96035034779558
"W37427","7MEP",0.368275835419796,-0.11347707018156,1.18922220487179
"W37428","5Ery",4.89109537359854,1.29733722159646,6.93414348066436
"W37429","2Ery",6.758368316423,0.9289091511651,11.1656582440437
"W37430","13Baso",-4.98104853382867,0.352110645349816,6.78146801641333
"W37431","14Mo",-6.57551883168993,-1.90205887391307,8.93100981485287
"W37432","15Mo",-6.95473198713981,-1.53496162563136,9.03438873180359
"W37433","2Ery",7.26011145697479,2.12026390538779,12.4690920467429
"W37434","14Mo",-4.50188724204173,-1.56864442136988,6.96654712101446
"W37435","6Ery",3.62642513198482,1.62200562181148,6.07315187973815
"W37436","12Baso",-1.85878169243484,0.459492683946661,2.80681571365014
"W37437","2Ery",6.92331170059526,2.20771327890431,9.22896256081392
"W37442","6Ery",3.10176758039376,1.43040411870709,5.28585592112787
"W37443","14Mo",-7.40585328562112,-1.84299821501307,9.03941886417083
"W37446","6Ery",2.13610750025598,1.00702544835062,3.70987896420691
"W37449","17Neu",-1.30017335700792,0.412826787931279,2.16919382526819
"W37450","6Ery",4.68607370105992,2.40491964153307,7.15441112160111
"W37451","6Ery",0.993107131196469,-0.225532759160896,2.43157886678272
"W37452","9GMP",-1.70971691281891,-0.250978969928883,2.07593740577705
"W37453","3Ery",5.55417478718369,3.31927232856234,7.92051462927898
"W37454","14Mo",-6.48411642671021,-0.786003275099445,8.302160708574
"W37455","6Ery",3.8209479019296,2.23990397584193,6.252234910367
"W37456","15Mo",-7.08013007674182,-3.43432834373718,10.8808757025821
"W37457","15Mo",-7.28971641074112,-3.21287328090594,10.8808826234531
"W37458","13Baso",-7.50782685928492,-0.965279877528127,9.0493547370521
"W37459","3Ery",6.91128031531465,2.13860055476135,9.22896948168491
"W37460","16Neu",-5.29984920753246,-4.40437497395567,10.8808895443241
"W37461","7MEP",0.68913184298341,0.768565187903103,1.34933855930994
"W37462","3Ery",6.69494363073052,3.88442900602649,9.34815553718122
"W37463","13Baso",-7.43292529392276,-1.78118142433113,9.04936165792309
"W37465","3Ery",6.5028825590629,3.76879415396615,9.34816245805221
"W37466","14Mo",-6.39084159432202,-2.3861692276763,9.03907312912064
"W37467","14Mo",-6.7147994760784,-0.666532673695989,8.31533831099595
"W37468","8Mk",-0.968163982629668,1.71208200703743,2.87072444451736
"W37469","16Neu",-5.27562903354527,-3.85249862873762,10.8808964651951
"W37470","14Mo",-6.30502917740797,-3.06663589316413,10.8809033860661
"W37471","17Neu",-1.34773875448269,0.47754378101443,2.93534234385882
"W37473","3Ery",6.99081211603106,3.69646428808003,9.3481693789232
"W37474","5Ery",5.89705538238095,1.10073134588282,10.8344472386888
"W37475","10GMP",-3.09456671734818,0.346646323435698,3.94940992531463
"W37476","16Neu",-5.47105179050591,-4.18031248528757,10.8809103069371
"W37477","2Ery",6.54999055742176,1.00083469011669,10.7653095305304
"W37478","14Mo",-4.6975237853044,-2.08540149904964,10.3209260308564
"W37479","6Ery",2.80636507517828,1.06920815144652,4.33671341067674
"W37480","14Mo",-6.83787073805062,-0.806022739071094,9.04936857879408
"W37481","13Baso",-7.7344362297421,-0.904276599398135,9.04937549966507
"W37482","5Ery",4.80178967719089,1.77026983988946,6.8982258354099
"W37483","10GMP",-1.27468651525787,1.2454804931955,2.85538383435959
"W37484","7MEP",0.630993560362128,-0.0562055875444346,1.40191579356966
"W37485","2Ery",6.73767731701381,0.598538353580813,11.1081584400259
"W37486","2Ery",7.23379661725758,0.991991146944312,12.1042628323076
"W37487","2Ery",7.92025191714615,1.55664038650912,12.4690989676139
"W37488","14Mo",-7.03179508874851,-1.85776797706288,8.99245235244595
"W37489","7MEP",2.03576573184743,1.03806501276235,3.60656611035397
"W37490","8Mk",-0.813877033752891,2.11519851179707,2.846746398266
"W37491","14Mo",-5.71885672669602,-1.3784383464044,8.9458644738802
"W37492","2Ery",6.91857015391703,0.544698841779225,11.1048467787682
"W37493","2Ery",7.18387350737969,1.42673566933638,12.018914813074
"W37494","14Mo",-6.14096993511569,-2.18783552402164,9.03606837743291
"W37496","13Baso",-5.70977756047299,-0.079852169485539,7.84058560790288
"W37497","7MEP",-0.427984012551582,1.4963572432513,0.502356059833333
"W37498","4Ery",6.74764165408381,3.57500106840515,9.34817629979419
"W37499","13Baso",-5.89822830643847,-0.253807343351718,7.82879971855325
"W37500","13Baso",-5.33906243932134,-0.93837692941353,6.98281179193623
"W37501","5Ery",4.7111469921484,1.14956140092304,6.93415040153535
"W37502","2Ery",7.67383316148028,1.23038216995069,12.1793448440581
"W37503","18Eos",-2.64457339712795,1.92639111648503,4.00076434002276
"W37504","15Mo",-6.61884366675052,-3.88801045197112,10.8809172278081
"W37505","5Ery",5.00985984169606,2.45197947409629,7.32397632074802
"W37506","7MEP",0.706911971921933,-0.107978810576735,1.47175534970409
"W37507","2Ery",8.34636402045052,1.00139390816061,12.4461065992125
"W37508","13Baso",-6.20454700076208,-0.594630548618443,7.88733381330261
"W37509","14Mo",-5.41150920782876,-1.33256138389817,7.15056257958293
"W37510","6Ery",1.8241476740946,0.630250976119864,3.12144657430161
"W37511","5Ery",4.78721242552086,2.48902026546951,7.12518848302927
"W37512","4Ery",6.23128379297137,2.14564878911352,9.13487911273542
"W37514","13Baso",-5.70367284687913,-0.338615106027853,7.8762924305028
"W37515","7MEP",1.77614097096696,0.433840591630564,3.04029786700391
"W37516","5Ery",2.37659277596823,0.557226651057384,3.5767243829072
"W37517","5Ery",6.84149521698031,0.684057326710856,11.0737517114984
"W37518","10GMP",-2.61298066642181,0.658596249245354,4.5473430375316
"W37519","16Neu",-5.9799379330419,-4.19867960283659,10.8809241486791
"W37520","2Ery",6.46648227840279,2.14004137937473,9.21297722080176
"W37521","14Mo",-6.33085379982737,-2.61635489498624,10.88093106955
"W37522","3Ery",6.84561648069527,3.17657266752237,9.34818322066518
"W37523","2Ery",6.40052495583377,1.56968369139534,10.5323422178629
"W37524","10GMP",-3.55014756763936,-0.0785058646652564,4.04186451995507
"W37525","16Neu",-6.08043881007379,-4.73652842576891,10.880937990421
"W37526","8Mk",-0.3271102406853,0.983065426491928,0.502362980704323
"W37527","6Ery",3.43478384508176,1.29169858916424,5.34039119923427
"W37528","15Mo",-7.14769048893872,-1.75745276633016,9.02218363726982
"W37529","5Ery",5.83210389555134,2.42417977739785,8.77558139692133
"W37530","10GMP",-3.58323791210644,-0.47177495957364,3.97671582831052
"W37531","7MEP",0.887848952512265,-0.120819784855001,2.53182853243985
"W37532","14Mo",-6.02701157217286,-0.647259607114696,7.85744434785979
"W37534","2Ery",6.93246051270641,2.30133422335327,9.2289764025559
"W37535","15Mo",-6.05051898628467,-3.79055215519965,10.880944911292
"W37537","3Ery",6.44515422644256,3.85068552885597,9.34819014153617
"W37538","6Ery",4.03185407070786,1.69058668766462,6.63742458015096
"W37539","1Ery",8.60799291502357,2.53080826199416,12.4691058884849
"W37540","2Ery",7.08653658738353,3.53296991775621,9.34819706240716
"W37541","3Ery",7.20889172699254,3.60791664745724,9.34820398327816
"W37542","4Ery",6.53337182595621,3.57914453868843,9.34821090414915
"W37545","6Ery",4.07367147108434,2.56221941068054,6.51927668430361
"W37546","13Baso",-7.10210881000218,-0.664450359192071,9.04938242053606
"W37548","3Ery",6.58275123899699,2.12742282317538,9.22898332342689
"W37549","5Ery",5.28427859573352,1.65502631398112,8.64380386792406
"W37551","14Mo",-5.41338700060007,-3.07354462017192,10.9219037204728
"W37552","13Baso",-7.44780996946011,-1.93964030014586,9.02910836452482
"W37553","13Baso",-7.64666128086734,-1.08887217921946,9.04938934140706
"W37554","3Ery",6.42842982463573,3.46228197217829,9.34821782502014
"W37555","4Ery",5.58383296178784,1.25984554984782,8.64381078879505
"W37557","7MEP",1.00592091597031,0.513358389125273,2.28386611127789
"W37558","10GMP",-2.00059986553564,-0.170102601721819,2.38945554069124
"W37561","3Ery",6.32153746063348,3.51222056430986,9.34822474589113
"W37562","13Baso",-5.24681668908864,-2.64332634557122,11.5219435637261
"W37563","2Ery",6.84973887235565,1.221449448414,11.0133441353428
"W37564","13Baso",-5.53864836280531,-0.756979550039717,7.17289160580409
"W37565","2Ery",7.0051148260195,1.96101832874866,10.3296452006389
"W37566","4Ery",6.12436262522575,3.5193337136432,8.17194556141383
"W37567","10GMP",-2.85022134630631,-0.404684121423546,4.04483221493861
"W37568","16Neu",-6.6136491147214,-4.49440046099207,10.880951832163
"W37569","14Mo",-7.04930733601192,-3.50641671952381,10.880958753034
"W37570","16Neu",-6.37407319452671,-3.9639866383214,10.880965673905
"W37572","10GMP",-1.62188568230629,-0.116794543548843,1.90802478356207
"W37573","2Ery",6.37575514559409,1.11865062820051,10.8794895975236
"W37574","2Ery",7.7113444426873,1.47902523808414,12.4691128093559
"W37575","6Ery",3.3527512283837,1.59349260244658,5.15968816000692
"W37577","3Ery",6.77355788998991,3.72114921471613,9.34823166676212
"W37578","14Mo",-6.59947017959094,-1.10154545681525,9.04939626227805
"W37579","14Mo",-5.1346153084998,-2.44656488606557,10.3221547662775
"W37580","15Mo",-5.21637932286225,-3.68751946113761,10.880972594776
"W37581","10GMP",-4.09598486970787,-0.199700284846472,5.25124656098414
"W37582","13Baso",-5.99759317825212,-0.516579015205818,7.84545059660363
"W37583","3Ery",5.54253203105288,3.32817517905701,7.92052155014997
"W37584","7MEP",0.751511719845043,0.730397183981604,1.40616088429962
"W37585","13Baso",-7.33346627283477,-0.756291998054995,9.04940318314904
"W37586","2Ery",8.62491109074324,1.39470362834828,12.4691197302269
"W37587","14Mo",-5.45155370885031,-1.04666346974429,7.13513064076554
"W37588","14Mo",-6.1353254721961,-0.802233240138453,8.08716947339214
"W37589","15Mo",-5.69959186186681,-1.64325698239625,8.99590406918341
"W37591","4Ery",6.34022130916834,2.1537159149357,9.19296270343744
"W37593","15Mo",-6.66368905957484,-3.69733522144168,10.880979515647
"W37594","14Mo",-6.17355221699256,-0.420173007517398,7.8281454981211
"W37595","10GMP",-2.11461311967949,-0.442280649519963,2.48566765142567
"W37596","13Baso",-4.27762997614793,-0.635166845488105,6.25332932509115
"W37597","16Neu",-5.56028536284157,-4.07912915928787,10.880986436518
"W37599","8Mk",-0.691327921484452,2.13903986792556,2.88355723914571
"W37601","13Baso",-7.12553186622401,-1.19464722832527,9.04941010402003
"W37602","5Ery",5.0108204815549,1.41288486730931,6.8268206069953
"W37603","6Ery",3.77991184270048,0.876965101183753,4.89311490739124
"W37604","14Mo",-4.86668174685952,-0.780934481641565,6.71530269526945
"W37605","2Ery",6.60492379800762,1.14680367105415,10.9215897182418
"W37606","6Ery",3.96666992855737,1.93851748552693,6.37364579608993
"W37607","3Ery",5.39618462841881,3.29461259057519,7.92052847102096
"W37608","14Mo",-4.46258383230717,-1.68651966374101,10.3365908029381
"W37609","7MEP",1.03249643802428,1.10895578888378,2.9720955979105
"W37610","7MEP",0.532086697255535,-0.115511467035292,1.32652729082962
"W37611","14Mo",-5.92835699417977,-0.703123152250992,7.88324457829922
"W37612","5Ery",5.33483515561023,0.512304144671185,11.3063527819842
"W37613","13Baso",-6.12603216350228,-0.59764915670513,7.83242965753102
"W37614","2Ery",7.12317057433062,1.14363531053406,11.9531864203168
"W37615","16Neu",-5.6214065744963,-4.38860874347817,10.880993357389
"W37617","12Baso",1.3180234103227,0.169726345616124,2.13847823278835
"W37618","14Mo",-6.28680911027267,-2.69335105819188,10.88100027826
"W37619","8Mk",-0.672301079983121,1.98097685806598,2.91975756800641
"W37620","4Ery",6.80778379080575,1.61308362205215,10.5055659503536
"W37621","3Ery",6.28864389250513,2.20014774142972,9.17683689311897
"W37622","2Ery",6.74449400138669,2.09923944167826,9.22899024429788
"W37624","14Mo",-6.60431960507839,-0.969717009893092,9.04941702489102
"W37625","7MEP",-0.406253267411526,-0.105898758386546,0.687151480455504
"W37627","7MEP",-0.749680554067387,2.03732264945112,2.88305364139925
"W37628","10GMP",-0.460332218080388,0.829967016197711,0.569021388464742
"W37629","13Baso",-6.13858296319648,-0.465236349991323,7.82815241899209
"W37630","2Ery",8.0180452659889,1.47153524759451,12.4691266510979
"W37631","2Ery",7.98999394149174,1.90186994067906,12.4691335719689
"W37633","3Ery",5.93370946666181,3.36810452192609,8.17278230401062
"W37634","3Ery",6.14271564327626,3.67153818910521,8.17435088779957
"W37635","6Ery",4.13839022236178,2.23166799294442,6.39120167161379
"W37642","7MEP",0.263031905539155,0.158944607858535,0.0612625258872598
"W37644","8Mk",-1.16158230488676,1.13493799505089,2.91433723307811
"W37650","2Ery",1.65937876736914,-0.071330233638955,2.48221715333361
"W37651","1Ery",8.64491946142767,2.41590421622636,12.4691404928398
"W37653","9GMP",-2.64581347368893,0.126880463962212,4.04992688604674
"W37654","13Baso",-7.35041889510422,-1.01577990440697,9.04942394576201
"W37657","15Mo",-5.52906076667705,-2.08911067342471,10.3778167097401
"W37658","6Ery",3.61393901645418,1.70222664416191,6.08339375075333
"W37660","13Baso",-7.06562102621131,-1.77265852932858,9.00996130579493
"W37661","3Ery",6.53592332442794,3.0879408335852,9.34823858763311
"W37663","16Neu",-6.38033157281622,-4.09635481461212,10.8810071991309
"W37664","14Mo",-6.89003526010892,-1.19538970014162,9.049430866633
"W37665","5Ery",5.80637212369238,1.64019008672669,8.64381770966604
"W37666","7MEP",0.890760009787678,0.312807483876147,2.45035053878636
"W37667","13Baso",-6.41002458486627,-0.889808192020157,8.37559829277893
"W37668","4Ery",5.06329814842316,2.33499733049972,7.26955721582488
"W37669","13Baso",-6.70286581453345,-1.35807494606899,9.03237009792121
"W37670","2Ery",6.80633812162209,2.80251028710846,9.3482455085041
"W37673","15Mo",-6.00151704771441,-3.81154544725946,10.8810141200019
"W37674","7MEP",-0.515845365170126,0.47407335893199,0.700445651515885
"W37675","3Ery",6.42443437765501,2.94966148592805,9.34825242937509
"W37676","10GMP",-3.24380954236146,0.386514571788259,4.01524104632594
"W37680","13Baso",-7.06097943034914,-1.44303918876268,9.04943778750399
"W37682","3Ery",6.82994649283243,2.76783967976418,9.34825935024608
"W37683","1Ery",8.53295361476946,2.74652616024705,12.4691474137108
"W37684","13Baso",-4.23574258245283,-0.386084668344924,6.26284436737627
"W37685","13Baso",-4.97531311614771,-0.131439060960899,6.48556950941878
"W37686","7MEP",1.10899537424939,0.744859892745741,2.97210251878149
"W37687","16Neu",-5.94765240316882,-2.78611325139708,10.8810210408729
"W37689","14Mo",-7.2054377771674,-1.78803613324232,9.02422401015335
"W37691","3Ery",7.60590286209625,3.45112541812628,9.34826627111707
"W37692","2Ery",7.42775500546112,2.87413679804275,9.20284180515738
"W37693","1Ery",8.53945756812508,2.63639183120448,12.4691543345818
"W37694","13Baso",-7.15705251151983,-0.997169016096968,9.04944470837498
"W37696","15Mo",-6.41178542227961,-4.02649761300738,10.8810279617439
"W37698","8Mk",-0.971301430619055,1.79643381064328,2.85376557528406
"W37699","2Ery",7.87659945026199,3.16803723042593,12.4691612554528
"W37700","14Mo",-6.92260562858166,-1.25983361738088,9.04945162924597
"W37701","14Mo",-6.68302706935016,-1.58176872246357,8.99458371656961
"W37702","14Mo",-5.02711204542937,-1.87383657555277,10.3604423827395
"W37704","9GMP",-3.29905890359844,0.601600600383949,4.32640852465888
"W37706","14Mo",-7.44514694878296,-1.44985657140636,9.04945855011696
"W37707","14Mo",-5.99844756419516,-3.25296488984439,10.8810348826149
"W37708","2Ery",7.3034312678329,1.94209376394604,12.4691681763238
"W37709","7MEP",0.436736272483984,0.230483258998406,1.20425044048322
"W37710","2Ery",7.77302175899628,3.0048840611074,12.4691750971948
"W37711","16Neu",-5.5218574244276,-4.36716764685186,10.8810418034859
"W37712","10GMP",-3.91065918022438,0.562644701768974,5.61475181541884
"W37713","6Ery",2.15188480738158,0.635539536685525,3.51914896522011
"W37714","2Ery",7.8181258367463,2.63091159782438,12.4691820180658
"W37715","15Mo",-6.30162890292339,-1.92862777587736,8.96861206871597
"W37716","14Mo",-4.49089629659184,-0.672934097947065,6.28248540106116
"W37717","15Mo",-6.27917694698084,-3.89356541366531,10.8810487243569
"W37718","3Ery",5.53153544302828,1.3058834485063,8.64382463053703
"W37719","12Baso",-1.80014604460233,0.376187949178774,2.84217876246396
"W37720","2Ery",7.00558150104314,2.66070522987267,9.18618478155085
"W37721","13Baso",-5.05681653513942,0.269660705369235,6.78147493728432
"W37722","13Baso",-6.03344641479831,-0.570319806606959,7.84598834480775
"W37723","7MEP",0.263581545806949,0.467062657584329,0.10577149846823
"W37724","6Ery",4.06016518049966,1.43599481749569,6.91284531994855
"W37725","5Ery",5.52343317698889,1.95384643160067,8.68374958030727
"W37726","2Ery",8.65127118753776,1.94447549598844,12.4691889389368
"W37728","14Mo",-5.83955799757393,-2.0737432279405,9.05491470560971
"W37729","12Baso",0.353648335147286,0.283857010495365,0.007947515627671
"W37730","2Ery",7.70257762080921,2.79782060263856,12.4691958598078
"W37731","16Neu",-6.15816451185567,-4.35487922806213,10.8810556452279
"W37737","4Ery",5.90778501583778,3.1977829363109,8.17018938976956
"W37738","6Ery",3.05257895859866,0.862115988582702,4.36626259348013
"W37739","13Baso",-4.08006457234899,0.213865791549017,5.4010956276165
"W37745","4Ery",5.70831092419894,1.91190782520919,8.64383155140803
"W37746","2Ery",7.06821611617503,2.59429098564473,9.20765542709454
"W37747","4Ery",7.09359855607061,2.72658309086896,9.18550603996014
"W37748","15Mo",-5.54538778487395,-3.3925875107315,10.8810625660989
"W37753","1Ery",8.60149172907786,2.68078814783351,12.4692027806788
"W37754","15Mo",-6.91937848161226,-3.87237059594302,10.8810694869699
"W37756","13Baso",-5.39420397458345,-0.426291051283466,6.75240126685937
"W37758","15Mo",-5.80883147453508,-4.16486535166062,10.8810764078409
"W37759","3Ery",8.20962997858533,1.39149324634415,12.4692097015498
"W37761","6Ery",3.89743637786659,1.54735568115385,5.79619678775827
"W37762","12Baso",-0.710052459564025,0.132945064644284,0.9867219809506
"W37763","12Baso",-1.23133884376671,0.403687343884537,2.15531962905909
"W37764","13Baso",-4.99033404122303,-2.27658442472454,10.325803146788
"W37765","5Ery",5.256597091848,1.04695879659927,8.64383847227902
"W37766","16Neu",-5.33907354984794,-3.75863269824912,10.8810833287118
"W37769","6Ery",5.64382405798217,2.95948882799232,8.17082425002429
"W37770","13Baso",-6.802347344443,-0.589251881504848,8.28243433674959
"W37771","2Ery",7.86429121499618,3.14840138510682,12.4692166224207
"W37772","14Mo",-7.09073562764881,-1.61256053607416,9.03833424618459
"W37776","3Ery",2.22087118259297,0.068231888330085,3.3952199141692
"W37777","14Mo",-6.01710213254306,-1.60851721164463,8.94825986952388
"W37778","8Mk",-0.233882838695925,1.51223151071075,0.502369901575313
"W37779","2Ery",8.59758089990631,1.40441233013957,12.4692235432917
"W37780","9GMP",-3.19343907732744,-0.350333847251458,3.85210534265425
"W37781","4Ery",5.50710254155841,2.2231380320059,8.771579295061
"W37782","3Ery",4.99536125568702,2.77891431040472,7.61763946012991
"W37786","3Ery",6.09973189890776,2.41511550248216,9.23422314068034
"W37788","14Mo",-6.50674344072334,-1.76911202986775,8.94384638932434
"W37790","2Ery",7.3655695269655,1.4060258475433,12.1381591729077
"W37793","10GMP",-3.90763545171567,-0.0118021702546919,4.45248127648965
"W37794","16Neu",-6.09443159882382,-4.75471245916969,10.8810902495828
"W37795","6Ery",3.622869399507,1.33966567262232,5.22130265535491
"W37796","14Mo",-6.89658536831717,-1.65895694664462,9.00780013692525
"W37797","16Neu",-5.70654851853907,-4.02871303780264,10.8810971704538
"W37798","5Ery",5.52821656268629,2.28391157689116,8.78687048846615
"W37799","10GMP",-2.69867816810937,-0.970161059259045,3.23264949025625
"W37800","16Neu",-6.43529872119821,-1.68929218085756,8.94796986909713
"W37801","12Baso",-0.918535523857357,0.865157693812586,2.93534926472981
"W37803","15Mo",-5.79235667867931,-3.63552253263914,10.8811040913248
"W37804","2Ery",7.22488218191338,2.13011159808649,12.4692304641627
"W37805","13Baso",-7.27355893677783,-1.41433045974931,9.04946547098796
"W37806","7MEP",0.461454110248738,0.539427836854431,1.18700135076785
"W37807","13Baso",-5.13516962065567,-1.13749316780496,6.79158041965932
"W37809","13Baso",-6.35254115022021,-0.350746030591514,7.82815933986308
"W37811","2Ery",7.38730251986245,2.45663012282402,12.4692373850337
"W37812","6Ery",4.65074656907209,2.23161659437088,7.00434389773431
"W37813","14Mo",-6.82343907634945,-1.65084033106516,9.00038301510047
"W37817","5Ery",5.62909116998652,1.14288734026724,10.864033680151
"W37818","16Neu",-5.93871643897129,-4.82138084694786,10.8811110121958
"W37819","5Ery",5.40518778787259,1.80173964761158,8.6574147508831
"W37820","6Ery",3.94497301092444,1.32618114794913,5.75442792326427
"W37821","18Eos",-2.66610974645343,1.92506289025972,4.00077126089375
"W37822","14Mo",-7.07672929701344,-1.31633071596187,9.04947239185895
"W37825","14Mo",-7.1563962259851,-2.39422590223841,8.94068678996798
"W37826","13Baso",-7.69657307136138,-0.933980679085325,9.04947931272994
"W37828","15Mo",-6.65323962238529,-3.96748575972773,10.8811179330668
"W37830","2Ery",2.03636560714605,-0.130879916974029,3.43059790984303
"W37833","2Ery",7.77861365377022,3.29518873670136,12.4692443059047
"W37835","13Baso",-5.63581546607791,-0.0157761085952057,7.84576907910877
"W37838","3Ery",1.83895082891415,-0.138629780571375,3.43060483071402
"W37841","2Ery",7.78239691719624,2.77298140062414,12.4692512267757
"W37842","15Mo",-6.09848549483526,-2.22340692673663,9.04798806697767
"W37843","12Baso",-1.76334541225834,0.717295745071981,2.79044180284339
"W37844","7MEP",-0.676656847596022,1.27222790084004,0.730097247680843
"W37847","3Ery",1.71510665150464,-0.181556342477645,2.53633745117012
"W37848","4Ery",1.78004473935821,-0.160089811120536,3.43061175158501
"W37849","15Mo",-6.42603262443952,-3.93992501475878,10.8811248539378
"W37850","14Mo",-6.72669998635085,-1.47482730823026,9.01675181470785
"W37851","4Ery",6.04299818999032,3.27457922393648,8.16906794363563
"W37852","4Ery",6.59167094540706,3.02723115690291,9.34827319198807
"W37853","13Baso",-5.14497992341204,-0.360874349985789,6.47235139645581
"W37854","9GMP",-0.502587908283515,0.737217202206212,0.634869791663038
"W37857","12Baso",-0.897323640599485,0.111713466559336,2.46214128021841
"W37858","2Ery",7.28367969886633,2.7191146791286,9.21310774502535
"W37859","4Ery",5.18453419697648,2.08304478622065,7.15878627974798
"W37860","9GMP",-0.819579181347488,2.06223292376509,2.85479716049913
"W37861","16Neu",-5.96450914246974,-4.25729156073962,10.8811317748088
"W37863","16Neu",-5.52988106513318,-4.50309874864185,10.8811386956798
"W37864","2Ery",7.22987035403809,1.09304379458213,11.9900286804757
"W37865","2Ery",7.14729822113512,2.76997642848442,9.18446773245091
"W37866","16Neu",-6.00028596098639,-4.32403698163639,10.8811456165508
"W37867","7MEP",1.56262022400125,0.715441241780853,2.97210943965248
"W37868","14Mo",-5.33660891553665,-2.27771484903074,10.3494819998079
"W37870","14Mo",-2.71082721426952,-1.21683949335203,3.23265641112725
"W37872","14Mo",-3.89468928694108,-0.457795759881734,4.35727721744558
"W37873","5Ery",5.49098330193441,1.72700769017438,8.64384539315001
"W37874","5Ery",5.59884481218253,1.51589539963677,8.643852314021
"W37875","3Ery",6.57230076867846,2.71024727522046,9.34828011285906
"W37876","3Ery",6.33889579877862,2.88110683963039,9.34828703373005
"W37878","2Ery",8.12728081630636,1.17629859719835,12.4692581476467
"W37879","18Eos",-2.66332863890603,1.91199333473916,4.00077818176474
"W37880","14Mo",-6.63603863076601,-1.43662703744961,9.01196364166467
"W37881","3Ery",6.82995816831425,2.73602792160803,9.14735120801261
"W37882","14Mo",-6.54027134056058,-1.67729456747854,8.96241900739428
"W37883","14Mo",-5.35673325287169,-3.28382325150562,10.8811525374218
"W37885","12Baso",-0.409683870305064,0.484491259252023,0.577746958882299
"W37886","14Mo",-5.90955587679552,-1.94396639774947,9.02249162622895
"W37887","4Ery",6.24792552613955,2.86601646152007,9.34829395460104
"W37888","3Ery",7.04683214735934,3.83837255443577,9.34830087547203
"W37889","14Mo",-6.18794970992724,-1.30241404756446,8.97981405738627
"W37890","7MEP",0.887634711799678,0.633548388296295,2.39604393635219
"W37891","5Ery",1.32776273015692,0.0799931137312434,2.14595321393047
"W37892","12Baso",-2.13613705244677,0.627208632499362,2.82221319312334
"W37893","2Ery",6.95072365920851,2.53097308853559,9.2037762212719
"W37894","15Mo",-6.62737901477405,-1.8124525430483,8.95139614849375
"W37895","14Mo",-5.37643944054598,-3.74777738030008,10.8811594582927
"W37896","3Ery",6.73686336520239,2.61801118530312,9.15745470667985
"W37898","14Mo",-5.8025322592748,-2.00847115239098,9.04801728764832
"W37899","2Ery",7.90012465738269,2.59972171179463,12.4692650685177
"W37900","3Ery",6.23529407121143,3.15423599598472,9.34830779634302
"W37901","2Ery",8.5320197341044,2.312498608844,12.4692719893887
"W37902","16Neu",-5.69641512111945,-4.04915337792237,10.8811663791637
"W37903","7MEP",1.5307880563758,0.494004134347993,2.99601827832834
"W37904","2Ery",7.80873300574419,2.24625491914663,12.4692789102597
"W37906","10GMP",-3.33932407537084,0.0996599056775551,3.99540991730094
"W37907","7MEP",0.0633223821206187,0.143315853187558,0.2165100036086
"W37908","5Ery",2.21106379471234,0.106947150295228,3.35457752947693
"W37909","5Ery",1.49247935681036,0.0816268412237427,2.31516239625918
"W37910","13Baso",-3.77955792956053,0.398726218683424,4.48265751835865
"W37913","6Ery",1.33106653847529,0.163445645350948,2.15170628761844
"W37914","7MEP",0.862245806937862,0.343369322603493,2.47711209110105
"W37915","3Ery",6.20893977319988,2.78359749206941,9.34831471721401
"W37916","10GMP",0.151284201080287,0.0216718066792982,0.129411797918485
"W37917","5Ery",5.48466421955917,0.719250164462996,11.3063597028552
"W37918","5Ery",5.28725725340343,1.04566692800643,8.64385923489199
"W37919","1Ery",8.50162719758864,0.943513890397416,12.4692858311307
"W37921","13Baso",-6.57699544056699,-0.542427236847134,8.07553474699703
"W37922","15Mo",-6.18228177986763,-2.70388850593027,10.8811733000347
"W37923","3Ery",5.31572701868702,1.88129395771163,8.69884266710491
"W37924","6Ery",2.37062700006158,1.09809618570384,3.82454614829235
"W37929","14Mo",-7.06195839412575,-2.73279632259173,10.8811802209057
"W37935","3Ery",5.58514560956238,3.47326411503567,7.92053539189195
"W37937","3Ery",5.61763732665509,3.17636175249463,8.17526942052797
"W37938","3Ery",7.5311148609355,3.31768662085414,9.348321638085
"W37939","16Neu",-5.87173298005824,-4.16687146719594,10.8811871417767
"W37940","3Ery",4.62224403414755,2.12705668570836,6.9052073631415
"W37941","9GMP",-3.5996796359391,0.549347817335165,4.43922670295198
"W37942","14Mo",-5.94696314378195,-2.10471550804936,9.0464386530082
"W37943","12Baso",-0.752368029077895,0.432226996688958,0.977381817276141
"W37945","9GMP",-1.57566686539267,-0.450237383491043,2.00624272827076
"W37946","14Mo",-6.86573201744103,-1.54845518153613,9.02165516591174
"W37948","14Mo",-6.627289890466,-1.83804100705733,8.94730310273333
"W37951","8Mk",-0.113830728325498,1.02960353230739,0.485452519218334
"W37952","5Ery",2.26643991180694,-0.219645011122814,3.430618672456
"W37953","15Mo",-5.68208311225013,-3.96561888802474,10.8811940626477
"W37954","15Mo",-6.19415747480918,-2.36877200082243,9.06162369432341
"W37955","3Ery",7.81462311956356,3.2113833308116,12.4692927520016
"W37956","16Neu",-6.00465096553073,-4.0890843938052,10.8812009835187
"W37957","15Mo",-5.54845484595589,-3.23432942178215,10.8812079043897
"W37959","4Ery",6.28614505649819,2.35755483506945,9.14593242586159
"W37960","3Ery",7.4259411109877,2.74547684258857,9.22754891544518
"W37961","8Mk",-0.744175297779782,2.01401271242409,2.889319354857
"W37962","15Mo",-6.23076909374267,-3.55294555112674,10.8812148252607
"W37963","14Mo",-5.26620410045192,-3.18333472199707,10.9562418748785
"W37964","5Ery",5.92852247796962,2.16756758965035,8.82619958610011
"W37965","3Ery",4.62189225490574,2.45795641576584,7.11057994130433
"W37967","4Ery",1.82308631916606,-0.138836912395245,3.43062559332699
"W37969","2Ery",7.094344317879,2.14522652971042,9.22899716516887
"W37970","8Mk",-1.69709500741282,0.14322046509532,1.95836065454977
"W37971","7MEP",0.944271007937969,0.659358926870409,2.32730582309496
"W37972","10GMP",-4.66059562193421,0.441232542467671,5.89561226273288
"W37974","15Mo",-6.11348461904565,-3.75539964517763,10.8812217461317
"W37975","14Mo",-7.16650486276038,-1.67378887504224,9.03766890242495
"W37977","13Baso",-4.53743646624332,-1.6510440151379,6.96655404188545
"W37978","3Ery",7.55899584840805,3.10209573968459,9.17668082594958
"W37979","7MEP",0.29338211264484,0.546233891985706,0.0937900778438235
"W37980","2Ery",8.32429186119867,1.82738013179402,12.4692996728726
"W37982","13Baso",-6.94435717262889,-1.48865020320255,9.0405135451771
"W37983","2Ery",1.79122865854717,-0.128143982446975,3.43063251419798
"W37984","10GMP",-3.39399076026714,-0.326307252946431,3.93213194678422
"W37985","2Ery",8.48943675334533,2.25363217837488,12.4693065937436
"W37986","2Ery",7.13735203758713,2.53240683600215,9.22900408603986
"W37988","2Ery",7.47174026048142,2.63016820194404,12.4693135146146
"W37989","12Baso",-1.64860652690773,0.447880836453089,2.87971587718952
"W37990","14Mo",-6.71267901305837,-1.51798183311792,9.00820108941494
"W37991","1Ery",8.65041662687068,2.47701222607503,12.4693204354856
"W37992","14Mo",-5.19717410087416,-1.76690581851629,10.3807186124821
"W37993","14Mo",-4.52734681132063,-2.30948742169581,10.3128118435292
"W37994","2Ery",8.45376152041794,2.82738673112873,12.4693273563566
"W37995","14Mo",-6.48194007441818,-2.90624337036712,10.8812286670027
"W37996","16Neu",-6.02832590759597,-3.98206478136463,10.8812355878736
"W37997","14Mo",-6.43717176755032,-1.13138608765292,9.03658901445583
"W38000","8Mk",-0.00309178546878804,1.1014880605331,0.408578013075534
"W38001","16Neu",-5.57683095350914,-1.88194410241316,9.05474980743583
"W38002","16Neu",-5.37484898620632,-4.36712590723285,10.8812425087446
"W38003","2Ery",8.33787770534471,2.23917898191704,12.4693342772276
"W38004","8Mk",-0.68191850160904,2.2842749590155,4.00078510263573
"W38005","5Ery",5.49238323887353,1.70989152207732,8.64386615576298
"W38006","6Ery",4.31605855975603,1.33772215733774,6.93415732240634
"W38008","15Mo",-5.4017327239115,-2.31767155136668,10.3507799084319
"W38009","13Baso",-4.43118940998383,-1.26570862408625,6.90111173343142
"W38010","5Ery",5.3573387358035,2.00620842535051,8.73058353525426
"W38011","14Mo",-6.77066218694739,-2.10245226320087,8.93860702764415
"W38012","5Ery",5.40114309754423,1.13747900569949,8.64387307663397
"W38013","6Ery",3.67366058096997,0.975048339792356,4.89312182826223
"W38014","16Neu",-5.75354898946754,-4.46463733699105,10.8812494296156
"W38017","3Ery",6.93710245042607,3.72124084597412,9.34832855895599
"W38018","15Mo",-7.09442722328295,-2.95465602568217,10.8812563504866
"W38019","7MEP",1.56744875483864,0.736921472720207,2.97211636052347
"W38020","7MEP",0.695513370511523,-0.17949810112871,1.47099547760296
"W38021","10GMP",-4.12178076210951,0.598397079259945,5.47353144397711
"W38022","14Mo",-7.28374016807063,-1.32858814828078,9.04948623360093
"W38023","3Ery",7.11677229669669,3.85302101917922,9.34833547982698
"W38025","4Ery",5.85848607074281,3.54152857041173,7.92054231276294
"W38026","13Baso",-7.50664227672563,-1.06323164788755,9.04949315447192
"W38027","15Mo",-7.16706029202547,-2.19124474820977,8.95577729346261
"W38030","17Neu",-1.44028849334079,0.583728411448224,2.924321890896
"W38031","4Ery",5.61034744194486,2.55742270133472,8.16428509266077
"W38032","6Ery",4.88123483427085,2.60614416299455,7.33459144864237
"W38033","3Ery",7.12469782055892,3.91877215152656,9.34834240069797
"W38034","3Ery",6.57958078760316,3.64814059123068,9.34834932156897
"W38035","7MEP",0.474122294842467,-0.0677183264183175,1.27218529106967
"W38036","8Mk",-1.17464910670213,1.33350483711403,2.87249848444872
"W38037","6Ery",3.41164687493681,1.26604022218374,5.37848727531179
"W38039","16Neu",-6.39232325795557,-4.46973875363853,10.8812632713576
"W38040","3Ery",5.84355851066716,3.52190461925821,7.92054923363393
"W38041","14Mo",-7.01892804587006,-0.583628058775259,8.42126056810778
"W38042","4Ery",5.86379006465895,3.31711450269427,8.17318789756769
"W38043","4Ery",5.77667645964042,3.31070449791175,8.17468439042642
"W38045","3Ery",3.78971378395377,1.33766096088111,5.91415197708433
"W38046","14Mo",-7.50964674660825,-1.21771775473812,9.04950007534291
"W38047","15Mo",-7.15000961621928,-1.79995348948163,9.01572408901958
"W38048","3Ery",6.88162342827205,3.85582707124132,9.34835624243996
"W38049","10GMP",-4.81767840396001,0.387700950807739,5.75911056052949
"W38050","6Ery",3.08213419509655,1.68747491362587,5.15969508087791
"W38051","2Ery",7.51341590531799,1.47920118026246,12.3384764051634
"W38052","16Neu",-5.71239605650045,-3.71196773558864,10.8812701922286
"W38053","15Mo",-6.38521564945052,-3.77221944106632,10.8812771130996
"W38054","7MEP",0.587157240434225,0.88548755869699,1.24969399184037
"W38055","3Ery",6.44456920738344,3.61611763114754,9.34836316331095
"W38056","10GMP",-3.02905636800533,0.733991975243923,4.54734995840259
"W38057","3Ery",6.45162161035015,3.7768755226618,9.34837008418194
"W38058","14Mo",-6.6836397034348,-0.98255641448717,9.0495069962139
"W38059","7MEP",0.91486284219593,0.650193086865427,2.36222681392395
"W38060","6Ery",5.82662664558369,1.56472964410091,8.64387999750496
"W38061","10GMP",-3.59122517127035,-0.160675543227655,4.04149943267783
"W38062","10GMP",-3.80993790394901,-0.134962690723001,4.38758183241601
"W38063","3Ery",7.0434554856395,3.63650110546975,9.34837700505293
"W38064","7MEP",0.69896949318265,0.594657075362452,1.37888852761968
"W38065","2Ery",7.41513435027658,3.10217503285942,9.15686005274015
"W38066","4Ery",6.09025595176318,1.90820528873783,8.76865954688081
"W38067","7MEP",0.830674108128933,0.378249693511653,2.50653881030406
"W38068","13Baso",-5.09114396267169,-0.726222543720611,6.83951358856075
"W38069","6Ery",3.93559233294312,1.40082507550163,5.76165880298716
"W38070","15Mo",-5.26003638998549,-3.42850634842128,10.8812840339706
"W38071","8Mk",-0.688550013587004,1.27744276378615,0.742640210048809
"W38072","10GMP",-3.14277701867004,-0.0867476768492379,3.88217903791181
"W38073","4Ery",5.12592746217285,3.0303595585511,7.92055615450492
"W38074","4Ery",7.18821931602812,2.00217930377617,12.4693411980986
"W38075","3Ery",5.35263052858061,3.26467677521687,7.92056307537591
"W38076","7MEP",2.81040038592083,0.92154162753846,4.27195117550789
"W38077","2Ery",8.18911911848788,1.60853126819714,12.4693481189696
"W38078","16Neu",-5.70873760920705,-4.6430972984784,10.8812909548416
"W38079","3Ery",7.51123463940285,2.60747946166716,12.4693550398406
"W38080","3Ery",5.50733215280601,3.30391753388286,7.9205699962469
"W38081","6Ery",4.42627886450956,2.28600692125707,6.76951415800441
"W38082","6Ery",3.16325970654158,1.23223111779118,4.55255780966844
"W38083","7MEP",1.03914812834764,0.587442517005149,2.23292051877034
"W38084","4Ery",5.40381911727967,2.75882033563448,8.1716911375022
"W38085","16Neu",-6.34762204448359,-3.70137251602889,10.8812978757126
"W38086","2Ery",7.18107217269908,2.06861404718434,12.4693619607116
"W38087","13Baso",-4.84287934062706,0.284258163533817,5.74525594246305
"W38088","10GMP",-2.83286213355055,-0.235254818607818,4.01979907272249
"W38090","3Ery",6.09098464057446,3.16417687860095,9.34838392592392
"W38091","3Ery",7.02170515014201,3.81208663638252,9.34839084679491
"W38092","10GMP",-2.1472111794796,0.630665179187992,2.82785120396527
"W38093","6Ery",2.54434647609179,0.675050065236981,3.83470651423703
"W38094","14Mo",-3.95222570137207,-0.380526841364496,5.36410430103798
"W38095","15Mo",-6.94097292831524,-3.25044882542111,10.8813047965836
"W38096","7MEP",0.633051570961512,0.903668282522951,1.28587384647677
"W38097","13Baso",-3.07530642967203,-0.881845499795241,3.6519323057544
"W38098","14Mo",-5.74712032243508,-1.42936443581505,8.95132776501691
"W38100","14Mo",-6.47530493091314,-0.998579822414268,9.04951391708489
"W38101","14Mo",-5.34548043512296,-0.8783262294543,6.97727358438651
"W38102","2Ery",7.0824530954387,1.92024347952053,12.4693688815825
"W38103","16Neu",-5.23694788712117,-3.65189252817171,10.8813117174545
"W38104","7MEP",0.645534062891968,-0.137309855533662,1.42403076590191
"W38105","14Mo",-6.66691891741616,-1.4967671928854,9.00609976154379
"W38106","10GMP",-4.49909243041943,0.0752005167201232,6.07162755567076
"W38107","14Mo",-6.81640524341585,-1.34052683855142,9.04869043579317
"W38108","6Ery",2.71734747179127,0.757290871932402,4.08223046757214
"W38109","14Mo",-7.13573437044774,-1.08486952165674,9.04952083795588
"W38110","16Neu",-5.59357480910638,-4.68747726174169,10.8813186383255
"W38111","2Ery",6.57737299154026,1.99740829289566,10.3340221481913
"W38112","10GMP",-3.31783432628872,-0.252652017848933,3.91719378439767
"W38113","16Neu",-5.52402876551304,-4.59810423981568,10.8813255591965
"W38114","14Mo",-4.22652148789652,-1.82604856895052,10.3128187644002
"W38115","14Mo",-5.70464332581441,-0.148983977360465,7.85078200524111
"W38116","5Ery",4.89268326536507,1.48597749503308,6.76062817739206
"W38117","12Baso",-1.69051105763419,0.52799767591207,2.85049114929838
"W38118","4Ery",6.18123948474403,2.3859939525191,9.29647323237736
"W38119","3Ery",6.87404222508132,3.84724129128946,9.3483977676659
"W38121","13Baso",-3.87982744241827,0.601039229673222,5.61475873628983
"W38123","2Ery",7.27081362631321,1.95107000745132,12.4693758024535
"W38124","4Ery",6.56977699567306,1.42534662152995,10.3943501534713
"W38125","4Ery",5.55953781109024,1.51746946567883,8.64388691837595
"W38126","3Ery",6.16279514845602,0.734914770536457,11.3063666237262
"W38127","3Ery",5.75859390117453,2.16745275388188,8.70813585596366
"W38128","13Baso",-7.70344151732546,-1.13588678067676,9.04952775882687
"W38129","12Baso",0.101052838281115,0.216725795884844,0.197459455270878
"W38130","14Mo",-5.77407365943988,-1.54830084658471,8.96916822753215
"W38131","16Neu",-5.64002270470742,-4.9328553467791,10.8813324800675
"W38132","3Ery",4.99407397262176,1.25101751171896,6.93416424327733
"W38133","5Ery",5.27104174458773,1.76837363416377,8.67138921844662
"W38134","6Ery",1.36899019871454,0.849169213163047,2.97212328139446
"W38135","7MEP",0.68131438271097,0.752399234100672,1.34477709356057
"W38136","4Ery",5.96261099076431,3.59431447220798,7.92057691711789
"W38137","4Ery",6.09103029300026,2.08676686764059,8.92988471658189
"W38138","5Ery",5.70378129283062,1.29130562254448,8.64389383924694
"W38140","14Mo",-6.04353012343697,-1.11073016087644,8.99291730314004
"W38141","14Mo",-5.1692867632881,-0.844556732432102,6.76783293106736
"W38142","2Ery",8.05615842146149,1.20421558000714,12.4503112138515
"W38143","12Baso",1.15149041878486,0.0824494063981636,2.19683485423185
"W38144","3Ery",7.30635331659918,3.76667003676049,9.34840468853689
"W38145","5Ery",5.78171180895704,1.17336256606502,10.9044099124329
"W38146","2Ery",7.56200774076826,2.07260315001259,12.4693827233245
"W38147","2Ery",8.45745733932878,1.13641719417838,12.4693896441955
"W38148","16Neu",-5.20397170616364,-4.26255564893704,10.8813394009385
"W38149","7MEP",0.462552078809103,0.0210706635776588,1.25159529113835
"W38150","5Ery",5.68297688303715,0.178140832146798,11.3063735445972
"W38151","2Ery",7.9788832823625,1.1856066566262,12.3681223463944
"W38152","7MEP",0.877066400257998,0.0118564211437101,2.52010143664083
"W38153","3Ery",5.19491671611633,2.67491931623144,7.72890779854626
"W38154","4Ery",6.31813483071858,1.32816086921324,10.3559090370869
"W38155","2Ery",7.24880271768767,2.00754515676224,12.4693965650665
"W38156","5Ery",5.32786362143757,1.08129067231263,8.64390076011794
"W38157","10GMP",-2.3177660073469,-0.859874697368947,3.07570246879432
"W38158","1Ery",8.76448318827708,1.64456020566616,12.4694034859375
"W38159","10GMP",-2.02105239709022,-0.521798776846039,2.45293556743629
"W38161","16Neu",-5.86025422648332,-1.50580994305548,8.95028953299607
"W38162","2Ery",6.33069768664898,1.18678388878702,10.9485436062003
"W38163","2Ery",8.14437128127139,1.16307680067955,12.4694104068085
"W38164","2Ery",8.69427205652007,0.988122582826352,12.4694173276795
"W38165","5Ery",5.91959910382655,0.472972806782542,11.3063804654682
"W38166","5Ery",5.99046716905115,0.769079137047165,11.3063873863392
"W38167","14Mo",-5.52687901782887,-1.28599738589915,7.27298344213993
"W38168","14Mo",-7.19074129395029,-1.51504370851881,9.04953467969787
"W38169","16Neu",-6.35134296114549,-3.98173835938617,10.8813463218095
"W38170","10GMP",-0.447858039068504,1.78184182572714,0.502376822446304
"W38171","14Mo",-5.91093738216018,-0.916279404663495,7.9149049891793
"W38172","14Mo",-6.08707524700914,-1.32899100361814,8.9635529599574
"W38173","4Ery",6.46042887477285,1.0127012180239,10.7728676450882
"W38175","2Ery",7.87010946980893,2.19143370598418,12.4694242485505
"W38176","6Ery",4.07145249732667,2.08684290402416,6.25224183123799
"W38177","2Ery",7.62271184865821,1.5759520743888,12.4694311694215
"W38180","16Neu",-5.36457162220709,-4.06753635375644,10.8813532426805
"W38181","1Ery",7.97241938203898,0.929059752619567,12.0687876475348
"W38182","13Baso",-4.80106450593441,-1.44613703061108,6.96656096275644
"W38183","3Ery",6.30165415040463,2.27414210110078,9.16426101766822
"W38184","15Mo",-6.86379019288357,-2.67616057886814,10.8813601635515
"W38185","3Ery",6.51474683134826,1.97159332798514,10.3013432705565
"W38186","5Ery",6.04722490159258,1.15183809283411,10.8963447406154
"W38187","2Ery",7.05192888452995,1.92212677343915,10.2918138542831
"W38188","2Ery",7.72841778512774,0.66399362661421,11.4926678932035
"W38189","16Neu",-5.16843523720613,-4.41247807338386,10.8813670844225
"W38190","4Ery",5.87062581604545,2.00778049331651,8.64390768098893
"W38191","12Baso",-1.05028551929462,0.312562441414893,2.3590447590782
"W38192","3Ery",7.22202498405951,1.79164142964297,12.467515544691
"W38193","12Baso",-1.62742020709323,-0.0298341699996202,1.87454234968655
"W38194","14Mo",-5.90764859830361,-1.49112358593359,8.94146744464466
"W38195","15Mo",-5.80324433852102,-3.40878815429601,10.8813740052935
"W38196","14Mo",-6.03983080987757,-0.576842757978651,7.84566092386008
"W38197","10GMP",-2.98618333956579,-0.295816857470998,3.94671542977793
"W38198","6Ery",3.82560000408388,0.926109723506399,4.89312874913322
"W38199","12Baso",-1.91328994281496,0.673333956538947,2.74834444425924
"W38200","2Ery",7.68430131067478,2.14407585333078,12.4694380902925
"W38201","3Ery",6.92845677313078,2.10727846606053,9.22901100691085
"W38202","4Ery",6.44280212054924,1.22628894452407,10.996150282533
"W38203","7MEP",0.60857349398341,0.422402037189884,1.32446193997362
"W38204","4Ery",7.59069879831597,2.48647347590981,12.4694450111634
"W38205","15Mo",-7.04186836847828,-2.64802636886149,10.8813809261645
"W38206","2Ery",7.37075391978036,2.42555934727617,12.4694519320344
"W38207","7MEP",-0.527882647451235,0.522908506712236,0.704763424489123
"W38208","14Mo",-5.60909761785254,-2.77360757977344,11.0321192354738
"W38209","3Ery",5.63648147782909,3.2673528283738,7.92058383798888
"W38210","13Baso",-7.40896792106379,-1.18736991850424,9.04954160056886
"W38211","3Ery",7.37445827872085,3.80926240658531,9.34841160940788
"W38212","15Mo",-6.80876299373907,-3.23800940814333,10.8813878470354
"W38213","15Mo",-6.50209321414511,-3.8385462955927,10.8813947679064
"W38214","13Baso",-7.50536054299172,-1.00367196654169,9.04954852143985
"W38215","14Mo",-7.42354865620763,-1.8538625614987,9.03981355842237
"W38217","4Ery",7.9197023989499,3.34852903456151,12.4694588529054
"W38218","14Mo",-7.39949874532806,-1.49719354370672,9.04955544231084
"W38219","6Ery",3.38157759543782,1.26698250314869,5.38731996115504
"W38220","3Ery",5.57712504108482,3.17969650367006,7.92059075885987
"W38221","14Mo",-7.10045071729654,-1.3574758431302,9.04956236318183
"W38222","8Mk",-0.643722624510237,1.42654439034469,0.663024009203725
"W38223","8Mk",-0.683769343399305,1.62515759222396,2.9353561856008
"W38224","7MEP",1.26311169838146,0.743818242800891,2.97213020226546
"W38225","15Mo",-6.73792295615055,-4.08169501467508,10.8814016887774
"W38226","15Mo",-5.84099932525452,-3.74013459244668,10.8814086096484
"W38227","13Baso",-5.02358194538896,0.17442258133464,6.78148185815531
"W38228","16Neu",-6.45245180900678,-4.48897847850686,10.8814155305194
"W38229","6Ery",1.52606165474106,0.36170680153882,3.13809236112316
"W38230","3Ery",7.64619864518028,3.18340247728851,9.17290075167262
"W38231","2Ery",7.37875077054388,2.7728545445208,9.2157775463277
"W38232","13Baso",-7.25738289088496,-2.21667829642656,8.96251716481916
"W38233","3Ery",7.05576763517747,3.50833548077339,9.34841853027888
"W38234","3Ery",6.21624110082491,3.52878687180343,9.34842545114987
"W38235","13Baso",-7.27582189461641,-0.767221685314348,9.04956928405282
"W38237","10GMP",-3.10900878052411,-0.338923007422308,3.88702025772234
"W38238","4Ery",5.85747520894726,2.1622728589375,8.68844077327737
"W38239","2Ery",8.31303974932567,1.9527867426962,12.4694657737764
"W38240","7MEP",2.5049390816077,1.55621501484431,4.20261162178148
"W38241","7MEP",0.367818689401725,0.814709264349708,0.0742219609775779
"W38242","6Ery",5.72147681948922,2.0532521546163,8.67889891544855
"W38243","3Ery",6.40096820511991,2.44830055225797,9.1441293130921
"W38244","16Neu",-5.58134468344628,-3.54299066196062,10.8814224513904
"W38245","7MEP",1.18646690428685,0.22493952493808,2.13158350256421
"W38246","14Mo",-6.48673497119679,-2.42288562396037,9.03315549341436
"W38247","3Ery",4.85667206411862,2.85529362816992,7.54419325085076
"W38248","6Ery",5.96715138357204,2.23713101551612,8.93058910656865
"W38249","9GMP",-3.39550573698263,-0.0427909837492193,3.98894942134677
"W38250","12Baso",-1.51949986046896,0.532585065988835,2.90723888676985
"W38251","3Ery",6.76352306087192,3.2540543076419,9.34843237202086
"W38252","14Mo",-6.84738274830765,-0.597547064451948,8.32254831763882
"W38253","10GMP",-3.79591114153642,-0.188910616229857,4.37095759823142
"W38254","4Ery",6.06171593648544,1.77101384009807,8.64391460185992
"W38255","7MEP",0.931463790427167,0.997342144918856,2.97213712313645
"W38256","6Ery",4.11645809475954,1.74994218384996,6.56252272724276
"W38257","14Mo",-5.51777031306877,-0.291894519393173,7.04908048107239
"W38258","14Mo",-6.17825319840226,-0.388531124832542,7.82816626073407
"W38259","4Ery",6.97416650915081,2.22711793340459,9.22901792778184
"W38260","3Ery",7.07472372478323,2.15246933809282,9.22902484865283
"W38261","3Ery",5.97708970962715,1.81683707339824,8.64392152273091
"W38262","2Ery",7.51426232183822,1.51918811514038,12.3850166446788
"W38263","16Neu",-6.61894873750277,-3.91784666590226,10.8814293722614
"W38264","3Ery",7.2191703689527,3.54920015301715,9.34843929289185
"W38266","7MEP",1.24249274868876,0.879413290563383,2.97214404400744
"W38267","18Eos",-2.64769847382603,1.90137987216761,4.00079202350672
"W38268","6Ery",4.47440119156593,2.26576277645124,6.81451657233408
"W38269","13Baso",-7.27878225811348,-0.679969155088345,9.04957620492381
"W38270","4Ery",5.804819744281,1.8652349303017,8.6439284436019
"W38271","10GMP",-3.29574921674482,0.0208789393637145,3.96285856396596
"W38272","6Ery",3.69684257962024,2.24775624163149,6.25224875210898
"W38273","2Ery",7.25067186410106,1.63264104081796,12.3076412471546
"W38274","12Baso",-0.117232000951322,0.0312198223789771,0.342568938451791
"W38275","1Ery",8.19746305130982,1.34273731335527,12.4694726946474
"W38276","4Ery",4.18547149472443,1.07204350879055,6.93417116414832
"W38277","13Baso",-5.36021600565819,-0.472888731719793,6.7767814761979
"W38278","14Mo",-5.22127400510505,-2.03820793769026,10.3606788299166
"W38279","14Mo",-5.63631658182813,-2.74368408404122,11.0355145175954
"W38280","13Baso",-3.20683219472472,-0.144888361985305,3.89550759895815
"W38282","3Ery",5.93869698045528,3.75985413299717,7.92059767973086
"W38283","3Ery",7.5061786123151,3.65380967807296,9.34844621376284
"W38284","16Neu",-5.5680562421211,-3.67769456803453,10.8814362931324
"W38285","15Mo",-6.47034960106648,-3.73697685101858,10.8814432140034
"W38286","14Mo",-4.89737790088137,-0.388173626566087,6.29811902125693
"W38287","3Ery",5.23908451532933,2.81352104485724,7.90621556359494
"W38288","6Ery",3.70831756956188,1.16599530705951,5.39917027956556
"W38289","2Ery",6.96801035977977,1.67079150717045,10.0161697622744
"W38290","10GMP",-4.8036369095089,0.226920979731594,5.78536603964721
"W38291","14Mo",-6.1057028784162,-2.2117028064464,9.0449355943938
"W38292","5Ery",4.0369160271226,1.13554773077467,5.66588693123172
"W38293","4Ery",6.45527888272893,1.26931077706887,11.0419960920183
"W38294","15Mo",-6.38661950898603,-3.35873709990053,10.8814501348744
"W38295","13Baso",-6.13166405140267,-0.718305431876685,7.98512866613158
"W38296","15Mo",-6.07718711383422,-1.67806487870603,8.95292477277847
"W38297","13Baso",-6.03396594247392,-1.4214105981371,8.94253331267586
"W38298","14Mo",-5.63753863146009,-0.38464445739973,7.89471383000958
"W38299","12Baso",-0.839632868519567,0.0627154133084283,2.51174311450741
"W38300","16Neu",-5.24017890895835,-3.75964336149356,10.8814570557454
"W38301","13Baso",-2.51390903931123,-0.469019929263798,3.53876062763153
"W38302","6Ery",6.15545376537676,0.70911272664531,11.3063943072102
"W38303","15Mo",-5.54868158683326,-3.20004787882812,10.8814639766164
"W38304","4Ery",6.32401182223864,1.81011552912095,10.1131816221745
"W38305","14Mo",-4.14988181533898,-0.655427698571389,6.26285128824726
"W38306","13Baso",-4.36900673600375,-0.692830979133939,6.25333624596214
"W38307","15Mo",-6.11096666690361,-3.60194402032293,10.8814708974873
"W38308","3Ery",5.9164645584302,2.01756248642633,8.67838344058029
"W38309","10GMP",-0.196575592493214,1.08469919016633,0.502383743317294
"W38310","13Baso",-5.30039694744631,0.141737118737477,6.75887060206806
"W38311","4Ery",7.01254266163154,3.47449022413039,9.34845313463383
"W38313","8Mk",-0.593836969251377,0.758885434781269,0.734466130329002
"W38314","3Ery",6.02308263182961,2.12938731334234,8.89446900533934
"W38315","14Mo",-5.10832627899535,-0.908755311816942,6.96656788362743
"W38316","15Mo",-5.67507996498623,-1.84198081173086,9.03475454617126
"W38318","16Neu",-4.93372830425435,-3.64621599817485,10.8814778183583
"W38319","15Mo",-5.96900572680528,-2.88534614313724,10.8814847392293
"W38320","9GMP",-3.46117654850544,0.52280953958618,4.37707076563326
"W38321","16Neu",-5.99709368951343,-4.87089220320731,10.8814916601003
"W38322","12Baso",-1.47834399037815,0.0986993191562194,1.90031706329399
"W38323","10GMP",0.371542387894175,-0.178895755401155,1.19997713477208
"W38324","14Mo",-5.33676698830567,-2.89644131013811,11.1769322532596
"W38326","14Mo",-5.973516872546,-1.50333300460377,8.9350342771046
"W38327","14Mo",-5.68746379811999,-1.16131446254412,7.94378526916567
"W38328","7MEP",3.10487624444598,1.63523820825921,5.1597020017489
"W38329","15Mo",-5.96158063753137,-1.54169395362175,8.9435098812866
"W38330","17Neu",-1.43305086260304,0.597841870281407,2.92409462455662
"W38331","2Ery",7.18022782419183,2.0491112599934,12.4694796155184
"W38332","14Mo",-5.34784091940473,-2.84843655497298,11.2145721039847
"W38333","14Mo",-5.03840468675872,-0.898331104992706,6.96657480449842
"W38334","4Ery",6.50660907987653,3.19914237861243,9.34846005550482
"W38335","6Ery",3.93876651735996,1.38184665025844,5.75900348029166
"W38336","15Mo",-6.78643027315341,-4.11140905512864,10.8814985809713
"W38337","2Ery",7.5059840753381,2.070866665849,12.4694865363894
"W38338","2Ery",6.27236592304279,1.0477363436674,10.7993469905523
"W38339","5Ery",4.75497936876802,0.964596308774116,6.93417808501931
"W38340","2Ery",7.14492399009402,0.353527173229549,11.3293980530211
"W38341","2Ery",7.37889375652981,0.537664180735982,11.4926748140745
"W38342","14Mo",-5.44770546134353,-1.8468547076617,10.391581303555
"W38343","2Ery",7.13430125159448,1.84353641984189,12.4579784347535
"W38344","14Mo",-7.70398445417802,-0.968282900730743,9.0495831257948
"W38345","15Mo",-5.9177168865383,-1.91949275704238,9.01703235244413
"W38346","5Ery",5.6661043698385,1.25226798943811,8.64393536447289
"W38347","6Ery",2.30602772136501,0.456381541806716,3.60364228490678
"W38348","13Baso",-2.68056106057892,-0.885312392525541,3.23266333199824
"W38349","6Ery",1.01933663411897,0.597851307357474,2.25346564735487
"W38350","13Baso",-4.85141669710336,-1.06743064020788,6.96658172536941
"W38351","5Ery",4.15406656283435,1.09291576739447,6.9341850058903
"W38352","15Mo",-7.20466404732114,-0.873721487419167,9.04959004666579
"W38353","3Ery",6.64014282026502,1.24388757901509,11.0254274209395
"W38354","10GMP",-2.61173158939144,-1.01104500608924,3.23267025286923
"W38355","2Ery",6.20109830919808,0.26960750419766,11.3064012280812
"W38356","14Mo",-5.16882315238038,-1.28287717150774,6.86143030933453
"W38357","2Ery",5.74972112643301,0.444034947571779,11.3064081489522
"W38358","14Mo",-2.90384629253668,-1.20385264898635,3.23267717374022
"W38359","2Ery",7.10404640157886,0.964982569547738,12.1602454583885
"W38360","2Ery",7.87750735617677,2.57119137496833,12.4694934572604
"W38361","2Ery",7.34599220293858,1.06805803498609,11.9958882143819
"W38362","5Ery",5.56598402766316,1.17445362133147,8.64394228534388
"W38363","14Mo",-5.42508023874328,-1.77850842748967,9.05598662894763
"W38364","1Ery",8.37213489976217,1.02334676604083,12.4695003781314
"W38365","5Ery",5.73672271731897,0.778028251052568,11.3064150698232
"W38366","4Ery",6.26076514612396,1.05611930364322,10.8075291929884
"W38367","2Ery",7.28969118669552,0.801107834373507,12.3106741576145
"W38368","10GMP",-3.35481247876016,0.449538956068185,4.31862250869846
"W38369","2Ery",5.62157700269941,0.882804613888172,11.3064219906941
"W38370","2Ery",7.01979759668562,0.413434711298521,11.1990568077303
"W38372","7MEP",0.507330067163604,0.578954508523801,1.22052137684056
"W38373","2Ery",8.47477789110479,1.20146451317206,12.4695072990024
"W38374","7MEP",-0.0695422965225982,0.0608462763794723,0.309282056491904
"W38375","1Ery",8.83896466845293,1.74456563792473,12.4695142198734
"W38376","7MEP",-0.689702676662247,1.15925609608441,0.766630218990108
"W38377","9GMP",-2.66297725808045,-0.969117446468631,3.23268409461121
"W38379","2Ery",7.05424303122659,0.652321592311904,11.2694977587708
"W38380","17Neu",-0.564193605651922,-0.055967782631753,0.857150175018742
"W38381","14Mo",-5.10359093451933,-1.24049975739161,6.77745732624439
"W38382","14Mo",-5.96193418744535,-0.953640533289531,7.91043046060096
"W38383","13Baso",-6.27268337281983,-0.575189909099607,7.91003310034071
"W38384","7MEP",0.362019115370109,0.038136584421741,1.16538238558676
"W38385","16Neu",-5.14261492124817,-4.15103823355672,10.8815055018423
"W38386","2Ery",7.0534743615853,0.738684865018557,11.2803403826138
"W38387","2Ery",7.4306814793154,0.683084684732633,11.4926817349455
"W38388","7MEP",0.927182041265319,-0.0511209262243424,2.47473480374279
"W38389","6Ery",1.92201996403208,0.413525328696252,3.11695368818913
"W38390","14Mo",-5.84287884504056,-1.25188307346482,8.94659007898831
"W38391","4Ery",6.3863527811914,2.09426561989047,9.21083072612596
"W38392","6Ery",1.67861279063724,0.415255128458551,3.06821793728039
"W38393","2Ery",7.68524438676652,2.14345923281028,12.4695211407443
"W38394","4Ery",6.42863751068671,1.47087730414421,10.4509721456669
"W38395","1Ery",8.24903317491406,2.14300809909124,12.4695280616153
"W38396","5Ery",6.11895565096094,0.650631863903204,11.3064289115651
"W38398","8Mk",-0.539727161335816,1.65658179336708,0.502390664188285
"W38399","4Ery",6.4519784257408,0.787494942446249,11.2971958936105
"W38400","6Ery",1.46407820720348,0.177735863537162,2.28869331870146
"W38401","13Baso",-6.88836195637098,-0.641584911101113,8.40233814043619
"W38402","6Ery",3.50753479713702,1.95648425426607,5.15970892261989
"W38403","13Baso",-7.18459714110403,-0.771993581150699,9.04959696753678
"W38404","7MEP",0.462415202070269,0.888203649695593,0.010291868597332
"W38405","3Ery",6.08670288132757,3.68288454333683,7.92060460060185
"W38406","3Ery",7.21376731670022,3.92271875484552,9.34846697637581
"W38407","13Baso",-7.06288765906759,-1.3262836907526,9.04960388840778
"W38409","3Ery",4.04404070123127,2.2402615245567,6.28363579425021
"W38410","15Mo",-6.8101027999543,-3.00465626059495,10.8815124227133
"W38411","14Mo",-7.07920860862321,-1.57869424818609,9.04233262824632
"W38412","6Ery",5.43201586335226,1.93750422014523,8.69530896177828
"W38413","10GMP",-3.46079182954609,-0.160274180466779,3.99098473991057
"W38414","16Neu",-6.2170517933993,-4.50880666368329,10.8815193435843
"W38415","4Ery",5.52938899699738,2.91650878383463,8.17219633782988
"W38416","14Mo",-6.66869984310482,-1.04491196268724,9.04961080927877
"W38417","14Mo",-7.46694739907964,-1.58591150512701,9.04961773014976
"W38418","10GMP",-2.54549888146233,0.598732254196156,2.99839151592174
"W38419","3Ery",5.58005830080298,1.55685284474651,8.64394920621487
"W38420","10GMP",-4.70049286959811,0.418100568963042,5.86175801642589
"W38421","14Mo",-6.29273979504266,-3.59429981319577,10.8815262644553
"W38422","3Ery",5.33742745358228,3.25933406756801,7.92061152147284
"W38423","4Ery",6.80515960332858,2.04374318084791,9.22903176952383
"W38425","14Mo",-5.46898921756649,-2.09469707547534,10.3732423163698
"W38426","3Ery",7.34221066388894,2.11007994634374,12.4695349824863
"W38427","15Mo",-6.55607404397654,-2.96467517788356,10.8815331853263
"W38428","15Mo",-6.47217470912854,-3.69698074017375,10.8815401061973
"W38429","10GMP",-4.45267967676398,-0.0103510263798284,6.12054464071683
"W38430","15Mo",-6.82232014080994,-2.69967093871305,10.8815470270682
"W38431","15Mo",-5.55954551444182,-3.52076713819896,10.8815539479392
"W38433","14Mo",-6.25104807747436,-1.5070988872795,8.95489028461032
"W38434","13Baso",-5.74512457176361,-0.894488051395686,7.94277262855017
"W38435","16Neu",-4.78915150558654,-3.86457511395141,10.8815608688102
"W38436","14Mo",-4.96892158249608,-2.41584156904366,10.3132035218279
"W38437","4Ery",5.69111283395479,2.57248347840179,8.16307039128751
"W38438","14Mo",-5.27072085228314,-3.33363723352189,10.8815677896812
"W38439","9GMP",0.10019627158391,0.719129876307358,0.271384900900735
"W38440","3Ery",7.67061265402967,2.75930021294168,12.4695419033573
"W38441","14Mo",-6.49148518622692,-1.31806592822557,9.01350935364139
"W38443","3Ery",6.72804822181231,2.78364027968862,9.3484738972468
"W38444","10GMP",-3.26100853648879,-0.768342688718934,3.89024063839327
"W38445","16Neu",-5.05778799014284,-4.23447651079398,10.8815747105522
"W38446","16Neu",-5.71463372657447,-4.77991055391694,10.8815816314232
"W38447","13Baso",-7.01075392444502,-1.73423831424761,9.0094983055038
"W38448","1Ery",8.56534878982304,2.67704276578949,12.4695488242283
"W38449","6Ery",1.17580472528706,0.404017704790047,2.11137636666688
"W38450","2Ery",6.6018658918989,-0.199708844877163,11.0737586323694
"W38451","14Mo",-3.81053059317025,-1.91728360067263,10.3128256852712
"W38452","2Ery",6.54527327674145,0.466473405457702,11.1818611498992
"W38453","14Mo",-4.69523089771114,-3.04959680582763,11.6557895582973
"W38454","5Ery",5.7612678256206,0.465538954378237,11.3064358324361
"W38455","2Ery",7.40440710115729,0.855365684394527,12.2265999582272
"W38456","9GMP",-3.78799781409906,0.474805641406666,5.61476565716082
"W38457","13Baso",-6.08810808244094,-0.999933837452528,9.01580056095309
"W38458","2Ery",6.61044559601241,-0.285390135893421,11.0737655532404
"W38459","3Ery",6.01232459453347,1.25164564968439,10.3416900722006
"W38460","16Neu",-4.63495801662701,-3.76829616679471,10.9879709881554
"W38461","13Baso",-4.6580407280266,-2.37231299136997,10.3128326061422
"W38462","14Mo",-5.10021661413035,-1.4572394018176,6.82010811515985
"W38463","4Ery",6.27354805146244,2.21159183818798,9.17251963213604
"W38464","3Ery",6.12349518451229,3.15986206566272,9.34848081811779
"W38465","6Ery",4.41223071788619,1.96803100597965,6.55499431629129
"W38466","7MEP",0.68624505714894,-0.0694725441902504,1.44974547753919
"W38467","10GMP",-2.44806273608108,-0.884897573659669,3.2326910154822
"W38468","4Ery",6.40864189611793,-0.149552299709567,11.1261412070697
"W38469","2Ery",6.70551939077029,-0.0165863138023858,11.0737724741114
"W38470","16Neu",-5.23493233787465,-4.15572263681245,10.8815885522942
"W38471","12Baso",-1.48891610395794,0.121052776604981,1.92135133606191
"W38474","7MEP",0.833716908495821,0.275951780357992,2.52155877692991
"W38475","13Baso",-4.74627518318651,-1.18303033121146,6.9665886462404
"W38477","4Ery",5.64569083474971,0.666506224484819,11.3064427533071
"W38478","7MEP",0.807074615091488,-0.187452276376664,2.57442836502868
"W38480","4Ery",5.73045120352905,2.07070777348109,8.68276305556506
"W38481","12Baso",-1.24115060914094,0.113103995290442,2.04998155443919
"W38482","5Ery",5.05816310328692,0.398039052344602,6.93419192676129
"W38483","2Ery",6.39305304673073,0.313692193645994,11.2301450239527
"W38484","2Ery",8.21335498214604,0.855498004927269,12.1740353783816
"W38485","9GMP",-2.02336188947789,-0.308637634889007,2.48090582968243
"W38486","1Ery",8.69730014295789,1.33822603494479,12.4695557450993
"W38488","3Ery",6.53222458892119,2.86957056134559,9.34848773898879
"W38489","14Mo",-4.49182465006785,-1.49284621163203,6.96659556711139
"W38491","16Neu",-4.90779451547288,-3.7014902522364,10.8815954731652
"W38492","2Ery",8.52956020453912,1.57901758856901,12.4695626659703
"W38493","5Ery",5.61819220750664,0.958715075486651,10.6700764244246
"W38494","14Mo",-5.10682265092812,-3.0009164169712,11.2983930335828
"W38495","15Mo",-5.8909756631935,-2.14280044608165,9.06059772129013
"W38496","9GMP",-3.23229229406358,0.58165964112485,4.29496764718622
"W38497","9GMP",-1.73672206994403,-0.165591399053833,2.06907622331289
"W38498","14Mo",-6.37320236786109,-1.6144449286786,8.95244680479863
"W38500","2Ery",8.2902370945446,0.643848524279651,12.2950674275908
"W38501","4Ery",7.10453588253575,2.39470890067917,9.22903869039482
"W38502","5Ery",6.74594058359609,0.819874576910954,11.1496266072285
"W38503","4Ery",6.65651951093192,1.81458617450302,10.1448242435255
"W38505","3Ery",6.51146475793552,3.28300427564636,9.34849465985978
"W38506","16Neu",-4.8678752038166,-4.10981124057379,10.8816023940362
"W38507","2Ery",8.28751716640814,0.77333190789522,12.1482198893512
"W38509","16Neu",-4.70344481019427,-3.76662967425396,10.921965671902
"W38510","2Ery",8.28249377186394,0.748532513190813,12.1774302147416
"W38512","13Baso",-4.20080762202881,0.164794773176052,5.24264757237738
"W38515","2Ery",6.4533734465498,-0.111851324979723,11.1104457470328
"W38516","6Ery",5.42686086973279,-0.0736322315728601,11.3064496741781
"W38517","6Ery",5.64165437516401,-0.141097634146431,11.3064565950491
"W38519","14Mo",-4.7686152532639,-1.62141140268272,6.96660248798238
"W38521","2Ery",6.4822426610413,-0.336233727670792,11.0737793949823
"W38522","2Ery",6.60068883051896,-0.275262126439905,11.0737863158533
"W38523","8Mk",-0.294411896181086,1.62833956985385,0.502397585059275
"W38524","8Mk",-0.831772023496712,2.25742147556126,4.00079894437771
"W38525","14Mo",-4.3976138259963,-1.78271676109663,10.3244663181645
"W38526","14Mo",-4.96525970550254,-1.45589780161877,6.96660940885337
"W38527","1Ery",8.54824074777163,1.11118673394089,12.4695695868413
"W38528","4Ery",6.738047987992,3.46238040562932,9.34850158073077
"W38529","7MEP",0.77099437537422,0.0911757817122159,1.50087863234666
"W38530","16Neu",-4.71410231215423,-3.81221977469391,10.8816093149072
"W38531","16Neu",-4.6159806722099,-3.8218600694259,10.9525000262149
"W38532","14Mo",-3.95903227316572,-1.81179613965599,10.3128395270132
"W38533","3Ery",6.06740182175665,-0.0320539918694332,11.3064635159201
"W38534","2Ery",8.27102619658356,0.822337685583371,12.1814063952285
"W38535","16Neu",-5.98411737723413,-1.52269595094009,8.93713377681706
"W38536","17Neu",-1.36421047092184,0.571034102707086,2.93536310647179
"W38537","6Ery",5.79559708377251,0.0293858458242332,11.3064704367911
"W38538","2Ery",6.21474920311806,0.00645807404808373,11.2601720132849
"W38539","14Mo",-4.41299202625153,-1.62593040186528,6.96661632972436
"W38540","16Neu",-4.61380109594816,-3.73822738598336,11.039344499857
"W38541","7MEP",0.584810428678109,0.924685968274391,1.24290084037354
"W38543","2Ery",7.11390042725346,2.23974765321652,9.22904561126581
"W38544","3Ery",6.47884535408356,3.69735320436209,9.34850850160176
"W38545","2Ery",6.06598993437371,-0.0252539976066172,11.3064773576621
"W38546","6Ery",1.30905723397269,-0.10599662522628,2.12147396144904
"W38547","6Ery",5.2431493405678,-0.171156933419682,11.3064842785331
"W38548","6Ery",1.60915243497545,0.23048850215818,3.27174071341048
"W38549","10GMP",-0.207855136960292,1.25542672116412,0.502404505930265
"W38550","12Baso",-0.340358365682687,0.214206236576202,0.550801807266159
"W38551","12Baso",-0.56600812522806,0.0819426631643476,0.832748301236593
"W38552","4Ery",5.50496611768139,1.98327865925692,8.6964167116835
"W38553","2Ery",6.80632196944541,-0.231505293308431,11.0737932367243
"W38554","4Ery",5.58285289334402,-0.205177456028531,11.3064911994041
"W38555","2Ery",6.62376913530647,-0.304671489376086,11.0738001575953
"W38556","14Mo",-4.79362408784345,-1.54430948981969,6.96662325059535
"W38558","3Ery",6.52049770624207,-0.263326497256689,11.0738070784663
"W38559","6Ery",2.38538873711465,0.611788137399067,3.61306681042643
"W38560","3Ery",7.52913505511113,2.65762523573192,12.4695765077123
"W38561","10GMP",-0.471031240378953,-0.00237327442000658,0.740961711684564
"W38563","2Ery",6.56645326350142,-0.242434273357306,11.0738139993373
"W38564","14Mo",-4.33637251363412,-1.79671336656016,10.3191289494649
"W38565","16Neu",-4.8195637026215,-4.00908898031974,10.8816162357782
"W38567","18Eos",-2.66399849896873,1.89228430414594,4.0008058652487
"W38568","13Baso",-5.59756252405768,-0.257161362103542,7.88512128917441
"W38569","6Ery",5.68895779599463,-0.190607825146673,11.306498120275
"W38570","14Mo",-4.89050262025834,-1.52306661282775,6.96663017146634
"W38571","13Baso",-4.27831420642207,-1.45900044068442,6.96663709233733
"W38572","2Ery",6.29953914599763,-0.323767904922294,11.1473676708197
"W38573","2Ery",6.69164866699497,-0.22077291013028,11.0738209202083
"W38575","5Ery",4.44423292073949,1.20076130337518,6.93419884763228
"W38576","10GMP",-4.7834347661421,-0.557706868210872,6.39483641406727
"W38577","5Ery",5.87180930725741,0.599212079058681,11.306505041146
"W38578","14Mo",-4.61137247862999,-1.90681518630395,10.3292559428867
"W38579","13Baso",-2.58863126856102,-1.01171968384944,3.23269793635319
"W38580","14Mo",-4.62592351578053,-2.61914735005453,10.3128464478842
"W38581","16Neu",-4.99774922294847,-4.10170822434976,10.8816231566491
"W38582","2Ery",6.83140152609298,0.0772827342770224,11.0738278410793
"W38583","10GMP",-0.629065147266948,2.12334681821569,2.90747175566761
"W38584","4Ery",6.53271230547955,1.44329795761669,10.4139086876593
"W38585","16Neu",-5.58696483591991,-4.73826737686988,10.8816300775201
"W38586","6Ery",1.73480351806159,0.372685295797501,3.10919961943285
"W38587","15Mo",-5.43049478693538,-3.11242876561428,10.8816369983911
"W38588","14Mo",-4.21803071115047,-0.546012351818089,6.26285820911825
"W38589","12Baso",-1.30709115127661,0.26520989526499,2.03656109762981
"W38590","7MEP",0.243025413643489,-0.012167619208657,0.052093422861218
"W38591","10GMP",-2.79034031049007,-0.586841267988381,3.54722090906588
"W38592","15Mo",-5.71239787204765,-1.73315809881149,9.01036899820743
"W38593","3Ery",7.35771057610147,3.72150394569214,9.34851542247275
"W38594","15Mo",-6.46640068415628,-3.79501782910087,10.8816439192621
"W38595","3Ery",7.10668890318058,3.87337523882828,9.34852234334374
"W38596","9GMP",-2.43722512538125,0.0706041975318573,4.10780941592643
"W38597","2Ery",7.94763800701227,2.18600058283603,12.4695834285833
"W38598","7MEP",-0.0662748243367532,0.810946466318172,0.416067733986192
"W38599","3Ery",7.0863813455362,3.21144089230706,9.34852926421473
"W38601","13Baso",-6.8584193787951,-0.573543368482979,8.30145385352257
"W38602","16Neu",-5.40779840898208,-4.28427055750859,10.8816508401331
"W38603","13Baso",-6.01102075968768,0.0154458136622232,7.82817318160506
"W38604","2Ery",7.87057762752108,2.90098494188675,12.4695903494543
"W38605","15Mo",-6.03511371972588,-3.84811272967861,10.8816577610041
"W38606","7MEP",0.0412701948924318,1.07745458706928,0.370081830282155
"W38607","6Ery",3.5854363285345,1.07049679635624,5.55311319704341
"W38608","5Ery",5.63608149975806,1.87098005148694,8.64395612708586
"W38609","13Baso",-6.63036292022858,-0.48734755123607,8.04602228051929
"W38610","10GMP",-4.19526930395188,-0.0465544987344437,5.18226211412125
"W38611","9GMP",-2.43447871625654,-0.269637837260786,3.44476160814897
"W38612","13Baso",-4.99629274213214,-0.229287284993468,6.38784856668399
"W38613","13Baso",-7.60105978848334,-0.845979778362346,9.04962465102075
"W38614","12Baso",0.0504176573813051,0.149505151461134,0.227590413110505
"W38615","5Ery",5.63481277473817,1.74185227657475,8.64396304795685
"W38616","13Baso",-2.95296849091148,-1.04803256419228,3.23270485722418
"W38617","15Mo",-6.1919799588618,-3.97715081634833,10.8816646818751
"W38618","14Mo",-5.02148305345932,-1.68601725425228,10.3750934356343
"W38619","10GMP",-4.20037286445238,-0.363280391013302,6.26286512998924
"W38620","15Mo",-5.67785567498755,-2.0270052690273,10.3930355000032
"W38622","4Ery",5.30072906413133,1.60600777542757,8.64396996882784
"W38623","5Ery",5.21789456880734,1.30109890274899,8.64397688969884
"W38624","8Mk",-0.412886758921911,1.74015439873766,0.502411426801256
"W38625","13Baso",-5.98936993848871,-0.920579649250562,7.90094212913603
"W38626","7MEP",1.17433356804203,-0.10709170448887,2.20516840007229
"W38627","14Mo",-4.89250871021422,-1.60312189601257,10.3728359026296
"W38628","14Mo",-5.50582625043003,-1.23476139576081,7.23782238450626
"W38629","2Ery",6.73506884660536,-0.115023774516321,11.0738347619503
"W38630","6Ery",1.39715785700578,-0.156432496550387,2.21054568748445
"W38631","2Ery",7.84203620883461,0.707530382146018,12.3097575527604
"W38632","13Baso",-6.21530123437343,-1.86663656309823,8.96875145433808
"W38633","7MEP",-0.109622825721224,0.396977940465757,0.389891059743276
"W38634","16Neu",-4.96787995333677,-4.20525801210362,10.8816716027461
"W38636","14Mo",-4.83103510181838,-1.51128648984437,6.96664401320832
"W38637","3Ery",5.97152162494819,-0.250318053623445,11.306511962017
"W38638","16Neu",-4.7749824747516,-3.92651078422177,10.8816785236171
"W38640","10GMP",-2.34507181256153,-0.153904052644547,2.48492642100973
"W38643","12Baso",-0.988006559271735,0.22862746462939,2.40014840841883
"W38644","10GMP",-2.45946240701299,-0.902631835430774,3.23271177809517
"W38645","13Baso",-4.58627731273842,-1.11407939162391,6.85862624216694
"W38646","1Ery",8.57421048000728,0.988497108135244,12.4695972703252
"W38647","16Neu",-4.678945793308,-3.89555107431472,10.8816854444881
"W38648","6Ery",0.462012712203811,0.00850299806389794,1.25269930519235
"W38649","14Mo",-6.69040841731203,-1.23103968197975,9.04963157189174
"W38650","2Ery",7.16165771656894,0.0525183993325857,11.3071827919224
"W38651","14Mo",-5.96244182551453,-1.51706551724602,8.93895792970664
"W38652","10GMP",-2.80778143578196,-0.818481330193731,3.67177349229747
"W38653","14Mo",-4.16714993838842,-1.94006658175368,10.3128533687552
"W38654","16Neu",-4.81062749270641,-3.88826945832714,10.8816923653591
"W38655","9GMP",-1.44296644313204,-0.364629978331157,1.80663635800238
"W38656","3Ery",4.23488152742109,1.63871762249767,6.67043597354371
"W38657","3Ery",7.42227596621998,2.37120468009896,12.4696041911962
"W38659","14Mo",-4.66474534213481,-3.61275791772963,11.1159990766389
"W38660","2Ery",6.39031492370281,0.0580789840780454,11.1787154078735
"W38662","12Baso",-1.08233315239414,0.262506382246921,2.30049091165664
"W38663","9GMP",-1.94772134061539,-0.364462131907108,2.41542516533353
"W38664","1Ery",8.80304061366095,1.73738747826292,12.4696111120672
"W38666","3Ery",6.30370932442095,2.18328128584652,9.18218440408658
"W38668","5Ery",5.8474291922106,0.189147582814982,11.306518882888
"W38669","2Ery",6.52870691906402,-0.1461262712272,11.0738416828213
"W38670","8Mk",-0.734074735834956,2.04946399248311,2.88603316504228
"W38672","2Ery",8.36577289945608,1.37423712624617,12.4696180329382
"W38673","16Neu",-5.93503426054007,-4.59859847869206,10.88169928623
"W38674","5Ery",6.26579312708336,0.687252549736058,11.306525803759
"W38675","10GMP",-2.25713921114714,0.471629571688127,2.84414025920718
"W38676","13Baso",-5.20621598989855,-0.505990454094054,6.68656455293389
"W38677","16Neu",-4.76806677329196,-3.83724171739688,10.881706207101
"W38678","14Mo",-4.88708427824582,-1.48992288859872,6.96665093407931
"W38679","2Ery",6.97767178218284,0.504243769516365,11.1647419929673
"W38680","5Ery",6.23665321063708,0.504813908955833,11.30653272463
"W38681","15Mo",-6.11905214892281,-1.5304785230183,8.93543203585161
"W38682","7MEP",0.564994600754417,-0.0543596080301728,1.34653032436103
"W38683","15Mo",-5.21137092628821,-3.66582298998208,10.881713127972
"W38684","5Ery",6.17936187986986,0.760870956771679,11.306539645501
"W38685","6Ery",3.91626792738655,1.10020540156213,5.79147139207006
"W38686","5Ery",4.31108838961233,0.901694627410909,6.93420576850327
"W38687","2Ery",7.01241875024862,1.83809890144312,10.198733923674
"W38688","3Ery",7.15315417319313,2.42680183168719,9.2290525321368
"W38689","15Mo",-6.25148095908467,-4.2042967418456,10.881720048843
"W38690","7MEP",1.34695846810637,0.617218137410789,2.97215096487843
"W38691","3Ery",6.81076304933783,3.17944477036986,9.34853618508572
"W38692","15Mo",-6.17657519014944,-1.06920009244181,9.01536842603881
"W38693","16Neu",-6.05027701558945,-4.34790350020227,10.881726969714
"W38694","6Ery",4.48705771468672,1.94956699783005,6.63305707839508
"W38695","7MEP",0.86759946052523,0.599888253978454,2.42479345384492
"W38697","6Ery",3.80976512558258,1.91893820547991,6.41345877561726
"W38698","6Ery",2.39030211991773,0.725325766263568,3.67253590755608
"W38699","10GMP",-2.5138273096547,-0.74244860590008,3.18754622914585
"W38700","4Ery",5.74278829709903,1.31782991444388,8.64398381056983
"W38701","13Baso",-5.000113718548,-1.27465940560784,6.9666578549503
"W38702","14Mo",-5.21677521514048,-3.26914065704903,10.9182161507046
"W38703","13Baso",-5.14362031054883,-0.791879457498411,6.95697828641946
"W38704","3Ery",7.10687344156012,3.53198855380498,9.34854310595671
"W38705","6Ery",4.33195315117774,1.6015409664563,6.6997726394112
"W38707","8Mk",-0.0996555688743647,1.31753755380074,0.502418347672246
"W38709","14Mo",-4.92200711301253,-1.4426030945672,6.96666477582129
"W38710","2Ery",8.3486020632448,0.727869583150016,12.1880938197399
"W38711","9GMP",-2.73803268876484,-0.40896424722214,3.4595506965451
"W38712","6Ery",3.83413902742818,1.96253454790355,6.3628701973369
"W38713","15Mo",-5.35734995949895,-3.8585187566896,10.881733890585
"W38714","13Baso",-4.53165315895764,-1.30473427305773,6.96667169669228
"W38715","3Ery",5.89838689563789,-0.240059072373884,11.306546566372
"W38716","16Neu",-4.79044041898888,-4.03592864644976,10.881740811456
"W38717","2Ery",8.63929373241044,0.966867715421125,12.4696249538092
"W38718","9GMP",-2.32232674229285,-0.397871732853259,2.67451157324561
"W38719","14Mo",-5.19694789527855,-3.77769770289685,10.881747732327
"W38720","3Ery",6.08601056582907,2.80586213111341,9.3485500268277
"W38721","14Mo",-4.77232747375187,-1.58635597082702,6.96667861756327
"W38722","14Mo",-4.63139019744458,-1.50931096947178,6.96668553843426
"W38723","16Neu",-4.95212572141876,-1.6785657424391,10.3709060110293
"W38724","14Mo",-4.73057047106548,-1.62359334753219,6.96669245930525
"W38726","9GMP",-1.5872611608494,-0.602121438710674,2.0903804274729
"W38727","3Ery",6.95526751869409,2.40146932399706,9.22905945300779
"W38728","13Baso",-7.27072167417377,-0.760409281201211,9.04963849276273
"W38729","10GMP",0.0518893855377051,1.18112190624225,0.376823204959339
"W38730","14Mo",-4.53390403949649,-3.45577363878601,11.4041448647318
"W38732","3Ery",5.46064746177555,-0.201466082438977,11.306553487243
"W38733","6Ery",2.98407132651791,0.632256068052905,4.25081102027577
"W38734","14Mo",-4.8050199229584,-1.41170867119279,6.96669938017624
"W38735","4Ery",5.42661549630492,1.3741957359951,8.64399073144082
"W38736","3Ery",7.26368722746082,3.41552310324489,9.34855694769869
"W38737","2Ery",6.5174680837221,-0.354648491847295,11.0738486036923
"W38738","2Ery",6.49251616778138,-0.277407340068445,11.0738555245632
"W38739","14Mo",-4.18047778102556,-1.90497961960399,10.3128602896262
"W38740","2Ery",6.11214247123578,0.00215158034327519,11.306560408114
"W38741","8Mk",4.99470864564738,-0.105889028509863,6.93421268937426
"W38742","10GMP",-3.08168926343377,-0.180783015278227,3.86984359930088
"W38744","10GMP",-2.72750198839568,-0.621048655797841,3.57904050086702
"W38745","14Mo",-4.41347488136429,-1.95227932443187,10.3128672104972
"W38747","10GMP",-2.02426373970003,-0.72243177122228,2.63289508613483
"W38748","16Neu",-4.24336828900245,-2.13330049005784,10.3128741313681
"W38750","10GMP",-4.74011929725709,0.0995696239117166,5.8531930559333
"W38751","10GMP",-3.65511383081451,-0.307600215626494,4.03714658533645
"W38752","13Baso",-6.95267397080806,-1.34604602949639,9.04964541363372
"W38753","16Neu",-4.88325315094024,-4.0870227001248,10.881754653198
"W38754","2Ery",6.32967368075144,-0.29404943680487,11.137698684208
"W38755","16Neu",-4.63704869775276,-3.8932598447153,10.881761574069
"W38756","2Ery",6.69754293008637,-0.258628836448485,11.0738624454342
"W38757","14Mo",-5.20387065671407,-1.39203983966343,6.92506525449158
"W38759","14Mo",-5.11194047092644,-2.75493250410725,11.5422658554984
"W38761","14Mo",-3.97063354256277,-1.73347862055877,10.3128810522391
"W38765","13Baso",-5.87559905857862,-0.908004496929902,7.92037372935406
"W38767","2Ery",7.79655333923244,1.01630583615854,12.0304256510678
"W38768","2Ery",7.9174446862684,2.64319680629319,12.4696318746802
"W38769","16Neu",-5.10213658208731,-3.94511084039993,10.88176849494
"W38770","2Ery",6.34007475364109,-0.359761222758735,11.1186344984597
"W38771","2Ery",7.53527889855935,0.770026591186678,12.2982810866642
"W38772","14Mo",-4.88170731137405,-1.37867230674319,6.96670630104723
"W38773","5Ery",5.94449744573377,0.0246603813320795,11.306567328985
"W38774","2Ery",5.95193617434676,0.170650634295231,11.3065742498559
"W38775","7MEP",0.837417915025321,-0.0554068208719814,2.57443528589967
"W38776","9GMP",-2.10445731253073,-0.0562307942892135,2.46215975667791
"W38777","2Ery",6.99444837001164,0.889788307115962,11.2354638929084
"W38778","10GMP",-2.44800090160869,-0.413553536081525,3.52160010519816
"W38779","7MEP",0.381398053386911,0.607596402515494,0.0333138387116189
"W38781","6Ery",3.10437031255601,1.06583746216341,4.45854226562558
"W38782","15Mo",-5.73455100413584,-2.16368303673169,10.3860138676694
"W38783","5Ery",6.25420663913672,0.692215696338667,11.3065811707269
"W38784","5Ery",6.56796704995941,0.527520010487841,11.182583404521
"W38785","15Mo",-6.68955927827888,-4.11776716566388,10.8817754158109
"W38786","14Mo",-7.60339059819155,-1.01299771462047,9.04965233450471
"W38788","8Mk",-0.583872796926857,2.17284069397957,2.91338337701325
"W38789","14Mo",-7.10888683535898,-0.8243447051547,9.0496592553757
"W38790","15Mo",-7.00119101945685,-3.82860065675933,10.8817823366819
"W38791","4Ery",3.75656574121285,2.23065677775333,6.25225567297997
"W38793","14Mo",-6.60710430268493,-1.51489958566596,8.99612010680256
"W38794","13Baso",-2.39808999008413,-0.953779625997613,3.23271869896616
"W38795","6Ery",1.23644218875903,-0.111411818598434,2.13567024014727
"W38796","4Ery",5.66708038112567,3.28904443036313,7.92061844234383
"W38797","13Baso",-6.96095389682437,-0.529868686574679,8.31851745396524
"W38798","4Ery",6.47423237681939,1.9341657897893,10.2580107229554
"W38799","9GMP",-2.58538094614109,-0.0429643786993227,4.10781633679742
"W38800","3Ery",6.82584251056988,3.73052326268381,9.34856386856969
"W38801","8Mk",-0.688875660041475,2.11691180390544,2.88855553661144
"W38802","8Mk",-0.738583888041455,2.13341203352172,2.86866199212821
"W38803","15Mo",-6.73656510612537,-4.08069267043438,10.8817892575529
"W38804","2Ery",7.87413739611608,1.68010846789608,12.4696387955512
"W38805","12Baso",-1.35119068812734,0.509852737889623,2.93537002734279
"W38806","3Ery",4.90892262869798,2.90128164197982,7.64250272642563
"W38807","15Mo",-6.54925713205707,-4.46651088280138,10.8817961784239
"W38808","15Mo",-6.86573281748399,-3.98101254107748,10.8818030992949
"W38809","9GMP",-2.47528892128366,0.0215226725724432,4.10782325766841
"W38810","3Ery",6.79945921071354,3.58018837692228,9.34857078944068
"W38811","10GMP",-3.57231738295061,0.225459455044216,4.36273305141095
"W38812","15Mo",-6.22657077403255,-4.26198033200354,10.8818100201659
"W38813","16Neu",-6.28630545772617,-4.64493653529686,10.8818169410369
"W38814","4Ery",5.63307453224582,2.76663158792872,8.16757892131601
"W38815","3Ery",5.25342652944667,3.20585140651766,7.92062536321482
"W38816","14Mo",-7.23478672969869,-1.57255391305139,9.04966617624669
"W38818","3Ery",5.57452688903424,3.35172319627583,7.92063228408581
"W38819","16Neu",-6.31434667962927,-4.62851840984099,10.8818238619079
"W38820","6Ery",4.04961767282426,1.70507309923761,6.619469358968
"W38821","5Ery",4.98534596471972,1.62265923508398,7.02613469658987
"W38822","13Baso",-4.14948440920047,0.191108103080363,5.31173112123186
"W38823","13Baso",-7.46499160855487,-1.39871856859845,9.04967309711768
"W38825","13Baso",-7.35444430226593,-1.05325169921174,9.04968001798868
"W38826","8Mk",-0.613911416354123,2.00577093047689,2.93475006298341
"W38827","2Ery",7.49609004667813,1.64990403498711,12.4696457164222
"W38828","13Baso",-5.92720608334512,-1.24142459123379,8.95834585390578
"W38829","13Baso",-7.29088919269847,-2.15346805163868,8.9765565299924
"W38830","8Mk",-0.827535906025056,1.71678146253355,2.91723894713811
"W38831","8Mk",-0.491156917837402,1.8718063870906,0.502425268543237
"W38832","15Mo",-6.72585099927384,-4.30382936371453,10.8818307827789
"W38833","14Mo",-7.1362250094431,-0.781131778387944,9.04968693885967
"W38834","14Mo",-4.95620817461999,-3.32996036992055,11.1142042420822
"W38836","6Ery",1.63015151450804,0.759583267065579,2.97215788574942
"W38837","5Ery",5.1278379458702,1.54739386143525,8.64399765231181
"W38838","15Mo",-6.01943607063765,-3.41652812020451,10.8818377036499
"W38839","7MEP",0.910293540148689,1.07084891975566,2.97216480662041
"W38840","15Mo",-5.92524088465009,-4.16311537138207,10.8818446245209
"W38841","15Mo",-6.95569378120734,-3.78991938681975,10.8818515453918
"W38843","6Ery",3.99389947561551,2.27681699887709,6.25226259385096
"W38845","12Baso",-2.05821090927416,-0.446729731306616,2.42769184618999
"W38846","2Ery",7.64576230884291,1.73343409055681,12.4696526372932
"W38847","13Baso",-7.11155459152468,-0.578538829190308,8.47742235714246
"W38848","3Ery",0.916235886273389,-0.2384798107051,2.52091258161539
"W38849","4Ery",5.5592251329712,3.3442322911998,7.9206392049568
"W38850","14Mo",-4.88189555161143,-2.83977372956261,11.6837060005694
"W38851","10GMP",-3.68373361788964,0.212639301243305,4.40584956387664
"W38852","16Neu",-5.60511629910653,-4.62828643156653,10.8818584662628
"W38853","15Mo",-6.2125660410094,-4.65034881927652,10.8818653871338
"W38854","6Ery",1.2354025072657,0.764583084602755,2.9721717274914
"W38855","13Baso",-5.29114793705036,0.327046130743404,6.7814887790263
"W38858","15Mo",-6.72381509885477,-4.24941287425492,10.8818723080048
"W38859","6Ery",1.53428575505454,0.547333086705526,2.97217864836239
"W38860","2Ery",7.87784198260813,1.8874688902043,12.4696595581642
"W38861","15Mo",-6.47364927954718,-3.8794264470815,10.8818792288758
"W38862","3Ery",6.69802285454685,3.42388266707583,9.34857771031167
"W38863","13Baso",-6.20243988327207,-3.04621979791952,10.8818861497468
"W38864","6Ery",1.97250492768056,0.983988204713187,3.49983640960772
"W38865","13Baso",-6.48127289133788,-1.17243845032365,9.03534523470979
"W38866","9GMP",-0.673255987322629,0.132898924063383,0.944872821824173
"W38867","10GMP",-2.66871331205758,-0.468138842382244,3.50650637640725
"W38868","10GMP",-4.15575130839301,-0.0277936523121092,5.23495530168373
"W38869","14Mo",-6.93489769469645,-1.37799500811607,9.04969385973066
"W38870","2Ery",7.8988613377795,1.82434661529859,12.4696664790352
"W38871","6Ery",1.4988397436291,0.612950385125816,2.97218556923338
"W38872","10GMP",-3.69587600554436,-0.324103518261822,4.30262219906997
"W38873","7MEP",0.820963314375255,0.727847314378608,1.46453024272606
"W38874","6Ery",1.51593779729674,0.426460329254538,3.06958404355562
"W38875","14Mo",-5.03585128004629,-1.87315223943038,10.3611094839591
"W38876","2Ery",7.75065030004201,2.62623610332451,12.4696733999061
"W38877","2Ery",7.65563326729782,1.47098025997055,12.4410066718033
"W38878","7MEP",0.445401701462746,-0.153462255730441,1.25869438159265
"W38879","5Ery",6.06646156311147,1.51444059737525,10.5389695477844
"W38880","13Baso",-6.41824703882128,-0.251775995115096,7.82818010247605
"W38881","13Baso",-6.89752297404119,-0.495442477890452,8.23503385257546
"W38882","14Mo",-7.03998200273366,-1.429590424162,9.04970078060165
"W38883","3Ery",7.28768559591111,3.6363567850137,9.34858463118266
"W38884","13Baso",-6.83853770762341,-0.427468650124833,8.11478771323979
"W38886","4Ery",5.93782516646926,3.13207592165991,8.1684648805362
"W38887","3Ery",6.86243038392904,3.57226138860246,9.34859155205365
"W38889","2Ery",8.36522293412354,2.54643511621608,12.4696803207771
"W38890","15Mo",-6.29275337164748,-4.45788379772665,10.8818930706178
"W38891","7MEP",0.645578295075354,-0.157929617663196,1.42660240673185
"W38892","1Ery",8.79043704522468,1.95776670782534,12.4696872416481
"W38893","15Mo",-6.52062039568656,-4.47708569822673,10.8818999914888
"W38894","2Ery",6.32655047259451,2.79841385168091,9.34859847292464
"W38895","13Baso",-6.3985825295325,-1.77391063662715,8.93020215252792
"W38896","8Mk",-0.50918630374992,1.76361687613479,0.502432189414227
"W38897","9GMP",-3.88654723205089,0.228322764252716,4.4922118051349
"W38900","8Mk",-0.794405898583826,2.16962651326543,4.00081278611969
"W38901","17Neu",-1.41336348385563,0.585742595885782,2.93299519051451
"W38902","13Baso",-5.31546754194637,0.257511172188514,6.78149569989729
"W38903","13Baso",-5.11247854771449,0.234371580846242,6.78150262076828
"W38904","13Baso",-6.93161914932167,-3.50339506156747,10.8819069123598
"W38905","3Ery",6.72897757587026,3.61805434192627,9.34860539379563
"W38906","12Baso",0.307115433494152,0.655434311501391,0.0988899614115438
"W38907","16Neu",-6.38437839024357,-4.69198557049114,10.8819138332308
"W38908","10GMP",-3.54138631260461,-0.0314136909439078,4.29822084744307
"W38909","15Mo",-6.22126794002973,-4.60625700310145,10.8819207541018
"W38910","7MEP",1.22783489168693,0.168188707897418,2.09501327464604
"W38911","13Baso",-4.12447002156153,0.282135629434031,5.37016918242605
"W38912","13Baso",-7.39272507464319,-1.01850996365487,9.04970770147264
"W38913","14Mo",-6.98837524863952,-3.42077109981372,10.8819276749727
"W38914","16Neu",-6.18039439329217,-4.80859752840693,10.8819345958437
"W38915","3Ery",5.75704899663047,3.31496707804066,8.17514496770108
"W38916","7MEP",0.902515623761541,0.103610222289868,2.47476022255654
"W38917","13Baso",-6.48360921373583,-0.742702214654152,8.25042906788148
"W38918","13Baso",-6.31218487392746,-0.840165664964165,8.2509468490293
"W38919","3Ery",6.13511642973382,2.78324280913362,9.34861231466662
"W38920","1Ery",8.33469068213851,2.91649197942185,12.4696941625191
"W38921","14Mo",-7.24910467928245,-1.10908963591212,9.04971462234363
"W38922","15Mo",-6.35504592621447,-4.18802773667142,10.8819415167147
"W38923","10GMP",-3.52898152494744,0.0114291859400418,4.30176955843343
"W38924","15Mo",-6.25925732721149,-2.76177667084553,10.8819484375857
"W38925","4Ery",5.67067283797381,3.13129543494126,8.17344719758849
"W38926","9GMP",-2.00993938969324,0.713128122486541,2.78370834595097
"W38927","14Mo",-7.03022061294725,-3.13689415075229,10.8819553584567
"W38928","9GMP",-3.74220717375001,0.354940539468289,4.45852707262995
"W38929","13Baso",-3.23618340197337,-0.313394116988354,3.87345882465152
"W38930","10GMP",-2.36637873328731,-0.158511089311486,2.51236152253517
"W38931","9GMP",-2.1744406842296,-0.285166708183217,2.41314054479021
"W38932","5Ery",4.00172211172358,1.13816782487818,5.70208670971163
"W38933","2Ery",7.19781104690347,1.45977590753027,12.0677767897666
"W38934","7MEP",0.435749931919016,-0.168070014848916,1.25240289872641
"W38935","13Baso",-6.78012680457221,-0.645721846103466,8.334540525788
"W38937","6Ery",3.37228180924023,1.41636199413515,5.21310733266939
"W38938","7MEP",0.460084512629105,1.00642449749859,0.0293887019289581
"W38939","10GMP",-2.91661285526778,-0.163754729112522,3.95845622777529
"W38940","7MEP",0.900201798141254,0.239683621506955,2.45285328849077
"W38941","10GMP",-3.49066809359283,0.621642641566752,4.40907702081135
"W38942","3Ery",6.18630747420041,2.10734738056964,9.05170200488154
"W38943","5Ery",6.02264561715041,3.41170788648153,8.17189999171912
"W38944","10GMP",-0.64433557461835,-0.0986251175211172,0.956429863782516
"W38945","6Ery",1.53258969221119,0.167293104725815,2.35876719894882
"W38947","8Mk",-0.626024005949687,2.01053744543595,2.92976872155917
"W38948","4Ery",6.31927347275541,2.5147222534277,9.34861923553761
"W38949","14Mo",-6.47791341403736,-0.94800284808841,8.49023716685849
"W38950","16Neu",-6.47968872990555,-4.51970012211133,10.8819622793277
"W38951","14Mo",-6.53578767811447,-2.0159538943932,8.95376124051006
"W38952","10GMP",-3.63012465549482,0.0851561104645303,4.35816993248616
"W38953","10GMP",-2.42619069583948,-0.72560764665575,3.07660038270959
"W38954","13Baso",-7.40834242993738,-1.28731836697212,9.04972154321462
"W38955","7MEP",0.518901552470553,0.484805457269686,1.24176260571734
"W38956","15Mo",-6.2634329696886,-4.47186526676293,10.8819692001987
"W38957","10GMP",-2.96514164295219,-0.0282564989701674,3.90361233167675
"W38958","15Mo",-6.81691894702648,-3.20175569882461,10.8819761210697
"W38959","15Mo",-6.67077680030536,-3.85469392245748,10.8819830419407
"W38960","14Mo",-4.18765158765049,0.105862950275478,5.23954447525718
"W38961","5Ery",4.78316321949249,2.11025797953347,7.08736806405207
"W38962","13Baso",-6.97802170104772,-0.566659169627069,8.3736451240486
"W38963","9GMP",-0.903117444334987,-0.21407480055245,2.32454639540761
"W38964","7MEP",0.467825143229462,0.253742687294688,1.22740015029542
"W38965","14Mo",-6.47211563969453,-3.83939656838326,10.8819899628117
"W38966","6Ery",3.76331138261304,1.4107955054341,5.93897204409237
"W38967","2Ery",8.05244626319446,1.83210592524209,12.4697010833901
"W38968","8Mk",-0.41143219730913,1.96008705867936,0.502439110285217
"W38969","7MEP",1.04916878391193,0.166747572254233,2.29742071251942
"W38970","5Ery",5.00488145446428,1.71692044357131,7.10814596474845
"W38971","7MEP",0.258804698940236,0.979434372387573,0.184232359530638
"W38972","13Baso",-6.04570001935262,-0.161076879949968,7.82818702334704
"W38973","7MEP",0.635204124756743,0.317704971816335,1.35957415775587
"W38974","5Ery",5.79839710287269,2.55336977489334,8.81941925283694
"W38975","8Mk",-0.962608238367961,1.68494370289462,2.87771201610475
"W38976","2Ery",8.32179192526631,2.02503072601577,12.4697080042611
"W38977","2Ery",7.70066279719095,2.24059194738721,12.4697149251321
"W38978","4Ery",6.13876431902745,2.454345820734,9.3118025821294
"W38979","14Mo",-5.94731297029097,-1.84257974700503,8.99937911584434
"W38980","15Mo",-6.43945467055685,-4.64146327335348,10.8819968836827
"W38981","13Baso",-5.57951695223336,-0.345802125734774,7.13150212734527
"W38982","3Ery",6.82315075858139,3.1117721125483,9.3486261564086
"W38983","2Ery",6.3789250377441,2.82148685783777,9.3486330772796
"W38985","5Ery",3.79212252136209,1.77739006510237,6.57046277197407
"W38987","13Baso",-5.59953283373974,-0.265346376349683,7.88585317463858
"W38989","3Ery",6.02658390871981,2.86665981027691,9.34863999815059
"W38990","6Ery",0.896530056185956,0.570554453276623,2.39733993112913
"W38991","8Mk",-0.511712427941161,2.19771258518232,0.502446031156208
"W38992","6Ery",1.87571419114369,0.960367213106596,3.36993029337233
"W38993","15Mo",-6.33650707825393,-4.74268521284984,10.8820038045536
"W38994","2Ery",6.76398928494527,3.2533161390373,9.34864691902158
"W38996","5Ery",5.9706907608169,1.3706884658276,10.4409313752421
"W38997","6Ery",1.92041972722403,0.614792929449322,3.22867524118903
"W38998","9GMP",-0.291023259988234,0.437070868108702,0.502452952027198
"W38999","8Mk",-0.873541506180777,1.71694553552133,2.90168292097697
"W39000","15Mo",-6.63892843002394,-3.79587162118856,10.8820107254246
"W39001","13Baso",-7.24181782661459,-0.889997348122765,9.04972846408561
"W39002","10GMP",-3.59872691653606,0.0978608907814643,4.34783897931105
"W39003","15Mo",-5.83046472026702,-4.72608913995747,10.8820176462956
"W39004","15Mo",-6.66561590955853,-4.33628161109582,10.8820245671666
"W39005","2Ery",7.84354379013072,2.07132806478882,12.4697218460031
"W39006","13Baso",-7.00021003146109,-0.751524703876291,9.0497353849566
"W39007","14Mo",-5.7701883441035,-1.55752216865971,8.9713296359155
"W39008","9GMP",-0.318626044447742,1.64502078913499,0.502459872898189
"W39009","2Ery",7.60913294831342,2.34444313589979,12.4697287668741
"W39010","3Ery",6.30387262993025,2.99728064489673,9.34865383989257
"W39011","17Neu",-1.50374404749732,0.521423739197749,2.91467829942232
"W39012","16Neu",-5.36932311793598,-4.38165189977887,10.8820314880376
"W39013","13Baso",-6.07149209028205,-0.419390683362904,7.82819394421803
"W39015","6Ery",3.41696126121012,0.968497734985821,4.79360778011256
"W39017","13Baso",-7.09360777826887,-0.622143595851734,9.04974230582759
"W39018","10GMP",-2.87201988063934,-0.394900810584085,4.03067193553347
"W39019","13Baso",-6.05762729916079,-0.860923929988368,7.8803064852959
"W39020","13Baso",-5.96831347240532,-0.50389869726592,7.84921106041616
"W39021","2Ery",6.33145625318091,1.55171316901188,10.5285888259427
"W39022","6Ery",0.472654941335153,0.164134989946201,1.24245376931796
"W39023","15Mo",-6.99847578263162,-3.54551199710572,10.8820384089086
"W39024","14Mo",-5.95216956530451,-3.19722572513765,10.8820453297796
"W39025","14Mo",-7.41467175989221,-1.53596792995368,9.04974922669859
"W39026","13Baso",-5.27444960259171,-0.166759609926544,6.45069679897963
"W39027","14Mo",-5.38057895217916,-1.06730541459018,7.05813526078048
"W39028","6Ery",3.64738249770083,1.25714687628692,5.31112286359645
"W39029","13Baso",-6.0599116972068,-0.548376485120694,7.83811837183285
"W39030","17Neu",-1.27826733370839,-0.0627995278552462,1.93489786152947
"W39031","2Ery",6.23928822251278,1.88815364016263,10.1898085000347
"W39032","6Ery",1.40847233732338,0.107390617758294,2.22961143634161
"W39033","7MEP",0.743640714386656,-0.0765897321141636,1.49859137444263
"W39034","10GMP",-3.94800098386718,0.227754922500575,5.56175430195343
"W39035","10GMP",-3.48847462298614,-0.129470100139279,4.00783039888999
"W39036","6Ery",3.63485934621822,1.0793424188797,5.52627852571338
"W39037","15Mo",-5.64957512330436,-3.6643891786565,10.8820522506506
"W39038","15Mo",-5.52510772627189,-4.75916489525693,10.8820591715216
"W39039","6Ery",1.22286929094028,0.515232777643034,2.07688486378363
"W39040","4Ery",5.78989857073164,2.35295425101407,8.76084074781969
"W39041","8Mk",-0.807790988398992,2.03723313722426,2.86346137093171
"W39042","6Ery",1.28884322145241,-0.156602375725683,2.09926499146222
"W39043","13Baso",-4.6138709867251,-0.591346322191407,6.29235750019395
"W39044","13Baso",-4.68182585926167,-0.40331958475906,6.25334316683313
"W39045","5Ery",4.97311844283294,1.46157858443526,6.77792110595288
"W39047","10GMP",-2.96795635557941,-0.473367727056867,3.99325347954431
"W39048","10GMP",-0.731513639390028,1.93461736640985,2.90852379848221
"W39050","10GMP",-3.63749916400746,0.412501262902692,4.42716081924267
"W39051","2Ery",6.79826933541072,0.98052735985072,11.1553934349845
"W39053","16Neu",-5.70629007383306,-4.65425803360288,10.8820660923926
"W39054","14Mo",-6.33080756014521,-3.2093286177878,10.8820730132636
"W39055","5Ery",4.85517832898083,1.53974024871732,6.70615778308456
"W39056","10GMP",-2.95530533637011,-0.0915384764204444,3.9220672702421
"W39057","6Ery",3.72210705597254,1.35155550280645,5.9834003010311
"W39058","2Ery",7.23493829095507,1.27095133979035,11.8804815731663
"W39059","10GMP",-4.92885864754858,0.408102144451964,6.78150954163927
"W39060","15Mo",-5.46465539847466,-4.38169945060876,10.8820799341345
"W39061","16Neu",-5.95677093981973,-4.8586784742381,10.8820868550055
"W39062","6Ery",1.45787501449759,0.518355592455154,2.97593080604303
"W39064","10GMP",-3.18093821798234,-0.0991528872285194,3.89452557761968
"W39065","15Mo",-6.78186852560952,-4.14321963477177,10.8820937758765
"W39066","13Baso",-7.03797183980356,-0.791571600411275,9.04975614756958
"W39067","5Ery",3.82737297945572,0.947913814979709,4.89313567000421
"W39068","7MEP",0.4135962681832,0.664771571872777,0.0162307415323135
"W39069","4Ery",6.00565047921197,1.84736938534667,8.6440045731828
"W39070","7MEP",0.414614545221851,0.719366338057516,0.0233896695837917
"W39071","3Ery",4.77378762204043,2.2459621565949,7.1605502947249
"W39073","13Baso",-6.83998283580557,-2.68006555130624,10.8821006967475
"W39074","13Baso",-7.10602412217619,-0.703290682386774,9.04976306844057
"W39075","13Baso",-4.20183160928356,0.224632159808315,5.26040237449028
"W39076","3Ery",6.35393165394857,2.33359814530126,9.15992931735887
"W39077","1Ery",8.55529018951741,2.15743224892901,12.4697356877451
"W39078","15Mo",-5.97723535372201,-3.33637167478682,10.8821076176185
"W39079","8Mk",0.446265800322571,0.607918944861979,1.16590539623313
"W39081","7MEP",0.39104187709522,-0.130551049731601,1.21036487667968
"W39082","7MEP",0.373013142773833,0.367445599402994,0.0048560945800576
"W39083","13Baso",-2.59103841389943,-0.677824346747693,3.63843517831216
"W39084","13Baso",-4.73706578038625,-0.174639607114005,6.4420832330077
"W39085","5Ery",5.02548942342328,1.41695346576028,6.82064334787201
"W39087","6Ery",1.5607908308308,0.401281604940637,3.09286031446948
"W39088","15Mo",-6.69119048594611,-4.44226234898163,10.8821145384895
"W39089","13Baso",-6.24760717962377,-0.58664242219076,7.90677458518326
"W39090","14Mo",-6.3232554590638,-2.18576737440944,9.01193520295531
"W39091","10GMP",0.00472957610299811,-0.0618107680626391,0.232819944430976
"W39092","13Baso",-4.90154428026319,-1.32132890244851,6.96671322191822
"W39093","7MEP",0.471481107151896,0.0252921804724715,1.25855636505771
"W39094","15Mo",-5.32829677200857,-4.31064606760929,10.8821214593605
"W39095","8Mk",-1.01044933443695,1.79676791842439,2.8405348373212
"W39096","9GMP",-3.05138100596575,-0.12985947050191,3.8763157393305
"W39097","4Ery",5.2937228135489,1.43123527276311,8.64401149405379
"W39098","17Neu",-1.1562735510659,-0.255947096403357,2.00389527901824
"W39099","2Ery",7.25965552949272,1.03999939220096,12.044605691803
"W39100","14Mo",-5.56493762389823,-0.666773086742816,7.18370155805392
"W39101","15Mo",-6.38100093557832,-3.97506820474168,10.8821283802315
"W39103","14Mo",-6.51973801877217,-2.16085924787301,8.98185731590883
"W39104","6Ery",4.24130975440126,2.13422678471881,6.45377933473841
"W39105","6Ery",0.972872193124434,-0.136296958274827,2.4383908178342
"W39106","10GMP",-3.98311031884599,-0.156464973663931,5.39852536540661
"W39107","6Ery",1.01604394142156,-0.0329626700937746,2.37089873032745
"W39109","13Baso",-4.97408193127162,-0.930878177058838,6.96672014278921
"W39110","6Ery",1.46794274969475,0.278879960768417,2.29552116377777
"W39111","12Baso",-1.84871759585407,0.133319149723375,1.96182233412792
"W39112","3Ery",6.14804127348628,3.49384815949803,8.17104466094745
"W39113","13Baso",-4.93596941298992,-0.859551900436078,6.86131064406532
"W39114","13Baso",-5.68594420688223,-0.667593306328733,7.92349992507449
"W39115","16Neu",-5.27062571193805,-4.31537675149181,10.8821353011025
"W39116","10GMP",-4.85841149014518,0.24828600308805,5.734358584068
"W39117","16Neu",-5.63527681114277,-4.83957271880322,10.8821422219735
"W39118","13Baso",-5.44697788857052,-1.34774209189558,7.19454201334448
"W39119","5Ery",5.6666914958579,1.38307874168546,8.64401841492478
"W39120","2Ery",7.82142095459137,1.97576587368011,12.4697426086161
"W39121","9GMP",-0.636811603439766,-0.239751637277221,0.974967264604346
"W39122","16Neu",-6.10455953322748,-4.72972274667378,10.8821491428445
"W39123","8Mk",-0.356117636989638,1.80273301031096,0.502466793769179
"W39125","13Baso",-4.79527346333361,-0.529540128776576,6.372895241707
"W39126","10GMP",-2.54143261626773,-0.763511745186339,3.23272561983715
"W39127","5Ery",4.90065374244091,2.44518340743996,7.20289984764218
"W39128","15Mo",-6.14563918228883,-3.67071917726231,10.8821560637154
"W39129","13Baso",-7.15142601934969,-0.842294864797336,9.04976998931156
"W39130","9GMP",-2.34343881774002,-0.0447289953065754,2.38712889971892
"W39131","14Mo",-5.43713711494415,-2.91269755562422,11.0612882495306
"W39134","13Baso",-4.10190172829825,-0.851140752205695,6.25335008770412
"W39135","14Mo",-5.70091989447089,-0.731458801819253,7.92924418334601
"W39137","15Mo",-5.62347176874856,-4.47761689911695,10.8821629845864
"W39138","15Mo",-6.21493731217907,-4.22417200982574,10.8821699054574
"W39139","10GMP",-2.7339659876956,0.586190327766969,4.54735687927358
"W39140","15Mo",-5.87081878553444,-4.5280264553355,10.8821768263284
"W39141","16Neu",-5.61379054243439,-4.57847718193711,10.8821837471994
"W39142","6Ery",3.68094698206165,1.12594401069728,5.45574929397014
"W39143","2Ery",6.63180188912545,1.71037556959446,10.0313551610023
"W39144","13Baso",-6.91203477472046,-1.39681331626533,9.04977691018255
"W39145","5Ery",1.76611281252801,0.409149250281398,3.06756427861484
"W39146","7MEP",0.453713410457517,-0.00482489779940416,1.24736670911297
"W39148","6Ery",2.09382898998593,0.398339810352255,3.31530861200945
"W39149","13Baso",-6.32699685446255,-0.617125917229833,7.99626806683763
"W39150","2Ery",7.45889340353849,1.51837893748218,12.3405015046581
"W39152","7MEP",0.530977204700864,0.600160915254632,1.23770025799524
"W39153","13Baso",-4.72740057976697,-3.00386799084264,11.67028641553
"W39154","2Ery",6.62225259923874,1.49179972489644,10.4384613429903
"W39155","14Mo",-5.90907099388815,-0.624191448424942,7.87627858876082
"W39156","13Baso",-5.90182229555379,-0.534565468879295,7.86566700154824
"W39157","8Mk",-0.81654636836621,1.89854475391318,2.88669196850385
"W39158","13Baso",-4.08914885495431,0.024805657978781,5.33045611428762
"W39159","7MEP",-0.850289879666602,1.26879562430383,2.93537694821378
"W39160","10GMP",-3.520414723706,0.249833493065962,4.34633391381508
"W39161","10GMP",-3.32949382202046,-0.110710277250526,3.94986077965766
"W39162","14Mo",-6.70447307930682,-3.02627893526897,10.8821906680704
"W39163","16Neu",-6.06234458132093,-4.78062609857782,10.8821975889414
"W39164","2Ery",6.34079955805202,1.38463799880161,10.3966768274727
"W39165","13Baso",-6.31272921431571,-0.510465742696631,7.86013167781027
"W39166","7MEP",0.384933095746668,-0.144486310189177,1.20696401770778
"W39167","15Mo",-6.61706230081966,-3.19592043197453,10.8822045098124
"W39168","3Ery",6.39645472187272,2.11441065963982,9.20830779257229
