"cell_id","paul15_clusters","dim1","dim2","pseudotime"
"W31105","7MEP",0.0246721782848646,0.00535984504773043,0.0583577779051907
"W31106","15Mo",-0.128329220860938,-0.0457024461963889,0.00211505207359552
"W31107","3Ery",0.211087328803713,0.146209104726356,0.188730179057129
"W31108","15Mo",-0.245070810758323,-0.11684323398101,0.00211521743174262
"W31109","3Ery",0.194814277089529,0.130940839543606,0.165906623345825
"W31110","15Mo",-0.0595527522692385,-0.020878393416693,0.0288946174521655
"W31111","4Ery",0.0889978910858959,0.0561955712304741,0.0432413735888068
"W31113","2Ery",0.0609029598699198,-0.0282937588432705,0.00488728435547633
"W31114","3Ery",0.0730584359257007,0.0257470109541213,0.0186600594259064
"W31115","2Ery",0.179245669277036,0.029551679351806,0.130778756416334
"W31116","2Ery",0.0718905284102068,0.0257565977884897,0.017322882357283
"W31117","17Neu",-0.0815929519126879,0.0898283527461145,0.0031878188103933
"W31118","14Mo",-0.105151033993233,-0.0146897261611757,0.0139131749464809
"W31119","13Baso",-0.0670139093262084,-0.0100109372993987,0.000510392273043912
"W31120","3Ery",0.108066121168475,0.0501619568631165,0.0583355424462445
"W31121","7MEP",0.0156649547104927,0.00251390177342001,0.0472508075397612
"W31122","3Ery",0.145253430572068,0.113379027792741,0.148368586512879
"W31123","3Ery",0.121577416874044,0.0584931695776368,0.0738276645038202
"W31124","2Ery",0.199313419199678,0.0196610781828266,0.142786824578643
"W31125","8Mk",-0.0173796068010097,0.202592095817163,0.0255334431484739
"W31126","3Ery",0.0706449925262875,0.0478583352671365,0.0205316080448065
"W31127","9GMP",-0.0458506589682925,0.00713055447403205,0.000954061700952327
"W31128","8Mk",-0.0092935575572276,0.0545015167465733,0.0234131292338848
"W31129","10GMP",-0.0395479295684208,-0.00925805604603391,0.00147447622194065
"W31130","15Mo",-0.119986555730697,-0.0379973424228293,0.00211538278988972
"W31131","16Neu",-0.138759817594144,-0.077278181188662,0.00211554814803682
"W31132","4Ery",0.130774725633573,0.0175235054147154,0.0740822264568491
"W31133","13Baso",-0.0297362642018296,-0.000369474139230806,0.00961223476622503
"W31134","17Neu",-0.0556005106782742,0.0215564819293475,0.00264530063520684
"W31136","3Ery",0.147769543765064,0.0871103809383196,0.152351125737612
"W31137","2Ery",0.136736228185847,0.0636447161596939,0.171408055634573
"W31138","3Ery",0.139501341477562,0.123505426043108,0.152415549043639
"W31139","5Ery",0.0854029643129216,-0.0288969125739792,0.0213463629451984
"W31140","3Ery",0.0968450054478051,0.0932134226936564,0.054843557029908
"W31141","13Baso",-0.0950324997118085,-0.00989211639631959,0.00686480321582023
"W31142","1Ery",0.385478755365733,0.0771852426959646,0.25291462817616
"W31143","3Ery",0.195058920712731,0.117867867520281,0.162860416695967
"W31144","6Ery",0.0608887012148177,0.044218390668952,0.0107213353397404
"W31145","15Mo",-0.102043700661296,-0.0904128908047443,0.00211571350618392
"W31146","3Ery",0.095809371197605,0.0407009910739198,0.0456083170269977
"W31147","3Ery",0.122033703240624,0.0334590139108321,0.0679673982883798
"W31148","14Mo",-0.121112471239659,-0.0292853532430958,0.00211587886433102
"W31150","12Baso",-0.0389197486982305,-0.00283016648889915,0.00500396998817428
"W31151","3Ery",0.19744864265381,0.196924488803837,0.185783940702992
"W31152","14Mo",-0.133201680390761,0.0119211565158616,0.0158047884872578
"W31153","6Ery",0.103159897144649,0.0630783216694581,0.055053386898399
"W31154","4Ery",0.125645236403185,0.0390105823640904,0.0735921994153966
"W31155","7MEP",0.000440238458492972,0.00264250274714008,0.00905593461245261
"W31156","2Ery",0.13706549708357,0.0196635422858229,0.0819551719305639
"W31157","13Baso",-0.0648638263530917,0.0320008073697792,0.00855099686580831
"W31158","14Mo",-0.113000516163198,-0.0796414661618679,0.00211604422247812
"W31159","6Ery",0.0737284303635815,0.0278543478849247,0.0198700927205878
"W31160","18Eos",-0.222522187656258,0.29189571311392,0.0183480116354992
"W31161","4Ery",0.15176285653169,0.0235468899413958,0.164431033343746
"W31162","3Ery",0.104479406140092,0.0178059357478229,0.0474653071501619
"W31163","3Ery",0.121701131472089,0.0805825848807794,0.0796099289281563
"W31164","14Mo",-0.136696830046198,0.00963082728086886,0.00839478430543746
"W31165","2Ery",0.200132494387212,0.0372672574248493,0.148227098292026
"W31166","13Baso",-0.128355388339779,-0.00144505215004202,0.00764991761004125
"W31167","2Ery",0.197078889006387,0.0351867428184125,0.144143492726616
"W31168","13Baso",-0.205283844118681,0.00524162790126429,0.00211620958062522
"W31169","13Baso",-0.146521318109467,0.000761523663881816,0.00193833721681207
"W31170","14Mo",-0.169662528673335,-0.00436863908418264,0.00211637493877231
"W31171","7MEP",0.0213093092193136,0.00361219595780614,0.0540472854088381
"W31172","7MEP",0.0413630734926445,0.013532761202417,6.47671392583343e-07
"W31173","7MEP",0.0108527246690712,0.00703857890883672,0.0427552838609351
"W31174","10GMP",-0.0887591138157526,0.0464131272298302,0.0301228081242704
"W31175","12Baso",-0.0485291892872882,0.00989739432681669,0.00107899681603587
"W31176","6Ery",0.034489853412789,0.00387923150686412,0.00568353309997016
"W31177","5Ery",0.0710312034210886,0.0283610787528957,0.0168846728648314
"W31178","5Ery",0.0808789641015173,-0.0259687486656537,0.0167756544745541
"W31179","14Mo",-0.119211472457294,-0.082870649782727,0.00211654029691941
"W31180","4Ery",0.10046939936105,0.0184770903893399,0.0451406732079783
"W31181","16Neu",-0.089446990183392,-0.116576790812384,0.00211670565506651
"W31182","16Neu",-0.128816256258979,-0.119396389875803,0.00211687101321361
"W31183","3Ery",0.123059250940554,0.0870332279501247,0.0828387767062112
"W31184","2Ery",0.121020301932059,0.0166810193853266,0.0636033343170779
"W31185","6Ery",0.10928724162743,0.0169299421106691,0.052069620269569
"W31186","13Baso",-0.0924229577341646,-0.00818043298049345,0.0111774597074154
"W31187","13Baso",-0.0511537224788521,-0.00794665606012948,0.0122052106854309
"W31188","10GMP",-0.0545996220501297,-0.000300741289385013,0.0124989026693019
"W31189","14Mo",-0.0993205635302232,-0.0642989016291208,0.00211703637136071
"W31190","5Ery",0.124393135082746,0.00616949175994927,0.0649094765427851
"W31191","7MEP",0.0267487953336013,0.0124189997226073,0.0624430150956145
"W31192","7MEP",0.0240013377795705,0.00824397500750607,0.0582667609776848
"W31193","5Ery",0.115058561368377,0.0347090701159594,0.0611535833176475
"W31194","6Ery",0.0696855508207993,0.0144295597921623,0.0145131549399276
"W31195","2Ery",0.176711027426813,0.0487234519237681,0.128688151385914
"W31196","10GMP",0.0547300473919129,0.00977484889349278,0.00368646878078922
"W31197","10GMP",-0.0629432290480328,-0.0076548315687152,0.0262988220814729
"W31198","2Ery",0.138131591393252,0.0281609475048829,0.179128009408051
"W31199","7MEP",-0.0203904755911035,0.000482532833870244,0.0127142593027512
"W31200","6Ery",0.0596474572320453,0.0127936978393098,0.00266681237850116
"W31201","7MEP",0.0389658953585839,-0.0205537704649337,0.00522903466905618
"W31202","14Mo",-0.123139323521686,-0.0290370416579488,0.00211720172950781
"W31203","16Neu",-0.115827413830418,-0.0524483674338036,0.00211736708765491
"W31204","10GMP",-0.087584603613819,0.0499141465663611,0.0269327377783604
"W31205","3Ery",0.128457487582063,0.0230575166974559,0.0727962888750014
"W31206","3Ery",0.150926366713537,0.113439595911783,0.141733631397882
"W31207","13Baso",-0.15681800025905,-0.00803455194622116,0.002117532445802
"W31209","1Ery",0.376957198852318,0.103008278883082,0.252914793534307
"W31210","14Mo",-0.122245959931917,-0.0320715784296436,0.0021176978039491
"W31211","15Mo",-0.129297214157873,-0.033439512248393,0.0021178631620962
"W31212","2Ery",0.246769167258293,-0.0668543623985837,0.175958465111966
"W31213","5Ery",0.0671553395449042,-0.00040257074133786,0.00848388821429707
"W31214","2Ery",0.172486605401956,0.00654670906571065,0.144723198935942
"W31215","5Ery",0.0786175072170911,0.00156322358833808,0.0199590390924303
"W31217","3Ery",0.116587523036959,0.0756278676074862,0.0723892874192559
"W31218","14Mo",-0.122686382441702,-0.0182687009300058,0.00302812159763661
"W31219","10GMP",-0.0645389029376996,0.0325135821656801,0.00789899710114381
"W31220","2Ery",0.264812337731061,0.019276203337402,0.218893155162464
"W31221","7MEP",0.0143139832925374,-0.00533811250834737,0.0438206564801693
"W31222","4Ery",0.0997936685460678,0.0707851025399639,0.0531440263842959
"W31223","9GMP",-0.0220721103274311,0.000518438800205491,0
"W31224","7MEP",0.0166760002438145,0.011104486720259,0.0504635599918484
"W31225","3Ery",0.123204175297753,0.0219466989692335,0.0663907686308326
"W31226","16Neu",-0.127321067369376,-0.136193968111915,0.0021180285202433
"W31228","10GMP",-0.0505819194185842,-0.025147889109982,0.020220054747371
"W31229","6Ery",0.0830474001388696,0.0438259662483071,0.0312326811374491
"W31230","3Ery",0.0694551708796864,0.0320801932013878,0.0158587413213967
"W31231","2Ery",0.140535028566866,0.00487133764769089,0.0822209679102325
"W31232","5Ery",0.127600820837664,0.0172764254758269,0.0703216311521537
"W31233","2Ery",0.108501825447663,0.0147401730883676,0.0509760607305613
"W31234","2Ery",0.119134291629901,0.0193986969057108,0.0620851703123651
"W31236","5Ery",0.115427465574279,-0.0305924096499326,0.049092134674891
"W31237","14Mo",-0.140289411767509,0.000103533639506793,0.00376371561085996
"W31238","5Ery",0.0981490081228755,0.0429300777845207,0.0461609945604309
"W31239","14Mo",-0.120834110508638,-0.0312745927453615,0.0021181938783904
"W31240","3Ery",0.10105574462903,0.0445454524557849,0.0491639678723584
"W31241","2Ery",0.130732135884656,0.0244195088245964,0.0757930424276688
"W31242","16Neu",-0.0946813742886824,-0.0863951233782589,0.0021183592365375
"W31243","2Ery",0.208913125680995,0.0480358169401308,0.161186876839221
"W31244","13Baso",-0.089803062692883,-0.0665737993754062,0.0021185245946846
"W31245","16Neu",-0.0889502684027844,-0.0671783188951449,0.0021186899528317
"W31246","2Ery",0.1373580880075,-0.0601017832532563,0.0634988395770458
"W31247","3Ery",0.16467456281789,0.0695778938143663,0.137241709068699
"W31248","3Ery",0.106250418981727,0.0668629134436735,0.0592863204714549
"W31249","14Mo",-0.115949638558859,-0.0283434916288142,0.000546191500557507
"W31250","5Ery",0.123116165726115,0.00640694584852991,0.063484141946497
"W31251","16Neu",-0.127313788920047,-0.142519995766838,0.00211885531097879
"W31252","14Mo",-0.122840347482658,-0.00687029297128158,0.00925706676384382
"W31253","14Mo",-0.0876246586004964,-0.0607894788901663,0.00211902066912589
"W31254","13Baso",-0.154286879886669,0.00201607025490482,0.000604097942626114
"W31255","3Ery",0.115148367999202,0.0345718016570999,0.0612239062879791
"W31256","14Mo",-0.102522393872296,-0.0519203018517955,0.00211918602727299
"W31257","7MEP",0.0290115028189027,0.000982020962947126,0.0623432109570365
"W31259","14Mo",-0.056295261658213,-0.00858641835992286,0.0187404448448264
"W31260","10GMP",-0.0889091468794114,-0.0649712628718444,0.00211935138542009
"W31262","2Ery",0.0785603486738387,-0.00664551918669402,0.0181716849232275
"W31263","14Mo",-0.0552641035945225,-0.0551016705917025,0.0100328882847838
"W31264","15Mo",-0.0837183972170846,-0.06906760499211,0.00211951674356719
"W31265","14Mo",-0.12755835947792,-0.0191398934621365,1.09319004998262e-05
"W31266","16Neu",-0.097184974337082,-0.126519364313453,0.00211968210171429
"W31267","10GMP",-0.0625770991804857,0.0257611188780768,0.00894659726690526
"W31268","7MEP",-0.0199652109323346,-0.00410425817059197,0.000543234640212361
"W31269","5Ery",0.0748651254765666,-0.012017814078528,0.0148664432542497
"W31270","16Neu",-0.0950349150500574,-0.0855754840895694,0.00211984745986139
"W31271","2Ery",0.236185358492488,-0.0627437228630376,0.164691769886992
"W31272","16Neu",-0.0846451120098322,-0.0684130646282205,0.00212001281800848
"W31273","14Mo",-0.0987949922826613,-0.0629161835634338,0.00212017817615558
"W31274","10GMP",-0.0596878877544615,-0.0160717391246916,0.0266256777822003
"W31275","16Neu",-0.125760127684283,-0.161748418070869,0.00212034353430268
"W31276","8Mk",0.00350898994910637,0.0255570688623255,0.00211695643172865
"W31277","7MEP",0.0503614832968638,0.0046241318935815,0.00982759759028859
"W31278","14Mo",-0.115795719915829,-0.0163586251901357,0.00706185901219346
"W31279","7MEP",0.013755459701386,0.00717782595969601,0.0461487573706299
"W31280","2Ery",0.123944724585269,0.00735374692736542,0.0646827389824234
"W31281","14Mo",-0.140082943815603,0.00143165727485645,0.00450890088776167
"W31282","14Mo",-0.0923785964022514,-0.0552087823182514,0.00212050889244978
"W31283","4Ery",0.118169929421422,0.0224127197099901,0.0617129463402651
"W31284","5Ery",0.0921483539649807,-0.0329153445807863,0.0357939562549197
"W31285","14Mo",-0.0900011726719595,-0.047113339664757,0.0035368479064062
"W31286","14Mo",-0.100908976788029,-0.0620586169175176,0.00212067425059688
"W31287","10GMP",0.0096835985020637,0.0519026825128402,0.0186104082126435
"W31288","6Ery",0.0289219324132591,0.00197928533732035,0.062476979300198
"W31289","5Ery",0.0778357260486217,-0.0349067558619575,0.0134381482497139
"W31290","14Mo",-0.118949488295504,-0.0293965950486792,0.00212083960874398
"W31291","3Ery",0.155614280783051,0.0898771109057509,0.142468201125172
"W31292","5Ery",0.0999195262016915,0.0476722598070969,0.049363277410877
"W31293","15Mo",-0.117963406695088,-0.058659810059773,0.00212100496689108
"W31294","5Ery",0.139876206053735,0.00469820043687237,0.0814089437748317
"W31295","14Mo",-0.122065737928594,-0.0370254656991576,0.00212117032503818
"W31296","16Neu",-0.141638721624791,-0.0625387783318576,0.00212133568318527
"W31297","8Mk",0.00953585442571803,0.000221327454524542,9.42799667981772e-05
"W31298","3Ery",0.171309750159367,0.041172733327636,0.136979117474106
"W31299","14Mo",-0.203367693348749,-0.0767095799199141,0.00212150104133237
"W31300","12Baso",0.00692868236378537,0.0469511899227278,0.0150948150406617
"W31301","14Mo",-0.0553287398158819,-0.00351130926291982,0.0150048056552096
"W31302","3Ery",0.135502882987088,0.137456281745855,0.153407751153563
"W31303","5Ery",0.0548273636048668,0.00115647210121392,0.0054525149778622
"W31305","16Neu",-0.0800460987488445,-0.0627429783840714,0.00212166639947947
"W31306","15Mo",-0.281675611429425,-0.125024377661058,0.00212183175762657
"W31307","13Baso",-0.156031961327203,0.002443585419634,0.00238947105681825
"W31309","5Ery",0.110695296303843,0.0315228839029404,0.0578744371231132
"W31310","3Ery",0.0967221291137455,0.118881488566289,0.0607722683828379
"W31311","13Baso",-0.0732250333015591,-0.00946466316045206,0.00651152691853584
"W31312","12Baso",-0.0217897629852626,-0.0313069453407877,0.0133470162616034
"W31313","8Mk",0.00605136255914095,-0.0131200627574606,0.00520755563123106
"W31314","7MEP",0.0236802448157917,0.0116431242152844,0.0587032442527044
"W31315","6Ery",0.0724423752678967,0.0262203027055782,0.0180531932973942
"W31316","2Ery",0.116334013847305,0.0215708676928596,0.0597192600172619
"W31317","3Ery",0.165432701319342,0.102087020692572,0.127796060284725
"W31318","3Ery",0.209868224205268,0.12839580981811,0.182773317212204
"W31319","15Mo",-0.127766896116857,-0.0479586519852743,0.00212199711577367
"W31321","3Ery",0.0655278223948695,0.0428997742687252,0.015759992514119
"W31322","3Ery",0.0987917856552778,0.0618304544945183,0.0504535855672559
"W31323","3Ery",0.103013522596484,0.0687317969281823,0.0562373258849521
"W31324","8Mk",0.0266436388841206,0.00276620902919093,0.0600247149455048
"W31325","2Ery",0.119333849402071,0.00753859695813557,0.0597088785675637
"W31326","2Ery",0.117857443428034,0.0371764261196245,0.0650237723953858
"W31327","14Mo",-0.135693716091412,-0.0340891283938981,0.00212216247392077
"W31328","3Ery",0.0862219038965618,0.090542733878305,0.0434133136674312
"W31329","15Mo",-0.147447090569578,-0.0560152061661472,0.00212232783206787
"W31330","14Mo",-0.131221167271853,-0.0286497721206405,0.00212249319021496
"W31331","7MEP",0.0244900635480994,0.0187962720891902,0.0613431669539478
"W31332","15Mo",-0.110012575625124,-0.0959400619317231,0.00212265854836206
"W31333","3Ery",0.113477073858173,0.0263639974714856,0.0577906407639168
"W31334","3Ery",0.0950670246895713,0.0607971918837831,0.0474480285582144
"W31335","13Baso",-0.0923825023288921,-0.049810351166736,0.00178055566751865
"W31336","15Mo",-0.145574680520653,-0.0656592827861766,0.00212282390650916
"W31337","3Ery",0.201119798047857,0.153643574680907,0.179027528120545
"W31338","15Mo",-0.149429767086215,-0.0745615546257495,0.00212298926465626
"W31339","13Baso",-0.155132712657622,-0.00504394270754055,0.00212315462280336
"W31340","3Ery",0.106890951698061,0.0695582838991512,0.0607034544445379
"W31341","15Mo",-0.0977834140003353,-0.0598081379813242,0.00212331998095046
"W31342","15Mo",-0.160906490461703,-0.124957459574268,0.00212348533909756
"W31343","13Baso",-0.204864643079698,0.00519647776841155,0.00212365069724466
"W31345","4Ery",0.113737632437816,0.0701195021095502,0.0676623327664653
"W31346","3Ery",0.100291254000226,0.0622883529036848,0.0520069329558749
"W31347","14Mo",-0.0900211448718227,-0.0242184773272578,0.00202692436596737
"W31348","4Ery",0.115076134749658,0.0184712918842596,0.0577520916537966
"W31349","6Ery",0.0547530830863299,0.0171820649159754,0.00204658638027078
"W31350","16Neu",-0.165906429532094,-0.160535339699329,0.00212381605539175
"W31351","14Mo",-0.162710706865652,0.00864465279120054,0.000944389747070305
"W31353","3Ery",0.183892987029792,0.0432002177654647,0.130843377320278
"W31354","17Neu",-0.0946559108335336,0.240832627902479,0.00248938457443455
"W31355","15Mo",-0.119567608824155,-0.0381729298965696,0.00212398141353885
"W31356","4Ery",0.114909605414658,0.0506276780168037,0.06494238394722
"W31357","3Ery",0.118116790662369,0.0594873662137734,0.0700498128101242
"W31358","6Ery",0.0503539394250709,-0.0161401332221606,0.0143589045120749
"W31359","14Mo",-0.115889051660943,-0.00460593845863339,0.0123315294667056
"W31360","3Ery",0.104021110850933,0.064649488416167,0.0578692622725941
"W31361","16Neu",-0.0988813732795613,-0.0641133662968389,0.00212414677168595
"W31362","14Mo",-0.206501026761644,0.0177865674235441,0.00212431212983305
"W31363","15Mo",-0.101274159303145,-0.0653161089516155,0.00212447748798015
"W31364","7MEP",0.0236910994622493,-0.00649595842391135,0.0544021527880237
"W31365","13Baso",-0.0744450339502214,-0.0102161783073925,0.00844086889682891
"W31366","15Mo",-0.0844715063128218,-0.0584829751403189,0.00212464284612725
"W31367","14Mo",-0.158989581866912,-0.00691690359696604,0.00212480820427435
"W31368","3Ery",0.150560197346586,0.113868870544057,0.142047869015046
"W31369","2Ery",0.14440602282394,0.00411083736770905,0.178138949492964
"W31370","2Ery",0.14920477431549,0.0256758151349741,0.166856127472786
"W31371","14Mo",-0.0793105193525686,-0.0275525085131608,0.0120127524940302
"W31372","2Ery",0.209160206534136,0.0422737766438811,0.160006170983231
"W31373","13Baso",-0.0433781587758071,0.0492981362023323,0.0242341782700604
"W31374","2Ery",0.128491675114768,0.0212905187936897,0.0723844283863168
"W31375","3Ery",0.0929648068889958,0.0622255928678223,0.0445031379327719
"W31376","13Baso",-0.0588506092735664,0.00498109456668147,0.0149614958031309
"W31377","12Baso",-0.0150961980642287,0.00119861905858878,0.00593269258471405
"W31378","2Ery",0.111734256667883,0.00171960149766032,0.0513069927330366
"W31379","10GMP",-0.0163057878988994,-0.00350892778326205,0.0103112053808148
"W31380","5Ery",0.0964448775227025,0.00552972186825486,0.0393216264747241
"W31381","13Baso",-0.146745285877163,0.00118932631132386,0.00231362740232436
"W31382","3Ery",0.144685465639474,0.107866134639847,0.150484091715378
"W31383","9GMP",-0.0523577809856473,0.0105010461081473,0.00432341788995934
"W31386","15Mo",-0.098638646750604,-0.0865417528344365,0.00212497356242144
"W31387","2Ery",0.133169066818037,0.00501228096982576,0.0736774549725843
"W31388","10GMP",-0.0407305228660072,-0.00344847773085938,0.00255680962943986
"W31389","5Ery",0.110939575507535,0.0520237472324409,0.0606715449378443
"W31390","5Ery",0.106854391068498,0.00850510943586645,0.047976028833312
"W31391","2Ery",0.134631142781175,-0.0268003141287788,0.0672581408077703
"W31392","14Mo",-0.0804446990164272,-0.0261537902855251,0.0117342795419385
"W31393","13Baso",-0.075636485130175,-0.0110744150630019,0.0104032771000568
"W31394","2Ery",0.139862239284575,0.0212987199381841,0.178915354571328
"W31395","14Mo",-0.122538470305335,-0.0187434562744179,0.00263821520067989
"W31396","16Neu",-0.109616100575946,-0.115078898090065,0.00212513892056854
"W31397","12Baso",-0.0125835604891817,-0.00536688426760367,0.00701399610768057
"W31398","14Mo",-0.103325282131274,-0.0263968111206214,0.00887672685715076
"W31399","14Mo",-0.10277460079235,-0.0397298911305226,0.000159895265633883
"W31401","3Ery",0.107956514478419,0.0532965310844221,0.0578478444597759
"W31402","14Mo",-0.0981177461416892,-0.0138459105956367,0.000327650945644631
"W31403","13Baso",-0.0661950170498825,-0.0129777329934818,0.000297928683562109
"W31405","12Baso",-0.0689293937641338,-0.045250780683071,0.0109141177143543
"W31406","5Ery",0.0968195671160759,0.00065895697904732,0.0399393528320092
"W31407","10GMP",-0.0104523760296479,0.00668233783050233,0.0205977130498083
"W31409","14Mo",-0.121853005177162,-0.0162710838215337,0.00418740816345278
"W31410","4Ery",0.108882694755773,0.0488536666235463,0.0578565588592611
"W31411","15Mo",-0.118234212323617,-0.0594043905377297,0.00212530427871564
"W31413","3Ery",0.101496405256844,0.082363414794442,0.0584051930881956
"W31414","4Ery",0.0830160239818172,0.0571844706427288,0.0340421386288263
"W31415","4Ery",0.111732858848582,0.00153082885980929,0.051261721249526
"W31416","4Ery",0.114793404713929,0.0181441841527832,0.0580410212006661
"W31418","4Ery",0.10742153000188,0.0334528848550483,0.053317898019907
"W31419","5Ery",0.0931141142129253,-0.00145019690852082,0.033140678905799
"W31420","1Ery",0.332781539066788,0.056545209051956,0.252914958892454
"W31421","16Neu",-0.109374622404032,-0.116527209375652,0.00212546963686274
"W31422","14Mo",-0.131127318719971,-0.00570343884746109,0.00498389689302618
"W31423","2Ery",0.130027218950661,0.0183933448861496,0.0734334267432529
"W31424","5Ery",0.094753750384222,-0.0537284267067583,0.0371959957211641
"W31425","15Mo",-0.10873882238753,-0.100122836234695,0.00212563499500984
"W31426","5Ery",0.112352248668705,0.0338312977084417,0.058277370106574
"W31427","2Ery",0.183857030868502,-0.0387149128798299,0.143374347458849
"W31428","5Ery",0.100623214447155,0.029092155349483,0.0463871145897456
"W31429","1Ery",0.301156214605109,0.0373881345080859,0.252915124250601
"W31430","7MEP",0.0311301710073964,0.00673930010410193,0.00246341193796665
"W31431","2Ery",0.142798955785802,0.00284938762158019,0.180347385228239
"W31432","14Mo",-0.104964495454366,-0.0450474395433706,0.00212580035315694
"W31433","10GMP",-0.00299747082609478,0.0698278413684387,0.0346179455851627
"W31434","2Ery",0.125152025486792,0.015790898670945,0.0670891482270143
"W31436","14Mo",-0.117431125940289,-0.0380678087933159,0.00212596571130404
"W31437","6Ery",0.0497608487591542,-0.000681382173682773,0.0116733133853722
"W31439","9GMP",-0.0106425602711265,0.0316397275879478,0.00553434064813688
"W31440","3Ery",0.188043149461709,0.121680530365508,0.155669507527472
"W31441","2Ery",0.129016068024488,0.00491393046366001,0.0688144902394509
"W31442","3Ery",0.130891433850945,0.00802744341709032,0.0717939538776117
"W31443","12Baso",-0.0138662565728372,-0.0170352263404903,0.0132391578165214
"W31444","2Ery",0.107447147861818,0.000477062878008174,0.0470033202253729
"W31445","18Eos",-0.215127164382881,0.36290274593223,0.0183481769936463
"W31446","5Ery",0.11191262970159,-0.0258539793358182,0.0473767467137666
"W31447","3Ery",0.1088241660194,0.0141663192177248,0.0509224074568942
"W31448","15Mo",-0.112432868059142,-0.0531222721217809,0.00212613106945114
"W31451","14Mo",-0.0798920289136393,-0.0373356832889018,0.00404787931587048
"W31452","2Ery",0.182632797290415,0.0126216217796559,0.131284794880262
"W31453","6Ery",0.063392296388159,-0.00118500508433757,0.00400750645516124
"W31454","14Mo",-0.0653806617264879,-0.0701324847972138,0.00271394234385697
"W31455","2Ery",0.268113266451913,0.0226127529156737,0.223583079674779
"W31456","5Ery",0.104166333042551,0.0142217604101336,0.0473580291675036
"W31457","12Baso",-0.0221082749853208,-0.0108484648902584,0.00494586485337372
"W31458","7MEP",-0.00311826865251543,0.0425678931262758,0.0130842304352418
"W31459","17Neu",-0.130634671426645,0.150901789473375,0.036117703988376
"W31460","14Mo",-0.114938391748054,-0.0416503726211241,0.00212629642759823
"W31461","2Ery",0.136271687839762,0.0060115797980188,0.0775462339178634
"W31462","5Ery",0.0908965887298384,0.00534377912583441,0.0320428324006322
"W31463","2Ery",0.233036124070578,-0.025165316120538,0.170602668386217
"W31464","14Mo",-0.154760756940842,0.00235139913597163,0.000664318393078317
"W31465","13Baso",-0.136112882552798,-0.0165059593566636,0.00212646178574533
"W31466","15Mo",-0.121049527446201,-0.0313219553572916,0.00212662714389243
"W31467","2Ery",0.14576466024447,0.0253780743623935,0.170949751070421
"W31468","13Baso",-0.0836865999026743,-0.0143995503773282,0.00148062724683573
"W31469","16Neu",-0.113224368522833,-0.109995270073422,0.00212679250203953
"W31470","5Ery",0.124098046267179,0.0371167862231848,0.0713064397201711
"W31471","14Mo",-0.191893674547152,0.0233429336472898,0.00212695786018663
"W31472","16Neu",-0.116340273958007,-0.109137314927449,0.00212712321833373
"W31473","14Mo",-0.105973567517595,-0.0493729163724594,0.00212728857648083
"W31474","16Neu",-0.134850824934378,-0.152837694998347,0.00212745393462793
"W31475","14Mo",-0.154698068457992,-0.00598260252623717,0.00212761929277502
"W31476","8Mk",0.00752101551042415,0.273594614379783,0.0138460174346453
"W31477","10GMP",-0.0367009750487434,-0.00461992999969581,0.00690358235953333
"W31478","14Mo",-0.102444850087926,-0.0539533558637453,0.00212778465092212
"W31479","5Ery",0.100289008157324,-0.000602018992907797,0.0426033702502143
"W31480","7MEP",0.0289671143017164,0.00880314424615908,0.000442016587235493
"W31481","2Ery",0.140761444927326,0.00608602551111707,0.0827948495569647
"W31483","14Mo",-0.137722686250722,0.0963783439723115,0.0182589261794372
"W31484","13Baso",-0.15867399771358,0.00418372824958888,0.00206946971187952
"W31485","2Ery",0.127401859492894,0.00711057342071108,0.0674940686311328
"W31486","5Ery",0.0868516092594395,-0.00287302950289863,0.0355296054551135
"W31487","14Mo",-0.138211235891688,-0.00771666478640384,0.0017588824026005
"W31489","14Mo",-0.13746919452297,-0.0155066139140352,0.00212795000906922
"W31491","9GMP",-0.0521521286956724,0.0107355264238415,0.00395627837578015
"W31492","4Ery",0.0919274206214744,0.0410489410021295,0.0431648254474792
"W31493","10GMP",-0.055490319907062,-0.0261546662371313,0.0266576396281072
"W31494","13Baso",-0.119091818346698,-0.0568915275802494,0.00212811536721632
"W31495","10GMP",-0.0224747831475026,-0.00219886859561267,0.00165673495235022
"W31497","7MEP",0.0244210471740108,-0.000888249977908638,0.0565808096585439
"W31498","10GMP",-0.0720704424361102,0.0486259433478496,0.00884351949295548
"W31499","3Ery",0.0818871545899234,0.0515214608445616,0.0315403923160762
"W31500","2Ery",0.128762972465042,0.0169426004084256,0.0715902567549443
"W31501","14Mo",-0.129917339206622,-0.0281323927903632,0.00212828072536342
"W31502","10GMP",-0.0458303714721026,0.0051464207475802,0.00012177894537374
"W31503","15Mo",-0.10649177483449,-0.076870744163746,0.00212844608351052
"W31504","13Baso",-0.249977037890442,-0.102499259808678,0.00212861144165762
"W31505","7MEP",0.0125420096323467,-0.000843618383454961,0.0428372533507269
"W31506","6Ery",0.0323856396047343,0.00987349018573031,0.00463382279730103
"W31507","7MEP",0.040532290154356,0.017698809591934,0
"W31508","5Ery",0.102945090439789,0.0168265494294427,0.046439276926438
"W31509","14Mo",-0.118618436373035,-0.0388661991625851,0.00212877679980471
"W31510","13Baso",-0.139177607219086,-0.00627896655209954,0.00162136598343006
"W31511","10GMP",-0.0591981645409969,0.00437680134889885,0.0156877534870993
"W31512","7MEP",0.0328002660493001,0.0145575321123662,0.00619016058241994
"W31513","3Ery",0.144434623929,0.108563550779375,0.150593252740834
"W31514","7MEP",0.0172096524414159,0.00460812309901477,0.049536779899528
"W31515","13Baso",-0.0984766675669841,0.00091705505201039,0.0109064878741215
"W31516","1Ery",0.205147096729979,0.0345275188799796,0.153363707473745
"W31517","14Mo",-0.0936836509314262,-0.0373863550089831,0.00876313959024299
"W31518","13Baso",-0.162561803915951,0.00272459080676879,0.00212894215795181
"W31519","10GMP",-0.0438655918957335,-0.0330762806396034,0.0161192057486559
"W31520","9GMP",-0.0429552237848077,0.00702175308813699,0.00439401894224614
"W31521","3Ery",0.0815390364064041,0.102181261531648,0.0418245565133172
"W31522","13Baso",-0.111881199139165,-2.97140167393541e-05,0.018605952407477
"W31523","2Ery",0.182673399581646,0.0129694640554774,0.131145726600102
"W31524","13Baso",-0.0923911520100574,-0.0248977992158756,0.00123912775661884
"W31525","2Ery",0.151187817155206,0.0135377140569748,0.167738838763566
"W31526","6Ery",0.0194066890759641,-0.000658130799123613,0.050828497579936
"W31527","6Ery",0.0315036422004155,-0.0124819695657525,0.0620266514384411
"W31528","13Baso",-0.0974392251696966,-0.00726442028328889,0.00602017022584462
"W31529","3Ery",0.0852426770117507,0.0528082275146897,0.0420130771118074
"W31530","13Baso",-0.118971359735351,-0.0178274053306727,0.00473121017080649
"W31532","14Mo",-0.102797939670089,-0.0969581770753706,0.00212910751609891
"W31533","10GMP",-0.0568705465288347,0.0217551012095077,0.00407972419352686
"W31534","8Mk",-0.0173565939839875,0.193388955997683,0.0313500666596317
"W31535","9GMP",-0.0348713710094994,-0.00566531342553403,0.00865537278486191
"W31536","2Ery",0.120321543517096,0.0167738718554971,0.0628134476377897
"W31537","13Baso",-0.097144185387401,-0.0257397922333675,0.013671573392655
"W31538","14Mo",-0.133751602349579,-0.0172006668446198,0.00175657998256979
"W31539","13Baso",-0.0888283850223561,-0.0292345469972433,0.000321290214832959
"W31540","14Mo",-0.1357631943748,-0.0283180454704812,0.00212927287424601
"W31541","5Ery",0.124095266174432,0.00458562838506817,0.0641696868652359
"W31542","14Mo",-0.138071588320222,-0.00823580387059168,0.00126473140630612
"W31543","5Ery",0.0966111715192195,0.00212290005171366,0.0398635931485908
"W31544","13Baso",-0.122257442455792,-0.0177374438055907,0.00320405193410548
"W31545","12Baso",-0.0724038924472093,0.0864696782348066,0.0578199624801213
"W31546","16Neu",-0.15982774409891,-0.177603135255821,0.00212943823239311
"W31548","13Baso",-0.0454161535863379,0.00480798534233414,0.00047479364938996
"W31549","13Baso",-0.138893417058533,-0.000738132561669191,0.00402528306145402
"W31550","2Ery",0.189914863193486,-0.0305643286564415,0.1341596121843
"W31551","2Ery",0.117326075909971,0.00700424439011923,0.0577283772218548
"W31552","14Mo",-0.0853058249484026,-0.0363906436982951,0.0180680852038825
"W31553","7MEP",0.00789547166588244,0.00781083946395589,6.10613402272442e-05
"W31554","4Ery",0.0832370960539384,-0.00167963186473158,0.0245724150697632
"W31555","6Ery",0.06335068082123,-0.00204374520178555,0.00377849781286226
"W31556","13Baso",-0.10111920371562,-0.0273478591676115,0.0103174420189626
"W31558","14Mo",-0.0784382324454939,-0.0397845922360532,0.00391588989221113
"W31559","14Mo",-0.132610983432289,0.00776564430746757,0.00995586586001046
"W31560","6Ery",0.0237099255010087,0.0038290778178604,0.0568791172831457
"W31562","12Baso",-0.0449168730272624,0.0426138714468826,0.0191718690148055
"W31563","6Ery",0.0920544768949986,0.0407188775322228,0.0430904208749231
"W31564","14Mo",-0.0892175229177908,-0.0460167231949089,0.00604454567149287
"W31565","2Ery",0.121594912652469,0.00446960428391804,0.0612313181362032
"W31566","13Baso",-0.111531459350461,-0.0573287923294388,0.00212960359054021
"W31567","13Baso",-0.130342984084368,-0.00391484561618642,0.00695783332591018
"W31568","14Mo",-0.0934193754766716,-0.0573886465100203,0.00212976894868731
"W31569","7MEP",0.0233860066564865,0.00404862827781303,0.0565561288600841
"W31570","7MEP",0.0201853902319853,0.00924787344001204,0.0540862824616852
"W31571","15Mo",-0.0878731567981954,-0.111658805938943,0.00212993430683441
"W31572","5Ery",0.0895120618148895,0.00354224564934486,0.0311285766892532
"W31573","5Ery",0.0772769013677235,-0.000347984731874774,0.0180213046448889
"W31575","5Ery",0.0447958929360396,-0.000704811649282453,0.00068766677399424
"W31576","5Ery",0.106202801963462,0.00759947723628037,0.0471650621454731
"W31577","15Mo",-0.112065630994307,-0.105134044284791,0.0021300996649815
"W31578","1Ery",0.203038575758774,0.0133781420257828,0.145520971757288
"W31580","13Baso",-0.0879777919462493,-0.0148981567136828,0.0113483996584375
"W31581","10GMP",-0.0531468324497803,0.0195830796712754,0.00116831143753306
"W31583","12Baso",0.00462258098077422,-0.000172371120697062,0.00481794936140079
"W31586","4Ery",0.143774093939188,0.116229094305291,0.149344444884919
"W31587","7MEP",0.00128678097029214,0.039183066803393,0.0097708990782444
"W31588","15Mo",-0.165096386125084,-0.130236332150722,0.0021302650231286
"W31590","13Baso",-0.147462453835627,0.000134706423188508,0.0017590477607476
"W31591","13Baso",-0.114542031828918,-0.0163186998759883,0.00765008296818835
"W31593","3Ery",0.156735961954762,0.102555569220282,0.137821152696384
"W31594","3Ery",0.115638331157998,0.0207300562414884,0.0587009178677378
"W31595","15Mo",-0.110364021385643,-0.0953203436578105,0.0021304303812757
"W31596","16Neu",-0.14053822763553,-0.155117594643784,0.0021305957394228
"W31597","13Baso",-0.150780200538521,-0.0180193308646177,0.0021307610975699
"W31598","2Ery",0.105731598136042,0.0293750968754336,0.0508609239781051
"W31599","15Mo",-0.126837851101299,-0.108600077863663,0.002130926455717
"W31600","17Neu",-0.0709344533060749,0.0470124569301219,0.00828751215958641
"W31601","15Mo",-0.0707803478357601,-0.084031521133821,0.0021310918138641
"W31602","13Baso",-0.0963059300157416,-0.0060828053055885,0.00822026042378661
"W31603","16Neu",-0.111249801828197,-0.0988678689994001,0.00213125717201119
"W31604","6Ery",0.0293955828807664,-0.000564065670089336,0.062420374285844
"W31605","5Ery",0.0470902335682788,0.0722635003346805,0.00114798802144223
"W31606","15Mo",-0.123486213033702,-0.0493997129078322,0.00213142253015829
"W31607","9GMP",-0.00852809604901301,0.00252306214580772,0.0190870001207811
"W31608","13Baso",-0.135799677198605,0.011371966859563,0.00996716598112496
"W31609","15Mo",-0.219862317767799,-0.156108514112612,0.00213158788830539
"W31611","13Baso",-0.113156113518575,-0.00680469986455986,0.0123316948248527
"W31613","6Ery",0.0529997057586015,0.0155560733981194,0.00441521431225203
"W31614","7MEP",0.0196494730957708,0.0038686388501201,0.0521853127782163
"W31615","12Baso",-0.0394178109538703,-0.00305250345553818,0.00430806054487203
"W31617","15Mo",-0.109165380676247,-0.116392570686364,0.00213175324645249
"W31618","2Ery",0.161708478592282,0.00862263178550793,0.156754365949528
"W31620","13Baso",-0.0726118049670128,-0.0243733193127996,0.00849368600973857
"W31621","10GMP",-0.0498727799638843,-0.0138049213701826,0.0136233270804271
"W31622","14Mo",-0.101276775872234,-0.0642209367235598,0.00213191860459959
"W31623","14Mo",-0.128048578378951,-0.0182839261322788,0.000471527492995699
"W31624","14Mo",-0.124410118334969,-0.0776414095564771,0.00213208396274669
"W31625","15Mo",-0.107863204531248,-0.0950690106638074,0.00213224932089379
"W31626","5Ery",0.0702212865343121,0.0107688777405924,0.014354251390348
"W31628","16Neu",-0.0986947078783,-0.125212420899258,0.00213241467904089
"W31629","5Ery",0.0793127337965019,-0.0049301779012285,0.0193934150583457
"W31630","14Mo",-0.112568274949031,-0.0381457053688131,0.00213258003718798
"W31631","13Baso",-0.138972462680409,-0.0010301764547724,0.00376388096900706
"W31632","15Mo",-0.132840032151759,-0.124518627532326,0.00213274539533508
"W31634","2Ery",0.169264721258975,0.00937986364975815,0.147736293873849
"W31635","2Ery",0.148785096288925,0.00866796285042524,0.17182589572421
"W31636","2Ery",0.157777937781754,0.0104692178749522,0.160853937538138
"W31638","13Baso",-0.11855673817122,-0.00305754314412378,0.0133830727240445
"W31639","13Baso",-0.100845472767557,0.000522479967456971,0.00785547457917928
"W31640","5Ery",0.0770165239541173,0.0216331381268072,0.0223327767987263
"W31641","5Ery",0.0921211097453239,0.0220885129343959,0.0407240916890731
"W31642","9GMP",-0.00291632843502162,-0.0142810902293895,0.0153970372225267
"W31644","14Mo",-0.120474638046574,-0.0299946467223982,0.00213291075348218
"W31645","7MEP",0.0218650518336054,0.0053495763008581,0.0551040302037174
"W31646","14Mo",-0.100353464711161,-0.0397323863469673,0.0018859486597736
"W31648","16Neu",-0.123219618283857,-0.131902625560339,0.00213307611162928
"W31649","2Ery",0.193512934521812,0.0060038519008345,0.132558728244533
"W31650","2Ery",0.107053030554952,0.00789452985080699,0.0480678457973932
"W31651","10GMP",0.0157003232845369,-0.0100402010935853,0.0443079075622753
"W31652","8Mk",-0.00447898646700816,0.175300995561683,0.0421479470967896
"W31653","2Ery",0.143373996867928,0.00630804682554682,0.178764617041706
"W31654","5Ery",0.0898063113777898,-0.00441036558990264,0.0324675976863564
"W31655","13Baso",-0.197712478298895,0.0222672721855757,0.00213324146977638
"W31656","13Baso",-0.141269590835108,0.000643548838972404,0.004016607277132
"W31657","12Baso",-0.0482626505223561,-0.00594976124541451,0.00770154400686767
"W31658","7MEP",0.0392779574775775,0.00303847488234029,0.00481991287550102
"W31659","7MEP",0.0175706908173599,0.00107867969527274,0.0491157150373679
"W31660","13Baso",-0.13821159753445,0.00820586183638618,0.00796973762264011
"W31661","6Ery",0.0277202368074257,0.0085268366941339,0.0626427727297124
"W31662","5Ery",0.10612042129534,0.0135305742319418,0.0482593523692459
"W31663","16Neu",-0.161586433609041,-0.189740446430011,0.00213340682792348
"W31664","14Mo",-0.136266727954611,-0.0174569937533171,0.00213357218607058
"W31665","13Baso",-0.128912517517981,-0.00161215920334499,0.00794232376615273
"W31666","2Ery",0.114865626784888,0.0197970146700842,0.0578260898002732
"W31667","14Mo",-0.107478682822688,-0.0429085571427515,0.00213373754421767
"W31668","5Ery",0.078082181839199,-0.0080529567425449,0.0173278498737034
"W31669","7MEP",-0.00323557162895156,-0.0176269282095565,0.0162664976096597
"W31670","10GMP",-0.0861353064698285,0.0741174900805459,0.0500439630052305
"W31674","14Mo",-0.0656808586866387,-0.0123137266606187,0.0319622018739308
"W31676","4Ery",0.0722569265798497,0.0886514439590241,0.0329575651352806
"W31678","14Mo",-0.125950429573529,-0.0714823474898849,0.00213390290236477
"W31681","12Baso",-0.0305972541838468,0.0100933252830414,0.0061353383153757
"W31682","9GMP",-0.0190087032134235,-0.0145862848417382,0.00282598074580409
"W31683","15Mo",-0.258521341042204,-0.143943238827476,0.00213406826051187
"W31684","17Neu",-0.101180738595363,0.260474385739581,0.00807783010967624
"W31685","7MEP",0.014280294858914,0.00584617124525957,0.0464399779531314
"W31686","16Neu",-0.116035425145366,-0.109222095124517,0.00213423361865897
"W31687","13Baso",-0.146400175181166,0.000311497688072977,0.00174253716089409
"W31689","3Ery",0.107050938726115,0.0779214633575688,0.0625943145348346
"W31690","15Mo",-0.141890622380024,-0.157738494536345,0.00213439897680607
"W31691","3Ery",0.109521959276508,0.0233751048902961,0.0534125692152215
"W31692","7MEP",0.0574969680722181,0.0019336255252338,0.00221591749358969
"W31693","8Mk",-0.00221014852852741,0.261554408666652,0.0138458520764982
"W31695","3Ery",0.116436077556093,0.00268393552338653,0.0561082494364383
"W31696","13Baso",-0.138108781263719,-0.00709798526107654,0.00173928965709388
"W31697","9GMP",-0.0490424741398677,0.0099756747126327,0.00116814607938596
"W31698","3Ery",0.106489881297286,0.0733295835471742,0.060797992002148
"W31699","3Ery",0.116990837359853,0.0366337300322502,0.0638817012824607
"W31700","2Ery",0.220020136239462,0.0252830398555094,0.16831240576163
"W31701","16Neu",-0.135188087596709,-0.161224676536092,0.00213456433495317
"W31702","14Mo",-0.132482585143796,-0.0149928040221694,1.61989916236185e-05
"W31703","16Neu",-0.130144916294392,-0.148425842472518,0.00213472969310027
"W31704","6Ery",0.042451115999605,0.00746211066264006,0.000140508352439971
"W31705","14Mo",-0.135574343965874,-0.0437904801288241,0.00213489505124737
"W31706","5Ery",0.0770162364300343,0.00954045462858403,0.0197968925540206
"W31707","14Mo",-0.121065911476781,-0.019394379982273,0.00302828695578371
"W31708","14Mo",-0.0938947516408935,-0.0376240486296919,0.00861156993684065
"W31711","15Mo",-0.0951802032361245,-0.0849141488220258,0.00213506040939446
"W31712","13Baso",-0.0580422697399236,0.0179604398886362,0.00741541184115074
"W31713","14Mo",-0.100468712256816,-0.0576279299080179,0.00213522576754156
"W31714","13Baso",-0.0964247015722501,-0.0132753158741447,0.00272362433690668
"W31715","17Neu",-0.114384106970538,0.206488621282329,0.00239218804308639
"W31716","14Mo",-0.111681604524011,-0.0381979545564434,0.00213539112568866
"W31717","1Ery",0.222906235493378,0.00862770006614897,0.167426543540032
"W31718","2Ery",0.131885831295463,0.00647391223348971,0.0725559899124971
"W31719","5Ery",0.0908987444826449,-0.0324562898711453,0.0371284740338742
"W31720","6Ery",0.0275728318747827,0.00242769628283654,0.0610201597805021
"W31721","15Mo",-0.185811706676889,-0.0773609926743971,0.00213555648383576
"W31722","10GMP",-0.0544274035994538,0.0194180600803003,0.00231009723337168
"W31723","6Ery",0.0261775383879502,0.000629451544964892,0.0589761282285906
"W31724","10GMP",-0.0524672055709936,-0.0272542643935335,0.0235628645255051
"W31725","7MEP",0.0146058396464423,-0.00596899308663158,0.0440086983593217
"W31726","14Mo",-0.114438653324569,-0.0411852997923887,0.00213572184198286
"W31727","13Baso",-0.0587996008840854,-0.00595785890316023,0.0204358679524701
"W31728","2Ery",0.141294290488138,0.00810210060922008,0.18065696410058
"W31729","14Mo",-0.211984453937368,-0.0732330143291411,0.00213588720012996
"W31730","14Mo",-0.103039925877108,-0.0526081336226438,0.00213605255827706
"W31731","6Ery",0.0254303417617448,-0.000428312124860638,0.0578593717415816
"W31732","13Baso",-0.0450792577917134,0.00195771296206794,0.000349514476004757
"W31733","14Mo",-0.135919950137878,-0.0120422803896313,9.51723561123732e-05
"W31734","14Mo",-0.0961147621217992,-0.0391309315566993,0.00594288618061446
"W31735","2Ery",0.122165039091849,0.00613388098097334,0.0623092685349075
"W31736","6Ery",0.0746099787972441,0.0220008351393425,0.0196522893841752
"W31737","13Baso",-0.0843636215532925,-0.0113131811336856,0.00260079244328877
"W31738","10GMP",-0.0763074077242334,-0.0256813280537319,0.00325412130649447
"W31739","15Mo",-0.113916607136262,-0.103982249912635,0.00213621791642415
"W31740","16Neu",-0.120868055207354,-0.166003497140103,0.00213638327457125
"W31741","10GMP",-0.0414794065190206,-0.0035416130323287,0.00161468460274023
"W31742","1Ery",0.326885317419912,0.0515754045472288,0.252915289608748
"W31743","14Mo",-0.133357912252937,-0.0323904791491088,0.00213654863271835
"W31744","12Baso",-0.0287306243308215,0.0011660847705427,0.00773890953048038
"W31745","10GMP",-0.100126931915715,0.0497193237631968,0.00168588570842687
"W31746","12Baso",0.0222766210059117,-0.0436612362574428,0.0439278618064758
"W31748","16Neu",-0.141280634134948,-0.154859283668763,0.00213671399086545
"W31749","10GMP",-0.028454590898686,0.00647617652725269,0.0051153012426974
"W31750","13Baso",-0.162287938679814,0.00342616882391835,0.00213687934901255
"W31751","16Neu",-0.127531320029039,-0.14407164587416,0.00213704470715965
"W31752","6Ery",0.0213719552876096,0.00133279397677827,0.0535775156255136
"W31755","5Ery",0.085896859044847,0.00679303090855309,0.0345858022728774
"W31756","10GMP",-0.0456348175210447,0.00591758798958377,0.000690526640259159
"W31758","13Baso",-0.117302136082799,-0.00464282750943075,0.0134475395179864
"W31760","14Mo",-0.100410532322904,-0.0563797399799861,0.00213721006530675
"W31761","5Ery",0.0881442465054151,0.00724024940893591,0.0319159969443117
"W31762","13Baso",-0.111500724818387,-0.00678784368083346,0.0133844255315861
"W31764","13Baso",-0.131870259005481,-0.0167253091176372,0.000899307729302544
"W31765","13Baso",-0.135800874545839,-0.0094400611396158,0.00149275236059323
"W31767","13Baso",-0.086355451008378,-0.0328284878721061,0.000119299072772666
"W31768","4Ery",0.106893516789757,0.0500756082879208,0.0560982856401521
"W31771","12Baso",-0.0278635229373924,-0.00429520157781833,0.009050339245508
"W31773","10GMP",-0.0495869295381239,-0.0118880415818869,0.0123071578485562
"W31775","1Ery",0.339460149830872,0.0624032058567911,0.252915454966895
"W31777","3Ery",0.0879334556377461,0.0570250845748135,0.0442840105258627
"W31778","6Ery",0.0427718640305998,-0.00271240052593937,0.00211075053415055
"W31779","6Ery",0.0285449481424886,0.00582416958254487,0.0629555163408422
"W31780","2Ery",0.150477816878004,0.0104361834644945,0.169384351453671
"W31781","2Ery",0.201393173373295,0.0372023327273065,0.149677487042941
"W31782","13Baso",-0.141704166395609,0.0143499225370805,0.008549065750121
"W31783","3Ery",0.0644448051455994,0.0398164966389894,0.0138665671763146
"W31785","15Mo",-0.15592905202162,-0.128620641746131,0.00213737542345385
"W31786","2Ery",0.152107653351591,0.0257235432771876,0.163455365135844
"W31787","10GMP",-0.0343625833052187,-0.0132179772307876,0.00601066799889086
"W31788","5Ery",0.060058880532253,0.0182184805147122,0.00428355999478975
"W31789","13Baso",-0.0878705616410189,-0.0236769635877976,0.0049339246059891
"W31791","9GMP",-0.066315387750746,0.0457590443717099,0.00334142306632808
"W31792","9GMP",-0.0469117931987745,0.00743896859928501,0.00019178181430627
"W31793","12Baso",-0.0488342585574363,0.0240155849098179,0.00464492577318375
"W31794","17Neu",-0.127963028290869,0.148093544077685,0.0384118091613434
"W31795","6Ery",0.0347428382343394,0.00396096984843501,0.00599447232330309
"W31796","7MEP",0.0204379336152423,-0.000869456798676463,0.0519715213230097
"W31797","6Ery",0.079937288154045,0.0102508079636549,0.0232934795584108
"W31798","14Mo",-0.136511839678757,-0.0094501779616379,0.00139446842057782
"W31799","14Mo",-0.117917955582102,-0.0172443608367782,0.00559518243266656
"W31801","13Baso",-0.134536137730124,-0.00756235970894899,0.00302845231393081
"W31802","13Baso",-0.129340710813172,-0.00695197083148228,0.00531140178373747
"W31803","2Ery",0.120361108000824,0.0071134596379129,0.060454058707846
"W31804","13Baso",-0.122615466348988,-0.00733642009510665,0.00765024832633544
"W31805","7MEP",0.00913009892691831,0.00290318357858484,9.44453249452758e-05
"W31806","3Ery",0.109090627231207,0.0458693172089579,0.0581543653680983
"W31807","13Baso",-0.077622078923758,-0.0223791647106221,0.00374625680263361
"W31808","15Mo",-0.11033152722625,-0.0978021173403451,0.00213754078160094
"W31809","13Baso",-0.112581911500249,-0.0298313964693599,0.00175404747392229
"W31811","17Neu",-0.10387874067887,0.211851559757148,0.000100063991600736
"W31812","13Baso",-0.0681402210320811,-0.014575225343494,0.00362374513347692
"W31813","14Mo",-0.120953052742895,-0.0373320493229424,0.00213770613974804
"W31814","2Ery",0.11606584600392,0.00608688061763942,0.0575936046521576
"W31816","13Baso",-0.0633793477587387,-0.0134318781931627,0.0297488367436539
"W31817","13Baso",-0.126220891306543,-0.0159634811268937,0.00238063182534521
"W31818","2Ery",0.14691135348022,0.00729877870112429,0.174373868961861
"W31819","2Ery",0.154067722025351,0.00911244635259181,0.165542791156262
"W31820","16Neu",-0.122966635255264,-0.131799703993978,0.00213787149789514
"W31821","14Mo",-0.108428655944663,-0.0277857802459905,0.00494106436622486
"W31822","10GMP",-0.0574584441053688,0.0184619449160821,0.00645626337875033
"W31823","16Neu",-0.106199683079687,-0.111428325383917,0.00213803685604224
"W31824","13Baso",-0.138071068993251,-0.0130735217128595,0.00145809151443669
"W31825","10GMP",-0.104838188982137,-0.000717851029564566,0.00228308208371211
"W31826","16Neu",-0.0980830699243762,-0.0838084483670458,0.00213820221418934
"W31827","2Ery",0.104162561037725,0.0142674770096185,0.0473520156515019
"W31828","14Mo",-0.0982759344370741,-0.0317498564986669,0.00919478981961044
"W31829","12Baso",-0.0263304015017536,-0.00708223360766477,0.0084064283453443
"W31830","9GMP",-0.0627698835910363,0.0369538161323856,0.00351438914471863
"W31831","2Ery",0.119466885827749,0.0190809744506444,0.0623931693335828
"W31832","2Ery",0.17493089060089,0.0349658114603677,0.134388330297256
"W31834","2Ery",0.147061372143951,-0.0252186808216519,0.0821415678446839
"W31835","6Ery",0.0877083799998038,-0.00123890009607996,0.0342034300394057
"W31836","13Baso",-0.10346583515054,-0.00626814318052283,0.000253890038195856
"W31837","14Mo",-0.0835696637443973,-0.0448088152919768,0.012982557723882
"W31838","2Ery",0.130945953209557,0.00568787005113822,0.0712599398671737
"W31839","5Ery",0.123387946085413,0.0212079961342237,0.0664163888583265
"W31840","16Neu",-0.145957793570775,-0.149213790060154,0.00213836757233644
"W31841","6Ery",0.0305218644519383,0.00722734896943006,0.0018736121750812
"W31842","13Baso",-0.0933770572055558,-0.0529123336009659,0.00213853293048354
"W31845","14Mo",-0.134986728081906,-0.00921198095048941,0.00237465494085903
"W31846","5Ery",0.107187178647941,0.013988043484199,0.0493395776942871
"W31847","5Ery",0.0797427113084791,-0.00294041754877413,0.0203037465495711
"W31849","2Ery",0.194027450450562,0.00727922740887567,0.133482262484673
"W31850","4Ery",0.127512366226579,0.00321835823361597,0.0666286968358354
"W31851","2Ery",0.144330308828372,0.00622751732300376,0.177669166317894
"W31854","10GMP",-0.0515858324342464,-0.0292727052117482,0.0235194686626098
"W31855","5Ery",0.138306961554709,0.00657574032421536,0.0800606344494972
"W31856","13Baso",-0.0886442108628455,-0.0248451591323865,0.00316293427604012
"W31857","13Baso",-0.126264284454483,-0.00792478181739033,0.00695799868405728
"W31858","2Ery",0.131216846270688,-0.0233782474659745,0.0654935674321181
"W31859","12Baso",-0.0202457233997503,-0.00439017995006376,8.21143439281328e-05
"W31860","12Baso",-0.11279840033827,0.111686027934507,0.0230715735698715
"W31861","15Mo",-0.103407916870928,-0.0680288984840021,0.00213869828863063
"W31864","13Baso",-0.112646145966112,-0.0290640865349347,0.00180241392413566
"W31865","13Baso",-0.139845947966517,-6.12162719377116e-05,0.00380097874661829
"W31866","13Baso",-0.150664249803189,0.00375458135728698,0.00166884465283964
"W31868","13Baso",-0.0831156552093981,-0.013134288823245,0.00295505019038884
"W31870","10GMP",-0.0662308321805888,0.0238548565965542,0.0143256913968436
"W31871","14Mo",-0.0986491298567961,-0.0803461587857285,0.00213886364677773
"W31872","13Baso",-0.160125460468335,-0.000517862767832201,0.00213902900492483
"W36865","7MEP",0.0183851142904522,0.00310540679424437,0.0505407017885177
"W36866","13Baso",-0.126994807113391,-0.0528186834197873,0.00213919436307193
"W36867","9GMP",-0.00589625947861345,0.0547699528611491,0.023133081465324
"W36868","14Mo",-0.147998319244347,-0.0166942580504943,0.00213935972121903
"W36869","1Ery",0.334134577714105,0.102596188687751,0.252915620325043
"W36871","3Ery",0.11263675654767,0.137783782973715,0.180010910117953
"W36873","13Baso",-0.164289542563208,0.00168558299851159,0.00213952507936613
"W36874","13Baso",-0.143295903576981,0.000869367112701792,0.00302861767207791
"W36875","15Mo",-0.16833709186124,-0.185110722798266,0.00213969043751323
"W36876","2Ery",0.149773109719779,0.0321918498895039,0.164476501536257
"W36877","13Baso",-0.0694323910765412,-0.0231342191043707,0.0105224926724325
"W36878","5Ery",0.126109651540505,0.0562033604351837,0.0785216352020901
"W36879","14Mo",-0.1311433684088,-0.0378349199209662,0.00213985579566033
"W36881","3Ery",0.125844672678989,0.0613437221147459,0.0795250146030346
"W36882","6Ery",0.0660188299033949,-0.0405473379706602,0.00167908677015859
"W36883","2Ery",0.148442762548878,0.044419868098646,0.162807910012612
"W36885","15Mo",-0.10370799480359,-0.0690365927829459,0.00214002115380742
"W36886","12Baso",-0.0558566470047121,0.0510132603559164,0.0273970170512738
"W36887","7MEP",0.0046137334220881,0.0182671582418136,0.00200084633491775
"W36889","2Ery",0.233110587473997,0.0702403735228722,0.194997547270832
"W36890","8Mk",-0.0118111870083071,0.185201077428459,0.0376011527116759
"W36891","14Mo",-0.166568331421067,-0.0176585708307892,0.00214018651195452
"W36892","14Mo",-0.166667378092419,-0.00503823117544484,0.00214035187010162
"W36893","8Mk",0.000535069952920984,0.0722180934371588,0.0359961670145018
"W36894","5Ery",0.0983530769497824,0.0455896898356898,0.0470556652720136
"W36895","14Mo",-0.101657156201856,-0.057234048939917,0.00214051722824872
"W36897","2Ery",0.201033458244059,0.044523485207031,0.151124498450427
"W36898","3Ery",0.107860990509592,0.0674551195768144,0.0609308150381192
"W36899","9GMP",-0.0361293277780996,-0.0144684250551358,0.00334393500328523
"W36900","5Ery",0.114682409675031,0.037624092493143,0.0614417244146907
"W36901","3Ery",0.113920798000674,0.0582677962814459,0.0656935019694079
"W36902","5Ery",0.134340261550363,0.0274208629433494,0.0807609251630353
"W36903","14Mo",-0.134369398308633,-0.0143535269084239,0.000558718805403119
"W36905","2Ery",0.14379972392698,0.0613522608240062,0.16376781289479
"W36906","2Ery",0.192226491908839,0.0846363979060248,0.151098084472275
"W36907","14Mo",-0.097095477618122,-0.0497214708827293,0.00214068258639582
"W36908","16Neu",-0.0982469376177584,-0.0832367637487839,0.00214084794454292
"W36909","9GMP",0.0200037101026855,0.00617712579156689,0.053145143366733
"W36910","16Neu",-0.167954212984469,-0.164939915212924,0.00214101330269002
"W36911","15Mo",-0.171586567813709,-0.178723637773789,0.00214117866083711
"W36912","10GMP",-0.0521974762521538,-0.0035365934147626,0.0112342548148194
"W36913","3Ery",0.130671895742468,0.0624338893961242,0.178807186656817
"W36914","14Mo",-0.108836104990325,-0.0273754582538253,0.00495613075331239
"W36915","8Mk",-0.00942768235475689,0.0283389955433942,0.00274904575825513
"W36916","14Mo",-0.0861014608900796,-0.0452361025732051,0.00941765250616066
"W36917","15Mo",-0.118693465729519,-0.0506022846896713,0.00214134401898421
"W36918","16Neu",-0.105018007724685,-0.0689854147218758,0.00214150937713131
"W36919","5Ery",0.139229115976647,0.0214449735275898,0.179615753606776
"W36920","14Mo",-0.102545769738751,-0.0264844267958839,0.00961916330131609
"W36921","16Neu",-0.110045151707008,-0.123341455652223,0.00214167473527841
"W36922","4Ery",0.087179136229447,-0.00138882234122985,0.034841616626474
"W36923","2Ery",0.150946500254781,0.0478507289828592,0.158981744836666
"W36924","13Baso",-0.135661006246429,-0.00576735507575571,0.00313309084058475
"W36925","14Mo",-0.1503783037811,-0.00647830810199468,0.00214184009342551
"W36926","13Baso",-0.0814800360644087,-0.0122591261825316,0.00545924130237844
"W36927","5Ery",0.0800916210213442,0.0144061699744071,0.0243414542627111
"W36928","13Baso",-0.0684966658998689,-0.014110760673255,0.00376018471020953
"W36929","7MEP",0.0236280360078433,0.00540598601201968,0.0571594449528705
"W36930","15Mo",-0.0965715587981816,-0.0919199255545183,0.00214200545157261
"W36931","6Ery",0.0327258702228222,0.00190687809024638,0.00319334282573738
"W36932","16Neu",-0.0976922897068839,-0.126701503993839,0.00214217080971971
"W36933","15Mo",-0.126341526346067,-0.0792612510597873,0.00214233616786681
"W36934","12Baso",-0.0801948111789659,0.095368562874533,0.00641515288597215
"W36935","6Ery",0.0551050433351164,0.0020956196856371,0.00492867273778464
"W36936","13Baso",-0.145095975525946,-0.00816449669754058,0.0017967016112207
"W36939","14Mo",-0.103463112305855,-0.0698029907011537,0.0021425015260139
"W36940","16Neu",-0.113417143204168,-0.106821444599981,0.002142666884161
"W36941","14Mo",-0.106811236268947,-0.0257284361175363,0.00706487121944511
"W36942","14Mo",-0.115825497803126,-0.0292177919290235,0.000106849055377375
"W36943","2Ery",0.135550695854405,0.0192994590914929,0.0800982272861928
"W36944","6Ery",0.0454454522166107,0.0080693669933317,0.0147244814050233
"W36945","6Ery",0.0237462489783766,0.000598684078845841,0.0561528604092995
"W36946","13Baso",-0.0878136616313157,-0.0150632284499658,0.0114166388904849
"W36947","14Mo",-0.101591954877689,-0.0361728438661523,0.00392486228659869
"W36948","16Neu",-0.113506692482743,-0.128202554466801,0.0021428322423081
"W36949","2Ery",0.175837679202238,0.048841511193599,0.129675808526637
"W36950","2Ery",0.214678244743298,0.0424177141695319,0.16646294775397
"W36951","5Ery",0.170913900454992,0.00446128521793186,0.147106769276235
"W36952","2Ery",0.14864986836728,0.0251370441559556,0.16764559691689
"W36953","5Ery",0.0910325244718187,0.00527013197931237,0.0321831297991998
"W36954","1Ery",0.236052327786107,-0.019816459841086,0.17547449552354
"W36955","13Baso",-0.083059702410153,-0.00176395041542355,0.0101334354333649
"W36956","14Mo",-0.109511007635587,-0.0395859885292043,0.0021429976004552
"W36957","14Mo",-0.117082368965819,-0.0385307823377284,0.0021431629586023
"W36958","16Neu",-0.163532174993092,-0.158957479723532,0.0021433283167494
"W36959","1Ery",0.186651955549642,0.0324813337183788,0.131322507895927
"W36960","6Ery",0.0863711879431966,0.055850079212451,0.0400626326030314
"W36961","14Mo",-0.133243226385826,-0.0668444520950109,0.0021434936748965
"W36962","14Mo",-0.129965356573131,-0.0336776536684287,0.00214365903304359
"W36963","15Mo",-0.125799707735112,-0.0704756109604249,0.00214382439119069
"W36964","13Baso",-0.154441011400677,0.000663410004964351,0.00197142268059843
"W36966","15Mo",-0.0763396291965039,-0.0852187950845819,0.00214398974933779
"W36967","1Ery",0.350985202062127,0.102235462412199,0.25291578568319
"W36969","8Mk",0.0129491972694966,0.311735331550918,0.0138456867183511
"W36970","15Mo",-0.115924822396675,-0.109078640295884,0.00214415510748489
"W36971","14Mo",-0.148717957425812,-0.0194671085122948,0.00214432046563199
"W36972","10GMP",-0.0568412254300836,-0.0235056023837598,0.0269490800114088
"W36973","9GMP",-0.0579484786324467,0.0125864904955077,0.0100227742201275
"W36974","4Ery",0.0916150325363903,0.0245579652357947,0.0407740190141936
"W36975","15Mo",-0.166933214241204,-0.0755292630471152,0.00214448582377909
"W36976","4Ery",0.0392764044623785,-0.0200861261090106,0.00569505166666255
"W36978","2Ery",0.17526856367341,-0.0309247498880293,0.151344847641186
"W36979","14Mo",-0.0907208623035747,-0.0251242906202395,0.000537786689317418
"W36980","14Mo",-0.0858398742864158,-0.039670122671435,0.0147272610894538
"W36981","8Mk",-0.000189223637814646,0.123028946941438,0.00830015361703862
"W36982","13Baso",-0.0514812874729728,-0.0300168264583014,0.0237698831362599
"W36983","6Ery",0.0786498061051441,0.0146033450795918,0.0227303709323789
"W36984","13Baso",-0.0972122146804625,-0.0131845917148659,0.00187439867922923
"W36985","4Ery",0.146215642235106,0.0260267852693052,0.170252550160021
"W36987","13Baso",-0.064568271666324,0.0336816833809085,0.00734294941122912
"W36990","15Mo",-0.110922164553852,-0.0527140379857808,0.00214465118192619
"W36991","13Baso",-0.0855120838504346,-0.00266281867954026,0.00663662732878292
"W36992","4Ery",0.144594681240541,0.0975133288153493,0.153316736760016
"W36993","2Ery",0.182270932689437,-0.0223086941195734,0.140904691445387
"W36994","16Neu",-0.124322582186857,-0.130511292495467,0.00214481654007329
"W36995","2Ery",0.201940250388898,0.0105649349117725,0.14352578290622
"W36996","5Ery",0.0814702366345234,0.00951217232491103,0.0248946260318379
"W36997","2Ery",0.173991618286082,0.0328963200427517,0.1360291161284
"W36998","5Ery",0.0678604893917083,-0.000747366902818694,0.00921894676567712
"W36999","10GMP",-0.084798173833131,0.0668312582558708,0.0440909587890183
"W37000","13Baso",-0.13344911650433,-0.00760682285274711,0.00320421729225257
"W37001","13Baso",-0.103105096017342,-0.00584341514931842,0.000482690614725077
"W37003","8Mk",0.0101402790789594,0.137869896924305,0.0156610305740051
"W37004","16Neu",-0.128977214242931,-0.119920276357058,0.00214498189822038
"W37005","13Baso",-0.0907880342311401,-0.00858916089145358,0.0127765629614327
"W37006","7MEP",0.0294069814863413,-0.00571573708925007,0.0612074638954192
"W37008","4Ery",0.108098933957118,0.0684340331064034,0.0614514624426974
"W37009","13Baso",-0.097374657632554,-0.0263872129114705,0.0128715995931755
"W37010","6Ery",0.023718058625057,-0.00856903981127395,0.0539397821759424
"W37011","2Ery",0.245578191261156,-0.0560275801067768,0.177331547080524
"W37012","14Mo",-0.0898911589777714,-0.05189615481832,0.00170768579566407
"W37013","16Neu",-0.111733285403463,-0.128113458238833,0.00214514725636748
"W37014","2Ery",0.175614420106185,0.0550464227747247,0.128302442178427
"W37015","13Baso",-0.0703138966388336,-0.00798952271078047,0.00210616221494908
"W37016","14Mo",-0.113976443323065,-0.0593931227086957,0.00214531261451458
"W37017","6Ery",0.0881988240744478,0.0337797900637543,0.0350040810745386
"W37018","2Ery",0.249727473369702,0.013651977745093,0.199912165498886
"W37019","2Ery",0.141499826060746,0.00318646984185748,0.0829149229397158
"W37020","2Ery",0.179652677694141,0.00692805856892586,0.13626158257188
"W37022","8Mk",-0.00558643480959291,0.0255824074368119,1.40227219741582e-05
"W37023","2Ery",0.132570767559677,0.0200980115868116,0.0768311745276097
"W37024","4Ery",0.110507947890283,0.0717508038934558,0.0650792158441555
"W37025","14Mo",-0.151622117699005,-0.00688203690977467,0.00214547797266168
"W37026","17Neu",-0.0667508247236358,0.0533648060520962,0.0308328935317718
"W37027","5Ery",0.0946343829302174,0.000394880555182539,0.035277949524504
"W37028","13Baso",-0.114861723389388,-0.0286289607576806,0.001273719410285
"W37029","7MEP",0.0141290132149225,0.0062931067167611,0.0463708323604106
"W37030","3Ery",0.131329169692663,0.0412113517691641,0.0807740420442604
"W37031","5Ery",0.13096360831674,0.025573701071288,0.076357217799696
"W37032","13Baso",-0.138875543803475,-0.000154088142400315,0.00416484051931001
"W37034","8Mk",0.0323606287519419,0.327683188498182,0.013845521360204
"W37035","6Ery",0.0234527890407772,0.00618994358043822,0.0571427955337844
"W37036","5Ery",0.169314655844275,0.00554727101914593,0.148687262255633
"W37037","5Ery",0.0595216051421863,0.00933744269366089,0.00179180548019523
"W37039","5Ery",0.12972261789808,0.0206966968981452,0.0736666294433583
"W37040","15Mo",-0.105124890337686,-0.0755840534484721,0.00214564333080878
"W37041","2Ery",0.123239246686884,0.00408952089328384,0.0630504830888213
"W37042","2Ery",0.196616064201228,0.00214694796423955,0.135186161942436
"W37043","15Mo",-0.0988895633411851,-0.0788033773213804,0.00214580868895588
"W37044","15Mo",-0.0737219838694008,-0.0907888713176778,0.00214597404710298
"W37045","13Baso",-0.0597608662783263,-0.0184600984161209,0.0279224780476071
"W37046","14Mo",-0.138951950277341,-0.0150658750748526,0.00214613940525007
"W37047","14Mo",-0.117900140514615,-0.0424129091689302,0.00214630476339717
"W37048","14Mo",-0.110684225411423,-0.0385029650977038,0.00214647012154427
"W37049","5Ery",0.0996188427373382,-0.000611931801659012,0.0433755344116411
"W37050","7MEP",0.0218693214533032,0.000953043539468085,0.0540635562488372
"W37051","3Ery",0.114024977869429,0.033359776991512,0.0599737276392031
"W37052","2Ery",0.127967130814095,0.0585864317614853,0.0812932484974223
"W37053","7MEP",0.0211300797010494,0.00387450569398145,0.0539017984910423
"W37054","1Ery",0.332046055288591,0.0584580038819503,0.252915951041337
"W37055","14Mo",-0.157912023533483,-0.0169634524413748,0.00214663547969137
"W37056","2Ery",0.139822411814697,0.00517523527122068,0.0814683103031628
"W37057","15Mo",-0.101515067301757,-0.0890534986341457,0.00214680083783847
"W37058","13Baso",-0.146567006941399,-0.0420043947605995,0.00214696619598557
"W37059","4Ery",0.0984023849014417,4.78020134796902e-05,0.0382537393328936
"W37060","13Baso",-0.137719053788557,-0.00895963946287306,0.00104107183823912
"W37061","6Ery",0.0631379761991636,0.0114256763527633,0.00637768234136415
"W37063","9GMP",-0.0565393875654243,0.00325244498679167,0.0130442914901461
"W37065","3Ery",0.241197746938219,0.201823405466978,0.237925933666924
"W37066","6Ery",0.0729399237462948,0.02187716737857,0.0177122381378486
"W37067","1Ery",0.196681038066552,0.0362025372817118,0.143939300510021
"W37068","4Ery",0.0862042427257677,0.11035368971017,0.0471381930577941
"W37069","13Baso",-0.148971641928283,-0.00735385877712711,0.00214713155413267
"W37070","9GMP",-0.0539775734270103,0.0154916465973092,0.00375439505454289
"W37072","7MEP",0.0295019450132869,-0.000185155450931597,0.0626340504090717
"W37073","14Mo",-0.129743827962861,-0.0469875443993123,0.00214729691227977
"W37074","13Baso",-0.0686001334605441,-0.0223718870584967,0.00904994432784686
"W37075","13Baso",-0.15433334998068,-0.00540862968351792,0.00214746227042686
"W37077","10GMP",-0.0610178576715126,0.0215773581360978,0.00918055175588831
"W37078","9GMP",-0.0497344991834689,-0.0184411763237994,0.0158028006938358
"W37079","5Ery",0.0804049802471067,0.00982956491629342,0.0237410851560321
"W37080","16Neu",-0.126661640518123,-0.138704025652773,0.00214762762857396
"W37081","14Mo",-0.123538561827956,-0.0291038186764297,0.00214779298672106
"W37082","15Mo",-0.108936653310915,-0.0794279175213284,0.00214795834486816
"W37083","2Ery",0.088127890793462,0.0355565317862779,0.035301270112061
"W37084","3Ery",0.109681123294282,0.0549662054766961,0.0603094631890282
"W37085","13Baso",-0.0759421208807047,-0.037911731636836,0.00821755459381244
"W37086","6Ery",0.0678700174031018,0.00998842075898261,0.0114955844578378
"W37087","4Ery",0.115538777760581,0.00812390640685146,0.0577283296662191
"W37088","3Ery",0.138608183521558,0.0636672212029688,0.169217099040469
"W37089","16Neu",-0.096586211737558,-0.128121011682581,0.00214812370301526
"W37090","9GMP",-0.0225011822880988,-0.00634138120994102,0.00347506980667731
"W37091","9GMP",-0.0509454431490809,0.0100036857008431,0.0028684530631297
"W37092","12Baso",-0.000208343079835075,-0.0163508657410827,0.0126911139507721
"W37093","7MEP",0.012295185103437,0.00425717644369908,0.0437646321894478
"W37094","16Neu",-0.106469167948721,-0.0985961770753535,0.00214828906116236
"W37095","6Ery",0.042838462825514,0.00876737846369254,0.000607380481431507
"W37096","13Baso",-0.0968697565147869,-0.0279499489289176,0.0123318601829998
"W37097","17Neu",-0.0786599822366006,0.0996062927027281,0.00879268236963576
"W37098","14Mo",-0.11053763474469,-0.0439501485471691,0.00214845441930946
"W37099","3Ery",0.160634751190029,0.0654163751044923,0.143051000933237
"W37100","16Neu",-0.121839638640971,-0.112209426262124,0.00214861977745655
"W37101","13Baso",-0.0575512772060146,-0.00762623993627527,0.019772021827556
"W37102","14Mo",-0.140675752177879,-0.00658452802090922,0.00110380751461213
"W37103","3Ery",0.225536985058622,0.10393834264448,0.194771693954976
"W37104","14Mo",-0.0943332388455647,-0.0434370046628369,0.00341082784717922
"W37105","16Neu",-0.134772309228725,-0.130019617544459,0.00214878513560365
"W37106","2Ery",0.149741991529098,0.0282787380805184,0.165543522497839
"W37107","18Eos",-0.227496260259021,0.28557792899254,0.0183483423517934
"W37108","7MEP",0.031002204778194,0.00699905976452194,0.00237536011317642
"W37109","7MEP",0.0243955171983754,0.000863816769095808,0.0569679251345804
"W37110","5Ery",0.149938504500902,-0.0198474069477224,0.177991689976408
"W37111","16Neu",-0.120583294367927,-0.0554307366383785,0.00214895049375075
"W37112","2Ery",0.135297962098766,0.00838406133869471,0.077017521557515
"W37113","5Ery",0.113098836244751,0.0203506446058611,0.0576992479357742
"W37114","13Baso",-0.116139448159102,-0.0018240919279387,0.0123320255411469
"W37115","6Ery",0.025354550702294,-0.00963994005084331,0.0555803152112678
"W37116","14Mo",-0.127919885552433,-0.031136757745909,0.00214911585189785
"W37117","12Baso",-0.107702704183232,0.109061755349718,0.0204216775361109
"W37118","13Baso",-0.0783095439386844,-0.00699594620067167,0.0110510807840566
"W37119","5Ery",0.155795090594518,-0.0547925206458409,0.18036140475728
"W37120","2Ery",0.134115655766547,0.0231179179015979,0.0794010126093365
"W37121","2Ery",0.152501266543682,0.0329575123254109,0.161089731591784
"W37122","14Mo",-0.158904831476593,-0.00829098986867968,0.00214928121004495
"W37123","16Neu",-0.110392644215762,-0.0969722883747964,0.00214944656819205
"W37124","14Mo",-0.0806742602129178,-0.0433376547949024,0.0174646474581514
"W37125","1Ery",0.221760458265091,0.0361498468570908,0.173106217706122
"W37127","1Ery",0.206296413508189,0.0502189705934664,0.158698722913074
"W37128","13Baso",-0.0783374964018165,-0.0277048085876462,0.000440168245394106
"W37130","3Ery",0.105029561095507,0.0153358625541307,0.0475460062124876
"W37131","5Ery",0.123348940772792,0.0221779672950381,0.0666186266876525
"W37132","16Neu",-0.114164750655721,-0.10911561424923,0.00214961192633915
"W37133","16Neu",-0.113421314791286,-0.106349584298757,0.00214977728448625
"W37134","6Ery",0.0567482416223666,0.00855078079248531,0.00163445245659151
"W37135","1Ery",0.366112766838895,0.0916456323840722,0.252916116399484
"W37137","14Mo",-0.0689852958127647,-0.0148248583825382,0.00479112353577344
"W37138","16Neu",-0.109996788662171,-0.0789564833902211,0.00214994264263334
"W37139","2Ery",0.126546148674475,0.0385484186953536,0.0745240461922697
"W37140","10GMP",0.00109554496473627,-0.00190296432435831,0.00902090524481503
"W37141","5Ery",0.106204795209575,-0.0294055231318725,0.0420618821901149
"W37142","14Mo",-0.199405089189401,0.0188439021213703,0.00215010800078044
"W37143","2Ery",0.149186054132857,0.00794337951317823,0.171548477509638
"W37144","6Ery",0.0784462698958656,0.0140161756975117,0.0223738893887748
"W37145","5Ery",0.149194100801191,0.0307490333918445,0.165532019698839
"W37146","1Ery",0.341256626468733,0.0637353506020805,0.252916281757631
"W37147","5Ery",0.0280448979033211,-0.000421445615837323,0.0608892568186736
"W37148","15Mo",-0.0749341439087301,-0.0845935668484108,0.00215027335892754
"W37150","10GMP",-0.0768071329274011,0.0449237132618341,0.0164406435585926
"W37151","2Ery",0.147165214850389,0.0281570495019157,0.168583094963451
"W37152","5Ery",0.146221975864906,-0.0659065028894252,0.0707775735668742
"W37153","7MEP",0.0182233126226505,0.00202613913681812,0.0500965578320647
"W37154","6Ery",0.0839771615952129,0.0559376929951387,0.034878978628048
"W37156","4Ery",0.107472280138546,0.0490750763910504,0.0575088505026728
"W37157","15Mo",-0.174120154654634,-0.00962703274542806,0.00215043871707464
"W37158","3Ery",0.140900586413891,0.0625140945921539,0.166845367850686
"W37159","2Ery",0.190061068229919,0.0407929391283441,0.137406410140252
"W37161","7MEP",0.0297653261112593,0.0101847447292207,0.00168072318549933
"W37162","1Ery",0.204359931499147,0.0458610212065178,0.155335418038824
"W37163","7MEP",0.0327508477641899,0.00606994070806,0.00418011420150176
"W37164","5Ery",0.0806711162644645,-0.00552483227063224,0.0208257295643049
"W37165","3Ery",0.144052093239584,0.100242711504678,0.153231025018766
"W37166","3Ery",0.0917354375565966,0.0883183726996877,0.0496540285344758
"W37167","13Baso",-0.090690844299172,-0.0136142758970187,0.0091465881486906
"W37168","3Ery",0.117987180964918,0.0792353764050801,0.0749408098950025
"W37169","15Mo",-0.104139187398675,-0.0913588889526836,0.00215060407522174
"W37170","15Mo",-0.11642020102922,-0.0457287637100914,0.00215076943336884
"W37171","4Ery",0.150407475054874,0.00731968511824544,0.170287455238103
"W37172","14Mo",-0.161669388276224,-0.0187754081096961,0.00215093479151594
"W37173","2Ery",0.218150512943769,-0.00818082838002281,0.157610981812995
"W37174","2Ery",0.137146589624978,0.0478408678304362,0.175092554136727
"W37175","16Neu",-0.116511034486347,-0.10753324388026,0.00215110014966303
"W37176","13Baso",-0.119964085329985,-0.00747459039284362,0.00903261610920792
"W37177","14Mo",-0.102014513905064,-0.015533387033351,0.0167310145618909
"W37178","5Ery",0.0840362904039771,-0.0361896045893838,0.0182509510316287
"W37179","16Neu",-0.094245731589676,-0.0850607034653057,0.00215126550781013
"W37180","14Mo",-0.133465170760204,-0.0153605540414608,0.000844158818086908
"W37181","16Neu",-0.106675426132352,-0.0980181321139662,0.00215143086595723
"W37182","8Mk",0.00062072639923436,0.135876087216753,0.0162562333480909
"W37183","7MEP",0.0256650743039705,-0.00953200572566139,0.0559655943587683
"W37184","8Mk",0.00795371271110286,-0.00573797548487158,0.00195136976482927
"W37185","14Mo",-0.111961721441053,-0.0296488414028703,0.00181701531129061
"W37186","10GMP",-0.0661668983932183,0.0640973346424819,0.0392326866212845
"W37187","5Ery",0.151813203464501,0.00440005089012697,0.169415753991456
"W37188","10GMP",0.00748587071995409,0.0103968407898944,0
"W37190","3Ery",0.126694024883655,0.0408941942893508,0.0752950846529216
"W37191","13Baso",-0.0634052531783723,-0.00865986055121806,0.0273655618483031
"W37192","14Mo",-0.110185927436189,-0.0381045405077018,0.00215159622410433
"W37193","3Ery",0.0919301747580492,0.0874885341035861,0.049616101203329
"W37194","2Ery",0.162637526502608,-0.0332208466242354,0.166690676793343
"W37195","2Ery",0.206415228503138,0.00657567720498317,0.147716734224807
"W37196","14Mo",-0.0825329572013291,-0.0728327244433749,0.00215176158225143
"W37197","2Ery",0.219731952541622,-0.0556624799739338,0.147352572657849
"W37198","6Ery",0.0599419473776909,0.00967552506423428,0.00234539819846904
"W37199","4Ery",0.109569053195332,0.0557317245588891,0.0603700760781959
"W37200","15Mo",-0.105786477700294,-0.0719681074100789,0.00215192694039853
"W37201","13Baso",-0.0918012091539418,-0.0147017112369328,0.00704395314188518
"W37202","6Ery",0.081213495548287,-0.00388214683803941,0.02179119024754
"W37203","12Baso",-0.0283243155248014,0.00336241548190158,0.00630177828797034
"W37204","16Neu",-0.108061621270877,-0.132977231198725,0.00215209229854563
"W37205","14Mo",-0.139303142976066,-0.0140606875573415,0.00215225765669273
"W37206","15Mo",-0.0896783074604856,-0.0637043839702858,0.00215242301483982
"W37207","13Baso",-0.157938164659492,-0.00324605581336933,0.00215258837298692
"W37208","2Ery",0.108506053227966,0.0206903150343924,0.0521054272873521
"W37209","14Mo",-0.101870387935435,-0.0359428654028994,0.0039554001806102
"W37210","14Mo",-0.102372816277452,-0.036908587340879,0.0026676085826388
"W37211","12Baso",-0.0118568136840866,-0.0065570213356775,0.00688521992556487
"W37212","10GMP",-0.0565274332798467,-0.0261880937721278,0.0279274180371532
"W37213","7MEP",0.0228757094105638,-0.00899199612908132,0.0528632556369639
"W37215","2Ery",0.149060329560401,0.0285276288245639,0.166273352263532
"W37216","4Ery",0.089093104472868,-0.00232770631479605,0.0328462074200574
"W37217","3Ery",0.127707236270742,-0.0227170332926865,0.0615755128543412
"W37218","16Neu",-0.0925010373803425,-0.0907417035279324,0.00215275373113402
"W37219","5Ery",0.0794076640209717,-0.0050829307843299,0.0194702448393557
"W37220","2Ery",0.129788951646009,-0.0258434553885065,0.0632200021548874
"W37221","3Ery",0.134644910153618,0.026511754758543,0.0808838832368044
"W37223","2Ery",0.145534630272982,0.00421782496492937,0.176792374976795
"W37224","14Mo",-0.111727239389718,-0.0298860421336124,0.00178246760006979
"W37225","14Mo",-0.150497904395286,-0.0178737640374079,0.00215291908928112
"W37226","8Mk",-0.00844123241918777,0.229574765806737,0.0138453560020569
"W37227","5Ery",0.129719666866273,-0.0272173553597564,0.0627973703873336
"W37228","7MEP",0.0273702856118597,0.0148949582343613,0
"W37229","7MEP",0.0162559422036234,0.00964541294890116,0.0496303446873387
"W37230","16Neu",-0.113205939207447,-0.100299476653153,0.00215308444742822
"W37231","2Ery",0.236959275683395,-0.118651734881609,0.151347903906597
"W37232","13Baso",-0.0639467030871365,-0.0115381939729915,0.0294759414193373
"W37233","5Ery",0.133093443062674,0.0247982744939251,0.0786396134562678
"W37234","5Ery",0.101129804195814,-0.00276175869059535,0.0421066189204036
"W37235","14Mo",-0.088127815203146,-0.0608677270009141,0.00215324980557532
"W37236","6Ery",0.0472586287276222,-0.00220974767618879,0.014880764261198
"W37237","14Mo",-0.122291949390228,-0.0305163117319544,0.00215341516372242
"W37238","7MEP",-0.0177550168014328,-0.00262761225384154,0.0114971101100681
"W37239","2Ery",0.120343285889021,0.00310673727464906,0.0597782839044612
"W37240","13Baso",-0.0757565034329753,-0.0134544300626034,0.0115605575610555
"W37241","2Ery",0.183009359830749,0.00922574352620647,0.131739719960121
"W37242","14Mo",-0.086961582905586,-0.0296820518589992,0.0015189006829566
"W37243","2Ery",0.123361085650495,0.00121495324095636,0.0624768487805631
"W37244","15Mo",-0.0998288417368435,-0.0868666544336922,0.00215358052186952
"W37245","3Ery",0.12417760933891,0.0194870197116229,0.0668972424732428
"W37246","5Ery",0.109531470569563,0.0329181594193657,0.0553231574532218
"W37247","10GMP",0.00663513216157017,0.133856668440083,0.0138092008303961
"W37248","6Ery",0.0458432282264898,-0.0100382443912074,0.000251420461244607
"W37249","15Mo",-0.142037822595661,-0.0664979820104008,0.00215374588001661
"W37250","1Ery",0.226202421389208,0.0651693741502558,0.185668017115408
"W37251","4Ery",0.106198151031097,0.0641610405859019,0.0584142758694446
"W37252","12Baso",-0.0148167826851608,0.0238745571297438,0
"W37253","4Ery",0.120918173974918,-0.0027208898618342,0.0589938887451391
"W37258","13Baso",-0.193697809171428,0.0130740312783225,0.00215391123816371
"W37259","6Ery",0.105409196316804,0.0741096743880633,0.0601147646098653
"W37260","3Ery",0.0647737141696893,-0.00166135016991487,0.00548953526998402
"W37261","8Mk",0.0180099255924864,0.0143894798498517,0.0527889164728572
"W37262","6Ery",0.0691619273977432,0.0457911150808909,0.0183986184047736
"W37264","3Ery",0.11891240475619,0.0786248887114373,0.075862628520707
"W37265","3Ery",0.112499186203878,0.0727064495493392,0.0668793587171643
"W37266","4Ery",0.127556244526562,0.13959297720119,0.162118149114068
"W37267","16Neu",-0.17739318492265,-0.134444308768269,0.00215407659631081
"W37268","7MEP",0.0328085196884709,0.00958452113040833,0.00505550520651039
"W37269","3Ery",0.228492195558341,0.17707253396493,0.216841053330908
"W37270","15Mo",-0.248224520088215,-0.131669004267377,0.00215424195445791
"W37273","10GMP",-0.0952483189690925,0.0411828051829535,0.00118750057317989
"W37274","12Baso",-0.0474389111262753,0.0472389466646562,0.0231939047985221
"W37275","3Ery",0.183757874563985,0.113950431514614,0.148714079697946
"W37276","3Ery",0.111634146764264,0.0710430965562482,0.0662125796554446
"W37277","14Mo",-0.159939618880262,0.0110701132165036,0.0017592131188947
"W37278","9GMP",-0.042956296061131,-0.00315908938188317,0
"W37279","12Baso",-0.0449315541638134,0.0443733226825088,0.0205649399319087
"W37280","15Mo",-0.116535091930638,-0.108205495996804,0.00215440731260501
"W37281","15Mo",-0.123340276017363,-0.149891508957219,0.00215457267075211
"W37282","2Ery",0.147612389949888,0.0316150362171723,0.167150292087783
"W37283","14Mo",-0.121322936340376,-0.0165264801882821,0.00444129967442222
"W37284","4Ery",0.12910610582181,0.00665720181000086,0.0693644804242393
"W37285","3Ery",0.161725862036989,0.107149892812059,0.130788562650264
"W37286","14Mo",-0.160872148956233,0.000388360632479638,0.00215473802889921
"W37288","14Mo",-0.137686516133158,-0.00456559697574446,0.00302878303022501
"W37289","8Mk",0.00838754082510869,0.292627573435945,0.0138451906439098
"W37290","16Neu",-0.15466562585232,-0.181976009021082,0.0021549033870463
"W37291","10GMP",-0.0503724860030903,0.0101245796014241,0.0021147212951515
"W37292","2Ery",0.11960749848382,0.0168043130107304,0.0619896545463222
"W37293","2Ery",0.185430083779357,0.0321254336201661,0.129809565977417
"W37294","3Ery",0.148668926361704,0.101815951074807,0.147427668204262
"W37295","9GMP",0.0252690557606102,0.0048170355243472,0.0589198516118454
"W37296","15Mo",-0.14368400419142,-0.11285052940925,0.0021550687451934
"W37297","14Mo",-0.130584905215828,-0.00165864808208783,0.00690116343769233
"W37298","5Ery",0.109262384084666,0.014241721295764,0.0513304418554113
"W37300","14Mo",-0.0803022876804005,-0.0244740729087758,0.000770524754867417
"W37301","2Ery",0.13664826390751,0.0283130132412044,0.083678021816196
"W37302","13Baso",-0.137659220064901,-0.0030471183266766,0.00344570926246299
"W37303","14Mo",-0.155430568296106,0.0046036926565141,0.000433549988042008
"W37304","14Mo",-0.194736574113574,0.0360135864876447,6.54717538059388e-05
"W37305","14Mo",-0.0666541698254058,-0.0220175874397373,0.00650003381276156
"W37306","2Ery",0.14607054191283,0.0605935817532374,0.161316613201648
"W37307","2Ery",0.155147255642887,0.0288463231372905,0.15908465774416
"W37308","13Baso",-0.134762805556685,-0.0115282792749375,0.00104123719638621
"W37309","6Ery",0.0575289672847914,-0.00635231013090472,0.00398392509940363
"W37310","7MEP",-0.00552191970396347,-0.0107481776491483,0.0177647573754293
"W37311","7MEP",0.0102597615337697,0.00130944596174509,0.0407073782458906
"W37312","13Baso",-0.138097280553453,-0.0355192517534968,0.0021552341033405
"W37313","3Ery",0.102268253892517,0.0816253809276549,0.0580451515373038
"W37314","3Ery",0.0722752012108802,0.0155211862819963,0.0156175492702333
"W37315","14Mo",-0.0994373345703439,-0.0303836689911768,0.00924835998958341
"W37317","2Ery",0.0592150217587864,-0.0227913179361022,0.0056283670237102
"W37318","2Ery",0.138424307350726,0.00450457662236406,0.0796687942774324
"W37319","8Mk",-0.00797241403698612,0.0898135058922219,0.0511368606638487
"W37320","7MEP",0.0352772422107144,-0.0230648885602239,0.000393727583632493
"W37322","16Neu",-0.130920940592959,-0.125271681359554,0.0021553994614876
"W37323","5Ery",0.0802410272035918,0.00921493086205426,0.0234244906007152
"W37324","14Mo",-0.158011375874463,-0.00433513610669412,0.0021555648196347
"W37325","2Ery",0.117028950095013,-0.0303718267689449,0.0503425359315377
"W37326","14Mo",-0.112471629539619,-0.0400580038662205,0.0021557301777818
"W37327","8Mk",-0.0056829012487245,0.0448097019194046,0.0152277797420694
"W37328","7MEP",0.0141295308150058,0.000535790114244688,0.0450033046196894
"W37330","14Mo",-0.11461234135758,-0.0621857641328872,0.0021558955359289
"W37331","12Baso",0.0228027835186109,0.00603945179328883,0.0563541073070913
"W37332","13Baso",-0.114674942684928,0.00199793868704679,0.017161828432671
"W37334","12Baso",0.00513629637576054,0.0165597569196349,0.00167870835457665
"W37335","13Baso",-0.147931614061546,0.00156254913374405,0.00174270251904119
"W37336","4Ery",0.123902608407452,0.0801535603850461,0.082064306054616
"W37337","14Mo",-0.121129746785976,-0.0312617917930482,0.002156060894076
"W37338","2Ery",0.167473385266596,0.0685451677751156,0.134247830295515
"W37339","5Ery",0.130753153622664,0.00761837355891735,0.071528146488928
"W37341","16Neu",-0.150663448092207,-0.15131956494497,0.00215622625222309
"W37342","3Ery",0.123293858720935,0.0850831495231131,0.082614214468259
"W37344","3Ery",0.120473726120938,0.0767942122490069,0.077213337494721
"W37345","4Ery",0.148783626107351,0.0962482898203749,0.148760421143644
"W37346","3Ery",0.151811842494828,0.0876825985945448,0.147482122239115
"W37347","6Ery",0.0530311310663256,0.0486279190388866,0.00264890599873237
"W37348","15Mo",-0.142136793513949,-0.114859891190587,0.00215639161037019
"W37349","17Neu",-0.102331938356481,0.21395132845798,0
"W37350","14Mo",-0.139426519907905,-0.01827153841702,0.00215655696851729
"W37353","4Ery",0.161756920796025,0.110717803917357,0.129812630607854
"W37354","9GMP",-0.0857269815934317,0.0601861972788801,0.0389723510022088
"W37355","7MEP",0.0333905141862816,0.0134806791983987,0.00662359231657375
"W37356","7MEP",0.0208242302194839,0.00688696539967185,0.0542647279471435
"W37357","14Mo",-0.145099599672006,-0.0670771822919061,0.00215672232666439
"W37358","13Baso",-0.12522675218644,-0.00537076308594773,0.00780241132133325
"W37361","4Ery",0.0843573030180976,0.114216934147596,0.0462006917567648
"W37362","13Baso",-0.0605584425431763,-0.0126004840648867,0.0259208772206173
"W37363","14Mo",-0.136167783622446,0.000620507177364391,0.00559534779081366
"W37364","3Ery",0.111651466552478,0.0209718981745393,0.0549623291367066
"W37365","2Ery",0.188031902488967,0.0112042250068852,0.127505873173888
"W37366","3Ery",0.143934359652111,0.103993040095827,0.152380780191362
"W37367","14Mo",-0.137225312317993,-0.00857003382526545,0.0017593784770418
"W37369","6Ery",0.0967381776532765,0.042828594549432,0.0445543695802909
"W37371","2Ery",0.136763413714176,0.00439232304303962,0.0777056074102948
"W37372","10GMP",-0.0947209570804113,0.0733216109164047,0.0506577528633991
"W37373","13Baso",-0.185668620498862,0.0213564855326244,0.00215688768481149
"W37374","5Ery",0.0909043540682642,0.0252995450711935,0.0414303450673934
"W37375","7MEP",0.0203908508733044,0.001153334217312,0.0523985071027667
"W37376","13Baso",-0.145368648324737,-0.00741559254004118,0.00143986038001594
"W37377","3Ery",0.150296338191872,0.0870456834458556,0.149418736381024
"W37378","2Ery",0.153581697688642,0.0290340734388841,0.160861940981674
"W37379","14Mo",-0.106210770696784,-0.0264925433352282,0.00709466574518523
"W37380","3Ery",0.159067643370748,0.0644847360357685,0.145124706662532
"W37381","2Ery",0.136831399194346,0.0216381936468133,0.0821869225769699
"W37382","10GMP",0.0110356391768714,-0.00169830825472291,0.0408905165316348
"W37384","13Baso",-0.165464878734242,0.00522562146614985,0.00215705304295859
"W37385","14Mo",-0.13381437223116,-0.0151764671637207,0.000957250286849502
"W37386","4Ery",0.0961177093717528,0.0415038516836996,0.0450766787809667
"W37387","5Ery",0.092978987506097,0.000588322379146127,0.0334198202577269
"W37388","18Eos",-0.0716998787170814,-0.00964070421423165,0.00479707074213864
"W37389","2Ery",0.088307945515699,-0.00240352376687595,0.0337620242984018
"W37390","14Mo",-0.0962089049677378,-0.086657849344597,0.00215721840110569
"W37391","3Ery",0.138436310641849,0.0836733313086091,0.16414845340221
"W37392","13Baso",-0.0760329813634455,-0.0208270346691589,0.00661816197753142
"W37393","5Ery",0.106079365689563,0.0477427854861679,0.0548194183606394
"W37394","12Baso",-0.0410226334293679,0.0306014555810884,0.00911183999245392
"W37395","5Ery",0.0686852566744237,-0.000526516224395137,0.0102105153778117
"W37396","2Ery",0.10505433972278,0.0185661401007869,0.0481619569588446
"W37397","7MEP",0.0139215153566093,0.00198145947367433,0.0451062546948912
"W37398","5Ery",0.0368630581706671,0.00683180811957306,0.0067343437425173
"W37399","16Neu",-0.107326147861639,-0.116620962873665,0.00215738375925278
"W37401","15Mo",-0.290335944243822,-0.140480773307936,0.00215754911739988
"W37402","14Mo",-0.130542514918966,-0.0453373864428416,0.00215771447554698
"W37403","5Ery",0.132511230591271,0.0254685788482963,0.0781325595256522
"W37405","16Neu",-0.107545368608039,-0.0936725936175437,0.00215787983369408
"W37406","2Ery",0.132974900762458,0.00794086489357263,0.0741988501247111
"W37407","2Ery",0.152736736213659,0.0333613914915427,0.160707984458096
"W37409","6Ery",0.0704322478796201,0.0300518773390866,0.0165527670433954
"W37410","2Ery",0.130658870229562,0.0249196914374632,0.075835494055322
"W37411","5Ery",0.110780483115231,0.0177458711737595,0.0547409702902661
"W37412","14Mo",-0.0946024786722916,-0.009350562083873,0.00776880221263758
"W37413","2Ery",0.168734335423855,0.0385739059111262,0.140667908476394
"W37414","3Ery",0.0827197078469993,0.0530729936218655,0.03282650546135
"W37415","5Ery",0.106508983107399,0.0469190290561734,0.0551233041027046
"W37417","16Neu",-0.0999953230061175,-0.133264759084802,0.00215804519184118
"W37418","10GMP",-0.0592514627984463,0.0232718695917782,0.00618803188759927
"W37419","14Mo",-0.121286842752889,-0.0303432299846161,0.00215821054998828
"W37420","1Ery",0.291436895629883,0.0393174658641883,0.252916447115778
"W37421","2Ery",0.157350359732527,0.010313747749269,0.16139468716174
"W37422","3Ery",0.193703898262714,0.126410534779816,0.163460673938286
"W37424","15Mo",-0.112657790395282,-0.104259360395708,0.00215837590813538
"W37425","7MEP",-0.00939033738709622,0.0355198847725571,0.00842051395033958
"W37426","4Ery",0.120454236100586,0.0222238749449788,0.0643238176323637
"W37427","7MEP",0.0143203682929177,-0.00561003733884167,0.0437631235784574
"W37428","5Ery",0.0888277810857117,-0.00199050727600903,0.0330793417322806
"W37429","2Ery",0.120271518225832,0.00683621858640098,0.0606245164990519
"W37430","13Baso",-0.0787973881271211,-0.0116478332814892,0.00905117106741996
"W37431","14Mo",-0.147406661897528,-0.0170069190563217,0.00215854126628248
"W37432","15Mo",-0.130396116056075,-0.0285840909711941,0.00215870662442957
"W37433","2Ery",0.107713829670131,0.0351620722595393,0.0542381951343923
"W37434","14Mo",-0.0681996852177925,-0.0881049713619007,0.00215887198257667
"W37435","6Ery",0.0777665799687177,0.0193099254860729,0.0227051615300539
"W37436","12Baso",-0.0529643189379742,0.0156237804616149,0.0024628422576013
"W37437","2Ery",0.130519126472533,0.0394226564509233,0.0793737442178858
"W37442","6Ery",0.0268627254844991,0.0154242680337583,0.0632904084748929
"W37443","14Mo",-0.139071011494428,-0.0473141385392518,0.00215903734072377
"W37446","6Ery",0.0282514984880624,-0.00555978697289413,0.0599064376258388
"W37449","17Neu",-0.109693329790029,0.203545306129663,0.00040088302946345
"W37450","6Ery",0.0872202745444089,0.0386587103974477,0.0349201678900102
"W37451","6Ery",0.0161833642474331,-0.000682032581961479,0.0470911353885103
"W37452","9GMP",-0.0305867258839785,-0.0155545673837735,0.0095493295595038
"W37453","3Ery",0.104003332507128,0.0736901380889919,0.0581543322252507
"W37454","14Mo",-0.140140553210242,0.000173536440370801,0.00376404632715416
"W37455","6Ery",0.0659617641187738,0.03594210987147,0.0147875713583388
"W37456","15Mo",-0.232520413575023,-0.168539306002634,0.00215920269887087
"W37457","15Mo",-0.122366940937537,-0.0539910084017131,0.00215936805701797
"W37458","13Baso",-0.138104767466016,-0.000253753481141734,0.00450906624590877
"W37459","3Ery",0.122674792965642,0.00442204346933423,0.0624765180642689
"W37460","16Neu",-0.113179891249447,-0.126930165666838,0.00215953341516507
"W37461","7MEP",0.0243118938293583,0.0124306933648096,0.059622349533726
"W37462","3Ery",0.182837317283167,0.175477599636632,0.163319418381072
"W37463","13Baso",-0.140462415905652,-0.0430824384846349,0.00215969877331217
"W37465","3Ery",0.179190908222918,0.111376747607183,0.142743006768151
"W37466","14Mo",-0.105024978876666,-0.0443094170992593,0.00215986413145926
"W37467","14Mo",-0.169626696061425,0.00485529929471382,0.00216002948960636
"W37468","8Mk",-0.0105830695257792,0.109725950432718,0.00192236968013201
"W37469","16Neu",-0.130962055189579,-0.125068517408395,0.00216019484775346
"W37470","14Mo",-0.0814120909478433,-0.0335001044651996,0.00513544011793219
"W37471","17Neu",-0.102887105477902,0.226840504485057,0.00251020245231956
"W37473","3Ery",0.180582004203496,0.108890396262773,0.143728611140311
"W37474","5Ery",0.0805732768069734,0.00894086880543063,0.0237477259552624
"W37475","10GMP",-0.0475913720203354,0.00673552904504564,0.00116798072123886
"W37476","16Neu",-0.132392465157499,-0.129184712368356,0.00216036020590056
"W37477","2Ery",0.142596681121302,0.00505157007508777,0.180003364396418
"W37478","14Mo",-0.103894742441771,-0.067930443670407,0.00216052556404766
"W37479","6Ery",0.0332527619557741,-0.0222858233171453,0.0617207359406854
"W37480","14Mo",-0.147268384060116,-0.000158888539429175,0.0017595438351889
"W37481","13Baso",-0.161446784753033,-0.00206423986681666,0.00216069092219476
"W37482","5Ery",0.0956674760885894,0.0168023329294946,0.044133257020039
"W37483","10GMP",-0.0302178121119884,0.00597572079849712,0.00745489717337298
"W37484","7MEP",0.02660173579074,0.00944163093463607,0.0615639314107104
"W37485","2Ery",0.122904914256464,-0.0248644222270241,0.0586918049417254
"W37486","2Ery",0.124809257269085,0.00614948198876917,0.0653887046719537
"W37487","2Ery",0.159170304763263,0.0318308641862921,0.153605018018558
"W37488","14Mo",-0.108369960245351,-0.0401026151914649,0.00216085628034186
"W37489","7MEP",0.0369389416833738,0.0180808413647826,0.00405904989941731
"W37490","8Mk",0.00149143438376984,0.161715537730886,0.0324053276554375
"W37491","14Mo",-0.132401156063792,-0.0175440644375014,0.00159500430707074
"W37492","2Ery",0.118666519742401,0.00269488265558091,0.0581324398653271
"W37493","2Ery",0.121823671152802,0.0194554186986015,0.065227408185877
"W37494","14Mo",-0.100219871257587,-0.0420890169700488,0.000120928245025874
"W37496","13Baso",-0.136529334252284,-0.0436646479348768,0.00216102163848896
"W37497","7MEP",0.0193844571624034,0.0113759252746538,0.053664393728566
"W37498","4Ery",0.182199886212616,0.109064463520314,0.145655876289443
"W37499","13Baso",-0.108167644052652,-0.0154882681757022,0.013288067412982
"W37500","13Baso",-0.138122633873634,-0.00589750067944339,0.00212715071983611
"W37501","5Ery",0.0951493093156392,0.0106560598752916,0.0397062993362819
"W37502","2Ery",0.12554660588207,0.00736229951833325,0.0665476551392711
"W37503","18Eos",-0.212636974453905,0.361102952941751,0.0183485077099405
"W37504","15Mo",-0.120037476907674,-0.082936854801702,0.00216118699663605
"W37505","5Ery",0.0933141363906345,0.0581829781385649,0.0446297328163449
"W37506","7MEP",0.0256504810182427,0.00231315459739405,0.0587661205617584
"W37507","2Ery",0.18111885675631,0.0146512435963805,0.132517111188581
"W37508","13Baso",-0.196950550361419,0.0379115498428298,6.53063956588401e-05
"W37509","14Mo",-0.155149849630067,-0.00710513021506229,0.00216135235478315
"W37510","6Ery",0.0277993607006202,0.00823594345790733,0.0626653592378915
"W37511","5Ery",0.0899137846350774,0.0141828037032797,0.0327976901809271
"W37512","4Ery",0.108839971844354,0.0460254204875649,0.0584080756703558
"W37514","13Baso",-0.105758820530754,-0.00358669300573898,0.000926663994281381
"W37515","7MEP",0.0262274015875881,0.00240989991074031,0.0594575141299228
"W37516","5Ery",0.0485754622359724,0.00146004336104339,0.0125687653515521
"W37517","5Ery",0.10648163127915,-0.0287616656542361,0.0416038644723806
"W37518","10GMP",-0.0387513682213325,0.0415280702735712,0.0174206467097007
"W37519","16Neu",-0.104174203322123,-0.14247242671326,0.00216151771293025
"W37520","2Ery",0.102393176734256,0.0485148234812173,0.0512742610599339
"W37521","14Mo",-0.111736288339337,-0.0570330799239221,0.00216168307107735
"W37522","3Ery",0.150177426015478,0.0885279295300555,0.149166973849121
"W37523","2Ery",0.12230277239989,0.022474985994062,0.0665352944216293
"W37524","10GMP",-0.0534233541758029,0.012362945787423,0.0046684819071452
"W37525","16Neu",-0.109513453205792,-0.100244814435639,0.00216184842922445
"W37526","8Mk",-0.000909775200698498,0.00509778149106393,0.0101867697865596
"W37527","6Ery",0.0585177918424108,0.00667770902210105,9.76312023030085e-06
"W37528","15Mo",-0.179392027806655,-0.0765316872070067,0.00216201378737155
"W37529","5Ery",0.0973432906149271,0.0615011867001158,0.0492220355840865
"W37530","10GMP",-0.0484598268004508,0.00839644768412789,0.00116781536309176
"W37531","7MEP",0.039357168431507,0.00119140875079933,0.00515336954010934
"W37532","14Mo",-0.130252406429967,-0.00405957578356468,0.00695816404220437
"W37534","2Ery",0.143728913579417,0.0628979567750858,0.163443085518674
"W37535","15Mo",-0.100048500169771,-0.0910361966878608,0.00216217914551865
"W37537","3Ery",0.146410384871615,0.0882864334329636,0.153628073251568
"W37538","6Ery",0.073388579878052,0.0193039595453101,0.0176865872722899
"W37539","1Ery",0.372736993652205,0.099622461930178,0.252916612473925
"W37540","2Ery",0.164084338825095,0.108669425879249,0.127636016350053
"W37541","3Ery",0.177505834586172,0.109969453850164,0.140424101850743
"W37542","4Ery",0.112828895340531,0.072774932401696,0.0672815199754243
"W37545","6Ery",0.0645563958494926,0.0363248412892152,0.0132572026423928
"W37546","13Baso",-0.131284635158335,0.0110671066515017,0.0144927610213926
"W37548","3Ery",0.106084807256716,0.0509959540959519,0.0555674782853341
"W37549","5Ery",0.0950764397815403,0.0463850030806042,0.0452000268162483
"W37551","14Mo",-0.109722403128446,-0.097496824948963,0.00216234450366574
"W37552","13Baso",-0.13845897525104,-0.0429019704327367,0.00216250986181284
"W37553","13Baso",-0.103006311648947,-0.00741745289020891,0.000575527923996885
"W37554","3Ery",0.0891408582648572,0.085477271547978,0.0452472534063134
"W37555","4Ery",0.124770345093336,0.0244211820819306,0.0688487951572126
"W37557","7MEP",0.0205035067354817,0.00823173968147721,0.0542130265887669
"W37558","10GMP",-0.053557404858488,0.0169073069467159,0.00252987388835398
"W37561","3Ery",0.137507742741311,0.0840459526248593,0.165134009108994
"W37562","13Baso",-0.069283763378848,-0.0234434494201117,0.0105382130815248
"W37563","2Ery",0.108706839270402,0.0143268496816086,0.0508329545790642
"W37564","13Baso",-0.126050857430289,-0.0136603204060532,0.00356779419866976
"W37565","2Ery",0.112779705647959,0.0235104652368091,0.0573310098107452
"W37566","4Ery",0.103743331944934,0.068510372930276,0.057289414789672
"W37567","10GMP",-0.0546987815373118,0.064568520204804,0.0379449037991929
"W37568","16Neu",-0.160726821298778,-0.136871305230337,0.00216267521995994
"W37569","14Mo",-0.109960507415075,-0.0596555008892682,0.00216284057810704
"W37570","16Neu",-0.107145874617951,-0.094475097441576,0.00216300593625414
"W37572","10GMP",-0.0249486600081335,-0.00830382049250632,0.00726890405134522
"W37573","2Ery",0.127383922151249,0.00861337830866521,0.0678569840967213
"W37574","2Ery",0.147450512590334,0.0283538477236501,0.168198232835767
"W37575","6Ery",0.0532552611587441,0.047385982125032,0.00264341973392754
"W37577","3Ery",0.144414257286169,0.0897102626358454,0.155582192300213
"W37578","14Mo",-0.137264121616531,-0.013220275450376,0.00201355741151715
"W37579","14Mo",-0.0949592258386404,-0.031584876571533,0.0134306336546898
"W37580","15Mo",-0.100714997759996,-0.0911994996419512,0.00216317129440124
"W37581","10GMP",-0.0567242270576293,-0.00654223253150363,0.0182243973930325
"W37582","13Baso",-0.147117207011046,0.000508188653037282,0.00149628413438392
"W37583","3Ery",0.0648674613973322,0.0816389332900461,0.0209954353165734
"W37584","7MEP",0.00874035978830902,0.0108378126229849,0.0412137142913433
"W37585","13Baso",-0.18823644150594,0.012992025310832,0.00216333665254834
"W37586","2Ery",0.199154542562035,0.0204018278065868,0.142790876778467
"W37587","14Mo",-0.0938613863151082,-0.0255495675901986,0.0175184910920725
"W37588","14Mo",-0.170622058436491,-0.00609208564425674,0.00216350201069544
"W37589","15Mo",-0.151725485232967,0.0104732263483063,0.00397799142539668
"W37591","4Ery",0.112255938972758,0.0523142225176273,0.0622755408076091
"W37593","15Mo",-0.112243805611621,-0.0919123040635364,0.00216366736884253
"W37594","14Mo",-0.134235121216781,-0.00696926379503808,0.00320438265039967
"W37595","10GMP",-0.058187238294787,0.0136569062785321,0.00976937146254617
"W37596","13Baso",-0.0801509794486284,-0.0235317396382915,0
"W37597","16Neu",-0.110682868978613,-0.0965028339883985,0.00216383272698963
"W37599","8Mk",-0.00909824679531871,0.18022597295351,0.0412720101263051
"W37601","13Baso",-0.121573623109398,-0.0158546684824749,0.0051062635017928
"W37602","5Ery",0.0920756872948995,0.0180772890111599,0.0416393175165557
"W37603","6Ery",0.0754991990330811,-0.00793264670067737,0.0143935753767101
"W37604","14Mo",-0.113828484643181,-0.0164926958023029,0.00910148054819488
"W37605","2Ery",0.128984047194081,0.00603488013598661,0.0690635083296401
"W37606","6Ery",0.0693305023078202,0.0301622148094523,0.0153137523089576
"W37607","3Ery",0.098876747705149,0.0914003760825689,0.0575811783065377
"W37608","14Mo",-0.0896443254335367,-0.0559268270987257,0.00216399808513673
"W37609","7MEP",0.0180239424495011,0.00462169802179838,0.0504829568126223
"W37610","7MEP",0.0238593892281751,-0.00769817931954469,0.0543110799309714
"W37611","14Mo",-0.149765742203806,-0.00630623341086413,0.00216416344328383
"W37612","5Ery",0.0810824275236887,-0.00178898082023316,0.0220799787706271
"W37613","13Baso",-0.200319394422814,0.0244344213801747,0.00216432880143093
"W37614","2Ery",0.152740669700677,0.0115803398305357,0.16644162925295
"W37615","16Neu",-0.10928920977241,-0.0974842704075834,0.00216449415957803
"W37617","12Baso",0.0385672813561754,0.00304875723266569,0.00563796953068977
"W37618","14Mo",-0.118062452203177,-0.0608384312563334,0.00216465951772513
"W37619","8Mk",-0.00865066061591131,0.203258076963053,0.0268131863259486
"W37620","4Ery",0.123376274281758,0.0220652598602696,0.0666218553754175
"W37621","3Ery",0.122794699470207,0.0546986951586016,0.07427685335789
"W37622","2Ery",0.0593676047934714,0.0756365524504162,0.0156109810487332
"W37624","14Mo",-0.149432782438834,0.00152025882733541,0.00129764073737918
"W37625","7MEP",0.00816636423242075,-0.015684865169234,0.0032394192503224
"W37627","7MEP",-0.011599256503389,0.0585788724537679,0.0269706215991158
"W37628","10GMP",0.00280115672288955,-0.000101020076473354,0.00684051758942054
"W37629","13Baso",-0.117713506828605,-0.00598243594656325,0.0150985979081123
"W37630","2Ery",0.14541341602388,0.0113253729054224,0.175061602346379
"W37631","2Ery",0.193264481148166,0.0377220106499988,0.140350707877277
"W37633","3Ery",0.126722506577372,0.0825249618802547,0.1781246130174
"W37634","3Ery",0.146620114638816,0.100390109494328,0.150195062448873
"W37635","6Ery",0.0617577969118742,0.0367276061155707,0.0101359936592327
"W37642","7MEP",0.0113512233732992,-0.00704603548189462,0.0399850053695342
"W37644","8Mk",-0.0187165187883577,-0.000180179687974948,0.0111235690853619
"W37650","2Ery",0.0712029921497231,-0.00441780607476853,0.0122736906012495
"W37651","1Ery",0.193901368999335,0.0864455245413814,0.153507984833224
"W37653","9GMP",-0.0265195296933454,0.00136474982520393,0.00498981965936902
"W37654","13Baso",-0.172404437453991,-0.0105434140825007,0.00216482487587222
"W37657","15Mo",-0.132476865172813,-0.0719376910892681,0.00216499023401932
"W37658","6Ery",0.0422584386980967,-0.0107497065369305,0.00455167306881941
"W37660","13Baso",-0.0980692515032182,-0.0150868974163141,0.000540800988396414
"W37661","3Ery",0.144410365775346,0.0931938656112779,0.154669541866282
"W37663","16Neu",-0.190769215973954,-0.154571715864569,0.00216515559216642
"W37664","14Mo",-0.113069158357621,-0.027833067996212,0.00240577761603946
"W37665","5Ery",0.111388100890479,0.0354292766154105,0.0579380996871303
"W37666","7MEP",0.0222666579652082,0.00777415929128757,0.0561457259822363
"W37667","13Baso",-0.151500934427623,-0.00698364715799365,0.00216532095031352
"W37668","4Ery",0.105177091342939,0.0701217836705887,0.0588509020973436
"W37669","13Baso",-0.0955122373179789,-0.0496864807796734,0.00216548630846062
"W37670","2Ery",0.101512746166541,0.0637281023797282,0.054767435048004
"W37673","15Mo",-0.0821302792405332,-0.0754055673520217,0.00216565166660772
"W37674","7MEP",-0.0130745820765711,0.012586970616372,0.0259976409000105
"W37675","3Ery",0.0982326197887944,0.116764694765628,0.0620030944251246
"W37676","10GMP",-0.0685037737646465,-0.0123097032896066,0.00264214617997656
"W37680","13Baso",-0.0935476360421154,-0.0140913586470808,0.00546522018265872
"W37682","3Ery",0.124043202253256,0.039183859451215,0.0717702750417402
"W37683","1Ery",0.182233594503252,0.0734771625964463,0.136626852073912
"W37684","13Baso",-0.0551887099068058,0.00229548987333186,0.011896488740822
"W37685","13Baso",-0.0860124935722919,-0.00288680209392346,0.0058976501891447
"W37686","7MEP",0.0326427201288077,0.0089125401125044,0.00470959566180476
"W37687","16Neu",-0.11532135784655,-0.0664230285958347,0.00216581702475482
"W37689","14Mo",-0.11402218040397,-0.0409274080838137,0.00216598238290192
"W37691","3Ery",0.216312526181144,0.126655027257628,0.189827430584314
"W37692","2Ery",0.190669601285625,0.0805880975480641,0.148255200914833
"W37693","1Ery",0.155234258970916,0.0628448204917877,0.150030076586804
"W37694","13Baso",-0.163987431932229,-0.00307442997409628,0.00216614774104901
"W37696","15Mo",-0.0896411483243638,-0.0994646612612448,0.00216631309919611
"W37698","8Mk",-0.00667429870802734,0.0767608061352242,0.0406310407891792
"W37699","2Ery",0.208745588357833,0.0941556308897478,0.172743042697815
"W37700","14Mo",-0.145802087094665,-0.00765991935904602,0.00186286018011662
"W37701","14Mo",-0.130559698350256,-0.0276078503660232,0.00216647845734321
"W37702","14Mo",-0.0988573103742717,-0.0447009550968928,0.00162886455151996
"W37704","9GMP",-0.0481339117850643,-0.00643436262800611,0.00779135830628162
"W37706","14Mo",-0.158646371070185,-0.00894796367394996,0.00216664381549031
"W37707","14Mo",-0.0839857450480132,-0.0410518383967002,0.0156552744194075
"W37708","2Ery",0.120878385964587,0.0195187001977503,0.064144005922552
"W37709","7MEP",0.0180403140543611,0.00425047552086596,0.0504133893013803
"W37710","2Ery",0.205358063031906,0.0942210351938806,0.168818481985182
"W37711","16Neu",-0.130966127521144,-0.123403859015192,0.00216680917363741
"W37712","10GMP",-0.0673270979205394,0.0100872093552127,0.0226167880542854
"W37713","6Ery",0.0504401488139835,0.0125746894852705,0.00800569809588221
"W37714","2Ery",0.174133007661025,0.0547974469704992,0.130096697029854
"W37715","15Mo",-0.119450707644964,-0.0293304181682704,0.00216697453178451
"W37716","14Mo",-0.0973553062235767,-0.057768658992389,0.00216713988993161
"W37717","15Mo",-0.107262102845556,-0.0970378025958306,0.0021673052480787
"W37718","3Ery",0.103639613509781,0.0318929820557422,0.0492886603510007
"W37719","12Baso",-0.0471038253837691,-0.00435249309578219,0.00549323829392036
"W37720","2Ery",0.150400130635171,0.0481147067605433,0.159549981096951
"W37721","13Baso",-0.0816578637948088,-0.00707789385202442,0.00848662003896893
"W37722","13Baso",-0.106130455801021,-0.0153193199774105,0.012332190899294
"W37723","7MEP",0.0107983705004722,0.00718258578643528,0.0427264575106116
"W37724","6Ery",0.0774081655941498,0.0119833384790625,0.0207582632099045
"W37725","5Ery",0.116034158528481,0.0527928051530723,0.0659133225441449
"W37726","2Ery",0.129128503233667,0.0196922642272241,0.0727187778387873
"W37728","14Mo",-0.107981904446405,-0.0627569779842063,0.0021674706062258
"W37729","12Baso",0.007195494348518,0.00404576450438226,0.00129781148927746
"W37730","2Ery",0.164304497648854,0.0632207441148839,0.139347287900393
"W37731","16Neu",-0.112886204653681,-0.107426081486844,0.0021676359643729
"W37737","4Ery",0.120490054499906,0.0399086015762159,0.0678156046951058
"W37738","6Ery",0.0417913484990466,0.0109997820206554,8.80305867609829e-05
"W37739","13Baso",-0.0757608317726207,-0.0222110402167884,0.00607830350157656
"W37745","4Ery",0.142077033979482,0.047786688457492,0.169351434214633
"W37746","2Ery",0.146764685818576,0.059418882021313,0.160815065287553
"W37747","4Ery",0.096909599022343,0.0443647090687171,0.0450919854729309
"W37748","15Mo",-0.110432994434627,-0.0974929359282674,0.00216780132252
"W37753","1Ery",0.361324792656634,0.105908618251243,0.252916777832072
"W37754","15Mo",-0.197452697330896,-0.151675290742217,0.0021679666806671
"W37756","13Baso",-0.0991501238475471,-0.00730219261494189,0.00400009637055775
"W37758","15Mo",-0.104772825626483,-0.0735034511735054,0.0021681320388142
"W37759","3Ery",0.151044960999384,0.00855264668052534,0.169218307608089
"W37761","6Ery",0.0738152340645286,0.0245324526169558,0.0192724085158439
"W37762","12Baso",-0.029076340370476,-0.0203187619002336,0.00931300096040518
"W37763","12Baso",-0.043542850745235,0.0412419437776056,0.0178881721088626
"W37764","13Baso",-0.0928696921721107,-0.0361787612877905,0.0152945008710305
"W37765","5Ery",0.112276500216748,0.036480129482494,0.0587186320064476
"W37766","16Neu",-0.121733005874132,-0.11268169112526,0.0021682973969613
"W37769","6Ery",0.0670507794510553,0.0422904514159821,0.0152447413132652
"W37770","13Baso",-0.152085135728396,0.00251443847465047,0.000748490808584627
"W37771","2Ery",0.210093278942236,0.103380102387437,0.176661289828986
"W37772","14Mo",-0.163564587924565,-0.00775605344216202,0.0021684627551084
"W37776","3Ery",0.0648863270770296,0.0414648355942404,0.014720859153093
"W37777","14Mo",-0.123499685434886,-0.033266407111113,0.00216862811325549
"W37778","8Mk",-0.0101019782213522,0.10683099847226,0
"W37779","2Ery",0.150651148553611,-0.0221278354689796,0.177760412156474
"W37780","9GMP",-0.0535826743976052,0.0215148590322427,0.00116765000494466
"W37781","4Ery",0.0851807258757016,0.048404975625396,0.0346555462868655
"W37782","3Ery",0.0865567089424587,0.0597065905564828,0.0390197870442565
"W37786","3Ery",0.0922156503277029,0.101213757711231,0.0516043334578152
"W37788","14Mo",-0.106076881851298,-0.0263735565034805,0.00718339221576117
"W37790","2Ery",0.142909057949461,0.0241284460451183,0.174612533673051
"W37793","10GMP",-0.0790900897437007,-0.0128284224522246,0.00796260842103788
"W37794","16Neu",-0.152613748517483,-0.157955436994447,0.00216879347140259
"W37795","6Ery",0.0592761079163172,0.0115857562130714,0.00198514688719437
"W37796","14Mo",-0.150432018975998,-0.00718785233204653,0.00216895882954969
"W37797","16Neu",-0.0750013153910213,-0.0859416338816792,0.00216912418769679
"W37798","5Ery",0.151475953767002,0.0488422444461487,0.158103131678384
"W37799","10GMP",-0.0622470782799286,-0.00849689137828196,0.0258839815797304
"W37800","16Neu",-0.129737062303315,-0.0345544140348715,0.00216928954584389
"W37801","12Baso",0.0142623416320234,0.00967239339650473,0.0473290014033029
"W37803","15Mo",-0.0833574170718088,-0.0762808198253423,0.00216945490399099
"W37804","2Ery",0.140075527039012,0.0210745926393561,0.178724929618675
"W37805","13Baso",-0.136150116415851,-0.0173711355906489,0.00216962026213809
"W37806","7MEP",0.00552530312487448,0.00635926445843845,0.00280876696997287
"W37807","13Baso",-0.137957849225642,0.0151963941130831,0.0158772440562194
"W37809","13Baso",-0.128701733985289,-0.00164725885652108,0.00775943285583878
"W37811","2Ery",0.155940542383971,-0.0253597225450452,0.172436842054923
"W37812","6Ery",0.047591139202609,0.0304172023766927,0.00739211268637835
"W37813","14Mo",-0.099753036216746,-0.0288672238492657,0.0103369434828557
"W37817","5Ery",0.110460554442353,0.016392912861829,0.0530489548315932
"W37818","16Neu",-0.151540857837339,-0.160967892895139,0.00216978562028518
"W37819","5Ery",0.0913508151821582,0.0119445550445053,0.0339701930904114
"W37820","6Ery",0.0913881400294168,0.0251528814724478,0.0409065871652723
"W37821","18Eos",-0.224316268933542,0.299817923264864,0.0183486730680876
"W37822","14Mo",-0.10237937167527,-0.0261870772486532,0.0100739484720206
"W37825","14Mo",-0.106905487017377,-0.0284092989601068,0.00583553189329816
"W37826","13Baso",-0.148197930484221,-0.0179842283423933,0.00216995097843228
"W37828","15Mo",-0.178280247982208,-0.151908439869182,0.00217011633657938
"W37830","2Ery",0.0757468943079642,-0.00866801258965883,0.0145233874102203
"W37833","2Ery",0.191407415888359,0.0842330412564143,0.150042415597889
"W37835","13Baso",-0.0743965011868322,-0.0197480740436781,0.0092512771947931
"W37838","3Ery",0.0774122562363183,-0.00861878311233689,0.0164414806940282
"W37841","2Ery",0.135014237109824,0.0461665217515383,0.17802328051198
"W37842","15Mo",-0.118413643942863,-0.0618712279921217,0.00217028169472648
"W37843","12Baso",-0.0384090226517841,0.0263402027620235,0.00536443481615871
"W37844","7MEP",0.0283178699725972,0.00882394206855685,0.0634058765946112
"W37847","3Ery",0.0658617043635327,-0.037488302270907,0.0011931450546814
"W37848","4Ery",0.0686914685745551,-0.034601843109134,0.00302585183299496
"W37849","15Mo",-0.134161429482285,-0.110421987227155,0.00217044705287358
"W37850","14Mo",-0.137578556963714,-0.0118729150223252,0.000737122781032482
"W37851","4Ery",0.107333631143292,0.0702307329873609,0.0610081481308386
"W37852","4Ery",0.117595669182073,0.0765051317817325,0.0737875122868208
"W37853","13Baso",-0.10268273091937,-0.00603571483657696,0.00083128082913474
"W37854","9GMP",-0.0521376043555508,0.0107900642233728,0.00391100289726957
"W37857","12Baso",-0.0408911218133624,0.0327771655756077,0.0108127493083792
"W37858","2Ery",0.132272395733315,0.0440130687758942,0.0825883524234556
"W37859","4Ery",0.0968839872903896,0.00752722270676951,0.0383881072986485
"W37860","9GMP",-0.0174792218534349,0.0185004803405506,0.0315232852244108
"W37861","16Neu",-0.1659784435809,-0.159957504462438,0.00217061241102068
"W37863","16Neu",-0.107172473439362,-0.115068530768736,0.00217077776916778
"W37864","2Ery",0.138514857124201,-0.0304689472198328,0.070846516779972
"W37865","2Ery",0.122478548697855,0.0768568884012175,0.0795643025748237
"W37866","16Neu",-0.117787983368315,-0.110496171725138,0.00217094312731488
"W37867","7MEP",0.0307317963394339,-0.0144259727989729,0.0606702269604547
"W37868","14Mo",-0.0674018095712145,-0.0480475578279669,0.010608835870616
"W37870","14Mo",-0.0975053339242611,-0.0668573624211797,0.00217110848546197
"W37872","14Mo",-0.053441674110453,-0.0168370051658057,0.0194686440805798
"W37873","5Ery",0.0889076495547497,-0.000591482491005128,0.0326924289591028
"W37874","5Ery",0.117081669703865,0.0579965204714109,0.0684636187422578
"W37875","3Ery",0.0872559273358144,0.0861330288006289,0.0454448809574465
"W37876","3Ery",0.144575814204448,0.0946203341820629,0.154100816926718
"W37878","2Ery",0.170877344287931,0.0407113111048084,0.137605195182007
"W37879","18Eos",-0.218013309731175,0.327353856070598,0.0183488384262347
"W37880","14Mo",-0.10620007175991,-0.0271872937081094,0.00668108434753144
"W37881","3Ery",0.124529328275183,0.0622567697124589,0.0782261783256811
"W37882","14Mo",-0.108812496574685,-0.0273558833731635,0.0049995760909984
"W37883","14Mo",-0.102813003972082,-0.0607438112263157,0.00217127384360907
"W37885","12Baso",-0.0101517924093124,0.0297184082900327,0.00394426148101528
"W37886","14Mo",-0.110735345996908,-0.0386123889863988,0.00217143920175617
"W37887","4Ery",0.113164094371555,0.0765176625493821,0.0686282565165528
"W37888","3Ery",0.224994267372422,0.181889805063499,0.213999024228646
"W37889","14Mo",-0.134434657736751,-0.0109248902279548,0.00172517784854889
"W37890","7MEP",0.0237430474073773,0.00563844510526284,0.0573481745815397
"W37891","5Ery",0.0470022509511398,-0.00248156058685733,0.00282452006317033
"W37892","12Baso",-0.0474562213481073,0.0487719450662397,0.0244087057120937
"W37893","2Ery",0.101283215112528,0.0967630113746007,0.0605733041298574
"W37894","15Mo",-0.14033767032599,-0.0428944917631959,0.00217160455990327
"W37895","14Mo",-0.083382103447842,-0.0752788598466838,0.00217176991805037
"W37896","3Ery",0.115914581850951,0.0556380735353336,0.0665004113962452
"W37898","14Mo",-0.117336862102281,-0.0621680900465898,0.00217193527619747
"W37899","2Ery",0.12913252995455,-0.024500434756248,0.062790405634068
"W37900","3Ery",0.103476038161673,0.0637078606708574,0.0555676436434812
"W37901","2Ery",0.182429952520777,0.0423088801416797,0.128913354188797
"W37902","16Neu",-0.114314313210695,-0.107733287223005,0.00217210063434457
"W37903","7MEP",0.0278807511771099,0.001882682232123,0.0612471746407102
"W37904","2Ery",0.13317173833875,0.0264042405701483,0.0791402781730661
"W37906","10GMP",-0.0486435890515763,-0.00765535644438945,0.00902565271410205
"W37907","7MEP",-0.00850914708094182,-0.00708534713845553,0.00320842496468835
"W37908","5Ery",0.0581341063640395,-0.00661675989326722,0.00334627747010574
"W37909","5Ery",0.0660906465748335,-0.000793722279925215,0.00718175700915144
"W37910","13Baso",-0.0519449431017804,-0.0033484930806235,0.0108339790343801
"W37913","6Ery",0.0420968342082139,0.00218220539101209,0.00176390378178733
"W37914","7MEP",0.0225723881778978,0.00254820192222424,0.0552572442860348
"W37915","3Ery",0.106954110380666,0.0680190915704557,0.060392963003887
"W37916","10GMP",0.0170707728787384,0.00212580513295006,0.0487858979225767
"W37917","5Ery",0.183060637782229,-0.0101585555827099,0.136784198916583
"W37918","5Ery",0.106651865743539,0.0461355977669907,0.0551038186588118
"W37919","1Ery",0.123829372391454,0.0023976855099007,0.0633159968984505
"W37921","13Baso",-0.150448384150901,0.00168844132355986,0.00111791958793663
"W37922","15Mo",-0.129540858078492,-0.0482064723843202,0.00217226599249166
"W37923","3Ery",0.0887513684201878,0.0316724142063539,0.0351892018969152
"W37924","6Ery",0.0324762118655058,0.00340218378729165,0.00324931623380991
"W37929","14Mo",-0.11328303713852,-0.0391289470046366,0.00217243135063876
"W37935","3Ery",0.105445254927753,0.135780808559452,0.074766348409811
"W37937","3Ery",0.0903716852901076,0.0581423444723377,0.0412403281651726
"W37938","3Ery",0.185721306733487,0.115014194125036,0.151269760700858
"W37939","16Neu",-0.1137230951017,-0.105838864297084,0.00217259670878586
"W37940","3Ery",0.0850882507802686,0.0427019728486998,0.0333352841105207
"W37941","9GMP",-0.0611209084793012,0.000928416354305119,0.0197548854235523
"W37942","14Mo",-0.0416523581820849,-0.107264768203031,0.00217276206693296
"W37943","12Baso",-0.00863099793577832,0.0056419767506361,0.0187237039262803
"W37945","9GMP",-0.0333453776224888,-0.0141658637202517,0.00682657302963087
"W37946","14Mo",-0.108818386049812,-0.0154427296524974,0.0139534813863146
"W37948","14Mo",-0.130144835437158,-0.0462084445635412,0.00217292742508006
"W37951","8Mk",0.00688817319187831,0.0369687097459399,0.00720901878284667
"W37952","5Ery",0.0749786728392759,-0.008589030395482,0.0157210649345108
"W37953","15Mo",-0.105156827320802,-0.0756338639136142,0.00217309278322716
"W37954","15Mo",-0.115801572908682,-0.053430221649018,0.00217325814137426
"W37955","3Ery",0.212183277577722,0.103926619013729,0.179232268938475
"W37956","16Neu",-0.138869921642767,-0.12620331767673,0.00217342349952136
"W37957","15Mo",-0.0823702630011941,-0.106911115213071,0.00217358885766845
"W37959","4Ery",0.127072197366736,0.0623977216045181,0.0812236604363037
"W37960","3Ery",0.108405292156924,0.0290650748267507,0.0534392867898771
"W37961","8Mk",-0.00806913712668028,0.117338297103238,0.00624094020333786
"W37962","15Mo",-0.120613751387909,-0.0578443144011736,0.00217375421581555
"W37963","14Mo",-0.102822361224137,-0.0621736288417775,0.00217391957396265
"W37964","5Ery",0.0997856970680552,0.0293488031349686,0.0450796107563918
"W37965","3Ery",0.0644418861863474,0.0432774302480042,0.014593916491944
"W37967","4Ery",0.0574865101118917,-0.0253416993891705,0.00816987331537231
"W37969","2Ery",0.134967365074552,0.0204117590065103,0.0797028840862174
"W37970","8Mk",-0.0595882421577218,-0.0189277932461782,0.0279509352554577
"W37971","7MEP",0.0245640167331072,0.0129842883471645,0.0600465970996567
"W37972","10GMP",-0.0821458969484419,0.0617241884064077,0.0396699459060642
"W37974","15Mo",-0.12093065071493,-0.0798550024118039,0.00217408493210975
"W37975","14Mo",-0.174627326493294,-0.0113535067706891,0.00217425029025685
"W37977","13Baso",-0.0732028603531082,-0.0199097656239149,0.0105785607283973
"W37978","3Ery",0.139094637274649,0.0469986088078511,0.173040452432279
"W37979","7MEP",0.0264717722337595,0.0141551606685957,0.0625353142789651
"W37980","2Ery",0.194199646729268,0.0383644907329349,0.141602490959907
"W37982","13Baso",-0.162069701151195,-0.00667758688098802,0.00217441564840395
"W37983","2Ery",0.0922605121979321,-0.00120166403681554,0.032213890987642
"W37984","10GMP",-0.0690057705882323,0.0463514736273587,0.00629184916172737
"W37985","2Ery",0.224122443936152,0.0577279088579197,0.181352324230649
"W37986","2Ery",0.144350784804485,0.0625146822601341,0.162818026284356
"W37988","2Ery",0.11589205512538,0.0368580027176044,0.0626591082076891
"W37989","12Baso",-0.0598286494079901,0.0556804166046556,0.031661514623847
"W37990","14Mo",-0.121993583214264,-0.0296023191954367,0.00217458100655105
"W37991","1Ery",0.351855509925615,0.0913175846993355,0.25291694319022
"W37992","14Mo",-0.107156016427096,-0.0465015266878011,0.00217474636469814
"W37993","14Mo",-0.0855048858051226,-0.0441784235618553,0.0144966532473719
"W37994","2Ery",0.249497896450625,0.089833696455948,0.219052766070835
"W37995","14Mo",-0.124442547598944,-0.0697877289289727,0.00217491172284524
"W37996","16Neu",-0.128695499675535,-0.119688521582352,0.00217507708099234
"W37997","14Mo",-0.134186960973848,-0.0132709406058766,0.000335404762910059
"W38000","8Mk",0.00697426063576008,0.0571304144248858,0.0231360396129017
"W38001","16Neu",-0.118032686451633,-0.0474065177863814,0.00217524243913944
"W38002","16Neu",-0.105073925799158,-0.112833065641546,0.00217540779728654
"W38003","2Ery",0.118931070083984,0.0169767166886589,0.0612454456677025
"W38004","8Mk",-0.0080441984572191,0.107824245643133,0.000226607803718408
"W38005","5Ery",0.14139145150863,0.0478054266877294,0.17014674150277
"W38006","6Ery",0.070563661169344,0.0101066207076456,0.014607159551815
"W38008","15Mo",-0.118272983403226,-0.0867737070372557,0.00217557315543364
"W38009","13Baso",-0.100433687182719,-0.0401808891809758,0.00159796712574094
"W38010","5Ery",0.0778351431830611,0.0206757253994415,0.0230704203960201
"W38011","14Mo",-0.141687465564515,-0.0413871421324754,0.00217573851358074
"W38012","5Ery",0.157474229827167,0.00864412630852391,0.161690148550853
"W38013","6Ery",0.0726041021087775,0.00818146010131832,0.0144554754263158
"W38014","16Neu",-0.127455276094855,-0.132060320035549,0.00217590387172784
"W38017","3Ery",0.212848840209003,0.155791940123118,0.193221403435501
"W38018","15Mo",-0.177900999687229,-0.130221975615093,0.00217606922987493
"W38019","7MEP",0.028815327779436,1.66466574859685e-05,0.0618858669147844
"W38020","7MEP",0.0235569303703131,0.000557440736811235,0.0559236053597497
"W38021","10GMP",-0.0780799407888501,-0.0129803791387773,0.00907636516525344
"W38022","14Mo",-0.138226848802038,-0.0173376129724327,0.00217623458802203
"W38023","3Ery",0.141019501820172,0.151728938881966,0.14321111676936
"W38025","4Ery",0.10685443196219,0.047927382775338,0.0566439658807988
"W38026","13Baso",-0.125896069144075,-0.0149832682797548,0.00302894838837211
"W38027","15Mo",-0.155924699001874,-0.0694306552220921,0.00217639994616913
"W38030","17Neu",-0.077315589642405,0.0927409906851608,0.00419438238691363
"W38031","4Ery",0.100588350546433,0.0444630952037519,0.0493140943109057
"W38032","6Ery",0.0863831617885069,0.0530474704166115,0.0406517563758047
"W38033","3Ery",0.223066906610757,0.175200495961534,0.210052785877716
"W38034","3Ery",0.197884040815809,0.140220327037946,0.171842839888664
"W38035","7MEP",0.0174527177589162,0.00960720855158542,0.0510069306257759
"W38036","8Mk",-0.0127423289493952,0.00620385409955673,0
"W38037","6Ery",0.0477237758280709,0.00915853474046259,0.0118704237256305
"W38039","16Neu",-0.160593320186748,-0.140889265770344,0.00217656530431623
"W38040","3Ery",0.12365436869927,0.0868505731328015,0.0834856590103232
"W38041","14Mo",-0.186028276013142,0.0129395016854259,0.00217673066246333
"W38042","4Ery",0.107658316315984,0.0730129267767894,0.0620788257480747
"W38043","4Ery",0.144264460052639,0.10589335261443,0.151494817529617
"W38045","3Ery",0.0763147558208061,0.0104548678601006,0.0191843264223683
"W38046","14Mo",-0.154832607716206,-0.00747828698281715,0.00217689602061043
"W38047","15Mo",-0.175402627138099,-0.00955507778562363,0.00217706137875753
"W38048","3Ery",0.214686359536816,0.223344900154928,0.212568602035044
"W38049","10GMP",-0.0804875187910512,0.0645688144736441,0.0416785512912369
"W38050","6Ery",0.0383209765352689,0.0266929963262353,0.000483533126711646
"W38051","2Ery",0.120888437151725,0.0175250921653826,0.0636600577697823
"W38052","16Neu",-0.134129824058102,-0.129652160659567,0.00217722673690462
"W38053","15Mo",-0.116145826994997,-0.0857889650137378,0.00217739209505172
"W38054","7MEP",0.0134082364045757,0.0138997749173136,0.0473454001782885
"W38055","3Ery",0.152383214320779,0.105454328785325,0.142136540014481
"W38056","10GMP",-0.0443383283068957,0.0047701070816457,0.00175754780530238
"W38057","3Ery",0.208167403525033,0.166707255591075,0.190555915844362
"W38058","14Mo",-0.103198555295777,-0.0154964978711491,0.0154318113146151
"W38059","7MEP",0.0273320598874773,0.0161871495688941,0.00025316107427476
"W38060","6Ery",0.0873432777406584,-0.00185735090374741,0.034752195287739
"W38061","10GMP",-0.0612951251004139,0.0386025016859956,0.00116748464679757
"W38062","10GMP",-0.0553520667252218,-0.00394531719217992,0.0152525924822118
"W38063","3Ery",0.145959699748195,0.0979137492395696,0.151618039425398
"W38064","7MEP",0.0248384282946174,0.0011036625750383,0.0575381489872821
"W38065","2Ery",0.18243510956438,0.0739334719037331,0.136977658251568
"W38066","4Ery",0.110534060057377,0.0187035280756719,0.0535010706090136
"W38067","7MEP",0.0235888302258201,0.00622165102311489,0.0573081658014961
"W38068","13Baso",-0.10446863203123,-0.00479852861371326,0.00032688396212386
"W38069","6Ery",0.0729464391506557,0.0208613943926973,0.0175065758529616
"W38070","15Mo",-0.105312457461598,-0.0710709481010729,0.00217755745319882
"W38071","8Mk",0.0116399385594301,0.00576106021170084,0.0433633219329653
"W38072","10GMP",-0.0484291671099958,0.00746069817497999,0.00116731928865047
"W38073","4Ery",0.0734798921995155,0.0926603574368626,0.0307109707349855
"W38074","4Ery",0.115169399093776,0.0370616766676179,0.0618681769769688
"W38075","3Ery",0.0976226766529193,0.0983462950488664,0.0574117900559964
"W38076","7MEP",0.0326879256427436,0.00362336704543584,0.0035445441748401
"W38077","2Ery",0.175331429176597,0.0314646351057782,0.134843006403097
"W38078","16Neu",-0.106879430514321,-0.111874094627827,0.00217772281134592
"W38079","3Ery",0.10806355670889,0.0292584675477541,0.053088798579961
"W38080","3Ery",0.143346289914361,0.0965376249364672,0.155030659693025
"W38081","6Ery",0.0662915344125102,0.0359473711504252,0.0151672086170553
"W38082","6Ery",0.0266949369097965,0.00130471507254912,0.0597360878768344
"W38083","7MEP",0.0190034535776065,0.010374539518604,0.0529848918730156
"W38084","4Ery",0.104528515864424,0.0476010044954496,0.0532494067934287
"W38085","16Neu",-0.118308821525988,-0.0885180829349907,0.00217788816949302
"W38086","2Ery",0.109799174174896,0.0336233670620979,0.0565722215206798
"W38087","13Baso",-0.0653723209227707,-0.009468212598582,0.0301505546907118
"W38088","10GMP",-0.0516479580849668,0.0222805092771743,0.000507627981337262
"W38090","3Ery",0.143237125889475,0.116196678679511,0.149979890218938
"W38091","3Ery",0.142148444557167,0.155789299728629,0.14082431433082
"W38092","10GMP",-0.0522586587396322,-0.0192326040814447,0.0192518574705754
"W38093","6Ery",0.0647579970524335,-7.00458075972722e-05,0.00580760186593009
"W38094","14Mo",-0.0500149059053059,-0.012591149991281,0.0131804582422957
"W38095","15Mo",-0.195491224298589,-0.0980814982955488,0.00217805352764012
"W38096","7MEP",0.00963026911286779,0.00891732503566606,0.0417871503359483
"W38097","13Baso",-0.0777486908551365,-0.00501642215850159,0.00914206146835604
"W38098","14Mo",-0.137527899331579,-0.00709056168190257,0.00193850257495917
"W38100","14Mo",-0.125370062927914,-0.00732927738965102,0.00688915547382918
"W38101","14Mo",-0.108553090934156,-0.0152321989519978,0.0134765433181739
"W38102","2Ery",0.141389186799497,0.0263169273315015,0.175810121441736
"W38103","16Neu",-0.107424298918506,-0.0983904925965084,0.00217821888578722
"W38104","7MEP",0.0201008910111127,-0.00857626733913894,0.0497495451292362
"W38105","14Mo",-0.121817012279729,-0.0303851330502372,0.00217838424393432
"W38106","10GMP",-0.0669199824682703,-0.00785210836589419,0.0312016654166496
"W38107","14Mo",-0.148673875187189,-0.00627142050110696,0.00217854960208141
"W38108","6Ery",0.0618639420034848,-0.000754835056143449,0.00234628504582693
"W38109","14Mo",-0.168817833392291,-0.00284571422019607,0.00217871496022851
"W38110","16Neu",-0.122450217254646,-0.171926312713522,0.00217888031837561
"W38111","2Ery",0.0630927096167332,0.0746130516065346,0.0174873129596525
"W38112","10GMP",-0.0705024567711772,-0.0170512774269277,0.0079983426740478
"W38113","16Neu",-0.114101066112688,-0.10939863217239,0.00217904567652271
"W38114","14Mo",-0.0900076166356925,-0.0269606886577006,0
"W38115","14Mo",-0.111082080105553,-0.00857588468043188,0.0123604471696331
"W38116","5Ery",0.0906945041417567,0.0133474823832403,0.033516109340161
"W38117","12Baso",-0.0498862059886955,0.0484498534653821,0.0245060089618559
"W38118","4Ery",0.0947496839279733,0.0431216354473062,0.0428387005139239
"W38119","3Ery",0.191528826914798,0.124322201946622,0.160397820898565
"W38121","13Baso",-0.0590505315280978,-0.00717474167440963,0.0213542663882921
"W38123","2Ery",0.12602609253282,0.0169729152034619,0.0684097552067984
"W38124","4Ery",0.131093163157874,0.0180271226639681,0.0745822074031296
"W38125","4Ery",0.0995218880883113,0.0295180505580873,0.0448132090860688
"W38126","3Ery",0.114185494392403,0.0014766783582395,0.0545861054273053
"W38127","3Ery",0.0965176998567216,0.0443817100535543,0.0446443297132416
"W38128","13Baso",-0.121902406973969,-0.0191543503707638,0.00297333764690052
"W38129","12Baso",-0.00789112041205163,-0.0570047119727764,0.00773605910768876
"W38130","14Mo",-0.0996346378939112,-0.0333287494323424,0.00707217479501212
"W38131","16Neu",-0.139128299462541,-0.15904449655648,0.00217921103466981
"W38132","3Ery",0.0924782424506327,-0.00226914543817867,0.0322365029344492
"W38133","5Ery",0.104327767667942,0.0318918306008381,0.0499454008993827
"W38134","6Ery",0.0250718513878516,0.00944611551074741,0.0597927450538426
"W38135","7MEP",0.026979236588448,0.0122333553345441,0.0626664381654322
"W38136","4Ery",0.143982140573466,0.114359035427558,0.149594486926518
"W38137","4Ery",0.118593260084411,0.0400456574413988,0.0665933129389986
"W38138","5Ery",0.130783862321424,0.025420937778487,0.0761090120431076
"W38140","14Mo",-0.118169132324277,-0.0390993141369486,0.00217937639281691
"W38141","14Mo",-0.104104722471931,-0.0154443712241169,0.0144576033656868
"W38142","2Ery",0.122879023541097,-0.0246321293359177,0.058690914946287
"W38143","12Baso",0.0126728603300678,-0.00162789164777326,0.0428021490375731
"W38144","3Ery",0.19184360147178,0.111114861939113,0.157398963119808
"W38145","5Ery",0.117108632898381,0.0225075290522394,0.0605018798510177
"W38146","2Ery",0.135498621887462,-0.0205997694443972,0.0698523104782889
"W38147","2Ery",0.202702800244139,-0.0242188966975939,0.135550214840541
"W38148","16Neu",-0.0897133952123128,-0.12274238526441,0.00217954175096401
"W38149","7MEP",-0.00686133582209609,-0.0175632894535664,0.0077604648000586
"W38150","5Ery",0.109292347177078,0.00551576426880696,0.0497360414111767
"W38151","2Ery",0.12592542507852,0.00467180357290728,0.0663188685254663
"W38152","7MEP",0.0258972494733971,0.00376693848049825,0.0593976553930359
"W38153","3Ery",0.0706800098762123,0.0482612327534948,0.0206562578861123
"W38154","4Ery",0.127813004232141,0.00455363739544894,0.0673203238319714
"W38155","2Ery",0.114450136117931,0.020848255581384,0.0578054719109176
"W38156","5Ery",0.0997168588969935,-0.00277878312535226,0.0437333702823606
"W38157","10GMP",-0.0497305151667981,-0.0350768717214778,0.0242154221907798
"W38158","1Ery",0.224643147902106,0.0262365078649172,0.173934295097174
"W38159","10GMP",-0.0430024477418375,-0.000844589907721681,0.000943600405922385
"W38161","16Neu",-0.12806338300235,-0.0283606127783103,0.00217970710911111
"W38162","2Ery",0.117821678736533,0.0182805350565933,0.0606292289743001
"W38163","2Ery",0.127805021945408,0.00756685938740501,0.0680805421409431
"W38164","2Ery",0.234260380192396,0.0100440316912732,0.180998027587688
"W38165","5Ery",0.090080264465125,-0.0331597865764234,0.0382143765772872
"W38166","5Ery",0.124851089071382,0.00825183786219805,0.0659600525532054
"W38167","14Mo",-0.15304719648306,0.0177842542643085,0.00559551314896076
"W38168","14Mo",-0.138231662810748,-0.0372727269808077,0.0021798724672582
"W38169","16Neu",-0.0975535102779013,-0.131028879611517,0.0021800378254053
"W38170","10GMP",-0.0101396588378609,0.0501291354564854,0.0200783097039329
"W38171","14Mo",-0.146678896159368,-0.00628405374660718,0.00144002573816304
"W38172","14Mo",-0.120806203819109,-0.0296766595857191,0.0021802031835524
"W38173","4Ery",0.123333317584445,0.0188761233295862,0.0657573681811049
"W38175","2Ery",0.185366616855765,0.0333152363443663,0.130038988076216
"W38176","6Ery",0.0826892665553765,0.048338288755201,0.031782680560535
"W38177","2Ery",0.135995881018653,0.0205702682668119,0.0809409062965584
"W38180","16Neu",-0.113858143364217,-0.109109198576845,0.0021803685416995
"W38181","1Ery",0.146733944967478,0.00134171467264144,0.176150119045421
"W38182","13Baso",-0.0856589025894106,-0.00553759259737743,0.00466280224412085
"W38183","3Ery",0.109759013144007,0.0503648987670647,0.0592528144098494
"W38184","15Mo",-0.144197548805224,-0.0757061525188423,0.0021805338998466
"W38185","3Ery",0.134061258494601,0.0636509385597948,0.174529309720984
"W38186","5Ery",0.109462225808253,0.0143024588098158,0.0515313705690467
"W38187","2Ery",0.139611213262334,0.0197482389294607,0.179616856372431
"W38188","2Ery",0.144959673483734,0.00466064355641314,0.177347047526548
"W38189","16Neu",-0.139496289798457,-0.170308503055261,0.0021806992579937
"W38190","4Ery",0.101057377662039,0.028021752954382,0.0461248547115765
"W38191","12Baso",-0.0755192078338258,0.0929084433299071,0.00395008052113451
"W38192","3Ery",0.125474822764562,0.0436417718195226,0.0745764396168707
"W38193","12Baso",-0.0155724725997942,-0.00333870454159655,0.00932772607264609
"W38194","14Mo",-0.132694809901715,-0.0324428104881534,0.0021808646161408
"W38195","15Mo",-0.0878382185896673,-0.101881251097364,0.00218102997428789
"W38196","14Mo",-0.126859316434356,-0.00625510023544625,0.00656689159499927
"W38197","10GMP",-0.0576779790115704,0.047236779971889,0.0246753232395552
"W38198","6Ery",0.0693938969775786,0.0123447234273255,0.0137387508780424
"W38199","12Baso",-0.0577391550992467,0.0523412170387206,0.0287193920880647
"W38200","2Ery",0.173931987292118,0.0451937312841983,0.132860587229156
"W38201","3Ery",0.150221708732056,0.058717468541148,0.156966675567413
"W38202","4Ery",0.107215100427608,0.0143392872281038,0.0498317364908133
"W38203","7MEP",0.0110431644791108,0.00933362029635764,0.0435219795343883
"W38204","4Ery",0.123520053538303,0.0285699064143997,0.0684511881650219
"W38205","15Mo",-0.187291555065691,-0.0759968857531299,0.00218119533243499
"W38206","2Ery",0.124585751694554,0.0393873581210856,0.0724546156118669
"W38207","7MEP",-0.0123336441987567,0.0392226604932591,0.0117739048190806
"W38208","14Mo",-0.097436416694327,-0.0518708221299812,0.00218136069058209
"W38209","3Ery",0.104936560651383,0.0747865476269551,0.0597338545758691
"W38210","13Baso",-0.162769152525825,0.00995052790442457,6.51410375117414e-05
"W38211","3Ery",0.169249200318897,0.109958540111701,0.13081499396592
"W38212","15Mo",-0.12459381515003,-0.0791539594052631,0.00218152604872919
"W38213","15Mo",-0.0999446347597422,-0.112910295249035,0.00218169140687629
"W38214","13Baso",-0.176585810465769,-0.00919549415611446,0.00218185676502339
"W38215","14Mo",-0.14109260593638,-0.0418431633431106,0.00218202212317049
"W38217","4Ery",0.217670518003362,0.142298068361975,0.195393342678623
"W38218","14Mo",-0.161877875651159,-0.0213127325886543,0.00218218748131759
"W38219","6Ery",0.0428488710181431,0.0149477727173086,0.00204065654974686
"W38220","3Ery",0.130708774724602,0.0853363226929937,0.172730142599052
"W38221","14Mo",-0.114134123187489,-0.0154600484124081,0.00843012657495607
"W38222","8Mk",0.00465658100539228,0.0232673743937003,0.00118587260682556
"W38223","8Mk",-0.00564997924881371,0.0708647391236252,0.0358215590261656
"W38224","7MEP",0.0181109493087153,-0.00409859973361582,0.0485103776814503
"W38225","15Mo",-0.161290868395309,-0.129910551885367,0.00218235283946468
"W38226","15Mo",-0.115426788256708,-0.100222049259278,0.00218251819761178
"W38227","13Baso",-0.10097807830288,0.000846071388395479,0.00794225903626827
"W38228","16Neu",-0.125503761761752,-0.113475653790529,0.00218268355575888
"W38229","6Ery",0.0269746937008914,-0.00908453269374128,0.0575892082473418
"W38230","3Ery",0.1732618594314,0.0733137079840953,0.126298339270348
"W38231","2Ery",0.138466023534695,0.0882253282861877,0.162914756240618
"W38232","13Baso",-0.145570989130214,-0.0405129175279398,0.00218284891390598
"W38233","3Ery",0.167423290827926,0.110744443375668,0.128890120456265
"W38234","3Ery",0.113876004913005,0.0713472490409318,0.0681372890743956
"W38235","13Baso",-0.190199362157521,0.00357746421687651,0.00218301427205308
"W38237","10GMP",-0.0529618276817535,0.0641688178725245,0.0373774244670061
"W38238","4Ery",0.113242667013346,0.0528957159402527,0.0635688362015107
"W38239","2Ery",0.186283107411788,0.0334292264521388,0.131134755146788
"W38240","7MEP",0.0132644456949309,0.0119214145456807,0.0467083715673458
"W38241","7MEP",0.0106073629332804,0.00678117411440741,0.0424100333777819
"W38242","6Ery",0.0384094355765385,-0.00041293220393112,0.00661608863695577
"W38243","3Ery",0.108211527623416,0.0744983885108094,0.0630925661498988
"W38244","16Neu",-0.10995570169911,-0.0931618304783803,0.00218317963020018
"W38245","7MEP",0.0227285146107227,-0.000987744449074453,0.0545973061804037
"W38246","14Mo",-0.111682031201311,-0.0508697871907882,0.00218334498834728
"W38247","3Ery",0.0588364412097268,0.019125587336245,0.00307416868069743
"W38248","6Ery",0.112070058498631,0.0534380548157165,0.0623392067579834
"W38249","9GMP",-0.0454726033893815,0.0275027102876427,0.00730626836943921
"W38250","12Baso",-0.0377290698531719,0.0261951269728363,0.00515119166148053
"W38251","3Ery",0.133943759873389,0.0873512546480846,0.168423307741364
"W38252","14Mo",-0.128645947017469,0.0103542018277516,0.0123323562574411
"W38253","10GMP",-0.0715780765643124,0.0139787595104765,0.0257818977686897
"W38254","4Ery",0.116038264216032,0.053697260869203,0.0661490083603743
"W38255","7MEP",0.0296856933178567,0.0164071776798455,0.0030201335615984
"W38256","6Ery",0.0679512627605599,0.0367924941616478,0.0151235919312737
"W38257","14Mo",-0.125926516871492,-0.0147568244270924,0.00313325619873185
"W38258","14Mo",-0.165506896572761,0.00333961234947533,0.00218351034649437
"W38259","4Ery",0.124636906401849,0.0358049786732024,0.0715993545102745
"W38260","3Ery",0.136853777003536,0.0427487070162021,0.176775430350436
"W38261","3Ery",0.113468066953376,0.0510081807635767,0.0633612112902251
"W38262","2Ery",0.133117582521715,0.021834935898342,0.0779114036939448
"W38263","16Neu",-0.126862739078764,-0.10634934884831,0.00218367570464147
"W38264","3Ery",0.166658189196493,0.10107601964223,0.126632561761301
"W38266","7MEP",0.0232454649206218,0.00728599923825548,0.0571636710940801
"W38267","18Eos",-0.282134722016636,0.246695822741973,0.0183490037843818
"W38268","6Ery",0.0507853832467519,0.0648289711111645,0.00349571758177805
"W38269","13Baso",-0.170387132609423,-0.00939942924320498,0.00218384106278857
"W38270","4Ery",0.115962929884575,0.0526970327916367,0.0658058822356437
"W38271","10GMP",-0.0434303250128097,0.00161140856951785,0.00148805025654951
"W38272","6Ery",0.0350803381213454,0.0213640409716891,0.00544891794418281
"W38273","2Ery",0.120126297252684,0.0183977701090605,0.0629902694516345
"W38274","12Baso",0.0165941274254028,0.00270807114921568,0.0483725850316662
"W38275","1Ery",0.22304351325613,0.0081631945392997,0.167468066553959
"W38276","4Ery",0.0791438819206666,0.0136311176832084,0.023092919428626
"W38277","13Baso",-0.12370428269269,-0.00635749192400086,0.00765041368448254
"W38278","14Mo",-0.102625290449961,-0.0400024552694335,0
"W38279","14Mo",-0.116025855409099,-0.0800824261085445,0.00218400642093567
"W38280","13Baso",-0.0512171849227875,-0.00306622758121331,0.00981245038281008
"W38282","3Ery",0.100620990685417,0.0835127662432737,0.0574026357009245
"W38283","3Ery",0.183236612438965,0.113254713894774,0.14793002546939
"W38284","16Neu",-0.11362913895398,-0.105024504299063,0.00218417177908277
"W38285","15Mo",-0.103317589763924,-0.0914672474070271,0.00218433713722987
"W38286","14Mo",-0.0878736823802112,-0.0149314577815874,0.0114450700420904
"W38287","3Ery",0.0937141447095377,0.0465106208272976,0.0423901153848781
"W38288","6Ery",0.0631219545847126,0.0126001650652426,0.00660729401384881
"W38289","2Ery",0.0894501681161213,0.0157309248209858,0.0325955139452968
"W38290","10GMP",-0.0806152916822822,-0.00515361740772378,0.0109382064485083
"W38291","14Mo",-0.0797224983941835,-0.0674011224324914,0.00218450249537697
"W38292","5Ery",0.0930611114383622,0.0171697835664228,0.040702832331952
"W38293","4Ery",0.119125318252666,0.0235494720596229,0.063108259366022
"W38294","15Mo",-0.105480190914656,-0.0718929615183962,0.00218466785352407
"W38295","13Baso",-0.136856820039423,-0.00685093181817214,0.00230497059697632
"W38296","15Mo",-0.128509790806905,-0.0493324153309827,0.00218483321167116
"W38297","13Baso",-0.111383202913682,-0.0276403741870172,0.00328108386560356
"W38298","14Mo",-0.108129185940065,-0.00456661979460877,0.0190286598580955
"W38299","12Baso",-0.109806826442043,0.117039351465709,0.0258697065887509
"W38300","16Neu",-0.100861594424975,-0.0944176363322529,0.00218499856981826
"W38301","13Baso",-0.0571447252403223,-0.00872817641291322,0.0198386588181366
"W38302","6Ery",0.0462164684501281,0.00774514368952702,0.0139093676056362
"W38303","15Mo",-0.105599192483943,-0.0642733513529343,0.00218516392796536
"W38304","4Ery",0.120769726813942,0.0225833318327364,0.0647796465215215
"W38305","14Mo",-0.0700062464798807,-0.0213789941755914,0.0101112367611812
"W38306","13Baso",-0.0793308003779231,-0.010527176968973,0.00911411312542796
"W38307","15Mo",-0.118228889915182,-0.0869449236395858,0.00218532928611246
"W38308","3Ery",0.135034879371478,0.0493898122737101,0.177149371742118
"W38309","10GMP",-0.0101604236923594,-0.00285826681115997,0.00255244698704475
"W38310","13Baso",-0.0989136874888166,-0.00472538539277401,0.00619537677679717
"W38311","4Ery",0.117461923867015,0.0848510790007983,0.0757620979176989
"W38313","8Mk",-0.00764764532224253,0.0531359562484886,0.0220949468083364
"W38314","3Ery",0.152123071572841,0.034081183299918,0.16123523443695
"W38315","14Mo",-0.133334343182884,-0.0080416010991641,0.00302293068023575
"W38316","15Mo",-0.117308806771969,-0.0448879802684115,0.00218549464425956
"W38318","16Neu",-0.110593615990989,-0.098532983899741,0.00218566000240666
"W38319","15Mo",-0.0745954240693373,-0.0923967506107794,0.00218582536055376
"W38320","9GMP",-0.0562966949710853,0.0175386966485726,0.00552029555722378
"W38321","16Neu",-0.156002478755968,-0.182100078916922,0.00218599071870085
"W38322","12Baso",-0.0856334251887852,0.0524415652323581,0.0232971516000373
"W38323","10GMP",0.015352828107615,0.000575204114683867,0.0464283395013392
"W38324","14Mo",-0.0798735060160148,-0.0720968277940465,0.00218615607684795
"W38326","14Mo",-0.127692136852996,-0.027985734403405,0.00218632143499505
"W38327","14Mo",-0.115387480899812,-0.0300622843804958,0.000633369733675192
"W38328","7MEP",0.0357875795812309,0.0374660381016583,0.000929112698376713
"W38329","15Mo",-0.156901776567337,-0.00864676256378775,0.00218648679314215
"W38330","17Neu",-0.140557180038928,0.236452293572118,0.0159567432003837
"W38331","2Ery",0.118002936812115,0.0215270654167653,0.0612983169407753
"W38332","14Mo",-0.088237463660627,-0.0644985845197382,0.00218665215128925
"W38333","14Mo",-0.0721615707136266,-0.0237125811397004,0.0094460108854043
"W38334","4Ery",0.107911188813461,0.0701763442230362,0.061666565269267
"W38335","6Ery",0.0558485464687325,0.0207996196367436,0
"W38336","15Mo",-0.156697680408732,-0.121372219733742,0.00218681750943635
"W38337","2Ery",0.15037181895121,0.0330375785078475,0.163554991106441
"W38338","2Ery",0.114359369413121,0.00494504970617423,0.0551709399886962
"W38339","5Ery",0.0796127262788916,0.0122258921199525,0.0233358794215596
"W38340","2Ery",0.13161828032067,0.00523058096331502,0.0719267894622585
"W38341","2Ery",0.147444842406912,0.00765554351272835,0.173656784241752
"W38342","14Mo",-0.134759460521865,-0.0343260966172497,0.00218698286758345
"W38343","2Ery",0.130988023271069,0.0256899255757344,0.0764154145537047
"W38344","14Mo",-0.109092270661543,-0.0266810517844212,0.00531156714188456
"W38345","15Mo",-0.117949371358205,-0.0431140805815679,0.00218714822573055
"W38346","5Ery",0.11876456505378,0.0207046412515818,0.0619796613082079
"W38347","6Ery",0.0580074684070315,-0.0144860853193717,0.00520623964587593
"W38348","13Baso",-0.0690225482416058,-0.014898475707894,0.00488202594667826
"W38349","6Ery",0.0288776131892099,0.000998122863337611,0.0621918500710092
"W38350","13Baso",-0.133145807394935,0.00779067824558417,0.00941402794295925
"W38351","5Ery",0.0798276680977224,0.0096297292305597,0.0230370669223453
"W38352","15Mo",-0.153325517270841,-0.00664463284770201,0.00218731358387764
"W38353","3Ery",0.133486629655753,0.0102480251483846,0.0753841344596918
"W38354","10GMP",-0.0490484377723454,-0.011647146520939,0.0115345133013116
"W38355","2Ery",0.249568194865915,-0.0659505756552647,0.179445531154621
"W38356","14Mo",-0.132946140052946,-0.0303569261723868,0.00218747894202474
"W38357","2Ery",0.150145338340911,-0.016906367253553,0.176974916954978
"W38358","14Mo",-0.0827900714907663,-0.0449730552829566,0.0137210327196501
"W38359","2Ery",0.149184526112137,0.0230130964075474,0.167580880845068
"W38360","2Ery",0.180058118479965,0.059841699468179,0.130621432525281
"W38361","2Ery",0.143205479564707,0.0115936131426362,0.177568544732774
"W38362","5Ery",0.110255334477035,0.0181224320306762,0.0530439489435668
"W38363","14Mo",-0.13299777482759,-0.017174635345501,0.00147012118406336
"W38364","1Ery",0.135828995762685,0.00635929807849132,0.0771192426025792
"W38365","5Ery",0.126273014305036,0.00661870886766822,0.066052697036365
"W38366","4Ery",0.134708762182986,0.0206417770306298,0.0794598690642186
"W38367","2Ery",0.129296812911618,0.00799790710520157,0.0699286178536364
"W38368","10GMP",-0.052476952465676,-0.00409017565870746,0.0118520310076248
"W38369","2Ery",0.122403672478077,0.00341685381489426,0.0619101711127948
"W38370","2Ery",0.127808105797948,0.00856663527811394,0.0683393398921276
"W38372","7MEP",0.013915336836949,0.00911451088344358,0.0467946579898706
"W38373","2Ery",0.140151113973611,-0.0311236017736074,0.0725861924429985
"W38374","7MEP",-0.0252084421097365,-0.0273345386480477,0.0109443240310457
"W38375","1Ery",0.356576863342319,0.0786807949783855,0.252917108548367
"W38376","7MEP",0.0108189860319444,0.00774703947983966,0.0428850303234899
"W38377","9GMP",-0.0572958075298836,0.0144091905279101,0.00831111456890759
"W38379","2Ery",0.154503875338765,0.00680150473206242,0.165642669794148
"W38380","17Neu",-0.00715096335247327,-0.0105480222509875,0.00373920927625915
"W38381","14Mo",-0.134528591140577,-0.0111158026468009,0.001759709193336
"W38382","14Mo",-0.162016151977787,-0.00383501166884393,0.00218764430017184
"W38383","13Baso",-0.114921946273315,-0.0153227267605583,0.00911816060993741
"W38384","7MEP",0.0325501835700762,0.00628370151492424,0.00399746486030474
"W38385","16Neu",-0.112627393081051,-0.126618063151133,0.00218780965831894
"W38386","2Ery",0.131311131242236,0.00701312259416042,0.0720240890101445
"W38387","2Ery",0.147300161318968,0.0118331787385318,0.172725338333947
"W38388","7MEP",0.021423778751273,-0.000166268356945149,0.0532810691878064
"W38389","6Ery",0.0402417927589996,-0.000639603115839299,0.00455360116866358
"W38390","14Mo",-0.161871197053756,-0.00536576946081864,0.00218797501646604
"W38391","4Ery",0.118724648498241,0.0591280922282077,0.0706658272723813
"W38392","6Ery",0.0270416839241984,-0.0134660279338196,0.0566245169263003
"W38393","2Ery",0.144981731527338,0.0290468376907412,0.170897104701182
"W38394","4Ery",0.124531361651893,0.0202837413783023,0.0675133583158132
"W38395","1Ery",0.196332153713032,0.0344958163073281,0.143098221533505
"W38396","5Ery",0.0917347817712453,0.00512816876496681,0.0329591290652504
"W38398","8Mk",-0.00497812467578591,0.043289009972199,0.0139235342671703
"W38399","4Ery",0.124988220600042,0.0158564807543066,0.0669148200371375
"W38400","6Ery",0.025480923524255,-0.000843891095500075,0.0578190010737328
"W38401","13Baso",-0.170330159997563,0.00775326919003234,0.00218814037461314
"W38402","6Ery",0.0468056227177394,0.0531487840883182,0.00334216080130391
"W38403","13Baso",-0.152248761166497,0.0140675844773491,0.00473137552895359
"W38404","7MEP",0.0126637904198295,0.000236814537894307,0.0432352211940438
"W38405","3Ery",0.115654200530515,0.141239069608198,0.17557720923976
"W38406","3Ery",0.216937408345411,0.159317449756171,0.198876146373596
"W38407","13Baso",-0.124956752651461,-0.00723575608970638,0.00709483110333233
"W38409","3Ery",0.0674497498044217,0.0472890533971817,0.0167498880565147
"W38410","15Mo",-0.160330997342067,-0.075639035585701,0.00218830573276024
"W38411","14Mo",-0.117332961754147,-0.0279886769384526,0.000121276348592998
"W38412","6Ery",0.0906645987803334,0.0318543085141268,0.0402953991789284
"W38413","10GMP",-0.0618298342742113,0.0381166849202177,0.00178949538676403
"W38414","16Neu",-0.155053147395596,-0.128154970201593,0.00218847109090733
"W38415","4Ery",0.0876401134865477,0.116010606009262,0.0497509736702589
"W38416","14Mo",-0.182183829772018,0.00369207157232701,0.00218863644905443
"W38417","14Mo",-0.175179618502577,-0.00807687543589517,0.00218880180720153
"W38418","10GMP",-0.00585097954003817,0.00228842355066814,0.0161336253135464
"W38419","3Ery",0.110401111067938,0.0346612927980272,0.0574822142960802
"W38420","10GMP",-0.0701206945471436,0.0185287447837302,0.0217197834806834
"W38421","14Mo",-0.0976412458315669,-0.0537359206054674,0.00218896716534863
"W38422","3Ery",0.0932765293815018,0.0907427333377462,0.0504709085230701
"W38423","4Ery",0.127931939032145,0.0594276800432786,0.0814671063454344
"W38425","14Mo",-0.0998250839086549,-0.0632964872534465,0.00218913252349573
"W38426","3Ery",0.129453389871196,0.0590582298234224,0.0831457738714357
"W38427","15Mo",-0.106735594600054,-0.0749092034614663,0.00218929788164283
"W38428","15Mo",-0.121211469103799,-0.0798386560457625,0.00218946323978993
"W38429","10GMP",-0.0577721175452987,-0.00604733919950677,0.0192395336468773
"W38430","15Mo",-0.146168605994639,-0.0729362085179466,0.00218962859793703
"W38431","15Mo",-0.105248180123998,-0.0762507508420901,0.00218979395608412
"W38433","14Mo",-0.113973360969337,-0.027079904381737,0.0023547258257596
"W38434","13Baso",-0.144032027621657,-0.00751963370950708,0.00224916229280035
"W38435","16Neu",-0.086204840061531,-0.111725233143867,0.00218995931423122
"W38436","14Mo",-0.0879534999203197,-0.0581665216733305,0.00219012467237832
"W38437","4Ery",0.138821587396501,0.0445913882284336,0.173993292918776
"W38438","14Mo",-0.0852473424686781,-0.0632961629633801,0.00219029003052542
"W38439","9GMP",0.0204808557413832,0.00494489863292911,0.0534046574481088
"W38440","3Ery",0.165491967959784,0.109862452569079,0.126418588569509
"W38441","14Mo",-0.126263666531916,-0.0155791350622339,0.0027723879506303
"W38443","3Ery",0.114065592563657,0.0343613072020547,0.0602705297103731
"W38444","10GMP",-0.0485262833437643,-0.0208789200747985,0.0155764102202573
"W38445","16Neu",-0.0945694000604576,-0.084185052045142,0.00219045538867252
"W38446","16Neu",-0.129008898971621,-0.119646149291904,0.00219062074681962
"W38447","13Baso",-0.108608173538655,-0.0287324700287387,0.0042859124160207
"W38448","1Ery",0.356023769059032,0.102869989059065,0.252917273906514
"W38449","6Ery",0.0413033105714911,0.0157921394460274,0.000451497865788623
"W38450","2Ery",0.124993087313123,0.00408854997521786,0.065089761157656
"W38451","14Mo",-0.0841700147276254,-0.0728812119214633,0.00219078610496672
"W38452","2Ery",0.261375962834614,-0.0688906813867183,0.192434118298608
"W38453","14Mo",-0.0849039376210713,-0.0725598175439432,0.00219095146311381
"W38454","5Ery",0.075495406955642,-0.0103834041373239,0.0159346525022602
"W38455","2Ery",0.131155119720062,0.00394301819323989,0.0710581020385474
"W38456","9GMP",-0.0613372527814818,0.00665862710789088,0.0171169586592044
"W38457","13Baso",-0.174699289994488,-0.00715313333116575,0.00219111682126091
"W38458","2Ery",0.252004047220996,-0.0750799390400648,0.179953548514396
"W38459","3Ery",0.0824238854651034,-0.00370355523095293,0.0232164163347127
"W38460","16Neu",-0.0966993232648746,-0.123113159323804,0.00219128217940801
"W38461","13Baso",-0.0661583978445001,-0.0327682609930327,0.0109656007108951
"W38462","14Mo",-0.124008525051639,-0.0357379552193147,0.00219144753755511
"W38463","4Ery",0.118982934194775,0.00567252238029276,0.0588360951608404
"W38464","3Ery",0.114518119997601,0.0763513894223892,0.0701629663432571
"W38465","6Ery",0.0430151632295282,-0.00715413547395891,0.0028518058974882
"W38466","7MEP",0.0124356822172784,-0.0141093236935569,9.46106830923745e-05
"W38467","10GMP",-0.0634369149747031,0.0312682666777698,0.00719752905490234
"W38468","4Ery",0.150332259094489,-0.0186524735992834,0.177216808841732
"W38469","2Ery",0.233156336891207,-0.0599144309533969,0.161888441913767
"W38470","16Neu",-0.104018658734078,-0.0963248660238377,0.00219161289570221
"W38471","12Baso",-0.0753388644410967,0.0693598299323202,0.0447205148082617
"W38474","7MEP",0.0287642713361943,0.00603330854174508,0.0632590217010831
"W38475","13Baso",-0.0954568614012199,-0.0304790470931158,0.0129761069390319
"W38477","4Ery",0.178788659686422,-0.000380486931357371,0.139193977180461
"W38478","7MEP",0.0205018074630332,-0.00044942979842233,0.0521453260503158
"W38480","4Ery",0.10881477946688,0.0745443711836371,0.0638059023841412
"W38481","12Baso",-0.0797416945706524,0.0545205822547437,0.0336271403837451
"W38482","5Ery",0.081729787784355,-0.000156416904131884,0.023164810733549
"W38483","2Ery",0.140246315517555,0.00652642655210658,0.0823072213857306
"W38484","2Ery",0.182466111200146,0.0118470376608794,0.131683226795059
"W38485","9GMP",-0.0614189918140246,0.00677641726247001,0.0171562271872238
"W38486","1Ery",0.319555197490761,0.0538291813173973,0.252917439264661
"W38488","3Ery",0.113927169552192,0.0731144929798661,0.0686485009963631
"W38489","14Mo",-0.0985001988876867,-0.0454889858168601,0.00186345633503401
"W38491","16Neu",-0.0945279281199015,-0.0952440477267474,0.00219177825384931
"W38492","2Ery",0.153606482549734,0.0266830621739979,0.16145296113617
"W38493","5Ery",0.118023123542243,0.0239488113419582,0.0619245220221491
"W38494","14Mo",-0.100005296411573,-0.0614173963739172,0.00219194361199641
"W38495","15Mo",-0.112486482604888,-0.0584274034632218,0.00219210897014351
"W38496","9GMP",-0.0566738799134319,0.00307374551986896,0.0132973283812749
"W38497","9GMP",-0.0263887700310374,-0.000644064627859647,0.00569893680277308
"W38498","14Mo",-0.167569777401841,-0.0186995479807226,0.0021922743282906
"W38500","2Ery",0.148535735777099,0.00982947901385718,0.171810685529862
"W38501","4Ery",0.118005489599697,0.0369521458385852,0.0651404216140264
"W38502","5Ery",0.108626382965167,0.00484197350415985,0.0489610485758075
"W38503","4Ery",0.121499402030454,0.0221019473658711,0.0655087631734615
"W38505","3Ery",0.131048432858693,0.0828743648237736,0.172982142131951
"W38506","16Neu",-0.107004531845746,-0.138858631466383,0.0021924396864377
"W38507","2Ery",0.182693820083956,0.0147990815102699,0.130639872955415
"W38509","16Neu",-0.108362897910511,-0.112285545329161,0.0021926050445848
"W38510","2Ery",0.20091555005619,0.0199252405563252,0.144719048779717
"W38512","13Baso",-0.0551656891678249,0.000395670525225811,0.0128303708022255
"W38515","2Ery",0.148279798706397,-0.0123563364528943,0.177954437715212
"W38516","6Ery",0.0748200275779972,-0.0105677895050251,0.0151212165422893
"W38517","6Ery",0.0981466623988664,-0.0338838329926185,0.0320067428891586
"W38519","14Mo",-0.101474378091747,-0.0359733107983439,0.00391644750528863
"W38521","2Ery",0.198404458902288,-0.0605865357309296,0.132159038478805
"W38522","2Ery",0.266597466899985,-0.0811773819941315,0.195378810027291
"W38523","8Mk",0.00903679808853233,0.140987389074544,0.0178449932546612
"W38524","8Mk",0.00339553484575827,0.12005700151641,0.00572465749343034
"W38525","14Mo",-0.0977181178639218,-0.0494769528870717,0.0021927704027319
"W38526","14Mo",-0.117190170599852,-0.0292601578538997,0.00226588556565002
"W38527","1Ery",0.261623994701818,0.0177355856652997,0.214791674160528
"W38528","4Ery",0.161384984898564,0.102452715863271,0.132423373141072
"W38529","7MEP",-0.0193800678140462,0.000915380165662151,0.0112356103867875
"W38530","16Neu",-0.0963316887270078,-0.0945808528557758,0.002192935760879
"W38531","16Neu",-0.103106342400884,-0.112675177750685,0.0021931011190261
"W38532","14Mo",-0.0965266554139907,-0.046175883475282,0.00208233766653738
"W38533","3Ery",0.152471470772194,-0.0245197165325377,0.176265287721939
"W38534","2Ery",0.169121374660446,0.00962928551002646,0.147837994798768
"W38535","16Neu",-0.165843472251963,-0.0178546472409621,0.0021932664771732
"W38536","17Neu",-0.148883894158404,0.243660534876677,0.0183491691425289
"W38537","6Ery",0.0888557648932632,0.000248741874208178,0.0325746418188481
"W38538","2Ery",0.256324325592958,-0.0708597710256753,0.186055266955448
"W38539","14Mo",-0.0997135390579164,-0.0266726259899021,0.0141722278809811
"W38540","16Neu",-0.0890221708792626,-0.100155484539481,0.00219343183532029
"W38541","7MEP",0.0147322279078159,0.0117270730072322,0.0483611488758466
"W38543","2Ery",0.12392106758269,0.0374359074154436,0.0711815884797205
"W38544","3Ery",0.207196228777108,0.162261039927839,0.188292813841217
"W38545","2Ery",0.216842138132644,-0.0541335937399334,0.144379584655189
"W38546","6Ery",0.050769283983627,-0.000711133165282607,0.0105214505176591
"W38547","6Ery",0.0672276660931504,-0.0411587604770291,0.000423580393722058
"W38548","6Ery",0.0261018358756565,-0.00975798825067197,0.0564177325482177
"W38549","10GMP",-0.0555165694901803,-0.0215086878657901,0.0243388449111576
"W38550","12Baso",-0.00705153421604031,-0.0036217552441105,0.0183801872868886
"W38551","12Baso",-0.0192179683105068,-0.0165306635232611,0.00391661878247522
"W38552","4Ery",0.117831455328983,0.0541634440149786,0.0683581432029158
"W38553","2Ery",0.197049828852191,-0.0405048682217777,0.128451414903179
"W38554","4Ery",0.079735057548456,-0.0054835046528709,0.0197615845687663
"W38555","2Ery",0.256099146758615,-0.0769434697115063,0.184243122789945
"W38556","14Mo",-0.111505274816607,-0.0291383358585615,0.00233128343838449
"W38558","3Ery",0.157437843620909,-0.0227944996014078,0.170013445405515
"W38559","6Ery",0.0511164144190646,-0.000603052013052492,0.010099134698116
"W38560","3Ery",0.166744924794513,0.074032379816702,0.133652891499987
"W38561","10GMP",-0.0228867296845167,-0.014448505912048,0.00743673454095351
"W38563","2Ery",0.264754990566665,-0.0831686447258456,0.192727726281926
"W38564","14Mo",-0.0904336689431947,-0.0346560958182795,0.0137577626968371
"W38565","16Neu",-0.112943108102676,-0.12678980023363,0.00219359719346739
"W38567","18Eos",-0.284042120979283,0.168339979079204,0.018349334500676
"W38568","13Baso",-0.113450248411332,0.00660729424105903,0.00141200010960956
"W38569","6Ery",0.0791927517844759,-0.00647242781188781,0.0189325002317558
"W38570","14Mo",-0.118365392348164,-0.0400006548074736,0.00219376255161449
"W38571","13Baso",-0.0868366856176363,-0.0331555479725812,0.000923860971249944
"W38572","2Ery",0.17653884123764,-0.0398541797087385,0.152214175500161
"W38573","2Ery",0.203510974538135,-0.0961064478676607,0.135553832104858
"W38575","5Ery",0.0522759184435513,0.00596167275594116,0.00733699272800108
"W38576","10GMP",-0.0530642554173853,-0.00779686588051464,0.0144379554605138
"W38577","5Ery",0.122541271889557,0.0195994018606046,0.0660971594596002
"W38578","14Mo",-0.108451425590664,-0.0401200649067113,0.00219392790976159
"W38579","13Baso",-0.0707994395801767,-0.0415955034481561,0.0114604078071261
"W38580","14Mo",-0.07834836272587,-0.0373804038926312,0.00581163356556091
"W38581","16Neu",-0.107515621987825,-0.116944281915995,0.00219409326790869
"W38582","2Ery",0.247061400573708,-0.0635493044817924,0.177140630878653
"W38583","10GMP",0.00688124036421555,0.211438332187815,0.0246721660340277
"W38584","4Ery",0.117296469317003,0.0172380668365244,0.0597584473040179
"W38585","16Neu",-0.136271413052678,-0.152396949717217,0.00219425862605579
"W38586","6Ery",0.0287910236141549,-0.00236505907379137,0.0612912328898557
"W38587","15Mo",-0.0961481384819858,-0.0503945280637297,0.00219442398420289
"W38588","14Mo",-0.0618479995676081,-0.0159222551473003,0.0291591786436288
"W38589","12Baso",-0.0159671466341855,-0.0485828474751306,0.0129065686930482
"W38590","7MEP",0.015059761874119,0.00242928553122374,0.0465300916528667
"W38591","10GMP",-0.0498539758359527,-0.0190410145455003,0.0162506687765933
"W38592","15Mo",-0.11515437148561,-0.0363571456678359,0.00219458934234999
"W38593","3Ery",0.22539842091543,0.163765621036455,0.20985181601393
"W38594","15Mo",-0.165838581939009,-0.150473548116546,0.00219475470049708
"W38595","3Ery",0.234504840002637,0.190233641737309,0.227188234889199
"W38596","9GMP",-0.0451777867221492,0.00710366216540968,0.00175309809280833
"W38597","2Ery",0.131821145632637,0.026275794770882,0.0775349231844526
"W38598","7MEP",0.0147209058446413,0.0085971030844062,0.0476042997857503
"W38599","3Ery",0.148466286277451,0.0864853170430629,0.151702713876839
"W38601","13Baso",-0.145696947017713,-2.22472729215546e-05,0.00193866793310627
"W38602","16Neu",-0.109498464268048,-0.120371739581728,0.00219492005864418
"W38603","13Baso",-0.114400506633689,0.00274045796279906,0.0180909164211554
"W38604","2Ery",0.214487528821937,0.112173872048912,0.184014430148916
"W38605","15Mo",-0.117441605664534,-0.0866893579824496,0.00219508541679128
"W38606","7MEP",0.00317180855834945,0.0278965183329091,0.00213496493448905
"W38607","6Ery",0.0727048726970845,0.00277280141693764,0.0155135986225427
"W38608","5Ery",0.116902933406266,0.0530017143791033,0.066979196321902
"W38609","13Baso",-0.178296240770996,0.00401716559665258,0.00219525077493838
"W38610","10GMP",-0.0683217753662912,-0.0144144710567604,0.00374071477079495
"W38611","9GMP",-0.0607589690135043,0.040865615626081,0.00116715393050337
"W38612","13Baso",-0.083739752957631,-0.00115149926546512,0.00970265472552221
"W38613","13Baso",-0.114626739918431,0.0104963326217023,0.000759700327164149
"W38614","12Baso",0.0187284804527598,0.00592461547886504,0.051607941948165
"W38615","5Ery",0.132467606007399,0.0232353839001482,0.0775116614882057
"W38616","13Baso",-0.0899426191880339,-0.0296698204850193,0.0184768961369
"W38617","15Mo",-0.128535300970456,-0.113902527343084,0.00219541613308548
"W38618","14Mo",-0.122575583743728,-0.0363629352504456,0.00219558149123258
"W38619","10GMP",-0.0783688283761165,-0.00882082795191807,0.0113327443203725
"W38620","15Mo",-0.112542564451484,-0.0488160398050533,0.00219574684937968
"W38622","4Ery",0.113382476472694,0.0185060959388265,0.0578014578109563
"W38623","5Ery",0.0742382957668883,-0.00212249262571019,0.0141672322804123
"W38624","8Mk",-0.00985736190996472,0.0547514694360943,0.023692452820373
"W38625","13Baso",-0.11100750233942,-0.0153686063341681,0.0158774094143665
"W38626","7MEP",0.0160220631060384,-0.0165296876067866,0.0431368395660766
"W38627","14Mo",-0.125433498721769,-0.0287640511614528,0.00219591220752677
"W38628","14Mo",-0.15106534364842,0.00586193233690232,0.00240640299478215
"W38629","2Ery",0.218337437375606,-0.0506721843856363,0.147001489554973
"W38630","6Ery",0.0560409907806807,-0.0120427416273007,0.00693323110619493
"W38631","2Ery",0.169763106739358,0.00727647866986031,0.147708469266012
"W38632","13Baso",-0.103452797094645,-0.0141767772325776,0.0162491852194148
"W38633","7MEP",0.00362148334748437,0.0364170175070515,0.00724595518026989
"W38634","16Neu",-0.106215581390648,-0.142169484144261,0.00219607756567387
"W38636","14Mo",-0.147525455702594,-0.00661889225849458,0.00219624292382097
"W38637","3Ery",0.1109709980886,-0.0299166325582306,0.0448399927455318
"W38638","16Neu",-0.0960554959653825,-0.0973878524762084,0.00219640828196807
"W38640","10GMP",-0.042481508821591,-0.00796423883962818,0.00173592398216641
"W38643","12Baso",-0.0337214593702857,0.011606514325215,0.00924527969426436
"W38644","10GMP",-0.0450988412797434,0.00370458920740194,0.000380815678829588
"W38645","13Baso",-0.0929718161003291,-0.0140455040760675,0.00616998562939469
"W38646","1Ery",0.298715234516222,0.0372135566144797,0.252917604622808
"W38647","16Neu",-0.111123495675878,-0.0952396975709173,0.00219657364011517
"W38648","6Ery",0.0203197839895838,0.00124337356165867,0.0523373674809624
"W38649","14Mo",-0.123345463075266,-0.0296940402283844,0.00219673899826227
"W38650","2Ery",0.184611142863023,-0.024757434276744,0.138819026425137
"W38651","14Mo",-0.0943884361768359,-0.0332743989880826,0.014330605052043
"W38652","10GMP",-0.0683908074021856,0.051049133607153,0.00317143476975717
"W38653","14Mo",-0.0880901710499487,-0.0639130270035351,0.00219690435640937
"W38654","16Neu",-0.113102128994057,-0.103144901828504,0.00219706971455647
"W38655","9GMP",-0.0449304413839725,-0.0331081535747466,0.017421677869242
"W38656","3Ery",0.0710348402298068,0.00950598046648416,0.0150209238718071
"W38657","3Ery",0.132365496524584,0.0603148973748226,0.177387701176721
"W38659","14Mo",-0.105610675173269,-0.0758171550128937,0.00219723507270356
"W38660","2Ery",0.238505749678619,-0.0553006712930783,0.169288344674804
"W38662","12Baso",-0.0367945532817415,0.0109080744666422,0.0132465099008224
"W38663","9GMP",-0.0326344106658954,-0.0083681761560178,0.0101833199614849
"W38664","1Ery",0.346042572782757,0.0290108835085632,0.252917769980955
"W38666","3Ery",0.125101832447588,0.0374478429136328,0.0725608404154093
"W38668","5Ery",0.135574531550685,-0.0281602031681947,0.0680103711926435
"W38669","2Ery",0.260463961867102,-0.0785641613531674,0.188908456671614
"W38670","8Mk",-0.0093890903120032,0.180261849676157,0.0411925405821697
"W38672","2Ery",0.148826160041909,0.00653045521465252,0.172340745506221
"W38673","16Neu",-0.155980001603089,-0.180837821678963,0.00219740043085066
"W38674","5Ery",0.102555004184346,0.0143081080724021,0.0449389737726339
"W38675","10GMP",-0.0144723561292713,-0.0341900953182064,0.00581954846858364
"W38676","13Baso",-0.127792223103417,-0.00443405839076312,0.00699776715381946
"W38677","16Neu",-0.130875593641494,-0.14717912465845,0.00219756578899776
"W38678","14Mo",-0.0952989224584477,-0.039467771112815,0.00576912926050336
"W38679","2Ery",0.269715246547678,-0.0718036239407387,0.201393900712608
"W38680","5Ery",0.100169574896587,-0.0308924506822315,0.0349653014311633
"W38681","15Mo",-0.156271405571513,-0.0158459478679601,0.00219773114714486
"W38682","7MEP",0.0219966965276281,0.00472979409967661,0.0551092444798297
"W38683","15Mo",-0.0975817477486165,-0.0850822256526229,0.00219789650529196
"W38684","5Ery",0.125328149698957,0.0067287650102185,0.0661359009880848
"W38685","6Ery",0.0794156804124782,0.0111529817701267,0.0228844101357112
"W38686","5Ery",0.0910165594649286,0.0013726422193344,0.0313348361665318
"W38687","2Ery",0.122612365843479,0.0220581772564877,0.0657297546632717
"W38688","3Ery",0.134771428916938,0.0437487952889254,0.178944112024902
"W38689","15Mo",-0.123795032937822,-0.104966720456859,0.00219806186343906
"W38690","7MEP",0.0221468893908476,0.00416203848893706,0.0551482685184339
"W38691","3Ery",0.125222814520569,0.078281221542569,0.0831249006898856
"W38692","15Mo",-0.150475297377676,-0.0168189652481236,0.00219822722158616
"W38693","16Neu",-0.149253146556155,-0.124477542940003,0.00219839257973325
"W38694","6Ery",0.0487731874988099,0.0274178226789489,0.00668713055293749
"W38695","7MEP",0.0189213007603311,-0.00555888783826805,0.0491011038826149
"W38697","6Ery",0.0765924813250153,0.021663539064246,0.0218532597964494
"W38698","6Ery",0.0480060988952577,0.00792013343515744,0.0118156965152301
"W38699","10GMP",-0.0611273503936411,0.0410988397605785,0.00116698857235627
"W38700","4Ery",0.111783872032764,0.0548093429533898,0.0623477273684447
"W38701","13Baso",-0.101533152186026,-0.0159026425729734,0.0169631319505587
"W38702","14Mo",-0.0873778534647246,-0.0684551549956035,0.00219855793788035
"W38703","13Baso",-0.108375888142112,-0.0142087848773412,0.0123639416408955
"W38704","3Ery",0.115267387232828,0.0749858599932897,0.0706869484028088
"W38705","6Ery",0.0498627379199965,0.00601144347670404,0.0100984254718353
"W38707","8Mk",-0.0084864901869484,0.0646947173785776,0.0313548536306853
"W38709","14Mo",-0.102203419671816,-0.0386249885793027,0.00156904244557569
"W38710","2Ery",0.141744385702202,0.00350158238830936,0.0832805755212209
"W38711","9GMP",-0.0706311106500068,0.0450392461277209,0.0089199684549823
"W38712","6Ery",0.0675775977704606,0.0418174979641323,0.0157491944399413
"W38713","15Mo",-0.0638542185346274,-0.0996757908883507,0.00219872329602745
"W38714","13Baso",-0.0888448085782491,-0.0310023540011174,0.0185964600237047
"W38715","3Ery",0.0960839614760251,-0.00146901735940967,0.0412420163100616
"W38716","16Neu",-0.10994727445702,-0.119890692281612,0.00219888865417455
"W38717","2Ery",0.220860794482522,0.0234332720674432,0.168819564959573
"W38718","9GMP",-0.0562798625335777,0.0223123756629755,0.00308360022379056
"W38719","14Mo",-0.0827225997261401,-0.0746837080949282,0.00219905401232165
"W38720","3Ery",0.135760351927017,0.0586082639872724,0.173874067222403
"W38721","14Mo",-0.0992772803377215,-0.0343849845594478,0.00653725015320796
"W38722","14Mo",-0.0959181576987656,-0.0322334680742442,0.0150544800748823
"W38723","16Neu",-0.128042343450027,-0.0397477935933785,0.00219921937046875
"W38724","14Mo",-0.126121847169833,-0.0286727387853325,0.00219938472861585
"W38726","9GMP",-0.0378073403774671,-0.0390323688319068,0.0118135601537023
"W38727","3Ery",0.138112735743653,0.0481855739698395,0.173873549877532
"W38728","13Baso",-0.177880649060858,-0.00429731740910754,0.00219955008676295
"W38729","10GMP",0.026958748712671,0.0100260634167424,0.0621164868730737
"W38730","14Mo",-0.0882049500664688,-0.0582133604962592,0.00219971544491004
"W38732","3Ery",0.0756186340327265,-0.0104938726616858,0.0160526483284939
"W38733","6Ery",0.0773181132793745,-0.00146542722379575,0.0178340601876346
"W38734","14Mo",-0.100147791881049,-0.0297719516836887,0.00907067003897598
"W38735","4Ery",0.146534259184804,0.00429419758195124,0.175605605388722
"W38736","3Ery",0.134115943510234,0.138869542823668,0.154654005503954
"W38737","2Ery",0.276639026332504,-0.0911264692417699,0.204525692968118
"W38738","2Ery",0.225447628584598,-0.110138811117246,0.140121197372459
"W38739","14Mo",-0.0957749498549963,-0.0399414692099852,0.00507471042296164
"W38740","2Ery",0.174694755999471,-0.0344268770224314,0.152937121694974
"W38741","8Mk",0.0538524270808971,-0.0039742623724207,0.00769032658527096
"W38742","10GMP",-0.0476300213228891,-0.0112817830634958,0.00963645528750597
"W38744","10GMP",-0.0529532468599312,0.0181045530936285,0.00119387244771458
"W38745","14Mo",-0.0840476669607202,-0.041754619207917,0.0149982736938214
"W38747","10GMP",-0.0662553558532115,0.0419917728008349,0.00517576719843392
"W38748","16Neu",-0.107491288489363,-0.0927468879174747,0.00219988080305714
"W38750","10GMP",-0.065963213640919,0.0267065750422078,0.0125591422916855
"W38751","10GMP",-0.0695503535806044,0.0157791946098074,0.022422024285348
"W38752","13Baso",-0.124440382765322,-0.0183529951382864,0.00222969272988029
"W38753","16Neu",-0.12594201212246,-0.155456461135236,0.00220004616120424
"W38754","2Ery",0.16659459802428,-0.0361918232236294,0.162854606065021
"W38755","16Neu",-0.102664165615924,-0.114633554872163,0.00220021151935134
"W38756","2Ery",0.147362677816223,0.00697536919406666,0.173932123616207
"W38757","14Mo",-0.146285665209081,-0.00744878020063588,0.00205593590123871
"W38759","14Mo",-0.101032594893767,-0.060389139296747,0.00220037687749844
"W38761","14Mo",-0.0895359618991616,-0.056070866606134,0.00220054223564554
"W38765","13Baso",-0.138344372959963,0.00911146728922541,0.00765057904262964
"W38767","2Ery",0.162098892439004,0.0101561422800898,0.155895262216397
"W38768","2Ery",0.188866536427855,0.0800043161455455,0.146008162019033
"W38769","16Neu",-0.109889002610952,-0.12284013062913,0.00220070759379264
"W38770","2Ery",0.158772098738994,-0.0742924341306566,0.0832558993655654
"W38771","2Ery",0.131853325288357,0.00384775131105777,0.0718475137287922
"W38772","14Mo",-0.127509615460291,-0.0345944521459256,0.00220087295193973
"W38773","5Ery",0.156207577348607,-0.0242063897973836,0.171821361241073
"W38774","2Ery",0.166837975279502,-0.0326016558037848,0.161624863880662
"W38775","7MEP",0.0206022149989671,-0.000361535690112922,0.0522826629682828
"W38776","9GMP",0.00538101577480809,0.00717792752996104,0.00284452784644212
"W38777","2Ery",0.145943651521083,0.00789889314016958,0.17534535660542
"W38778","10GMP",-0.0645157479651601,0.0332916350775042,0.0074771145564213
"W38779","7MEP",0.024688655416589,0.0125648837989645,0.0600913015850203
"W38781","6Ery",0.0370492609291962,0.00560014524498118,0.0068028983377885
"W38782","15Mo",-0.115724238565792,-0.0422013350939197,0.00220103831008683
"W38783","5Ery",0.129163618806883,0.00697084603883372,0.0695115090947921
"W38784","5Ery",0.15944631726127,0.00981989085092052,0.159078219684468
"W38785","15Mo",-0.175347920745158,-0.12900855214885,0.00220120366823393
"W38786","14Mo",-0.0894001836217716,-0.0134599693055704,0.0107634797907809
"W38788","8Mk",-0.0112067521976483,0.181331700350299,0.0401627331923917
"W38789","14Mo",-0.145090186766974,-0.0076838451980052,0.00144019109631014
"W38790","15Mo",-0.145409281298963,-0.116241556717403,0.00220136902638103
"W38791","4Ery",0.0687623786856431,0.0366487966601295,0.0160229427768566
"W38793","14Mo",-0.128098658725992,-0.0400500304596808,0.00220153438452813
"W38794","13Baso",-0.0775475820488893,-0.0405126711485851,0.00441062128550323
"W38795","6Ery",0.0548080201932162,0.00604234152616006,0.00440993800962025
"W38796","4Ery",0.122972413186644,0.0844201424120196,0.0820701000183023
"W38797","13Baso",-0.196491626348171,0.0146195555819963,0.00220169974267523
"W38798","4Ery",0.105573089814436,0.0329226263044704,0.0513634114677009
"W38799","9GMP",-0.0562512090997572,0.0150751502745661,0.00671178832558743
"W38800","3Ery",0.167851439849286,0.11119337902035,0.129503001336844
"W38801","8Mk",-0.010511728217568,0.178853312163817,0.0418637095066117
"W38802","8Mk",-0.0075464007922604,0.307929394363755,0.0124112967211044
"W38803","15Mo",-0.120283234978609,-0.0878768348303507,0.00220186510082233
"W38804","2Ery",0.136615905012351,0.0209757409126659,0.0817665315556306
"W38805","12Baso",-0.0906383038704861,0.102948180174622,0.0132362912771511
"W38806","3Ery",0.0686007062433353,0.0465927221622106,0.0179231373842449
"W38807","15Mo",-0.160721055907782,-0.145319296291411,0.00220203045896943
"W38808","15Mo",-0.134750376393582,-0.104581892568734,0.00220219581711652
"W38809","9GMP",-0.0670032113019748,0.0450596946255311,0.00452664557739025
"W38810","3Ery",0.155420962970015,0.0955715420938918,0.141194104279757
"W38811","10GMP",-0.0700880208466257,0.0153592342143504,0.0232837251299912
"W38812","15Mo",-0.110458341235309,-0.0971026694375734,0.00220236117526362
"W38813","16Neu",-0.14225440850383,-0.151308194261548,0.00220252653341072
"W38814","4Ery",0.0962406582343405,0.0620679276101054,0.0477774847733594
"W38815","3Ery",0.0758899212772059,0.0898422916043621,0.0328209755711556
"W38816","14Mo",-0.124098579888522,-0.0292518148328788,0.00220269189155782
"W38818","3Ery",0.101946146518488,0.0801485513179755,0.0584027238199494
"W38819","16Neu",-0.156782699396508,-0.16480086445896,0.00220285724970492
"W38820","6Ery",0.0490437116232591,0.0233619217989293,0.0072599008505004
"W38821","5Ery",0.0913942558889629,-0.0555123698682556,0.0226300321456472
"W38822","13Baso",-0.0654029719758498,-0.0140167042042105,0
"W38823","13Baso",-0.144558284040581,-0.0385097892149473,0.00220302260785202
"W38825","13Baso",-0.166824895401848,-0.0064656814936327,0.00220318796599912
"W38826","8Mk",-0.00690594882506314,0.0523432424435912,0.0213607288322953
"W38827","2Ery",0.0591224944038994,0.0155997745505729,0.00265741709324471
"W38828","13Baso",-0.132998675044453,-0.00695923124889971,0.0039667994897355
"W38829","13Baso",-0.135925213312534,-0.0471050443201567,0.00220335332414621
"W38830","8Mk",0.000847884913306362,0.0376318148616919,0.00860803184592194
"W38831","8Mk",-0.0085431191359439,0.109814042557925,0.00158051127316814
"W38832","15Mo",-0.169912816758156,-0.128370833544826,0.00220351868229331
"W38833","14Mo",-0.125803564781485,-0.01896963307793,0.00104140255453331
"W38834","14Mo",-0.0930197558118972,-0.0845229797650424,0.00220368404044041
"W38836","6Ery",0.0329093447522408,0.00457932713833675,0.00402006565087345
"W38837","5Ery",0.091860746450578,0.0124526815546665,0.0346632378071154
"W38838","15Mo",-0.110757880951008,-0.0613018895330663,0.00220384939858751
"W38839","7MEP",0.0160774400383497,0.0116691325720089,0.049904891940248
"W38840","15Mo",-0.106418815284143,-0.092497018446972,0.00220401475673461
"W38841","15Mo",-0.247915582893661,-0.134430146996943,0.00220418011488171
"W38843","6Ery",0.0859927638444525,0.0509494896194326,0.0415516558818052
"W38845","12Baso",-0.0661902162899448,0.0380970773778749,0.00706771868246117
"W38846","2Ery",0.176904881403447,0.0299883165332081,0.133395492461964
"W38847","13Baso",-0.179845066463252,0.0110080256348724,0.00220434547302881
"W38848","3Ery",0.0573085418869947,-0.0261391856712823,0.00854803995201128
"W38849","4Ery",0.101339587003152,0.0866889965133202,0.0581827873225748
"W38850","14Mo",-0.0989258229349242,-0.0580283240201025,0.00220451083117591
"W38851","10GMP",-0.0451888686434224,-0.00200131505399839,0.00198917111548604
"W38852","16Neu",-0.10918789569553,-0.115495484357583,0.002204676189323
"W38853","15Mo",-0.113414264045465,-0.107309997863903,0.0022048415474701
"W38854","6Ery",0.0279005210366002,0.00510242586370586,0.0620361093195436
"W38855","13Baso",-0.106787268541234,-0.00497410724529372,0.00141216546775666
"W38858","15Mo",-0.178903147048156,-0.140542578682962,0.0022050069056172
"W38859","6Ery",0.0535353906725376,0.00859561680019032,0.00531623208428051
"W38860","2Ery",0.162276917633295,0.029914964871195,0.150483623469064
"W38861","15Mo",-0.128880147319146,-0.0810141023827351,0.0022051722637643
"W38862","3Ery",0.104473238185029,0.0700195335690033,0.0578479802380554
"W38863","13Baso",-0.0782056029295781,-0.0616543592731343,0.00179183475076952
"W38864","6Ery",0.0325033417415545,0.00847551534549479,0.00444801635803085
"W38865","13Baso",-0.116603448131236,-0.0288153022931471,0.000366461879011265
"W38866","9GMP",-0.0357201364453262,-0.00298937800696861,0.0087876827611788
"W38867","10GMP",-0.0702333815304944,0.0447021135019931,0.00861002244255931
"W38868","10GMP",-0.0493577681823828,-0.00582901429117745,0.00896403879125589
"W38869","14Mo",-0.122798959134824,-0.0294883572382515,0.0022053376219114
"W38870","2Ery",0.152410386971542,0.0337565921545582,0.160985244952422
"W38871","6Ery",0.0396141042289333,0.010397084134168,0.00273951950891561
"W38872","10GMP",-0.0598829066012338,0.00612846201142212,0.0156283705866728
"W38873","7MEP",0.0243035595382847,0.00643539414305073,0.0581865705112645
"W38874","6Ery",0.0259351609288838,0.00748088682595908,0.0603256161891474
"W38875","14Mo",-0.0962438553784126,-0.0393595836098971,0.00520328763620678
"W38876","2Ery",0.1489146978574,0.0448955532382219,0.16213214157996
"W38877","2Ery",0.137452431431454,0.0286251788085336,0.17979841047687
"W38878","7MEP",0.025330491100588,0.00659330040352109,0.0594136280177981
"W38879","5Ery",0.121283322678373,0.0403898270612897,0.0688635623350791
"W38880","13Baso",-0.140771226394752,0.000559752697743139,0.00376421168530126
"W38881","13Baso",-0.135137542000944,-0.00689454530137009,0.00302911374651921
"W38882","14Mo",-0.128200286806991,-0.046326873100773,0.0022055029800585
"W38883","3Ery",0.149653460251328,0.0875832745363285,0.15002768024973
"W38884","13Baso",-0.148556753632448,0.016361842548311,0.00688932083197628
"W38886","4Ery",0.121713951233641,0.079436233890196,0.079331602761019
"W38887","3Ery",0.138238123566514,0.0826935077005427,0.164637972341992
"W38889","2Ery",0.172178903775669,0.0716028904856724,0.127951494571478
"W38890","15Mo",-0.111587089069724,-0.0961394781973396,0.0022056683382056
"W38891","7MEP",0.0344151053655555,-0.0192281161802763,0.000281209770453657
"W38892","1Ery",0.366669810655226,0.092940635505279,0.252917935339102
"W38893","15Mo",-0.128712975123988,-0.119947297022164,0.0022058336963527
"W38894","2Ery",0.132992274076908,0.0425588199122273,0.0830558597617776
"W38895","13Baso",-0.104664553637712,-0.0512863115241303,0.00220599905449979
"W38896","8Mk",0.00472060367650473,0.0290598256933769,0.0408924134899125
"W38897","9GMP",-0.0553720501129666,0.00159230349368384,0.0124738707175834
"W38900","8Mk",-0.011048154156391,0.0590489928626925,0.027262590464363
"W38901","17Neu",-0.117243376576872,0.194639027272317,0.0011321077563868
"W38902","13Baso",-0.0888562432788733,0.00378569872435986,0.00666844875435539
"W38903","13Baso",-0.0874502889706139,-0.0331335099697916,0.0183815661281462
"W38904","13Baso",-0.0662793686326189,-0.0181358606550308,0.0036242519247892
"W38905","3Ery",0.130721844934094,0.0855795109115735,0.172650563102579
"W38906","12Baso",0.0448910624836029,-0.0110527684767816,0.00158348221376093
"W38907","16Neu",-0.149008359294399,-0.146149476301647,0.00220616441264689
"W38908","10GMP",-0.0579470592153455,-0.00535554795366313,0.0191007208843075
"W38909","15Mo",-0.110144945231315,-0.118806056331271,0.00220632977079399
"W38910","7MEP",0.025686749998601,0.00453156551083288,0.0593356421272833
"W38911","13Baso",-0.111726422210111,-0.0557417590797725,0.00220649512894109
"W38912","13Baso",-0.112404462594641,-0.0396224638428091,0.00220666048708819
"W38913","14Mo",-0.25684924856933,-0.136587423430948,0.00220682584523529
"W38914","16Neu",-0.137952839552587,-0.153076338890181,0.00220699120338239
"W38915","3Ery",0.102302116557082,0.0804820473189557,0.0579129024800587
"W38916","7MEP",0.0311053443822384,0.00156191208647017,0.00124377560444125
"W38917","13Baso",-0.14142517247537,-0.00695595779124994,0.000612121383423279
"W38918","13Baso",-0.146908121683685,-0.00798280740669128,0.00220715656152948
"W38919","3Ery",0.123129465117482,0.0856058526981776,0.0825559037699473
"W38920","1Ery",0.225913915520218,0.0856592120499881,0.190553018940602
"W38921","14Mo",-0.141787858645323,-0.0516447661076338,0.00220732191967658
"W38922","15Mo",-0.119069839095012,-0.108951332018696,0.00220748727782368
"W38923","10GMP",-0.0612367995004609,-0.0141313500928597,0.0275149785869658
"W38924","15Mo",-0.120633630538928,-0.0567613391059813,0.00220765263597078
"W38925","4Ery",0.0962005483890766,0.0609054941064869,0.0475803490367084
"W38926","9GMP",-0.0358753602731639,0.0121058334906168,0.011623067783508
"W38927","14Mo",-0.14950323390932,-0.0590048017953025,0.00220781799411788
"W38928","9GMP",-0.0848826687956211,0.0469056157352653,0.0251914356253703
"W38929","13Baso",-0.0527961904612364,0.0144279562777489,0.00286508316908242
"W38930","10GMP",-0.0581689570171977,0.0227651811213298,0.00513691113061041
"W38931","9GMP",-0.0949215153459517,0.0466660654879452,0.000510226914896814
"W38932","5Ery",0.0896340884262557,-0.00455989662975285,0.0326968342632206
"W38933","2Ery",0.142164003100097,0.0284228721519217,0.174350715475628
"W38934","7MEP",0.0117445690484309,-0.0016972965010309,0.0417111901459974
"W38935","13Baso",-0.133937945112014,-0.0126707845858664,0.0015061160409454
"W38937","6Ery",0.0597006836250725,0.0072581136640581,0.00155804453537394
"W38938","7MEP",0.024466437708031,0.0129010529607956,0.0599136381224347
"W38939","10GMP",-0.029970693252111,-0.00561663606387318,0.012157303905908
"W38940","7MEP",0.025021797559162,0.00769732986393986,0.0593183284157865
"W38941","10GMP",-0.0556176392474345,0.00113469686440205,0.0130023759168239
"W38942","3Ery",0.114611063434564,0.00227366551512074,0.0555050175831504
"W38943","5Ery",0.117833436637804,0.0782329829330846,0.0745055880193452
"W38944","10GMP",-0.00119222268716168,-0.0152581888651461,0.01362207871368
"W38945","6Ery",0.0425230178249507,-0.00247707366917552,0.00234385381531757
"W38947","8Mk",0.00456249484031498,0.0856348801782207,0.0460192771149666
"W38948","4Ery",0.118417990810908,0.055101660575246,0.0692812893022885
"W38949","14Mo",-0.126347123288229,-0.0183550661941906,0.00117587743658235
"W38950","16Neu",-0.122390217244255,-0.158250036930819,0.00220798335226498
"W38951","14Mo",-0.107522268418877,-0.0280353126420411,0.00607068819744072
"W38952","10GMP",-0.0585691976839389,0.00515721220947417,0.0145325859407755
"W38953","10GMP",-0.0517696810244082,-0.00455552241576294,0.0112329444605307
"W38954","13Baso",-0.154324721804118,-0.00624069906814879,0.00220814871041208
"W38955","7MEP",0.0371833350101985,0.00140631671910318,0.00761261691674333
"W38956","15Mo",-0.087330803868756,-0.114731766090621,0.00220831406855918
"W38957","10GMP",-0.0538472054073215,-0.00408635565124365,0.0135062594974884
"W38958","15Mo",-0.0959237525912603,-0.0662753165844795,0.00220847942670627
"W38959","15Mo",-0.152863506919057,-0.11741650659483,0.00220864478485337
"W38960","14Mo",-0.0617286852202159,-0.102840096853323,0.00220881014300047
"W38961","5Ery",0.0845007841594924,0.0433531770942523,0.0327996841221129
"W38962","13Baso",-0.145945649605825,0.000269488608440258,0.00193883329125337
"W38963","9GMP",-0.0287288801112183,-0.0113993683703909,0.0131561140897276
"W38964","7MEP",0.0235483980196214,0.0110113794555931,0.0584005363451892
"W38965","14Mo",-0.105653156276814,-0.0722208883956616,0.00220897550114757
"W38966","6Ery",0.0748221745152562,0.0213468532679097,0.0197583494912162
"W38967","2Ery",0.18477639701161,0.0332032557706865,0.12932341876718
"W38968","8Mk",-0.00500829306762928,0.056778403795004,0.0245932994884891
"W38969","7MEP",0.0232940042314652,0.0004556710801617,0.0555951716298265
"W38970","5Ery",0.105291655527335,0.0461227369261896,0.0544907352445375
"W38971","7MEP",0.000592721546654971,0.00520575680532871,0.00849255736749338
"W38972","13Baso",-0.108505236234171,-0.00815393101447471,0.0156075927223696
"W38973","7MEP",0.0199401452591958,0.00330130474630302,0.0523872438156974
"W38974","5Ery",0.103582976589589,0.0495337282090517,0.0526449785906291
"W38975","8Mk",-0.00734734474208491,0.0863743484015409,0.0483276911976888
"W38976","2Ery",0.17521864130405,0.0321220543143781,0.134801354881751
"W38977","2Ery",0.152895127146562,0.0305868502930042,0.161254653122251
"W38978","4Ery",0.124916846074044,0.061365623374772,0.0784499504830707
"W38979","14Mo",-0.127964681005852,-0.0471352402235053,0.00220914085929467
"W38980","15Mo",-0.159898382878468,-0.146875661941289,0.00220930621744177
"W38981","13Baso",-0.0884180927822884,-0.00533385452654839,0.00148932042671026
"W38982","3Ery",0.156496085113668,0.0907831532872418,0.141200649858857
"W38983","2Ery",0.114899285320126,0.031936347866312,0.0606358097214388
"W38985","5Ery",0.0730202642824428,0.00801748751401188,0.0148978252336676
"W38987","13Baso",-0.0929598609874337,-0.027845245430919,0.0166120919111171
"W38989","3Ery",0.096497850551467,0.0603206685717386,0.0476812936953176
"W38990","6Ery",0.0175346392671327,0.00218385192900099,0.0493366817708281
"W38991","8Mk",-0.00473594481314764,0.0474888457185928,0.01720839690037
"W38992","6Ery",0.0289103739871993,0.00664676985220152,0.000120033535364023
"W38993","15Mo",-0.150707484411498,-0.146860830000326,0.00220947157558887
"W38994","2Ery",0.0891840729982664,0.0619312956222815,0.041781862044631
"W38996","5Ery",0.0946232559677141,0.0043025311614794,0.0416777737445923
"W38997","6Ery",0.0443128710940006,-6.70541784868584e-05,0.000276636202176876
"W38998","9GMP",-0.0160938592848924,-0.00503051394495365,0.0110050267220858
"W38999","8Mk",0.00287037796711399,0.0618909697248064,0.0274946023576351
"W39000","15Mo",-0.146839362701062,-0.1124700051201,0.00220963693373596
"W39001","13Baso",-0.130414394379686,-0.00154948959970406,0.00709499646147943
"W39002","10GMP",-0.0569858923450188,-0.0096334495278287,0.0201048671790824
"W39003","15Mo",-0.132470598269752,-0.198742076162853,0.00220980229188306
"W39004","15Mo",-0.12889121753806,-0.118508546536583,0.00220996765003016
"W39005","2Ery",0.165723031471386,0.0296478220863393,0.146531675627766
"W39006","13Baso",-0.122194010926245,-0.0162151002220212,0.00414439623319677
"W39007","14Mo",-0.137693039650661,-0.0043187798279938,0.00302927910466631
"W39008","9GMP",-0.00989810187804601,0.0486637840805463,0.0188848487706627
"W39009","2Ery",0.17579649640509,0.0536643748735089,0.128454166567048
"W39010","3Ery",0.0990521076760781,0.0642059288908437,0.0509986575064015
"W39011","17Neu",-0.0819866511763429,0.0923187164558638,0.00483766834092052
"W39012","16Neu",-0.0925129119319524,-0.124115504468177,0.00221013300817726
"W39013","13Baso",-0.14233110594801,0.00186203681100047,0.00383334905324097
"W39015","6Ery",0.0615708331710299,-0.000271566494228147,0.00211220509775414
"W39017","13Baso",-0.125611186151062,-0.0140424446942158,0.00359440147806192
"W39018","10GMP",-0.0959914251146744,0.0455682117056297,0.000510061556749715
"W39019","13Baso",-0.144276486467617,0.011890873611431,0.00688948619012337
"W39020","13Baso",-0.149666648643916,0.0013072930599138,0.00104156791268041
"W39021","2Ery",0.126549432437579,0.0236610156664513,0.0707267320693666
"W39022","6Ery",0.0170514108647253,-0.011671442778431,0.0454836015808201
"W39023","15Mo",-0.254506644424798,-0.135549915981116,0.00221029836632436
"W39024","14Mo",-0.101020658687939,-0.0581859692249482,0.00221046372447146
"W39025","14Mo",-0.118904359510591,-0.0297101560396906,0.00221062908261856
"W39026","13Baso",-0.106475971176383,0.00385044182849602,0.00377899719456028
"W39027","14Mo",-0.131957914030339,-0.0167335554633686,0.000987226683387882
"W39028","6Ery",0.0626614830519008,0.0110173852912096,0.00574546078144791
"W39029","13Baso",-0.139677797800049,-0.000831045387507081,0.0040167726352791
"W39030","17Neu",-0.0243393385189336,-0.0103649181904604,0.00742433068994387
"W39031","2Ery",0.108763138606146,0.0293538832153818,0.0543751052321917
"W39032","6Ery",0.0367290298476302,0.00339799658593322,0.00767891088670586
"W39033","7MEP",0.0168848033195537,-0.00127946607182591,0.0477613346022773
"W39034","10GMP",-0.0603015186387629,0.00717958091454746,0.0156019879381714
"W39035","10GMP",-0.0624901649610495,0.0360101601475559,0.00365408725142144
"W39036","6Ery",0.0711938195693232,0.00831078265798874,0.0149506787161906
"W39037","15Mo",-0.111139162880474,-0.0939672080035005,0.00221079444076566
"W39038","15Mo",-0.109612046554016,-0.0930090683153445,0.00221095979891275
"W39039","6Ery",0.0291537006557599,-0.000173611634003153,0.0622330261302991
"W39040","4Ery",0.120810935851271,0.0557279830437198,0.0722287675917941
"W39041","8Mk",-0.00218886389172733,0.17269799447428,0.0400579288817427
"W39042","6Ery",0.0455875651939462,0.00697579098658952,0.0147995587228309
"W39043","13Baso",-0.0942735046981718,-0.0417192799401928,0.00478303856893626
"W39044","13Baso",-0.0784022756208508,-0.0269015978470071,1.5372091206424e-05
"W39045","5Ery",0.096124221974212,0.007589893394271,0.0392464928730211
"W39047","10GMP",-0.0745984029749161,0.0456581888470738,0.0134003089310419
"W39048","10GMP",-0.00172097445893623,0.0263997681793183,0.000100728795514074
"W39050","10GMP",-0.0698578879891129,0.016661107014424,0.0223471239153075
"W39051","2Ery",0.127603265496385,0.00454561348189241,0.067073631353861
"W39053","16Neu",-0.143547345854996,-0.162129911914482,0.00221112515705985
"W39054","14Mo",-0.0897941637039763,-0.0498314709818343,0.00121794278237865
"W39055","5Ery",0.0842778212799129,-0.00237732352416706,0.0256178780241013
"W39056","10GMP",-0.0778635774518523,0.0495108336611976,0.0153949779739091
"W39057","6Ery",0.0772169641727075,0.0193505692652287,0.0220838848795047
"W39058","2Ery",0.135443787936918,0.0214085692299977,0.0805117182464543
"W39059","10GMP",-0.0825089833703282,-0.0103832829373345,0.00540113544772008
"W39060","15Mo",-0.102006518707964,-0.115637533403407,0.00221129051520695
"W39061","16Neu",-0.126648825820442,-0.136648003317153,0.00221145587335405
"W39062","6Ery",0.0296266716249523,0.000146572550012007,0.0628577599875097
"W39064","10GMP",-0.0543504436653663,0.0199871727404432,0.00192892197943812
"W39065","15Mo",-0.157147734997032,-0.119879566290153,0.00221162123150115
"W39066","13Baso",-0.130561188684816,0.00793624008883654,0.0158775747725136
"W39067","5Ery",0.076351602035876,0.00541523521077491,0.018169781842204
"W39068","7MEP",0.0135825275054267,-0.00095538071086672,0.0440161388509536
"W39069","4Ery",0.130957488899471,0.061286212730799,0.178776001100058
"W39070","7MEP",-0.00638587398004006,0.00437650926525438,0.016411020460716
"W39071","3Ery",0.0822458532972475,0.0458597847940167,0.0307465221434612
"W39073","13Baso",-0.115681903726892,-0.0612519379002767,0.00221178658964825
"W39074","13Baso",-0.149746452641025,0.00158134633086218,0.00107496890626944
"W39075","13Baso",-0.0626139110299397,-0.0146374050827831,0.0294341559399896
"W39076","3Ery",0.126898201481303,0.0366007322857777,0.074436715541741
"W39077","1Ery",0.217898586376868,0.0366588057444968,0.16874255080168
"W39078","15Mo",-0.0956995624548267,-0.0666109514914051,0.00221195194779535
"W39079","8Mk",0.0198200242105388,0.00621509992284863,0.0529412185855424
"W39081","7MEP",-0.0143829292904237,-0.0220746272481354,0.000486296738639387
"W39082","7MEP",0.0189257351296258,0.0108468990789553,0.0530073630723805
"W39083","13Baso",-0.0680950718263723,-0.0224481504804081,0.00849325952408897
"W39084","13Baso",-0.0752863416718279,-0.00924926295627212,0.00884292213700055
"W39085","5Ery",0.0973143423801953,-0.000892548159369581,0.0397047654402627
"W39087","6Ery",0.0273647479599857,0.00814575818305808,0.0621396187356972
"W39088","15Mo",-0.166116725773164,-0.130106945865409,0.00221211730594244
"W39089","13Baso",-0.14835636895633,0.000720155890798971,0.0017598745514831
"W39090","14Mo",-0.118453842395073,-0.0423280991085489,0.00221228266408954
"W39091","10GMP",0.0387450215850926,0.00252348782763987,0.00555354735989799
"W39092","13Baso",-0.0927337613681939,-0.014534693662062,0.00608260765809314
"W39093","7MEP",0.0202050289468365,0.00207661621735608,0.0524030495941297
"W39094","15Mo",-0.106219326605321,-0.0699135924921418,0.00221244802223664
"W39095","8Mk",-0.00629752826842258,0.098490169244589,0.0577523715159498
"W39096","9GMP",-0.0738348871926823,0.0520736339780299,0.00923095791010873
"W39097","4Ery",0.0923117128027167,0.00630173853434454,0.0338708642308202
"W39098","17Neu",-0.0479932673577167,-0.023910413785458,0.0164672673916689
"W39099","2Ery",0.151427308043001,0.0296065816838888,0.163226517354886
"W39100","14Mo",-0.109637121137612,-0.015079275317956,0.0145153907970448
"W39101","15Mo",-0.112081665447242,-0.0933548003529341,0.00221261338038374
"W39103","14Mo",-0.106335982180054,-0.0652815092506539,0.00221277873853084
"W39104","6Ery",0.0526494615884934,0.0476046781098326,0.00199488506239843
"W39105","6Ery",0.0499757520307675,0.00182817069693397,0.0108799661744531
"W39106","10GMP",-0.0654230544956569,-0.0132634182058069,0.000447042147155897
"W39107","6Ery",0.0298608258336754,-0.000820954716472996,0.0628989395394569
"W39109","13Baso",-0.0947309768475577,-0.0132679173069662,0.00470093844199623
"W39110","6Ery",0.0274594551275807,0.0020885670060143,0.0608081500600587
"W39111","12Baso",-0.0686381492933033,-0.0188729702880015,0.00690733822392429
"W39112","3Ery",0.144431901996917,0.112491482809185,0.14956130201867
"W39113","13Baso",-0.102784151346002,-0.0266785296153887,0.00918475484295119
"W39114","13Baso",-0.142657269398421,0.00251014563859919,0.00376437704344836
"W39115","16Neu",-0.142946483848692,-0.164727695149036,0.00221294409667794
"W39116","10GMP",-0.0631041361397539,0.0697332927210099,0.0432445378090719
"W39117","16Neu",-0.127304881036248,-0.142154565822895,0.00221310945482504
"W39118","13Baso",-0.152016302867936,-0.0072053201179305,0.00221327481297214
"W39119","5Ery",0.0880981044198659,-0.000464422948167483,0.0335935911427731
"W39120","2Ery",0.167798008418713,0.0294367535748425,0.144166737707343
"W39121","9GMP",-0.0677321857813283,-0.0522817490819178,0.00707103740751224
"W39122","16Neu",-0.160111123796385,-0.179230087685498,0.00221344017111923
"W39123","8Mk",0.00475937335381605,0.0176303777255724,0.00193553550000255
"W39125","13Baso",-0.0769644766127476,-0.0221340980286339,0.00468624247036641
"W39126","10GMP",-0.0648899935111481,0.00654034980816284,0.0214678701553941
"W39127","5Ery",0.0900452116372311,0.0356283732903349,0.0401945737903895
"W39128","15Mo",-0.0981946613402326,-0.0609745570286326,0.00221360552926633
"W39129","13Baso",-0.118583909358625,-0.0183165590650955,0.00473154088710069
"W39130","9GMP",-0.0614149088439365,0.0400671112034479,0.00116682321420917
"W39131","14Mo",-0.105213937587717,-0.0478521281821277,0.00221377088741343
"W39134","13Baso",-0.0790342782074813,-0.0251345922808418,0.000333707076670124
"W39135","14Mo",-0.122650157916752,-0.0193671607989018,0.00238094648116331
"W39137","15Mo",-0.107650669683792,-0.0932946095538989,0.00221393624556053
"W39138","15Mo",-0.100891422456019,-0.0912544458435704,0.00221410160370763
"W39139","10GMP",-0.0454545683722631,0.0049764798379093,0.000501370961266844
"W39140","15Mo",-0.132475556661337,-0.178380274628349,0.00221426696185473
"W39141","16Neu",-0.146000211535061,-0.175546646068237,0.00221443232000183
"W39142","6Ery",0.0605971424268719,0.00484680804145197,0.00207671637718573
"W39143","2Ery",0.111796266228047,0.0208990434134177,0.0551130276760489
"W39144","13Baso",-0.125246694963445,-0.0289958345385395,0.00221459767814892
"W39145","5Ery",0.0322459964659437,0.00967378260450351,0.00442649989635985
"W39146","7MEP",0.0251300387307869,0.00949767500146609,0.0598724552799926
"W39148","6Ery",0.0292130566456921,-0.00362881033022095,0.0614795170563562
"W39149","13Baso",-0.141537323191043,0.00266281652240477,0.00446641321917363
"W39150","2Ery",0.147466026494676,0.030245315723145,0.167681988389721
"W39152","7MEP",0.0204140674345524,0.00750603981540303,0.0539363890894953
"W39153","13Baso",-0.0648197199104023,-0.0499183223071232,0.00184127299170329
"W39154","2Ery",0.120712063403674,-0.0241115714581623,0.0548284483939524
"W39155","14Mo",-0.115396653475828,0.00312530800611256,0.0172934377679196
"W39156","13Baso",-0.154189415180981,0.0047388954587704,0.00124882669723636
"W39157","8Mk",-0.00410144729242521,0.170340125999443,0.0389412785442275
"W39158","13Baso",-0.0998628075346164,-0.0556372564882694,0.00221476303629602
"W39159","7MEP",-0.00498808837652695,0.0518714394736047,0.0207100795051397
"W39160","10GMP",-0.0609765447860137,-0.00660131449598068,0.0233904853808154
"W39161","10GMP",-0.0550216260790523,0.0437606701310676,0.0215416227371137
"W39162","14Mo",-0.107270636164914,-0.0642244866310986,0.00221492839444312
"W39163","16Neu",-0.156368487767454,-0.155519345114766,0.00221509375259022
"W39164","2Ery",0.122651090219697,0.019623624290518,0.0662311498258664
"W39165","13Baso",-0.189623698902147,0.0312776223572722,0.000445790268279456
"W39166","7MEP",0.0134297976631153,-0.0028654666151432,0.0433846570610303
"W39167","15Mo",-0.0909749565417275,-0.0948310506192052,0.00221525911073732
"W39168","3Ery",0.126279392676992,0.0420439888387529,0.0751057097136979
