"cell_id","paul15_clusters","dim1","dim2","pseudotime"
"W31105","7MEP",0.0183197152183141,0.0147638574749806,0.00229099568936613
"W31106","15Mo",-0.122672024566359,-0.028432769111957,0.000178859197253939
"W31107","3Ery",0.14494114198004,0.0697976762355316,0.0771091244272998
"W31108","15Mo",-0.139493491479081,-0.0640559081410723,0.000178601475067694
"W31109","3Ery",0.147911240483871,0.0655776485689668,0.0771093821494861
"W31110","15Mo",-0.105251308086155,-0.0473302494917658,0.000178343752881449
"W31111","4Ery",0.107978962035226,0.0611244880523683,0.0771096398716723
"W31113","2Ery",0.028651597504259,-0.00262419410053101,0.00927010407326935
"W31114","3Ery",0.0772510108351406,0.0466975053349651,0.00553578083463668
"W31115","2Ery",0.155751016124165,0.0440230998683545,0.0771098975938586
"W31116","2Ery",0.143604814400394,0.0279818130356155,0.0771101553160448
"W31117","17Neu",-0.0325218053735631,0.0120903267513401,0.000469708361299846
"W31118","14Mo",-0.128630263503896,-0.0405782897571274,0.000178086030695204
"W31119","13Baso",-0.0853997901607821,-0.00994273195123748,0.0130208279771312
"W31120","3Ery",0.145908620406225,0.0591635837331119,0.0771104130382311
"W31121","7MEP",0.0160954427405333,0.00130354631483281,0.0811362378446378
"W31122","3Ery",0.122825561593683,0.0758705882267691,0.0771106707604173
"W31123","3Ery",0.148862911912081,0.0622430011075742,0.0771109284826035
"W31124","2Ery",0.168633447210057,0.0435115036816174,0.0771111862047898
"W31125","8Mk",-0.0135762036926558,0.0442235705478404,0.0609673691008822
"W31126","3Ery",0.095958299589893,0.0480718569103163,0.071168416704663
"W31127","9GMP",-0.0647464659534163,0.012831721059872,0.000920202883071625
"W31128","8Mk",-0.0171363369284725,0.0324341088320086,0.052525755347301
"W31129","10GMP",-0.0446239173283151,-0.0136006686193883,0.0104226318362947
"W31130","15Mo",-0.103806951191944,-0.0396637714509873,0.000177828308508959
"W31131","16Neu",-0.130380034853056,-0.0612670368535551,0.000177570586322714
"W31132","4Ery",0.136796477264109,0.0342044102087689,0.077111443926976
"W31133","13Baso",-0.0602296854473346,0.00330141798935921,0.00016941873623778
"W31134","17Neu",-0.0323753550725814,-0.00422299442543476,0.00727029648258093
"W31136","3Ery",0.134123609957902,0.0629515241187457,0.0771117016491623
"W31137","2Ery",0.144973118160505,0.0504162280998695,0.0771119593713485
"W31138","3Ery",0.103157232838924,0.0653121543430779,0.0771122170935348
"W31139","5Ery",0.0972751836878522,0.0249577414340169,0.0706632315717384
"W31140","3Ery",0.104315506966617,0.0560701084992785,0.077112474815721
"W31141","13Baso",-0.104050927759889,-0.00400991816374782,0.00017731286413647
"W31142","1Ery",0.179932471562512,0.0316007142432538,0.0771127325379073
"W31143","3Ery",0.155454097307569,0.0687674634030389,0.0771129902600935
"W31144","6Ery",0.0913833567023013,0.0520206123514247,0.0703353158882863
"W31145","15Mo",-0.11735574568097,-0.0792077792940916,0.000177055141950225
"W31146","3Ery",0.111765156598639,0.0405106842927703,0.0771132479822798
"W31147","3Ery",0.144740852071484,0.0624726454109435,0.077113505704466
"W31148","14Mo",-0.14310961989876,-0.0282855566436485,0.00017679741976398
"W31150","12Baso",-0.0422365284476003,0.00884693019629777,0.0135549466737005
"W31151","3Ery",0.143933955732868,0.082777500002422,0.0771137634266522
"W31152","14Mo",-0.127827265134182,-0.0226449783238404,0.000176539697577735
"W31153","6Ery",0.112993813033292,0.0592505925247319,0.0771140211488385
"W31154","4Ery",0.132820454737716,0.0517148461195137,0.0771142788710247
"W31155","7MEP",0.00229798473901326,-0.00339905407433426,0.0629877857250515
"W31156","2Ery",0.15699455056523,0.0411205255574126,0.077114536593211
"W31157","13Baso",-0.0567840387471811,-0.0028232797530769,0.000387225913237924
"W31158","14Mo",-0.128253564087534,-0.0723625705436931,0.00017628197539149
"W31159","6Ery",0.0801971551052619,0.0325358397336869,0.00597691928329297
"W31160","18Eos",-0.0574227302912812,0.0280195673014534,0.0128142319266858
"W31161","4Ery",0.139887462750879,0.0515261777539638,0.0771147943153972
"W31162","3Ery",0.115785889026964,0.0217835386420032,0.0771150520375835
"W31163","3Ery",0.115298760731389,0.0595689139082538,0.0771153097597697
"W31164","14Mo",-0.122824709034462,-0.0261615340450896,0.000176024253205245
"W31165","2Ery",0.161041754658836,0.0491620515340367,0.077115567481956
"W31166","13Baso",-0.124566855254619,-0.00789973604309231,0.000175766531019
"W31167","2Ery",0.160222940574949,0.0469740565615377,0.0771158252041422
"W31168","13Baso",-0.152386992701078,-0.0228231847195866,0.000175508808832756
"W31169","13Baso",-0.119240341204126,-0.00614017195088731,0.000175251086646511
"W31170","14Mo",-0.147566626067965,-0.0353257478827599,0.000174993364460266
"W31171","7MEP",0.0149154151110684,0.0143451114067569,0.0843657745214964
"W31172","7MEP",0.0670111594340116,0.0411933692974365,0.0190412380089095
"W31173","7MEP",0.00858597705050067,0.0130127428581342,0.0763348986608563
"W31174","10GMP",-0.0619716809041098,-0.00456608839608367,0.00616207704766509
"W31175","12Baso",-0.0448188230332387,0.0111423047360386,0.0156828576250353
"W31176","6Ery",0.052318663228935,0.0210346472564742,0.0418693413527684
"W31177","5Ery",0.0869436471920793,0.0385136713413737,0.0791221426290717
"W31178","5Ery",0.0931221178852378,0.0292498981766206,0.0743717495211597
"W31179","14Mo",-0.12254711479053,-0.066117166441022,0.000174735642274021
"W31180","4Ery",0.138314830787933,0.0381058979725223,0.0771160829263284
"W31181","16Neu",-0.111230148519529,-0.0800866637556177,0.000174477920087776
"W31182","16Neu",-0.115984230964183,-0.0821029313558614,0.000174220197901531
"W31183","3Ery",0.124443378052246,0.0593572061114516,0.0771163406485147
"W31184","2Ery",0.159322879314589,0.044025057366653,0.0771165983707009
"W31185","6Ery",0.131216203198876,0.0319612691622566,0.0771168560928872
"W31186","13Baso",-0.100399180340644,0.00489560791115358,7.96131036363834e-06
"W31187","13Baso",-0.0815269032495368,0.00433547573366286,0.00696875276319767
"W31188","10GMP",-0.0646554598877766,0.00839587626092529,0.00300175516608547
"W31189","14Mo",-0.115543401001691,-0.0643236089702621,0.000173962475715286
"W31190","5Ery",0.12202886140457,0.0164007354959068,0.0771171138150734
"W31191","7MEP",0.0180316943969781,0.0175945170326142,0.00279905581434429
"W31192","7MEP",0.0164615256984452,0.0155781096382858,0.000342011732455502
"W31193","5Ery",0.118746292730987,0.0401679993658823,0.0771173715372597
"W31194","6Ery",0.0697744850541736,0.0122780474426173,0.0237472618219047
"W31195","2Ery",0.160157281262756,0.050258516785981,0.0771176292594459
"W31196","10GMP",0.0760017956873542,0.0261796082618844,0.0126368852220191
"W31197","10GMP",-0.0778945634471426,0.00349800846904453,0.00374739311714356
"W31198","2Ery",0.141479852839169,0.0336305060241902,0.0771178869816322
"W31199","7MEP",-0.00897952570420265,0.00131237370435523,0.0511989148876264
"W31200","6Ery",0.0670625218247675,0.0225839387468438,0.024091863477318
"W31201","7MEP",0.0235465425157827,0.00210380172748858,0.00466587976218159
"W31202","14Mo",-0.100915040710428,-0.014083268888979,0.000173704753529041
"W31203","16Neu",-0.11165775532779,-0.0439701549468471,0.000173447031342797
"W31204","10GMP",-0.0604972579103864,-0.00633276609039674,0.00525192293393142
"W31205","3Ery",0.139135399442215,0.0345826522172445,0.0771181447038184
"W31206","3Ery",0.133943152751276,0.0757628079940376,0.0771184024260047
"W31207","13Baso",-0.141779480636595,-0.0263488182209492,0.000173189309156552
"W31209","1Ery",0.172391886353873,0.0508785294762147,0.0771186601481909
"W31210","14Mo",-0.112332610490575,-0.0289182661060267,0.000172931586970307
"W31211","15Mo",-0.130190259209313,-0.0383654337829664,0.000172673864784062
"W31212","2Ery",0.124225115244791,0.00532457503569714,0.0771189178703771
"W31213","5Ery",0.0759359086705287,0.0116788964622786,0.0166980768025424
"W31214","2Ery",0.16895120113773,0.0188415337805489,0.0771191755925634
"W31215","5Ery",0.104833675769069,0.0114228185391404,0.0718774919767588
"W31217","3Ery",0.136510265637321,0.0715420082289294,0.0771194333147496
"W31218","14Mo",-0.113206181627948,-0.0357790647647938,0.000172416142597817
"W31219","10GMP",-0.0643078760674204,-0.00540621707809713,0.00827117634834292
"W31220","2Ery",0.171591681096819,0.0261818304556106,0.0771196910369359
"W31221","7MEP",0.00560823282129113,-0.00218501594244078,0.0673726243541777
"W31222","4Ery",0.129806499653246,0.0602900061144451,0.0771199487591221
"W31223","9GMP",-0.0607410342388174,0.0145869621215418,0.00306987050191645
"W31224","7MEP",0.0148690785099737,0.0169164514006829,0.0851202245006668
"W31225","3Ery",0.152300067972902,0.0343454113896061,0.0771202064813084
"W31226","16Neu",-0.108337573040322,-0.0903977852813266,0.000172158420411572
"W31228","10GMP",-0.0385424392439049,-0.0151658174384163,0.0170794068058195
"W31229","6Ery",0.0986277262733685,0.0596743892584558,0.0767537984873754
"W31230","3Ery",0.0894529947005817,0.0419579868558072,0.0752733961203475
"W31231","2Ery",0.162056290824404,0.0151716778029053,0.0771204642034946
"W31232","5Ery",0.136207927608739,0.0364804422898651,0.0771207219256809
"W31233","2Ery",0.151849746990018,0.0297062531197356,0.0771209796478671
"W31234","2Ery",0.149183761234312,0.0347384051141837,0.0771212373700533
"W31236","5Ery",0.112727574423046,0.0043305437442311,0.0771214950922396
"W31237","14Mo",-0.111179248333995,-0.0210876803906667,0.000171900698225327
"W31238","5Ery",0.106910051628412,0.0506968510886844,0.0771217528144258
"W31239","14Mo",-0.125960808240406,-0.0245945474652413,0.000171642976039083
"W31240","3Ery",0.105381060514978,0.0599070570090904,0.0771220105366121
"W31241","2Ery",0.148144296407969,0.0328984181750469,0.0771222682587983
"W31242","16Neu",-0.100305445097361,-0.0754620779105253,0.000171385253852838
"W31243","2Ery",0.165402860043119,0.0441230900676224,0.0771225259809846
"W31244","13Baso",-0.0659571279058918,-0.0343232071410807,0.0047587518228056
"W31245","16Neu",-0.101085509729558,-0.065974024671389,0.000171127531666593
"W31246","2Ery",0.16514563816983,0.0197516801007758,0.0771227837031708
"W31247","3Ery",0.146993581514021,0.0606878136680635,0.0771230414253571
"W31248","3Ery",0.130977295625101,0.074993890298868,0.0771232991475433
"W31249","14Mo",-0.109793630438946,-0.0156465399124243,0.000170869809480348
"W31250","5Ery",0.138291440578527,0.014279857044948,0.0771235568697295
"W31251","16Neu",-0.111001002817653,-0.0928326881373732,0.000170612087294103
"W31252","14Mo",-0.111062934456815,-0.0217158506907122,0.000170354365107858
"W31253","14Mo",-0.0783699060698703,-0.0358353835431444,0.00130618930213505
"W31254","13Baso",-0.147329925811713,-0.0160566570714521,0.000170096642921613
"W31255","3Ery",0.138848754322008,0.0578507659522085,0.0771238145919158
"W31256","14Mo",-0.0987593672788079,-0.0388179117367006,0.000169838920735368
"W31257","7MEP",0.0210658424899297,-0.00268344038004477,0.000305562542670345
"W31259","14Mo",-0.0844790298656551,-0.00318961967688227,0.000680490079899169
"W31260","10GMP",-0.0613320876037227,-0.0269838031537179,0.00120841095281379
"W31262","2Ery",0.111272093377581,-0.000264102557847563,0.0754123612550471
"W31263","14Mo",-0.0742912152888102,-0.0374761754799361,0.0155554043884976
"W31264","15Mo",-0.098132600155768,-0.0609818765801623,0.000169581198549124
"W31265","14Mo",-0.123575210807398,-0.0183516564768888,0.000169323476362879
"W31266","16Neu",-0.115557651400928,-0.0824841475985767,0.000169065754176634
"W31267","10GMP",-0.0460534623201944,-0.00355068459148699,0.0130023387559403
"W31268","7MEP",0.00203524731634791,0.00931533023575441,0.0671956846145668
"W31269","5Ery",0.100361832775919,0.00205737596875876,0.0731586750990617
"W31270","16Neu",-0.0945771736015726,-0.0749539952275666,0.000168808031990389
"W31271","2Ery",0.124586402567997,0.00167768696724009,0.077124072314102
"W31272","16Neu",-0.102284850263494,-0.0636331479295281,0.000168550309804144
"W31273","14Mo",-0.102028134517603,-0.0593611834148663,0.000168292587617899
"W31274","10GMP",-0.0769781743689009,-0.00302228307216795,0.00846140130684579
"W31275","16Neu",-0.104701993501157,-0.0866398475384303,0.000168034865431654
"W31276","8Mk",-0.00421525051023806,0.0341624687795707,0.0685689379762533
"W31277","7MEP",0.00962984366905148,0.00032076858100865,0.0730666435434578
"W31278","14Mo",-0.122776121516398,-0.0147042573166928,0.000167777143245409
"W31279","7MEP",0.00580989882868637,0.0202164873030887,0.0755817780877082
"W31280","2Ery",0.155174251060284,0.0291657446001354,0.0771243300362883
"W31281","14Mo",-0.115382721161582,-0.0121210293643132,0.000167519421059165
"W31282","14Mo",-0.0992419198874864,-0.0341149334388403,0.00016726169887292
"W31283","4Ery",0.134335666949546,0.0450049626145735,0.0771245877584745
"W31284","5Ery",0.114185861758105,0.00776586481311151,0.0771248454806608
"W31285","14Mo",-0.0838554430981974,-0.0301830361362606,0.00184187603049966
"W31286","14Mo",-0.0820229469028897,-0.038810599015477,0.00196916510433663
"W31287","10GMP",-0.00456688960580233,0.0294174982403577,0.0664608034555826
"W31288","6Ery",0.0236466470650488,9.21844059486272e-05,0.00418211407555273
"W31289","5Ery",0.119164973852789,0.0245054535258703,0.077125103202847
"W31290","14Mo",-0.112404201037003,-0.04022315901639,0.000167003976686675
"W31291","3Ery",0.136217801550279,0.0640088996631564,0.0771253609250333
"W31292","5Ery",0.109949844878946,0.0469888549738933,0.0771256186472195
"W31293","15Mo",-0.123862632136968,-0.0665698641562827,0.00016674625450043
"W31294","5Ery",0.118705304628393,0.00771648836809337,0.0771258763694058
"W31295","14Mo",-0.112595519343141,-0.0333765506135924,0.000166488532314185
"W31296","16Neu",-0.117620515401594,-0.0402721320270764,0.00016623081012794
"W31297","8Mk",0.00767818675849192,-0.0029691748770116,0.0695659148246115
"W31298","3Ery",0.160657594709827,0.0486845355580542,0.077126134091592
"W31299","14Mo",-0.142607622941027,-0.0443637369131502,0.000165973087941695
"W31300","12Baso",-0.010690407209708,0.00844264433442089,0.0516910606698459
"W31301","14Mo",-0.0817374970214634,0.0068094698465591,0.0080586509443108
"W31302","3Ery",0.141381672403024,0.0734777926449758,0.0771263918137782
"W31303","5Ery",0.0995456650808603,0.0209071394106711,0.0690880245304358
"W31305","16Neu",-0.0982327285979102,-0.0766369420610835,0.000165715365755451
"W31306","15Mo",-0.14248903963739,-0.0648767667026642,0.000165457643569206
"W31307","13Baso",-0.127291769104998,-0.0153288440523442,0.000165199921382961
"W31309","5Ery",0.11269668380793,0.0298571169541435,0.0771266495359645
"W31310","3Ery",0.126012793551944,0.068244291770226,0.0771269072581507
"W31311","13Baso",-0.0984033865722171,-0.000354775242239119,0.000660454602026635
"W31312","12Baso",-0.0304526744534285,0.0114194293554296,0.000830779787953782
"W31313","8Mk",-0.00881022208279141,-8.33631794833189e-05,0.050904963945608
"W31314","7MEP",-0.00950397530544652,0.0231242154263378,0.0583264335398727
"W31315","6Ery",0.0768809692499799,0.0389020933164027,0.00811189297899845
"W31316","2Ery",0.148815790388582,0.0412185817670833,0.077127164980337
"W31317","3Ery",0.151663924038612,0.0709320763133204,0.0771274227025232
"W31318","3Ery",0.149676009151307,0.0756879338896345,0.0771276804247095
"W31319","15Mo",-0.131876560366446,-0.040213419664427,0.000164942199196716
"W31321","3Ery",0.0779221905202712,0.0460806276397366,0.0049194586933753
"W31322","3Ery",0.128053557925369,0.0637220556073396,0.0771279381468957
"W31323","3Ery",0.102796235159932,0.0579312329184901,0.077128195869082
"W31324","8Mk",-0.00616906179978234,0.0249082680347201,0.0629438163738004
"W31325","2Ery",0.143051885694296,0.0235257670777719,0.0771284535912682
"W31326","2Ery",0.144353943750787,0.0525182918108501,0.0771287113134544
"W31327","14Mo",-0.141304591838384,-0.0412375714022222,0.000164684477010471
"W31328","3Ery",0.124074450785522,0.0733421918756286,0.0771289690356407
"W31329","15Mo",-0.146006642813899,-0.0447203844456194,0.000164426754824226
"W31330","14Mo",-0.141753314637317,-0.0354622793152042,0.000164169032637981
"W31331","7MEP",0.0261496263824766,0.00770792984301523,0.00941252363574321
"W31332","15Mo",-0.104053917710909,-0.0785229354603967,0.000163911310451736
"W31333","3Ery",0.121108121790445,0.0501690990044638,0.0771292267578269
"W31334","3Ery",0.130521535237427,0.0568577570192208,0.0771294844800132
"W31335","13Baso",-0.0766196924651698,-0.00655838543039923,0.00697335050547856
"W31336","15Mo",-0.143754050317386,-0.0457901444344838,0.000163653588265492
"W31337","3Ery",0.141734076403876,0.0799190289010531,0.0771297422021994
"W31338","15Mo",-0.137194692749201,-0.0511794013019,0.000163395866079247
"W31339","13Baso",-0.140117086441969,-0.0189053656391784,0.000163138143893002
"W31340","3Ery",0.115274077888281,0.0593153322101911,0.0771299999243857
"W31341","15Mo",-0.11969517527329,-0.0615481320473176,0.000162880421706757
"W31342","15Mo",-0.128078964820416,-0.0771602383392233,0.000162622699520512
"W31343","13Baso",-0.150727461371048,-0.0279946021040202,0.000162364977334267
"W31345","4Ery",0.119615589055054,0.0626074699046371,0.0771302576465719
"W31346","3Ery",0.109672713488643,0.050418510820447,0.0771305153687582
"W31347","14Mo",-0.104608752819559,-0.0212160875033182,0.000162107255148022
"W31348","4Ery",0.124368370256287,0.0235545254869806,0.0771307730909444
"W31349","6Ery",0.0721402567879115,0.0381969955781925,0.0138576451775883
"W31350","16Neu",-0.126390518038961,-0.0874894583828901,0.000161849532961778
"W31351","14Mo",-0.143254449426025,-0.0315156450142199,0.000161591810775533
"W31353","3Ery",0.153472850181611,0.0628184782753365,0.0771310308131306
"W31354","17Neu",-0.0250000367609527,0.0111247842154402,0.0355751938704668
"W31355","15Mo",-0.138300105495886,-0.0398264705859859,0.000161334088589288
"W31356","4Ery",0.112394026561445,0.0448106944701521,0.0771312885353169
"W31357","3Ery",0.137958884518024,0.0547081884326027,0.0771315462575031
"W31358","6Ery",0.0536026863870262,0.0189896645829148,0.0409677360193692
"W31359","14Mo",-0.117131821518322,-0.018941241930967,0.000161076366403043
"W31360","3Ery",0.111408706378115,0.0729920177001372,0.0771318039796894
"W31361","16Neu",-0.110457341993223,-0.0793784758424084,0.000160818644216798
"W31362","14Mo",-0.12104938151997,-0.0186057322545246,0.000160560922030553
"W31363","15Mo",-0.113026294475946,-0.0586458747947995,0.000160303199844308
"W31364","7MEP",0.0266194094592031,0.017617679243619,0.012933047917287
"W31365","13Baso",-0.10027251085271,-0.00146394012932512,0.00274574158189173
"W31366","15Mo",-0.107722420961652,-0.0689096281274313,0.000160045477658063
"W31367","14Mo",-0.130800865798663,-0.0133530420432001,0.000159787755471819
"W31368","3Ery",0.128350942400498,0.0752037037716528,0.0771320617018756
"W31369","2Ery",0.146854510481953,0.0168675476720547,0.0771323194240619
"W31370","2Ery",0.155829887610547,0.0443944701586038,0.0771325771462481
"W31371","14Mo",-0.0887252703489832,-0.00441097839124635,0.0138288370956144
"W31372","2Ery",0.160861424594889,0.0482307318026552,0.0771328348684344
"W31373","13Baso",-0.0475157927654042,0.0092041184465771,0.0166971497700877
"W31374","2Ery",0.146397337481653,0.0386272253079377,0.0771330925906206
"W31375","3Ery",0.108216345322285,0.0569035961660725,0.0771333503128069
"W31376","13Baso",-0.0748162925877323,0.00894417622208261,0.00266025422192383
"W31377","12Baso",-0.00552204951454055,0.00367583546376438,0.0561668173062703
"W31378","2Ery",0.146238480283065,0.0164791962957198,0.0771336080349931
"W31379","10GMP",-0.0422704310130999,-0.00257821801277201,0.0179747705111744
"W31380","5Ery",0.111645461664471,0.0180255114041803,0.0771338657571793
"W31381","13Baso",-0.114102091042763,-0.00640138657551415,0.000159530033285574
"W31382","3Ery",0.125454549356115,0.0677940150154423,0.0771341234793656
"W31383","9GMP",-0.056005373151376,-0.00752789745969858,0.000413606862858459
"W31386","15Mo",-0.117592326757598,-0.0764889154819278,0.000159272311099329
"W31387","2Ery",0.147402357026942,0.0293758788896038,0.0771343812015518
"W31388","10GMP",-0.0428973348628809,-0.00925895161090757,0.0143620334590661
"W31389","5Ery",0.107609165982698,0.0364011369501325,0.0771346389237381
"W31390","5Ery",0.109515085165435,0.0189926021106359,0.0771348966459243
"W31391","2Ery",0.145521495722348,0.0251099822589126,0.0771351543681106
"W31392","14Mo",-0.0842209112782373,-0.0265717955799158,0
"W31393","13Baso",-0.0936742851334763,-0.00912687646989929,0.000585748731374833
"W31394","2Ery",0.154327740321999,0.0352537713740462,0.0771354120902968
"W31395","14Mo",-0.11629773271846,-0.00837182685648837,0.000159014588913084
"W31396","16Neu",-0.1023733586202,-0.0853993022504346,0.000158756866726839
"W31397","12Baso",-0.00420810146206157,-0.00380346141946781,0.0550757770698737
"W31398","14Mo",-0.108861469481166,-0.0182537607120861,0.000158499144540594
"W31399","14Mo",-0.103809054826087,-0.0200824537385961,0.000158241422354349
"W31401","3Ery",0.140785665747545,0.048103430702898,0.0771356698124831
"W31402","14Mo",-0.102263099276256,-0.0134173873048935,0.000157983700168104
"W31403","13Baso",-0.0983094199837503,0.00611791277480464,0.00345645331655878
"W31405","12Baso",-0.0680460610317503,-0.0260781588783141,0.00671632432251824
"W31406","5Ery",0.117640344342025,0.0139203439747021,0.0771359275346693
"W31407","10GMP",-0.00833188140792533,0.0231586471365346,0.0597376969769888
"W31409","14Mo",-0.110041949591002,-0.0169672862019902,0.00015772597798186
"W31410","4Ery",0.111351060468337,0.0375537648889898,0.0771361852568555
"W31411","15Mo",-0.109600780423893,-0.0416156437164827,0.000157468255795615
"W31413","3Ery",0.103894079376447,0.0605531644503071,0.0771364429790418
"W31414","4Ery",0.126096999878327,0.0418505108999414,0.077136700701228
"W31415","4Ery",0.108751244822432,0.0149682786947526,0.0766492563676572
"W31416","4Ery",0.125394181326646,0.0289722235033941,0.0771369584234143
"W31418","4Ery",0.141081867135287,0.0417207185685269,0.0771372161456005
"W31419","5Ery",0.112497126297822,0.020615249472746,0.0771374738677868
"W31420","1Ery",0.174261187015471,0.0301086889217046,0.077137731589973
"W31421","16Neu",-0.114936685717741,-0.0878643902076149,0.00015721053360937
"W31422","14Mo",-0.130247950955706,-0.0270255165965863,0.000156952811423125
"W31423","2Ery",0.148800853584623,0.0265253345946137,0.0771379893121593
"W31424","5Ery",0.100889037608965,0.0256077699694475,0.0710081848988445
"W31425","15Mo",-0.113364501630945,-0.073115466965932,0.00015669508923688
"W31426","5Ery",0.103535019189494,0.0205413146947691,0.07276335362002
"W31427","2Ery",0.11940490063927,0.00383524309585187,0.0771382470343455
"W31428","5Ery",0.107138843214492,0.0331588420157184,0.0771385047565318
"W31429","1Ery",0.174136864278647,0.032933102829664,0.077138762478718
"W31430","7MEP",0.0166589437955493,0.00441811184063936,0.0829180999126494
"W31431","2Ery",0.1491728995152,0.0135406241411368,0.0771390202009042
"W31432","14Mo",-0.107249251018692,-0.0496898905346981,0.000156437367050635
"W31433","10GMP",-0.00506058147044084,0.0376852716570024,0.0688126779505087
"W31434","2Ery",0.138974363549352,0.0280865554846588,0.0771392779230905
"W31436","14Mo",-0.113495881231401,-0.0234472175024799,0.00015617964486439
"W31437","6Ery",0.0280272462011027,0.00097877257294012,0.00961263354258927
"W31439","9GMP",-0.0228062936829515,0.0295485131526176,0.0447360501816314
"W31440","3Ery",0.148098591364951,0.0711525927140078,0.0771395356452767
"W31441","2Ery",0.138458442328411,0.0112187683617872,0.077139793367463
"W31442","3Ery",0.138613794425321,0.019473901963391,0.0771400510896492
"W31443","12Baso",0.00159588529207494,-0.00137088255445245,0.0628703539757675
"W31444","2Ery",0.14491815795954,0.0122495624102961,0.0771403088118355
"W31445","18Eos",-0.0574138900706618,0.028554748166391,0.0130543921135909
"W31446","5Ery",0.109759789994879,0.0152557536044353,0.077022218394229
"W31447","3Ery",0.114660275304328,0.0362129310539184,0.0771405665340217
"W31448","15Mo",-0.12504107571822,-0.0376413773774285,0.000155921922678146
"W31451","14Mo",-0.0776456073615635,-0.0287770074103442,0.0145675071275881
"W31452","2Ery",0.16624577171562,0.0235391332913572,0.077140824256208
"W31453","6Ery",0.091510392648083,0.0070081587966625,0.000260071543115765
"W31454","14Mo",-0.0815304433866421,-0.0321866575030297,0.000234476976099855
"W31455","2Ery",0.170842803459683,0.020688478196565,0.0771410819783942
"W31456","5Ery",0.119880178413234,0.0359129108128908,0.0771413397005804
"W31457","12Baso",-0.0208286422267367,0.000578706933782535,0.0368047899730456
"W31458","7MEP",-0.0112608207388402,0.0231663468261984,0.0562455359852843
"W31459","17Neu",-0.0264443200104604,0.00449677218466659,0.0314957556740657
"W31460","14Mo",-0.101772788087837,-0.0359852841044682,0.000155664200491901
"W31461","2Ery",0.140876228908139,0.0118279599654265,0.0771415974227667
"W31462","5Ery",0.116995719909466,0.00506257044334969,0.0771418551449529
"W31463","2Ery",0.156418971797386,0.0129597054029407,0.0771421128671392
"W31464","14Mo",-0.110560398968899,-0.00765378383929658,0.000155406478305656
"W31465","13Baso",-0.107241082764395,-0.0344187525731838,0.000155148756119411
"W31466","15Mo",-0.12411263327747,-0.0277900865780625,0.000154891033933166
"W31467","2Ery",0.143333037789455,0.0308982447844118,0.0771423705893254
"W31468","13Baso",-0.0903867985251681,-0.0180395803901085,0.00203911644818205
"W31469","16Neu",-0.101549724819958,-0.0752559806530824,0.000154633311746921
"W31470","5Ery",0.131627607946484,0.0386801282255113,0.0771426283115117
"W31471","14Mo",-0.127523876097069,-0.00883382114886666,0.000154375589560676
"W31472","16Neu",-0.10355157438965,-0.0718686400570023,0.000154117867374431
"W31473","14Mo",-0.114697365600057,-0.0215041929399381,0.000153860145188187
"W31474","16Neu",-0.117581855965866,-0.0983387254134577,0.000153602423001942
"W31475","14Mo",-0.113022058822667,-0.0195841983337279,0.000153344700815697
"W31476","8Mk",-0.0107170946655216,0.0432763188828391,0.0640445287457903
"W31477","10GMP",-0.057030751109819,-0.000573769449707517,0.00105286380485101
"W31478","14Mo",-0.098292712630729,-0.0402699420479441,0.000153086978629452
"W31479","5Ery",0.113448235646333,0.00982210087018891,0.0771428860336979
"W31480","7MEP",0.0197313014157774,0.00318396745804006,0.000488292668140483
"W31481","2Ery",0.148017655488766,0.0135967013133393,0.0771431437558842
"W31483","14Mo",-0.0685441194491317,0.00662241303454711,0.00857761644442822
"W31484","13Baso",-0.118496062915063,-0.00782333309310981,0.000152829256443207
"W31485","2Ery",0.128105894495649,0.00931571045162879,0.0771434014780704
"W31486","5Ery",0.122221083566395,0.0133633208312111,0.0771436592002566
"W31487","14Mo",-0.106466981380642,-0.0246735241219006,0.000152571534256962
"W31489","14Mo",-0.141631697789989,-0.0254597940242413,0.000152313812070717
"W31491","9GMP",-0.059114583568592,0.00317789081354236,0.000147239314129273
"W31492","4Ery",0.125945742910724,0.0621121772526385,0.0771439169224429
"W31493","10GMP",-0.0459891676417664,-0.00725675377525309,0.011492039573265
"W31494","13Baso",-0.12509116686204,-0.0475322420483568,0.000152056089884473
"W31495","10GMP",-0.0630009711240595,0.00586431131447332,0.00225240322997712
"W31497","7MEP",0.0170462386768765,-0.00160834809555069,0.0812361379911775
"W31498","10GMP",-0.0620180449417805,-0.0032489382070899,0.00556663666213045
"W31499","3Ery",0.0924116940340303,0.0448890349657839,0.0710351937491888
"W31500","2Ery",0.14680914274333,0.0345411378336171,0.0771441746446291
"W31501","14Mo",-0.132130516034786,-0.0241686812591927,0.000151798367698228
"W31502","10GMP",-0.0543042584888926,-0.0107211058222221,6.58404533081594e-05
"W31503","15Mo",-0.128139436998907,-0.0656356581035609,0.000151540645511983
"W31504","13Baso",-0.145039244942629,-0.0493723769649023,0.000151282923325738
"W31505","7MEP",0.00942373365358069,0.00717452286637122,0.0752588164533159
"W31506","6Ery",0.0366832201340462,0.0111541547375488,0.0228628094109161
"W31507","7MEP",0.0351285664178599,0.0218322226284785,0.0242255622092319
"W31508","5Ery",0.0962136850869272,0.0369973476665969,0.0686929238112214
"W31509","14Mo",-0.130313089447029,-0.0215127384105236,0.000151025201139493
"W31510","13Baso",-0.124579850103541,-0.00890466006212107,0.000150767478953248
"W31511","10GMP",-0.0873244459514988,0.00570902724559365,0.000719142729865802
"W31512","7MEP",0.0463545065764373,0.0255386020417183,0.0385634935195169
"W31513","3Ery",0.114950139727512,0.0683500967875113,0.0771444323668154
"W31514","7MEP",0.0156153111025995,0.0142821274923315,0.0851204822228531
"W31515","13Baso",-0.11621147112643,0.000398183282353788,0.000150509756767003
"W31516","1Ery",0.172021999319155,0.0338507067766474,0.0771446900890016
"W31517","14Mo",-0.083213992289105,-0.0496116219132849,0.000150252034580758
"W31518","13Baso",-0.120245566332622,-0.00598123424876945,0.000149994312394514
"W31519","10GMP",-0.0420127928225962,-0.0160816981430024,0.0125071712018857
"W31520","9GMP",-0.0635872329016536,0.0115689616907954,0.000142913290131649
"W31521","3Ery",0.0995575258000622,0.0609614920628623,0.0770616271851415
"W31522","13Baso",-0.124871872631061,-0.00294538712780512,0.000149736590208269
"W31523","2Ery",0.160448178772625,0.0246659855936667,0.0771449478111879
"W31524","13Baso",-0.0948929587377802,7.12737278463422e-07,0.00388657470232016
"W31525","2Ery",0.143861422875648,0.0223158750202095,0.0771452055333741
"W31526","6Ery",0.0252350184584599,0.00190857772721365,0.00659822314637402
"W31527","6Ery",0.0319655889128636,0.00658388807977553,0.0159342181583877
"W31528","13Baso",-0.119348947707816,-0.00677597764147505,0.000149478868022024
"W31529","3Ery",0.101178804146506,0.0596032495620635,0.0771454632555604
"W31530","13Baso",-0.144630645222996,-0.0174344759838749,0.000149221145835779
"W31532","14Mo",-0.102327487696444,-0.0673480099438818,0.000148963423649534
"W31533","10GMP",-0.0227434881147924,-0.0110101185748306,0.0304016562250784
"W31534","8Mk",-0.0162538455774845,0.0461402451580865,0.0584517311849796
"W31535","9GMP",-0.0417716383947359,0.000153709774139181,0.0167142912543955
"W31536","2Ery",0.141983741028617,0.0273991229948643,0.0771457209777466
"W31537","13Baso",-0.0561331215319012,-0.00658154839396576,9.98658093440269e-05
"W31538","14Mo",-0.117477457167395,-0.0114706907900057,0.000148705701463289
"W31539","13Baso",-0.0539223881990176,-0.0189113037853919,0.00351978406051944
"W31540","14Mo",-0.108539543635097,-0.0362284933086386,0.000148447979277044
"W31541","5Ery",0.129268217860607,0.0135320398490602,0.0771459786999329
"W31542","14Mo",-0.108758981760327,-0.0322405430565511,0.000148190257090799
"W31543","5Ery",0.0816124695825016,0.0188596021840812,0.00807693763661551
"W31544","13Baso",-0.118952563453176,-0.008802615410572,0.000147932534904555
"W31545","12Baso",-0.0338214213629384,0.0067794547971256,0.00430491104741382
"W31546","16Neu",-0.121339881404695,-0.0974904137664729,0.00014767481271831
"W31548","13Baso",-0.050471786096179,-0.014443607275107,0.00301899100258877
"W31549","13Baso",-0.0980725142608053,-0.0141730989747066,0.000147417090532065
"W31550","2Ery",0.162385575397067,0.031610235676536,0.0771462364221191
"W31551","2Ery",0.129538640186208,0.0160882138741643,0.0771464941443053
"W31552","14Mo",-0.0974211817495863,-0.0187791231530461,0.00014715936834582
"W31553","7MEP",0.00524642979927564,0.00316541493509721,0.0688447117272099
"W31554","4Ery",0.116530224063733,0.033784689025141,0.0771467518664916
"W31555","6Ery",0.0712200746934293,0.0101923458062943,0.0226279524940077
"W31556","13Baso",-0.0918653312802593,-0.0264433200034338,0.000146901646159575
"W31558","14Mo",-0.0950377387969894,-0.0433582705240406,0.00014664392397333
"W31559","14Mo",-0.107192707112317,-0.0188181931457542,0.000146386201787085
"W31560","6Ery",0.0190240838377867,0.0050066289880604,0.00019913994464101
"W31562","12Baso",-0.0229157674970448,0.00370547369734696,0.0354255424127124
"W31563","6Ery",0.0958351640026501,0.044136275880063,0.0699872771968068
"W31564","14Mo",-0.0931207227890608,-0.0561344270681681,0.000146128479600841
"W31565","2Ery",0.127290954153852,0.0184722471914579,0.0771470095886778
"W31566","13Baso",-0.102716243091099,-0.0381113608048167,0.000145870757414596
"W31567","13Baso",-0.105834942552835,-0.0159605947471542,0.000145613035228351
"W31568","14Mo",-0.0992022350102281,-0.0522911712380229,0.000145355313042106
"W31569","7MEP",0.0164946001812365,-0.00232886808412558,0.0803217066660291
"W31570","7MEP",0.0107747980533211,0.0111285094318586,0.0782777916210596
"W31571","15Mo",-0.124371967563485,-0.0902574622768025,0.000145097590855861
"W31572","5Ery",0.0979099861752054,0.0281896345490708,0.0690582333376927
"W31573","5Ery",0.0764700362172926,0.0177652390871776,0.0144004153403607
"W31575","5Ery",0.041837989978976,0.0083833223748604,0.0281094494873232
"W31576","5Ery",0.110864846300822,0.0200798424268866,0.0771472673108641
"W31577","15Mo",-0.131092685062156,-0.0767629131033084,0.000144839868669616
"W31578","1Ery",0.162571845121024,0.0314798972010199,0.0771475250330503
"W31580","13Baso",-0.0926311098169135,-0.0107659945718224,0.000345017384063773
"W31581","10GMP",-0.0736278317932338,0.00374947777893453,0.00153029644208228
"W31583","12Baso",-0.0112956113818474,0.0167056036163973,0.0539067475763851
"W31586","4Ery",0.125085247992087,0.0718017031490571,0.0771477827552366
"W31587","7MEP",-0.0103357966168609,0.0122980216313984,0.0534853658349136
"W31588","15Mo",-0.135754105744268,-0.0925498600599607,0.000144582146483371
"W31590","13Baso",-0.144873655528471,-0.015605389931745,0.000144324424297126
"W31591","13Baso",-0.146974519932313,-0.0237960239800339,0.000144066702110882
"W31593","3Ery",0.131439654949562,0.0715420616201391,0.0771480404774228
"W31594","3Ery",0.125633364127358,0.0329869388533948,0.0771482981996091
"W31595","15Mo",-0.111107196115943,-0.0717891808807538,0.000143808979924637
"W31596","16Neu",-0.11585293415009,-0.09930806166629,0.000143551257738392
"W31597","13Baso",-0.145497391699482,-0.0262793943813983,0.000143293535552147
"W31598","2Ery",0.142409640052176,0.0461336163738687,0.0771485559217953
"W31599","15Mo",-0.129468690797003,-0.0808717097039158,0.000143035813365902
"W31600","17Neu",-0.0127765294362914,-0.00272918587208093,0.0452335976169754
"W31601","15Mo",-0.118711162908918,-0.0643964164702414,0.000142778091179657
"W31602","13Baso",-0.089781580204266,-0.0002918159510155,0.0127201467752922
"W31603","16Neu",-0.101564893032596,-0.0867815167919565,0.000142520368993412
"W31604","6Ery",0.0349694361513005,0.0101650993174476,0.0205465844983586
"W31605","5Ery",0.0878348039350123,0.0435454140846432,0.0767413323964544
"W31606","15Mo",-0.130088179013701,-0.0375933567097483,0.000142262646807167
"W31607","9GMP",-0.052497648518119,0.0142979274210955,0.0128762438935541
"W31608","13Baso",-0.141775660976367,-0.0226723465299474,0.000142004924620923
"W31609","15Mo",-0.139954370683404,-0.0683345497510867,0.000141747202434678
"W31611","13Baso",-0.118240427735031,-0.021284515818124,0.000141489480248433
"W31613","6Ery",0.00672454081121613,0.0121758349199362,0.0738138911744404
"W31614","7MEP",-0.00216297404572592,0.00332560909066375,0.0600511633971498
"W31615","12Baso",-0.0195936270451253,-0.00528954069425266,0.0361931595505048
"W31617","15Mo",-0.121941997760205,-0.0969697826618935,0.000141231758062188
"W31618","2Ery",0.164136272590704,0.0183560845671392,0.0771488136439815
"W31620","13Baso",-0.0537600054671225,-0.00471339736542492,0.0032225066026506
"W31621","10GMP",-0.0152992326077413,0.00140263679007591,0.0436924367889649
"W31622","14Mo",-0.112730549989137,-0.060684817297187,0.000140974035875943
"W31623","14Mo",-0.130575101124115,-0.0185183286652411,0.000140716313689698
"W31624","14Mo",-0.113586599743835,-0.0699242015787289,0.000140458591503453
"W31625","15Mo",-0.131066129443964,-0.0895581211203132,0.000140200869317209
"W31626","5Ery",0.0720189178782434,0.0183909653248713,0.0194411750176078
"W31628","16Neu",-0.107090831705384,-0.0902297227303001,0.000139943147130964
"W31629","5Ery",0.0990416659578385,0.0176582458129665,0.0705435679147453
"W31630","14Mo",-0.117288104827001,-0.0494834181166784,0.000139685424944719
"W31631","13Baso",-0.139558391716751,-0.0133630713537828,0.000139427702758474
"W31632","15Mo",-0.133008645265807,-0.0900192828137531,0.000139169980572229
"W31634","2Ery",0.156160945551486,0.0229712120671181,0.0771490713661678
"W31635","2Ery",0.167309556166775,0.0296017663357215,0.077149329088354
"W31636","2Ery",0.155311973506662,0.0159158818909561,0.0771495868105403
"W31638","13Baso",-0.0974782721716429,-0.0229535353697308,0.000138912258385984
"W31639","13Baso",-0.102338835417525,0.00497744273376322,0.0018996620156648
"W31640","5Ery",0.0786712393189675,0.0255877379638165,0.00967302364815936
"W31641","5Ery",0.0937139673450766,0.0333931382082274,0.0725768602081028
"W31642","9GMP",-0.0263368928015371,-0.00422500900313575,0
"W31644","14Mo",-0.110412908310245,-0.0300591638902442,0.000138654536199739
"W31645","7MEP",0.0154049009159619,0.00933780126221152,0.0831705462598387
"W31646","14Mo",-0.1055272535556,-0.0181215019131734,0.000138396814013494
"W31648","16Neu",-0.104354065887248,-0.0896429216961436,0.00013813909182725
"W31649","2Ery",0.147610340376555,0.0404995468305954,0.0771498445327265
"W31650","2Ery",0.132397642914476,0.0133981186165361,0.0771501022549128
"W31651","10GMP",-0.0183980869537681,-0.00830561742179304,0.0365478284635659
"W31652","8Mk",-0.0160113129235588,0.047404087952357,0.0591905737501947
"W31653","2Ery",0.137882989148591,0.0133537953934784,0.077150359977099
"W31654","5Ery",0.125570665820494,0.0172678344789274,0.0771506176992853
"W31655","13Baso",-0.120448722987002,-0.00871425251974284,0.000137881369641005
"W31656","13Baso",-0.124534199553103,-0.00912444798602292,0.00013762364745476
"W31657","12Baso",-0.045107447367159,0.0130544195851449,0.0152121239499865
"W31658","7MEP",0.0206122807361813,0.00290406733565043,0.00144388773729295
"W31659","7MEP",0.0212464418533331,0.0057708018016986,0.00305131866398082
"W31660","13Baso",-0.107746234487345,-0.0219690325662317,0.000137365925268515
"W31661","6Ery",0.0215307845581403,-0.000515429718850692,0.00150373314476816
"W31662","5Ery",0.110121549067002,0.020428686876238,0.0771508754214715
"W31663","16Neu",-0.118832447528935,-0.100557345215816,0.00013710820308227
"W31664","14Mo",-0.11595044954701,-0.0335150369587038,0.000136850480896025
"W31665","13Baso",-0.119227133866466,-0.0072881791015831,0.00013659275870978
"W31666","2Ery",0.139324606970882,0.0169067436937575,0.0771511331436577
"W31667","14Mo",-0.0941998976313983,-0.0377247483354579,0.000136335036523536
"W31668","5Ery",0.114560527825324,0.013861406506992,0.077151390865844
"W31669","7MEP",0.00360107021649641,-0.00185775663753221,0.0650917192710864
"W31670","10GMP",-0.0916852681960326,0.00285432659353795,0.0131949917339999
"W31674","14Mo",-0.0832503471001638,-0.0416752675835525,0.000136077314337291
"W31676","4Ery",0.12767178911208,0.0437381752146802,0.0771516485880302
"W31678","14Mo",-0.123442694194709,-0.0505824094897481,0.000135819592151046
"W31681","12Baso",-0.0263238021172566,0.00789039454190673,0.0328460383645038
"W31682","9GMP",-0.0481926592799966,0.0037040717101045,0.0135302310931316
"W31683","15Mo",-0.139226286083859,-0.0732609247839351,0.000135561869964801
"W31684","17Neu",-0.0270207455803143,0.0142424607980331,0.0342721508608621
"W31685","7MEP",0.00318454824871344,0.0211969192219765,0.0727942849013649
"W31686","16Neu",-0.122033092066931,-0.090896418719192,0.000135304147778556
"W31687","13Baso",-0.140842491196294,-0.0108510453400361,0.000135046425592311
"W31689","3Ery",0.108669404634643,0.0647901192274024,0.0771519063102165
"W31690","15Mo",-0.12457576838477,-0.0952106954476386,0.000134788703406066
"W31691","3Ery",0.136778457076496,0.0341150255500511,0.0771521640324027
"W31692","7MEP",0.0384421640059315,0.00752270408959577,0.0238500386387191
"W31693","8Mk",-0.0149962158771324,0.0481424454797497,0.060665366040489
"W31695","3Ery",0.115906373104858,0.0339751941394162,0.077152421754589
"W31696","13Baso",-0.126253368209627,-0.010044144899651,0.000134530981219821
"W31697","9GMP",-0.0360823515682763,-0.00407651027366832,0.0116721909081559
"W31698","3Ery",0.112578382031954,0.053241204353425,0.0771526794767752
"W31699","3Ery",0.119500443351636,0.037001694933367,0.0771529371989615
"W31700","2Ery",0.163449044470121,0.0363143185670917,0.0771531949211477
"W31701","16Neu",-0.110756304214023,-0.0957980179275984,0.000134273259033577
"W31702","14Mo",-0.117278503444169,-0.0191158844349235,0.000134015536847332
"W31703","16Neu",-0.116743330383482,-0.097541842737684,0.000133757814661087
"W31704","6Ery",0.0381233762246788,0.00890240814213324,0.0238872842507752
"W31705","14Mo",-0.132010879362273,-0.0225800715494521,0.000133500092474842
"W31706","5Ery",0.0734055643226992,0.0203715077798454,0.0172732852048755
"W31707","14Mo",-0.12414495847511,-0.015342806266574,0.000133242370288597
"W31708","14Mo",-0.111206976701725,-0.0454942791809478,0.000132984648102352
"W31711","15Mo",-0.100965751722392,-0.069260043258492,0.000132726925916107
"W31712","13Baso",-0.0605803140880295,-0.023719620492552,0.00373021528485923
"W31713","14Mo",-0.113201085727794,-0.0605372296213552,0.000132469203729862
"W31714","13Baso",-0.0982336084161646,-0.0135156387204479,0.000132211481543618
"W31715","17Neu",-0.0294985376398872,0.0111606099015666,0.0302196482091736
"W31716","14Mo",-0.10055417928588,-0.0292164460071973,0.000131953759357373
"W31717","1Ery",0.172451940669942,0.0221974514193859,0.077153452643334
"W31718","2Ery",0.133471624264582,0.0146883306244833,0.0771537103655202
"W31719","5Ery",0.0988604970826057,0.0144456193946983,0.0716120887118646
"W31720","6Ery",0.0137953647855142,-0.00256882194680983,0.0770141611465374
"W31721","15Mo",-0.145420425290455,-0.0621606245877016,0.000131696037171128
"W31722","10GMP",-0.060483248779232,0.00962946201906814,0.00125984114098187
"W31723","6Ery",0.0261366249854918,0.00622325983022525,0.00895229818173291
"W31724","10GMP",-0.0301812227535917,-0.00537842723323572,0.00512199352691871
"W31725","7MEP",0.00597774350369017,-0.00338793188937542,0.0673863083603616
"W31726","14Mo",-0.101634125351458,-0.0313843123417698,0.000131438314984883
"W31727","13Baso",-0.0941941087858899,0.00327847072126914,0.0159713307618151
"W31728","2Ery",0.141658169298365,0.0137355415767025,0.0771539680877064
"W31729","14Mo",-0.12883420596687,-0.0576009092623046,0.000131180592798638
"W31730","14Mo",-0.1158916128664,-0.0573708864641828,0.000130922870612393
"W31731","6Ery",0.0193690602606599,-0.0012755093372265,0.0841289733966384
"W31732","13Baso",-0.0492758790688989,-0.0212190448763011,0.00156135721718487
"W31733","14Mo",-0.104693655270113,-0.027842363470078,0.000130665148426148
"W31734","14Mo",-0.0834065131873992,-0.0324521380224237,0.00230916661072833
"W31735","2Ery",0.13366283052415,0.0158668513690373,0.0771542258098927
"W31736","6Ery",0.0924164752362112,0.0312451424663882,0.0746650945110986
"W31737","13Baso",-0.111234620857294,-0.00421170552868239,0.000130407426239904
"W31738","10GMP",-0.0482795065915546,-0.0124030319982518,0.00653291773663305
"W31739","15Mo",-0.105542170922912,-0.0773464568958195,0.000130149704053659
"W31740","16Neu",-0.104138219968916,-0.0875259396202439,0.000129891981867414
"W31741","10GMP",-0.0650536811392695,0.00229441856806973,0.00649820352415409
"W31742","1Ery",0.175315332943632,0.0296160508933559,0.0771544835320789
"W31743","14Mo",-0.11298221761121,-0.0251787885081749,0.000129634259681169
"W31744","12Baso",-0.032064284423372,0.0121708413030873,0.00011630441182009
"W31745","10GMP",-0.0653335364713271,-0.00356273043152617,0.00794163979189283
"W31746","12Baso",-0.0235933542983281,-0.00703036699547618,0.0308017012914353
"W31748","16Neu",-0.113777423798457,-0.0986392746595087,0.000129376537494924
"W31749","10GMP",-0.0488406770952486,0.0153717318248459,0.0177400351270344
"W31750","13Baso",-0.117754497303492,-0.0027443429724969,0.000129118815308679
"W31751","16Neu",-0.115005647471997,-0.0959017813838501,0.000128861093122434
"W31752","6Ery",0.0333711273042836,0.00857960821482874,0.0181883193330169
"W31755","5Ery",0.0896887226882388,0.014259239125592,0.000118677207929265
"W31756","10GMP",-0.067932387060477,-0.00827280989475729,0.00247483131903123
"W31758","13Baso",-0.103711138695615,-0.0116401008860031,0.000128603370936189
"W31760","14Mo",-0.109169240082126,-0.046135338410098,0.000128345648749945
"W31761","5Ery",0.115043750674369,0.0216797008037687,0.0771547412542652
"W31762","13Baso",-0.119176626380845,-0.00609252116144222,0.0001280879265637
"W31764","13Baso",-0.120745070505413,-0.0147993023314722,0.000127830204377455
"W31765","13Baso",-0.110404589214375,-0.0160491903759273,0.00012757248219121
"W31767","13Baso",-0.102987618081273,-0.0482500723145679,0.000127314760004965
"W31768","4Ery",0.126821427190822,0.0425418869190751,0.0771549989764514
"W31771","12Baso",-0.0174687020070056,0.0039721631429097,0.0420179685228463
"W31773","10GMP",-0.0405215990706116,-0.00332972136587162,0.0166986715191601
"W31775","1Ery",0.175865104974884,0.0311362918551005,0.0771552566986377
"W31777","3Ery",0.136611024948931,0.0653269000645891,0.0771555144208239
"W31778","6Ery",0.0278780421495706,0.00304455057322293,0.0100550138848686
"W31779","6Ery",0.0319478384011293,0.011072103973647,0.0172559486622925
"W31780","2Ery",0.145060353597751,0.0231918008454028,0.0771557721430102
"W31781","2Ery",0.165370738575908,0.0382319378224642,0.0771560298651964
"W31782","13Baso",-0.124559993585856,-0.00866604937857678,0.00012705703781872
"W31783","3Ery",0.0878336102552644,0.0477313014144977,0.0756271148986697
"W31785","15Mo",-0.127997341361657,-0.0864301441096493,0.000126799315632475
"W31786","2Ery",0.149000272459661,0.035711272321008,0.0771562875873826
"W31787","10GMP",-0.0632718507777795,-0.0128340887221002,0.00585515087515683
"W31788","5Ery",0.0712692321523902,0.0135300194683744,0.0216536539431584
"W31789","13Baso",-0.091424270330512,-0.0245084879628288,0.000126541593446231
"W31791","9GMP",-0.0554514949910014,-0.0050818966498838,0.00102590146235397
"W31792","9GMP",-0.0577791249433891,-0.00478604079458712,0.00120290632288742
"W31793","12Baso",-0.0356414564022877,0.00354846238774739,0.00787970148421296
"W31794","17Neu",-0.0246493973642912,0.00316905403063535,0.0331661481763991
"W31795","6Ery",0.0297099842927891,0.00499449052060787,0.0127989903008241
"W31796","7MEP",0.0214216321075918,-0.00116370666573395,0.00118056716212005
"W31797","6Ery",0.077448366232936,0.025659005717694,0.0110867764748455
"W31798","14Mo",-0.120568406392856,-0.0149884692156432,0.000126283871259986
"W31799","14Mo",-0.123249374575074,-0.0229127830137718,0.000126026149073741
"W31801","13Baso",-0.118374538055456,-0.00753001162293007,0.000125768426887496
"W31802","13Baso",-0.0997693275774287,-0.0167130607038297,0.000125510704701251
"W31803","2Ery",0.134797435708372,0.0083124891681098,0.0771565453095689
"W31804","13Baso",-0.09934346381192,-0.000868707475142119,0.00198345948149885
"W31805","7MEP",-0.00104645313222646,0.00571804078432436,0.0622356408299064
"W31806","3Ery",0.116634180114121,0.0352862016152069,0.0771568030317551
"W31807","13Baso",-0.0650601077755956,-0.0247972001556641,0.00221456426123686
"W31808","15Mo",-0.137762950796013,-0.0719745634878134,0.000125252982515006
"W31809","13Baso",-0.100050799233625,-0.0282254869653749,0.000124995260328761
"W31811","17Neu",-0.0243253459872729,0.0133860342855263,0.0371838226902078
"W31812","13Baso",-0.0886536959396299,-0.01241578445805,0.00392387770258289
"W31813","14Mo",-0.104320897088119,-0.03533252885445,0.000124737538142516
"W31814","2Ery",0.134512516590104,0.00946831604824761,0.0771570607539414
"W31816","13Baso",-0.0772013438093527,-0.0181049322207409,0
"W31817","13Baso",-0.10126435554084,-0.03035154373064,0.000124479815956272
"W31818","2Ery",0.143428713986463,0.0166201369080918,0.0771573184761276
"W31819","2Ery",0.160081935441955,0.0154747514095254,0.0771575761983139
"W31820","16Neu",-0.104233353704574,-0.0887595079393644,0.000124222093770027
"W31821","14Mo",-0.103048064919844,-0.0339846923403662,0.000123964371583782
"W31822","10GMP",-0.0380455976104664,-0.00996782745800894,0.0165561454331257
"W31823","16Neu",-0.10370755383133,-0.0857833252005171,0.000123706649397537
"W31824","13Baso",-0.147873389341813,-0.017263027903243,0.000123448927211292
"W31825","10GMP",-0.106080633583295,0.00098819386054611,0.000123191205025047
"W31826","16Neu",-0.0954791750201997,-0.0724287078138335,0.000122933482838802
"W31827","2Ery",0.113134422109364,0.00620701854151682,0.0771578339205001
"W31828","14Mo",-0.102608538356149,-0.0243700585424232,0.000122675760652557
"W31829","12Baso",-0.0180683746631035,-0.00149796511141201,0.0393592871314688
"W31830","9GMP",-0.0554895818637961,-0.00764346615572443,0.000138487227645073
"W31831","2Ery",0.142694210106726,0.0273718595886157,0.0771580916426864
"W31832","2Ery",0.150076043415278,0.0406266839977681,0.0771583493648726
"W31834","2Ery",0.137038989292583,0.00997555939295647,0.0771586070870589
"W31835","6Ery",0.0915070705665869,0.0143076972531895,0.080239965890138
"W31836","13Baso",-0.10647889173527,0.0030184473236664,0.000122418038466313
"W31837","14Mo",-0.0774611372737164,-0.0344776660759108,0.00411802918786137
"W31838","2Ery",0.136883024971181,0.0131193949288026,0.0771588648092451
"W31839","5Ery",0.116307449438055,0.0258050708118772,0.0771591225314313
"W31840","16Neu",-0.125113628251978,-0.0966649958545682,0.000122160316280068
"W31841","6Ery",0.0316561237210256,0.00962071457002241,0.01647814171488
"W31842","13Baso",-0.0836391487146456,-0.0316323321252498,0.00206519863627615
"W31845","14Mo",-0.102602251418709,-0.0233531803996691,0.000121902594093823
"W31846","5Ery",0.0977946710567184,0.0225466201879214,0.0706989342024656
"W31847","5Ery",0.114238019419189,0.0145556727389565,0.0771593802536176
"W31849","2Ery",0.161767422019669,0.0279051559860315,0.0771596379758038
"W31850","4Ery",0.111236903171668,0.0218544944579909,0.0771598956979901
"W31851","2Ery",0.157516399122893,0.0158392033280479,0.0771601534201763
"W31854","10GMP",-0.0455761096407558,-0.0140679176611929,0.00907630348726193
"W31855","5Ery",0.129867529416384,0.0230109030641635,0.0771604111423626
"W31856","13Baso",-0.0938873302356232,-0.0478912077549265,0.000121644871907578
"W31857","13Baso",-0.111927490071096,-0.0116034789037628,0.000121387149721333
"W31858","2Ery",0.131898474793719,0.0228159275645013,0.0771606688645488
"W31859","12Baso",-0.0214727921849936,0.00590132574944933,0.037927329280689
"W31860","12Baso",-0.03120631015696,0.0120385255273558,0.000831037510140027
"W31861","15Mo",-0.0956567674795022,-0.0672099001117629,0.000121129427535088
"W31864","13Baso",-0.125190766030072,-0.0183517997299771,0.000120871705348843
"W31865","13Baso",-0.112710766837936,-0.00451899826152313,0.000120613983162599
"W31866","13Baso",-0.110167760618579,-0.012557598495049,0.000120356260976354
"W31868","13Baso",-0.0945611914487831,-0.0190914550506118,0.000120098538790109
"W31870","10GMP",-0.0709124360187084,-0.000337644395754543,0.00279353189907634
"W31871","14Mo",-0.116868885932329,-0.0954118241036318,0.000119840816603864
"W31872","13Baso",-0.144398746985834,-0.0203673912734766,0.000119583094417619
"W36865","7MEP",0.00412008291439969,0.00523707783435355,0.0682351773876158
"W36866","13Baso",-0.131822820192517,-0.0367899077249802,0.000119325372231374
"W36867","9GMP",0.00261936917946245,0.018364964211736,0.0711125595442284
"W36868","14Mo",-0.14970843958932,-0.0298485694700847,0.000119067650045129
"W36869","1Ery",0.171515786559808,0.0521306799797956,0.0771609265867351
"W36871","3Ery",0.115964785653199,0.0746553770022248,0.0771611843089213
"W36873","13Baso",-0.145452079207686,-0.0110255617594922,0.000118809927858884
"W36874","13Baso",-0.11718777883281,-0.019126568802633,0.00011855220567264
"W36875","15Mo",-0.123871515854293,-0.0853514586425078,0.000118294483486395
"W36876","2Ery",0.156009462247876,0.0425619698290362,0.0771614420311075
"W36877","13Baso",-0.0833750934928938,0.000305657565647566,0.00255009265513961
"W36878","5Ery",0.128755197848571,0.0490767212197268,0.0771616997532938
"W36879","14Mo",-0.12595852620416,-0.0298862740833431,0.00011803676130015
"W36881","3Ery",0.13271519543847,0.0576421236245218,0.07716195747548
"W36882","6Ery",0.0643792392670685,0.0191156943211886,0.0281862457100408
"W36883","2Ery",0.141588031113056,0.0480736283883531,0.0771622151976663
"W36885","15Mo",-0.120045120139406,-0.0698575342895747,0.000117779039113905
"W36886","12Baso",-0.0369688243874403,0.00502340544759988,0.00884710936272723
"W36887","7MEP",0.00376562663855813,0.0135372969940757,0.0707637783073401
"W36889","2Ery",0.17223492170684,0.05305008480059,0.0771624729198525
"W36890","8Mk",-0.0111953487767117,0.0385772375601965,0.0618025232394807
"W36891","14Mo",-0.13621213279493,-0.0347489355303126,0.00011752131692766
"W36892","14Mo",-0.145813302267294,-0.0332196283000724,0.000117263594741415
"W36893","8Mk",-0.00588997232475303,0.024462572977747,0.0631187985351089
"W36894","5Ery",0.0969651817691302,0.0398557905575367,0.0701799666155109
"W36895","14Mo",-0.103237407544357,-0.0531542949247652,0.00011700587255517
"W36897","2Ery",0.163492956395371,0.0379243869742933,0.0771627306420388
"W36898","3Ery",0.114875711135263,0.0628060639048034,0.077162988364225
"W36899","9GMP",-0.0697926503835718,0.00792245069759746,0.00822651271290189
"W36900","5Ery",0.107177040602449,0.0384481801235743,0.0771632460864113
"W36901","3Ery",0.13171622723644,0.0454600665540515,0.0771635038085975
"W36902","5Ery",0.10994504368476,0.0334639522786063,0.0771637615307837
"W36903","14Mo",-0.11376836877225,-0.0212224880279875,0.000116748150368925
"W36905","2Ery",0.139195201858465,0.052262805602867,0.07716401925297
"W36906","2Ery",0.144221487446858,0.0522852038846205,0.0771642769751562
"W36907","14Mo",-0.106333907479341,-0.0569568503965132,0.000116490428182681
"W36908","16Neu",-0.11067404383702,-0.0796383977450811,0.000116232705996436
"W36909","9GMP",0.00211069072249536,0.0210454904465798,0.0714588487262422
"W36910","16Neu",-0.111736967844364,-0.0844830307072957,0.000115974983810191
"W36911","15Mo",-0.128188786058473,-0.0813029786332119,0.000115717261623946
"W36912","10GMP",-0.0885820871895237,0.00485746608713768,0.00126082489686283
"W36913","3Ery",0.138448005430698,0.05285766376644,0.0771645346973425
"W36914","14Mo",-0.122161155808595,-0.0274408361409915,0.000115459539437701
"W36915","8Mk",-0.0155087671754478,0.028144235441926,0.0529432142479845
"W36916","14Mo",-0.0961106912930455,-0.0510041680507833,0.000115201817251456
"W36917","15Mo",-0.120049360167815,-0.0367010832642138,0.000114944095065211
"W36918","16Neu",-0.0974702636244096,-0.0696778981235611,0.000114686372878967
"W36919","5Ery",0.105329347888912,0.0268275241871975,0.0755828828803164
"W36920","14Mo",-0.124009461239385,-0.0339230408100373,0.000114428650692722
"W36921","16Neu",-0.0986526689885835,-0.0834564015944657,0.000114170928506477
"W36922","4Ery",0.0976210307046205,0.0120697280630016,0.0736932552259125
"W36923","2Ery",0.157744385349543,0.0563671530755572,0.0771647924195287
"W36924","13Baso",-0.122942307696179,-0.00859130749667814,0.000113913206320232
"W36925","14Mo",-0.130940086173957,-0.0164727918178679,0.000113655484133987
"W36926","13Baso",-0.124574429999213,-0.0313772213539493,0.000113397761947742
"W36927","5Ery",0.0850948489572327,0.0214795034464215,0.00327854115497335
"W36928","13Baso",-0.0888726058613847,0.00010132692169806,0.0113987945704223
"W36929","7MEP",0.0137720430223692,0.0138924209522038,0.0828397433569952
"W36930","15Mo",-0.104759367177291,-0.0873263432556298,0.000113140039761497
"W36931","6Ery",0.0396736174681808,0.0143409258536277,0.0273408893623994
"W36932","16Neu",-0.11919278193152,-0.0809507281624821,0.000112882317575252
"W36933","15Mo",-0.128730648439283,-0.0687441528093077,0.000112624595389008
"W36934","12Baso",-0.0304140948905069,0.00765473029273956,0.000172062076310814
"W36935","6Ery",0.0296253251602789,-0.00132735511082289,0.0108071295843891
"W36936","13Baso",-0.121934481571959,-0.0136766583851652,0.000112366873202763
"W36939","14Mo",-0.102686473449689,-0.059320657185664,0.000112109151016518
"W36940","16Neu",-0.10418613165946,-0.0852417792846033,0.000111851428830273
"W36941","14Mo",-0.125546393514953,-0.0299674649471384,0.000111593706644028
"W36942","14Mo",-0.113359730739013,-0.0261064365439112,0.000111335984457783
"W36943","2Ery",0.161159592386249,0.0375538556646773,0.077165050141715
"W36944","6Ery",0.0320235348191396,0.0128378525515253,0.0178738023215619
"W36945","6Ery",0.0180410565317462,-0.00175531792259513,0.0823714140612644
"W36946","13Baso",-0.0937269744717224,-0.00476838605717705,0.00242217106346719
"W36947","14Mo",-0.106201382772913,-0.0433946940603973,0.000111078262271538
"W36948","16Neu",-0.110817692921609,-0.0868115722433589,0.000110820540085294
"W36949","2Ery",0.156511575094419,0.0460710225336513,0.0771653078639012
"W36950","2Ery",0.170440664886998,0.0369022371318734,0.0771655655860875
"W36951","5Ery",0.111847369921878,0.0144891589653534,0.0771658233082737
"W36952","2Ery",0.13101353072447,0.0225512169701322,0.07716608103046
"W36953","5Ery",0.0983322374182685,0.0163929685727976,0.0717106022295579
"W36954","1Ery",0.168918419154373,0.027406382670273,0.0771663387526462
"W36955","13Baso",-0.0965400623952456,0.00518117709216392,0.005019945159956
"W36956","14Mo",-0.10308922307433,-0.0225224351220162,0.000110562817899049
"W36957","14Mo",-0.124306803583514,-0.0387487867269253,0.000110305095712804
"W36958","16Neu",-0.121991196460884,-0.0892292299778233,0.000110047373526559
"W36959","1Ery",0.171746641375892,0.0433643644631927,0.0771665964748324
"W36960","6Ery",0.0985566023991626,0.0407486089626901,0.0722729179819305
"W36961","14Mo",-0.129050013078467,-0.0514973511989793,0.000109789651340314
"W36962","14Mo",-0.143505197369884,-0.0336063390550153,0.000109531929154069
"W36963","15Mo",-0.138503442264924,-0.0587597490551188,0.000109274206967824
"W36964","13Baso",-0.139807681943448,-0.00906744584079953,0.000109016484781579
"W36966","15Mo",-0.124414824341915,-0.0597413317130517,0.000108758762595335
"W36967","1Ery",0.173862474473589,0.0518426389148526,0.0771668541970187
"W36969","8Mk",-0.0140218251275342,0.0435776558610246,0.0602050324738429
"W36970","15Mo",-0.122150935386583,-0.0857225588782145,0.00010850104040909
"W36971","14Mo",-0.121015071038307,-0.0339350507996045,0.000108243318222845
"W36972","10GMP",-0.0705851928497727,0.000565423075133655,0.00363487014129514
"W36973","9GMP",-0.049840559608157,0.0115555002584662,0.0149038525827155
"W36974","4Ery",0.102815555976155,0.0417759863012929,0.0765542281076858
"W36975","15Mo",-0.138744608106576,-0.0506847223533649,0.0001079855960366
"W36976","4Ery",0.0223651391737097,-0.0036359384808363,0.0015538468237526
"W36978","2Ery",0.16152980141958,0.0340793471802117,0.0771671119192049
"W36979","14Mo",-0.119047716192401,-0.0328922015087064,0.000107727873850355
"W36980","14Mo",-0.0767541260266667,-0.0449644084210365,0.00232172860714978
"W36981","8Mk",-0.0157671051107772,0.0389081566811945,0.0564626115092867
"W36982","13Baso",-0.080472203380397,-0.0091331081244423,0.000926088320221771
"W36983","6Ery",0.0862096779974866,0.0286579341601716,0
"W36984","13Baso",-0.144821880317491,-0.0195749685199854,0.00010747015166411
"W36985","4Ery",0.107995756367366,0.0316695590403215,0.0771673696413912
"W36987","13Baso",-0.0528234871151939,-0.00617943653450168,0.00372338257097149
"W36990","15Mo",-0.117862455680078,-0.0483804315333791,0.000107212429477865
"W36991","13Baso",-0.097983844428567,-0.00592421495355273,0.00284966888950421
"W36992","4Ery",0.12344692373546,0.0722663088810118,0.0771676273635774
"W36993","2Ery",0.164509418569416,0.0277229634090223,0.0771678850857637
"W36994","16Neu",-0.105313483041461,-0.0860256173530746,0.00010695470729162
"W36995","2Ery",0.169202303572161,0.0184446581666812,0.0771681428079499
"W36996","5Ery",0.0938065387018163,0.0213832867079807,0.0756690253569742
"W36997","2Ery",0.168004548346077,0.0320501271269343,0.0771684005301362
"W36998","5Ery",0.0569059592669979,0.010873572298382,0.0395027083159137
"W36999","10GMP",-0.0874913053499434,0.00670433216507308,0.00105867632805579
"W37000","13Baso",-0.150720237220729,-0.0200741650286544,0.000106696985105376
"W37001","13Baso",-0.108168847032705,-0.0101888807539787,0.000106439262919131
"W37003","8Mk",-0.00274152095413244,0.0238462015622262,0.0666593795042862
"W37004","16Neu",-0.108122998512742,-0.0824976552535008,0.000106181540732886
"W37005","13Baso",-0.100769858681727,0.000368272647223583,0.00217365383670446
"W37006","7MEP",0.0188611807352859,-0.00259166445712505,0.0830549850933984
"W37008","4Ery",0.130392024594389,0.0609955761886418,0.0771686582523224
"W37009","13Baso",-0.10470998615733,-0.00932087568494962,0.000105923818546641
"W37010","6Ery",0.0113713318629745,0.000924958032713313,0.0753620425680105
"W37011","2Ery",0.134526867593688,0.00190689801326913,0.0771689159745086
"W37012","14Mo",-0.0712881397659984,-0.0326351438571772,0.000757087362893247
"W37013","16Neu",-0.0969223617482051,-0.0755123764255618,0.000105666096360396
"W37014","2Ery",0.157940049456783,0.0522925195248176,0.0771691736966949
"W37015","13Baso",-0.0821603992493787,-0.00443355524837181,0.00144197925390106
"W37016","14Mo",-0.0920292267056712,-0.0474032859385075,0.000105408374174151
"W37017","6Ery",0.0881884466708464,0.0311066438800266,0.0796413744611537
"W37018","2Ery",0.16857740712294,0.0188191194577306,0.0771694314188811
"W37019","2Ery",0.133530894135656,0.00739598148122956,0.0771696891410674
"W37020","2Ery",0.165852230198012,0.0187921825319012,0.0771699468632536
"W37022","8Mk",-0.0104950576912071,0.0309237411195496,0.0599163030823974
"W37023","2Ery",0.15713585099853,0.0481570914809433,0.0771702045854399
"W37024","4Ery",0.136701797768592,0.0614844909042582,0.0771704623076261
"W37025","14Mo",-0.102490194733722,-0.0254234695315827,0.000105150651987906
"W37026","17Neu",-0.023692073102369,-0.00362104188325007,0.0318949214542653
"W37027","5Ery",0.106860974171585,0.00883480401007396,0.073563473496198
"W37028","13Baso",-0.11979593420259,-0.0269110979452915,0.000104892929801662
"W37029","7MEP",0.00761042188124609,0.0132310844034775,0.0752471507200307
"W37030","3Ery",0.106084337187749,0.0371779273054478,0.0771707200298124
"W37031","5Ery",0.108279971853517,0.0226347095871536,0.0771709777519986
"W37032","13Baso",-0.113023579063025,-0.00959729718503455,0.000104635207615417
"W37034","8Mk",-0.0143013784104419,0.0563673279060796,0.0644203874109245
"W37035","6Ery",0.0254590179465986,0.00127878869967018,0.00667404515636359
"W37036","5Ery",0.114674391713398,0.0232787967715304,0.0771712354741848
"W37037","5Ery",0.0874907577640412,0.029127238663682,0.0809835235681081
"W37039","5Ery",0.146035432434583,0.0414198538391819,0.0771714931963711
"W37040","15Mo",-0.1101726185143,-0.0691446819987599,0.000104377485429172
"W37041","2Ery",0.139652850611913,0.0128295019426662,0.0771717509185573
"W37042","2Ery",0.142908272203996,0.0292764020096188,0.0771720086407436
"W37043","15Mo",-0.114850815742438,-0.0739290106629035,0.000104119763242927
"W37044","15Mo",-0.10416618802179,-0.0639856401081858,0.000103862041056682
"W37045","13Baso",-0.128594173078841,-0.0316000418105287,0.000103604318870437
"W37046","14Mo",-0.115736578946995,-0.0260422702207267,0.000103346596684192
"W37047","14Mo",-0.114790710009263,-0.0408769865072994,0.000103088874497947
"W37048","14Mo",-0.102818555690018,-0.0251042346015183,0.000102831152311703
"W37049","5Ery",0.0991905245892846,0.0184587600041842,0.0701554063953071
"W37050","7MEP",0.0162478710944978,-0.00305095252218233,0.079770455531737
"W37051","3Ery",0.108390242187816,0.0343933979015994,0.0771722663629298
"W37052","2Ery",0.145009898744312,0.0516595433645303,0.0771725240851161
"W37053","7MEP",0.00889648417577755,0.0134241493349923,0.0768518810721997
"W37054","1Ery",0.177434413039784,0.0348290400668732,0.0771727818073023
"W37055","14Mo",-0.12047547736013,-0.0308556451907489,0.000102573430125458
"W37056","2Ery",0.146063060601957,0.0259642495955202,0.0771730395294886
"W37057","15Mo",-0.117229977403803,-0.0781227500949818,0.000102315707939213
"W37058","13Baso",-0.145661007519444,-0.0377386166918776,0.000102057985752968
"W37059","4Ery",0.10807883172578,0.03904867612393,0.0771732972516748
"W37060","13Baso",-0.139018564448202,-0.0397603853475181,0.000101800263566723
"W37061","6Ery",0.0848714234999797,0.0297891375502781,0.00125650884494954
"W37063","9GMP",-0.0615908018994784,0.00915082449527436,0.000138744949831317
"W37065","3Ery",0.137462293869976,0.0820775020308076,0.0771735549738611
"W37066","6Ery",0.0673144184129346,0.0201894884746354,0.0244546788790622
"W37067","1Ery",0.168583620461451,0.0400205781941075,0.0771738126960473
"W37068","4Ery",0.116852982177423,0.0551027056887537,0.0771740704182335
"W37069","13Baso",-0.141733109967813,-0.0230406566186221,0.000101542541380478
"W37070","9GMP",-0.0627139059890901,0.0126765646391095,0.000139002672017562
"W37072","7MEP",0.00966511495583258,0.00482741759990405,0.0747122582130533
"W37073","14Mo",-0.121330085639513,-0.0382158936164388,0.000101284819194233
"W37074","13Baso",-0.122122952585554,-0.0468366763801501,0.000101027097007989
"W37075","13Baso",-0.142528651001923,-0.02552956995866,0.000100769374821744
"W37077","10GMP",-0.0510909990321806,-0.00447503543911507,0.00653851617808946
"W37078","9GMP",-0.0530887379673717,0.0110497620017366,0.0107727347328983
"W37079","5Ery",0.0895013404516193,0.0232325984400966,0.080205183955937
"W37080","16Neu",-0.110574779170306,-0.0912065068414235,0.000100511652635499
"W37081","14Mo",-0.115261134470722,-0.0288396636185214,0.000100253930449254
"W37082","15Mo",-0.124387418885676,-0.0767415497088978,9.9996208263009e-05
"W37083","2Ery",0.143620592563566,0.0447243968514113,0.0771743281404198
"W37084","3Ery",0.139533712278073,0.0565881524091144,0.077174585862606
"W37085","13Baso",-0.0879102769078506,-0.0167023858413952,0.00165677924806478
"W37086","6Ery",0.0891954272106952,0.0337716619450614,0.0777551450419238
"W37087","4Ery",0.137756410591997,0.00834485401572388,0.0771748435847923
"W37088","3Ery",0.143465418090846,0.0588066563987961,0.0771751013069785
"W37089","16Neu",-0.111276825745597,-0.0826096152993081,9.97384860767642e-05
"W37090","9GMP",-0.0608875678056673,0.0151307936443469,0.00312675566386085
"W37091","9GMP",-0.0265390402637782,-0.0092275761249053,0.00238250491042943
"W37092","12Baso",0.000844696944268798,-0.000462341253060947,0.0622961374059179
"W37093","7MEP",0.00528350049139129,0.00283538443451448,0.0687707041128145
"W37094","16Neu",-0.114590124281801,-0.0804402973466992,9.94807638905193e-05
"W37095","6Ery",0.0646284746208368,0.0281193988305751,0.0254218610823418
"W37096","13Baso",-0.110764956625774,-0.0281249880761989,9.92230417042744e-05
"W37097","17Neu",-0.031307600707963,0.0030791770914896,0.00286091941848131
"W37098","14Mo",-0.12009659295196,-0.0275710390063323,9.89653195180296e-05
"W37099","3Ery",0.155635370573754,0.0586479251697673,0.0771753590291648
"W37100","16Neu",-0.120336862862715,-0.0835145490662555,9.87075973317847e-05
"W37101","13Baso",-0.0792899547455294,0.00354719754610418,0.00923978714704805
"W37102","14Mo",-0.114586168219955,-0.0227774282947215,9.84498751455398e-05
"W37103","3Ery",0.159435063842943,0.0649219903647797,0.077175616751351
"W37104","14Mo",-0.10299132341919,-0.0420720332093107,9.8192152959295e-05
"W37105","16Neu",-0.116834506014858,-0.0823198834095631,9.79344307730501e-05
"W37106","2Ery",0.157486695301232,0.0447025472939247,0.0771758744735373
"W37107","18Eos",-0.0576629917649606,0.0283178398180694,0.0126523389083279
"W37108","7MEP",0.0106044540448399,0.00135070150464646,0.0745974611762079
"W37109","7MEP",0.01710864536472,0.00258891047040135,0.0828034867326989
"W37110","5Ery",0.108311501183532,0.017958067542765,0.0763788349784182
"W37111","16Neu",-0.114726681125238,-0.0487022266979745,9.76767085868052e-05
"W37112","2Ery",0.151030489258173,0.0230713832346974,0.0771761321957235
"W37113","5Ery",0.111403971963315,0.0283298939808239,0.0771763899179097
"W37114","13Baso",-0.113269964650622,-0.024909731144891,9.74189864005603e-05
"W37115","6Ery",0.0244281967927145,0.00418614233339738,0.00632826405675244
"W37116","14Mo",-0.118319568172065,-0.0363800943438368,9.71612642143155e-05
"W37117","12Baso",-0.0351882278933851,0.00879264202807259,0.00508997763057282
"W37118","13Baso",-0.0943486159466263,-0.00294246023994155,0.00277229694148491
"W37119","5Ery",0.113050031922209,0.0248203536012384,0.077176647640096
"W37120","2Ery",0.133799119299852,0.0232876968019752,0.0771769053622822
"W37121","2Ery",0.141581495700995,0.0463998321092376,0.0771771630844685
"W37122","14Mo",-0.121579842002045,-0.0245116636705187,9.69035420280706e-05
"W37123","16Neu",-0.109565702627627,-0.0789041292021738,9.66458198418257e-05
"W37124","14Mo",-0.100450724244757,-0.0537904322768285,9.63880976555809e-05
"W37125","1Ery",0.173177186685257,0.0416660089229698,0.0771774208066547
"W37127","1Ery",0.168681671454476,0.0274342962394377,0.077177678528841
"W37128","13Baso",-0.0836112465027855,-0.0169238566086873,0.0149018076472846
"W37130","3Ery",0.127389088197313,0.038694345319597,0.0771779362510272
"W37131","5Ery",0.120247243007127,0.0212807643399998,0.0771781939732135
"W37132","16Neu",-0.111737531964028,-0.0917707228224687,9.6130375469336e-05
"W37133","16Neu",-0.11202143569632,-0.0895489883725081,9.58726532830911e-05
"W37134","6Ery",0.0578139576437233,0.0172678523311011,0.0365206440910715
"W37135","1Ery",0.17507652685003,0.0449762893685995,0.0771784516953997
"W37137","14Mo",-0.0875966843992513,-0.0142384948372331,0.00409889757122365
"W37138","16Neu",-0.118876704926703,-0.0700188175309839,9.56149310968463e-05
"W37139","2Ery",0.141635219817567,0.0499431560885699,0.077178709417586
"W37140","10GMP",-0.00170253098924449,0.0220115225696151,0.0672476229076776
"W37141","5Ery",0.115827242784064,0.011355214605637,0.0771789671397722
"W37142","14Mo",-0.119290083664939,-0.017347097516005,9.53572089106014e-05
"W37143","2Ery",0.145678202787695,0.0215312545748028,0.0771792248619584
"W37144","6Ery",0.0910427389161454,0.0363943747814483,0.0748981950684567
"W37145","5Ery",0.109257014116955,0.0245359211307458,0.0771794825841447
"W37146","1Ery",0.177809012135016,0.0323602975781353,0.0771797403063309
"W37147","5Ery",0.0149825579212973,-0.00519831462171508,0.0774968988458374
"W37148","15Mo",-0.0995953846435741,-0.0649953030163187,9.50994867243565e-05
"W37150","10GMP",-0.0526439498202458,-0.00777987797666619,0.00325510858955086
"W37151","2Ery",0.152770301446424,0.0268927807797404,0.0771799980285172
"W37152","5Ery",0.106167558094647,0.0153111698460808,0.073539833623597
"W37153","7MEP",0.0207731439967011,0.00738206997095013,0.00297527875242284
"W37154","6Ery",0.0966118258127036,0.0511424929413479,0.0727402918126399
"W37156","4Ery",0.132499717230504,0.0523941563168556,0.0771802557507034
"W37157","15Mo",-0.136384180876468,-0.0368950266720081,9.48417645381117e-05
"W37158","3Ery",0.147885707288518,0.0568428136181639,0.0771805134728897
"W37159","2Ery",0.161537343116064,0.057932245377312,0.0771807711950759
"W37161","7MEP",0.025014144013569,0.00995020804832586,0.00874384458170128
"W37162","1Ery",0.169903350623321,0.0506503467604339,0.0771810289172622
"W37163","7MEP",0.0179231537252866,0.0001672381202214,0.0829157333797059
"W37164","5Ery",0.100643976100201,0.0284316708630639,0.071465881723813
"W37165","3Ery",0.126757353834385,0.0546079157060501,0.0771812866394484
"W37166","3Ery",0.120935964431286,0.0405059708757487,0.0771815443616346
"W37167","13Baso",-0.103918713158394,-0.0118824682198604,9.45840423518668e-05
"W37168","3Ery",0.118626034989356,0.0721963968919849,0.0771818020838209
"W37169","15Mo",-0.115605634799611,-0.0769902133735979,9.43263201656219e-05
"W37170","15Mo",-0.118052984543221,-0.0340658703197202,9.40685979793771e-05
"W37171","4Ery",0.115488866382571,0.0302725213257905,0.0771820598060071
"W37172","14Mo",-0.121019166617791,-0.0284316632779266,9.38108757931322e-05
"W37173","2Ery",0.142135073475354,0.0335008090284951,0.0771823175281934
"W37174","2Ery",0.142998745157946,0.0467180674206663,0.0771825752503796
"W37175","16Neu",-0.115620180607876,-0.0914790557992547,9.35531536068873e-05
"W37176","13Baso",-0.150917002919671,-0.0220709250841094,9.32954314206424e-05
"W37177","14Mo",-0.0966334192308791,-0.00662295378143836,0.00235156162422004
"W37178","5Ery",0.094841010454179,0.020736242375465,0.0746321485940296
"W37179","16Neu",-0.0921061110379751,-0.0693236019993582,9.30377092343976e-05
"W37180","14Mo",-0.109212511520402,-0.0302913845882237,9.27799870481527e-05
"W37181","16Neu",-0.0943014849240977,-0.0736926758182836,9.25222648619078e-05
"W37182","8Mk",-0.0208997090856472,0.0399795613064036,0.0507162373949398
"W37183","7MEP",0.0224456333076196,0.00331622415981313,0.00373079708421546
"W37184","8Mk",0.00144174250408445,0.0101660886694799,0.0667896991654599
"W37185","14Mo",-0.110468700057653,-0.0181688103089242,9.2264542675663e-05
"W37186","10GMP",-0.0910642781545543,0.00511777345178109,0.0111388846319093
"W37187","5Ery",0.109304499148161,0.0158721359696776,0.0768306375256735
"W37188","10GMP",0.00353188467991456,0.0234801855850322,0.0740215267335107
"W37190","3Ery",0.121422050709691,0.0319173685689823,0.0771828329725659
"W37191","13Baso",-0.0939955763814299,-0.00360762563421556,0.00279709366917845
"W37192","14Mo",-0.128114707206124,-0.0315449657729903,9.20068204894181e-05
"W37193","3Ery",0.137892755384236,0.0533362789033181,0.0771830906947521
"W37194","2Ery",0.117710996044766,-0.000789117212928375,0.0771833484169384
"W37195","2Ery",0.165804884426281,0.0144467949324915,0.0771836061391246
"W37196","14Mo",-0.101310134603571,-0.0660713704822938,9.17490983031732e-05
"W37197","2Ery",0.136731296646232,0.00695751292852049,0.0771838638613108
"W37198","6Ery",0.0658386922146844,0.0249313802473985,0.0248803332478904
"W37199","4Ery",0.132267074342044,0.0469260769488534,0.0771841215834971
"W37200","15Mo",-0.131236637653593,-0.0823204408133883,9.14913761169284e-05
"W37201","13Baso",-0.100109678640747,-0.00884388558838449,9.12336539306835e-05
"W37202","6Ery",0.104391009313814,0.0033794915633589,0.0692413861482471
"W37203","12Baso",-0.0245032549018369,0.0097833171416013,0.0356914071985454
"W37204","16Neu",-0.0942105411216458,-0.0833117266915211,9.09759317444386e-05
"W37205","14Mo",-0.100244300834454,-0.0348678281355805,9.07182095581938e-05
"W37206","15Mo",-0.0993312184959862,-0.0660198834938736,9.04604873719489e-05
"W37207","13Baso",-0.148208796676326,-0.0316064272086274,9.0202765185704e-05
"W37208","2Ery",0.146164440061937,0.0347037398357219,0.0771843793056833
"W37209","14Mo",-0.0946822927863073,-0.0230705910762116,8.99450429994592e-05
"W37210","14Mo",-0.0930971636410938,-0.0335073446799675,8.96873208132143e-05
"W37211","12Baso",-0.0177535562264787,-0.000238137361816244,0.0401826173301877
"W37212","10GMP",-0.0328905452010861,-0.00843588497625862,0.00969352819705744
"W37213","7MEP",0.009473568764767,0.00163770655725051,0.0733484081867409
"W37215","2Ery",0.145730350722636,0.0485926489173661,0.0771846370278696
"W37216","4Ery",0.103389541380366,0.0269134315214366,0.0742722895155217
"W37217","3Ery",0.121413707687396,0.0115128395869217,0.0771848947500558
"W37218","16Neu",-0.0966613765615057,-0.0739013728796628,8.94295986269694e-05
"W37219","5Ery",0.128972455170064,0.011105329482699,0.0771851524722421
"W37220","2Ery",0.153673418761696,0.013599257208773,0.0771854101944283
"W37221","3Ery",0.108786128063242,0.0188876617635322,0.0768624337448039
"W37223","2Ery",0.163617843874955,0.018887156656711,0.0771856679166146
"W37224","14Mo",-0.0948444833039264,-0.0335097180249705,8.91718764407246e-05
"W37225","14Mo",-0.124898237227373,-0.0313126738755617,8.89141542544797e-05
"W37226","8Mk",-0.0105023591202386,0.0452287470256101,0.064995728734163
"W37227","5Ery",0.142586313987716,0.0152175160477063,0.0771859256388008
"W37228","7MEP",0.021499674827341,0.0060679623624172,0.00343871081010361
"W37229","7MEP",-0.00180433745839346,0.0100404248250397,0.0628680090731419
"W37230","16Neu",-0.107997820140496,-0.0829805865699864,8.86564320682348e-05
"W37231","2Ery",0.149343723582982,0.0158281488126769,0.0771861833609871
"W37232","13Baso",-0.0933905220089411,0.00657299210668027,0.0130993722799856
"W37233","5Ery",0.113312220327108,0.0189129394536405,0.0771864410831733
"W37234","5Ery",0.123509395846835,0.0113807594843096,0.0771866988053595
"W37235","14Mo",-0.0990974324157355,-0.0716130833205661,8.83987098819899e-05
"W37236","6Ery",0.0461190531179959,0.0167104405956124,0.0356454540015071
"W37237","14Mo",-0.100945181647139,-0.0265753619905775,8.81409876957451e-05
"W37238","7MEP",0.00571262403363238,0.0126541782477773,0.0727748457795362
"W37239","2Ery",0.15969849661784,0.0284591592752963,0.0771869565275458
"W37240","13Baso",-0.0924882811703388,-0.0129833714324211,0.00138099274264397
"W37241","2Ery",0.169816862774225,0.0226501020995142,0.077187214249732
"W37242","14Mo",-0.0929966179227741,-0.0219440482575396,8.78832655095002e-05
"W37243","2Ery",0.145510033347327,0.00828093663261234,0.0771874719719183
"W37244","15Mo",-0.106377670446501,-0.0677649994481207,8.76255433232553e-05
"W37245","3Ery",0.105260348723147,0.0243054934976187,0.0748398285399115
"W37246","5Ery",0.10559867125362,0.0142690158934034,0.0735205741741786
"W37247","10GMP",-0.00408206660089556,0.0254517078312117,0.0656287484205536
"W37248","6Ery",0.0570252169087626,0.0136176747647747,0.0385412965482204
"W37249","15Mo",-0.132661881823083,-0.0199422662435274,8.73678211370105e-05
"W37250","1Ery",0.160973968203541,0.0610745683395214,0.0771877296941045
"W37251","4Ery",0.115372948700706,0.0717281986247612,0.0771879874162908
"W37252","12Baso",-0.0134034099595538,0.00807316561140083,0.0483239540468125
"W37253","4Ery",0.123073227473814,0.0615180127648273,0.077188245138477
"W37258","13Baso",-0.14405791818125,-0.0124081221345944,8.71100989507656e-05
"W37259","6Ery",0.10579967480857,0.0627251893237375,0.0771885028606633
"W37260","3Ery",0.0459876227303518,-0.00196274016696961,0.0299049813377776
"W37261","8Mk",-0.00593389843855343,0.0281525018889166,0.0643779876839349
"W37262","6Ery",0.0943713102045054,0.0522855365357138,0.0704254677593362
"W37264","3Ery",0.122443812297052,0.0724129571361823,0.0771887605828495
"W37265","3Ery",0.119852897807276,0.0720377147695814,0.0771890183050357
"W37266","4Ery",0.132697157945005,0.0738747647985392,0.077189276027222
"W37267","16Neu",-0.134593707342034,-0.0896324523871055,8.68523767645207e-05
"W37268","7MEP",0.0178783753891169,0.0169163044428412,0.00241491469667388
"W37269","3Ery",0.14214974647027,0.0804993506377616,0.0771895337494082
"W37270","15Mo",-0.135672984192333,-0.0726242121300834,8.65946545782759e-05
"W37273","10GMP",-0.0641121795857135,-0.00622919285062751,0.00810058176064486
"W37274","12Baso",-0.0417561539689176,0.00997310343467358,0.0124950088182695
"W37275","3Ery",0.148042273656132,0.0696799277939534,0.0771897914715945
"W37276","3Ery",0.127967536935558,0.0672007224736787,0.0771900491937807
"W37277","14Mo",-0.149307304455095,-0.0277853118290901,8.6336932392031e-05
"W37278","9GMP",-0.0562204604356971,0.0110522632953814,0.00700285610451838
"W37279","12Baso",-0.0369100018421819,0.0064945292130267,0.00814727316881883
"W37280","15Mo",-0.133276341194942,-0.0893454632915557,8.60792102057861e-05
"W37281","15Mo",-0.13524790590025,-0.0761170510674144,8.58214880195413e-05
"W37282","2Ery",0.14612352707288,0.0411642505180995,0.077190306915967
"W37283","14Mo",-0.128437176205497,-0.031289456326606,8.55637658332964e-05
"W37284","4Ery",0.151282767752388,0.0310060002519027,0.0771905646381532
"W37285","3Ery",0.132839045328915,0.0728604839070164,0.0771908223603395
"W37286","14Mo",-0.148886603857156,-0.0225355833480195,8.53060436470515e-05
"W37288","14Mo",-0.146366379068221,-0.0188917439116658,8.50483214608067e-05
"W37289","8Mk",-0.0175997356215969,0.0460123409594697,0.0568006186380719
"W37290","16Neu",-0.120511214125597,-0.0995512753214015,8.47905992745618e-05
"W37291","10GMP",-0.0381073923696441,-0.00826407715140728,0.0159015112458937
"W37292","2Ery",0.139718037395301,0.0310692903101684,0.0771910800825257
"W37293","2Ery",0.148914960245159,0.0410299083223633,0.0771913378047119
"W37294","3Ery",0.113262955899446,0.0660420698461615,0.0771915955268982
"W37295","9GMP",0.0140358397774936,0.0173863331224534,0.0843972048770331
"W37296","15Mo",-0.136933068797725,-0.0842875275295847,8.45328770883169e-05
"W37297","14Mo",-0.1442287583489,-0.0148686463252519,8.4275154902072e-05
"W37298","5Ery",0.118221764041506,0.0209853161447546,0.0771918532490844
"W37300","14Mo",-0.0897178827121324,-0.0214469551151897,0.00284915344513172
"W37301","2Ery",0.142383535425774,0.0351850655017786,0.0771921109712707
"W37302","13Baso",-0.138616577572997,-0.0099174841164476,8.40174327158272e-05
"W37303","14Mo",-0.144038235442597,-0.014820690625784,8.37597105295823e-05
"W37304","14Mo",-0.150958233159638,-0.0242576019894467,8.35019883433374e-05
"W37305","14Mo",-0.128507266515692,-0.0516511118189979,8.32442661570926e-05
"W37306","2Ery",0.146047625429695,0.0592422690096155,0.0771923686934569
"W37307","2Ery",0.159339540596652,0.0391438596603733,0.0771926264156432
"W37308","13Baso",-0.100400936538062,-0.0260702859581471,8.29865439708477e-05
"W37309","6Ery",0.0450833278462248,0.0118148950756279,0.032960505757053
"W37310","7MEP",0.00366692975692488,0.00104815299469774,0.0662039534733294
"W37311","7MEP",0.00959681685968165,0.00159809019091914,0.0734817811289205
"W37312","13Baso",-0.0919696471025274,0.00215260057381131,0.0139429029035032
"W37313","3Ery",0.117357120214797,0.0724318755109106,0.0771928841378294
"W37314","3Ery",0.076536393367431,0.0234717772966681,0.012754915108083
"W37315","14Mo",-0.0972025338782791,-0.0165524718410578,8.27288217846028e-05
"W37317","2Ery",0.0368832025638989,-0.00204542195733904,0.0191491908884279
"W37318","2Ery",0.159437594698866,0.0189680680506838,0.0771931418600157
"W37319","8Mk",-0.0168945725605984,0.0346323065124619,0.0535961718910233
"W37320","7MEP",0.0258026147655213,0.017606985323511,0.011966435095399
"W37322","16Neu",-0.112545695576099,-0.0939827569361369,8.2471099598358e-05
"W37323","5Ery",0.105426741452099,0.024045638426231,0.0749662480913937
"W37324","14Mo",-0.1183400441113,-0.0214042686705355,8.22133774121131e-05
"W37325","2Ery",0.117160787080732,0.014826241365912,0.0771933995822019
"W37326","14Mo",-0.109132041723289,-0.0352329009486914,8.19556552258682e-05
"W37327","8Mk",-0.0193606933319806,0.0280906795959471,0.0483292853077555
"W37328","7MEP",0.0111213135549276,0.0193477991242052,0.0816132786145943
"W37330","14Mo",-0.123412492164662,-0.0514742931161665,8.16979330396234e-05
"W37331","12Baso",0.0037781322669292,0.000333703008429337,0.0660823552896644
"W37332","13Baso",-0.103013267254299,-0.00892146758361152,8.14402108533785e-05
"W37334","12Baso",-0.0146606458140317,0.0255119650395384,0.0530199903052311
"W37335","13Baso",-0.122493432862208,-0.00513349586550171,8.11824886671336e-05
"W37336","4Ery",0.113035221555992,0.0645699170638212,0.0771936573043882
"W37337","14Mo",-0.140205434907207,-0.0284896233293105,8.09247664808888e-05
"W37338","2Ery",0.148392827788082,0.0555064019740747,0.0771939150265744
"W37339","5Ery",0.129666027497037,0.0201395378903631,0.0771941727487606
"W37341","16Neu",-0.115648470406888,-0.0896978710993853,8.06670442946439e-05
"W37342","3Ery",0.118412157734431,0.0691183382227931,0.0771944304709469
"W37344","3Ery",0.1218745637762,0.0468550877871167,0.0771946881931331
"W37345","4Ery",0.130578453549115,0.0736850860091304,0.0771949459153194
"W37346","3Ery",0.138944406786947,0.0688898864145834,0.0771952036375056
"W37347","6Ery",0.0596461690688362,0.02632516392978,0.0316534828865049
"W37348","15Mo",-0.135661133255197,-0.0721773702066231,8.0409322108399e-05
"W37349","17Neu",-0.0270459732849471,0.0115494798484277,0.0332847208177427
"W37350","14Mo",-0.12626109706398,-0.0119458433666177,8.01515999221541e-05
"W37353","4Ery",0.130576779397291,0.0752184893463703,0.0771954613596919
"W37354","9GMP",-0.0644241377468692,-0.00187513395815909,0.00779599695520716
"W37355","7MEP",0.021981754910162,0.0128317168285612,0.00603108319372896
"W37356","7MEP",0.0110805866847695,0.00769322752425114,0.0774216855780961
"W37357","14Mo",-0.138967582809621,-0.0512311273211588,7.98938777359093e-05
"W37358","13Baso",-0.131105068314526,-0.012759230409126,7.96361555496644e-05
"W37361","4Ery",0.113910222378987,0.07468381894574,0.0771957190818781
"W37362","13Baso",-0.0619470699492525,-0.0114889371387293,0.00811922474717991
"W37363","14Mo",-0.123337096956123,-0.00864765345874104,7.93784333634195e-05
"W37364","3Ery",0.128659269499977,0.0264631913254371,0.0771959768040644
"W37365","2Ery",0.159157363713975,0.0271771705555604,0.0771962345262506
"W37366","3Ery",0.113834487086213,0.0728944640166857,0.0771964922484368
"W37367","14Mo",-0.142839013683247,-0.0268677418920659,7.91207111771747e-05
"W37369","6Ery",0.108010887760791,0.064244210906813,0.0771967499706231
"W37371","2Ery",0.154563501551244,0.0176906338538623,0.0771970076928093
"W37372","10GMP",-0.0934307765867209,0.00711215747187503,0.0128360492499726
"W37373","13Baso",-0.115596772956436,-0.0085495373230561,7.88629889909298e-05
"W37374","5Ery",0.0909398464429999,0.0367636810432463,0.0749202504553181
"W37375","7MEP",0.0177063383735257,-0.00140104449386943,0.0820976610878601
"W37376","13Baso",-0.145516120751059,-0.0202953082184535,7.86052668046849e-05
"W37377","3Ery",0.133786854587828,0.0718741300569193,0.0771972654149956
"W37378","2Ery",0.152038711309333,0.0295458378214504,0.0771975231371818
"W37379","14Mo",-0.114907826749102,-0.0233243031928388,7.83475446184401e-05
"W37380","3Ery",0.150062325779397,0.0476542608229173,0.0771977808593681
"W37381","2Ery",0.149280733870367,0.0302908029398399,0.0771980385815543
"W37382","10GMP",0.00992201958857283,-0.00105995470312541,0.0729244969651932
"W37384","13Baso",-0.14496107675748,-0.0109473097070597,7.80898224321952e-05
"W37385","14Mo",-0.154244377003958,-0.0233826805356887,7.78321002459503e-05
"W37386","4Ery",0.137317380951964,0.0422932981517806,0.0771982963037406
"W37387","5Ery",0.120543962101842,0.0117102011072818,0.0771985540259268
"W37388","18Eos",-0.0677238554109829,-0.013793814705158,0
"W37389","2Ery",0.132914376701852,0.0110494385038529,0.077198811748113
"W37390","14Mo",-0.114640873838961,-0.0695776487491366,7.75743780597055e-05
"W37391","3Ery",0.121423709174686,0.0743385459749679,0.0771990694702993
"W37392","13Baso",-0.0899746497076259,-0.00831306531337131,0.00480119322322183
"W37393","5Ery",0.116773609643592,0.0395523106732655,0.0771993271924855
"W37394","12Baso",-0.037877840802578,0.0116610367280131,0.00710211013377027
"W37395","5Ery",0.0814117871662639,0.0138221827566631,0.00969619537452714
"W37396","2Ery",0.132814870217122,0.0273571012249901,0.0771995849146718
"W37397","7MEP",0.00998503002451682,-0.000518909957611416,0.0731922090598609
"W37398","5Ery",0.0375520553164286,0.00979439034972843,0.0234799580602204
"W37399","16Neu",-0.106446851421904,-0.0911629360554101,7.73166558734606e-05
"W37401","15Mo",-0.141549897103051,-0.0701707719234815,7.70589336872157e-05
"W37402","14Mo",-0.0976344636854377,-0.0451200998290055,7.68012115009709e-05
"W37403","5Ery",0.11789313338104,0.0331669378751909,0.077199842636858
"W37405","16Neu",-0.12623047530815,-0.0607097977742507,7.6543489314726e-05
"W37406","2Ery",0.145206015422031,0.0208617385518638,0.0772001003590443
"W37407","2Ery",0.157835294318517,0.0298911789551732,0.0772003580812305
"W37409","6Ery",0.0811192369352081,0.0445443480991026,0.00159694404999165
"W37410","2Ery",0.148322015038768,0.034584664759672,0.0772006158034168
"W37411","5Ery",0.124502698910222,0.0313872736324474,0.077200873525603
"W37412","14Mo",-0.0987026407201647,-0.0142570829898023,7.62857671284811e-05
"W37413","2Ery",0.153326158853043,0.044767054906056,0.0772011312477893
"W37414","3Ery",0.0985911447130291,0.0568262653133384,0.0755874631812793
"W37415","5Ery",0.112683568017136,0.0462143443693355,0.0772013889699755
"W37417","16Neu",-0.127425068795614,-0.0839720372464087,7.60280449422363e-05
"W37418","10GMP",-0.0684856050991288,0.0112045375312788,0.00624418299525447
"W37419","14Mo",-0.108636612097948,-0.0300254040167319,7.57703227559914e-05
"W37420","1Ery",0.17671422456354,0.0320733346921868,0.0772016466921617
"W37421","2Ery",0.151948722951967,0.0132792848412788,0.077201904414348
"W37422","3Ery",0.143523515043205,0.068455229669305,0.0772021621365342
"W37424","15Mo",-0.124574120845827,-0.0857764960210909,7.55126005697465e-05
"W37425","7MEP",-0.0052795498917944,0.0149788956209716,0.0604744039580222
"W37426","4Ery",0.124592026576304,0.0328828482002874,0.0772024198587205
"W37427","7MEP",0.00578135141618555,0.000558065074985984,0.0685551704072363
"W37428","5Ery",0.0967391662795211,0.0256206609627859,0.0711132436275222
"W37429","2Ery",0.134107282707005,0.0182635605280257,0.0772026775809067
"W37430","13Baso",-0.0979736168358658,0.0079229938678152,0.00494455020598211
"W37431","14Mo",-0.129979231401879,-0.0376114949031093,7.52548783835016e-05
"W37432","15Mo",-0.137416801481662,-0.0304772967795584,7.49971561972568e-05
"W37433","2Ery",0.144235405826763,0.0422047355166028,0.077202935303093
"W37434","14Mo",-0.0875714121783747,-0.0337821248135264,7.47394340110119e-05
"W37435","6Ery",0.071805317661336,0.0323422900210791,0.0158583708899378
"W37436","12Baso",-0.0408973120216363,0.00473981323877054,0.0136991071743818
"W37437","2Ery",0.136361514214202,0.044951154157047,0.0772031930252792
"W37442","6Ery",0.0586206999869745,0.0312986029328591,0.0313742200055975
"W37443","14Mo",-0.145803036533599,-0.0362153952331878,7.4481711824767e-05
"W37446","6Ery",0.039947302850611,0.0178502194246818,0.0287132372504105
"W37449","17Neu",-0.0249039128655452,0.0080946453110094,0.0346132421343387
"W37450","6Ery",0.0924093834092387,0.0484851628790949,0.0700777332391444
"W37451","6Ery",0.0191926473840759,-0.0043809625342028,0.0828138501325498
"W37452","9GMP",-0.0342868332211826,-0.00428049128795393,0.00959741145990389
"W37453","3Ery",0.109837227564482,0.0655996970124772,0.0772034507474655
"W37454","14Mo",-0.128850860722012,-0.0156920213610016,7.42239896385222e-05
"W37455","6Ery",0.0756622202315624,0.0450231924745194,0.00785692527633858
"W37456","15Mo",-0.139174886101621,-0.0675036326673037,7.39662674522773e-05
"W37457","15Mo",-0.140400635167028,-0.0594931093586028,7.37085452660324e-05
"W37458","13Baso",-0.148611383392121,-0.0184489564438141,7.34508230797876e-05
"W37459","3Ery",0.135948387462681,0.0421966078565442,0.0772037084696517
"W37460","16Neu",-0.104066376070256,-0.0882324571393484,7.31931008935427e-05
"W37461","7MEP",0.0132761990623315,0.0148393924807982,0.0825833048193417
"W37462","3Ery",0.132859189596846,0.0807448754901126,0.0772039661918379
"W37463","13Baso",-0.14647313982573,-0.0343632911194915,7.29353787072978e-05
"W37465","3Ery",0.128195462084722,0.074748929929596,0.0772042239140242
"W37466","14Mo",-0.123802290436465,-0.0461248582839812,7.2677656521053e-05
"W37467","14Mo",-0.132628593647586,-0.0128258639375886,7.24199343348081e-05
"W37468","8Mk",-0.0214727796089909,0.0315138222445422,0.0470249866673189
"W37469","16Neu",-0.105666988779998,-0.0748179958175484,7.21622121485632e-05
"W37470","14Mo",-0.119822565855144,-0.0566252353290456,7.19044899623184e-05
"W37471","17Neu",-0.0262337789088683,0.0101033023209865,0.0337405312614732
"W37473","3Ery",0.138237638718474,0.071998060536865,0.0772044816362104
"W37474","5Ery",0.112410329005456,0.0210974361847491,0.0772047393583967
"W37475","10GMP",-0.0601848558230863,0.00667966312349534,0.000356301194400345
"W37476","16Neu",-0.107717444183946,-0.081789646837116,7.16467677760735e-05
"W37477","2Ery",0.129841084452225,0.0204761806344022,0.0772049970805829
"W37478","14Mo",-0.0928407593892394,-0.0426838069739959,7.13890455898286e-05
"W37479","6Ery",0.0513388619472182,0.019997504806474,0.0427788366880401
"W37480","14Mo",-0.13523141455776,-0.0157987911528827,7.11313234035837e-05
"W37481","13Baso",-0.153294587575497,-0.016737208395918,7.08736012173389e-05
"W37482","5Ery",0.0951044604882936,0.0359583853737761,0.0702671818469984
"W37483","10GMP",-0.02470816247922,0.0224496455343283,0.0399462865334142
"W37484","7MEP",0.0121716237368305,-0.00174876433463408,0.0753670854529606
"W37485","2Ery",0.128315194364419,0.012483612238307,0.0772052548027692
"W37486","2Ery",0.143142620815863,0.0200357413335384,0.0772055125249554
"W37487","2Ery",0.156126229647253,0.0305421071643712,0.0772057702471417
"W37488","14Mo",-0.135625038480265,-0.0371601002057756,7.0615879031094e-05
"W37489","7MEP",0.0398416343862899,0.0226254888837379,0.0300172285165061
"W37490","8Mk",-0.0173024109874164,0.0430376195803242,0.0560976742559603
"W37491","14Mo",-0.114115760821897,-0.0269162961966019,7.03581568448491e-05
"W37492","2Ery",0.136335226948916,0.0109891792134956,0.0772060279693279
"W37493","2Ery",0.142337162526657,0.0285069884467626,0.0772062856915142
"W37494","14Mo",-0.115836684718404,-0.0404448096469045,7.01004346586043e-05
"W37496","13Baso",-0.116711815425197,-0.00719056347731434,6.98427124723594e-05
"W37497","7MEP",-0.00372371256163846,0.0297401834818046,0.0675830796522968
"W37498","4Ery",0.13377178409718,0.0693568904520619,0.0772065434137004
"W37499","13Baso",-0.118816047745413,-0.00752309050095703,6.95849902861145e-05
"W37500","13Baso",-0.105786629030157,-0.0180245505021568,6.93272680998697e-05
"W37501","5Ery",0.0932935469910796,0.0226794523420053,0.0759230671337503
"W37502","2Ery",0.151742037961195,0.0242685718926192,0.0772068011358866
"W37503","18Eos",-0.0573314645229323,0.0285190846288639,0.0131388527450629
"W37504","15Mo",-0.131325956207972,-0.0766011595850348,6.90695459136248e-05
"W37505","5Ery",0.098561630397962,0.0478174890828377,0.0741414755187974
"W37506","7MEP",0.0156832473133158,-0.00131274547828799,0.0797142203514989
"W37507","2Ery",0.164734533469026,0.0206284431910083,0.0772070588580729
"W37508","13Baso",-0.126743224030635,-0.0084851855708067,6.88118237273799e-05
"W37509","14Mo",-0.107027102698927,-0.0263761852883934,6.85541015411351e-05
"W37510","6Ery",0.036087536378496,0.0128973943985597,0.0226820637058907
"W37511","5Ery",0.0948490484631016,0.0488636769256505,0.0700818027417537
"W37512","4Ery",0.123408945182801,0.042648722120897,0.0772073165802591
"W37514","13Baso",-0.113262998591958,-0.00634792276648687,6.82963793548902e-05
"W37515","7MEP",0.0356022985072483,0.0090275580358529,0.0209527283601593
"W37516","5Ery",0.0471914371740307,0.0110590753557022,0.0352187704009093
"W37517","5Ery",0.130643733396543,0.0120160241724166,0.0772075743024454
"W37518","10GMP",-0.0524810955638325,0.0125427277782779,0.0121436299743365
"W37519","16Neu",-0.11842128774532,-0.0815693359453756,6.80386571686453e-05
"W37520","2Ery",0.127141857097714,0.0434505600421119,0.0772078320246316
"W37521","14Mo",-0.124617259476843,-0.0502610770477548,6.77809349824005e-05
"W37522","3Ery",0.135369155672361,0.0619070588211714,0.0772080897468179
"W37523","2Ery",0.127272146148967,0.0312691883263148,0.0772083474690041
"W37524","10GMP",-0.0686551869016486,-0.00231957417193941,0.00454344575536281
"W37525","16Neu",-0.120432516809842,-0.0942422130043758,6.75232127961556e-05
"W37526","8Mk",-0.00707523266764265,0.0192076408641317,0.0598332918931603
"W37527","6Ery",0.0657766125904067,0.0258480584703236,0.0247010738426341
"W37528","15Mo",-0.140562497612008,-0.0385526625236938,6.72654906099107e-05
"W37529","5Ery",0.115607710864352,0.0483085295023736,0.0772086051911904
"W37530","10GMP",-0.0694788445656324,-0.00995001283207726,0.000222197795814116
"W37531","7MEP",0.0189523065333051,-0.00181850584917915,0.0834391340901249
"W37532","14Mo",-0.118569986293975,-0.0131182318455902,6.70077684236658e-05
"W37534","2Ery",0.136093720692102,0.0457485305043799,0.0772088629133766
"W37535","15Mo",-0.120182362978977,-0.0743972806331789,6.6750046237421e-05
"W37537","3Ery",0.127219402753943,0.0771508890989708,0.0772091206355628
"W37538","6Ery",0.07980867838451,0.0338816890090356,0.00606230679435913
"W37539","1Ery",0.171458168705417,0.0507206010071457,0.0772093783577491
"W37540","2Ery",0.141065173886606,0.0696287063973181,0.0772096360799353
"W37541","3Ery",0.143258260848859,0.070605817574984,0.0772098938021216
"W37542","4Ery",0.129262741471052,0.0708350288743703,0.0772101515243078
"W37545","6Ery",0.0793678142125575,0.0514123912758796,0.00176128704317438
"W37546","13Baso",-0.137891949896542,-0.0108720886568547,6.64923240511761e-05
"W37548","3Ery",0.129806700567731,0.0428623417830633,0.0772104092464941
"W37549","5Ery",0.103289307639463,0.0335332510377593,0.0749599398936055
"W37551","14Mo",-0.107350193881413,-0.0600617196696904,6.62346018649312e-05
"W37552","13Baso",-0.147052600244685,-0.0372040489604417,6.59768796786864e-05
"W37553","13Baso",-0.145931176563167,-0.0198711388946439,6.57191574924415e-05
"W37554","3Ery",0.127700800948217,0.0678735590588019,0.0772106669686803
"W37555","4Ery",0.110990645801195,0.0258937675573118,0.0772109246908666
"W37557","7MEP",0.020093312800561,0.00943727769137299,0.00278816858568388
"W37558","10GMP",-0.0405440846587507,-0.00190731513237549,0.0161169868647245
"W37561","3Ery",0.124882971129312,0.0696586611873859,0.0772111824130528
"W37562","13Baso",-0.098823713187045,-0.0450695938686375,6.54614353061966e-05
"W37563","2Ery",0.135341345725589,0.0238799224937732,0.077211440135239
"W37564","13Baso",-0.109421994908033,-0.0137898647948007,6.52037131199518e-05
"W37565","2Ery",0.138448301683318,0.0376682609635045,0.0772116978574253
"W37566","4Ery",0.121217427495746,0.0696590181158487,0.0772119555796115
"W37567","10GMP",-0.0533597255914863,-0.006121815972457,0.00310117006928598
"W37568","16Neu",-0.131648538099304,-0.0893090645517282,6.49459909337069e-05
"W37569","14Mo",-0.136306157360891,-0.0656537922914145,6.4688268747462e-05
"W37570","16Neu",-0.126546718399227,-0.0782056138318143,6.44305465612172e-05
"W37572","10GMP",-0.0313165973890766,-0.00227066097881288,0.00516019699152033
"W37573","2Ery",0.12632051375117,0.0230925462724617,0.0772122133017978
"W37574","2Ery",0.153156017614118,0.028978187117107,0.077212471023984
"W37575","6Ery",0.0664996924726659,0.0323056398235461,0.0220809044955506
"W37577","3Ery",0.134193570063844,0.0741860246195005,0.0772127287461703
"W37578","14Mo",-0.130612409624481,-0.0219494585937673,6.41728243749723e-05
"W37579","14Mo",-0.10050235287534,-0.0460860036356092,6.39151021887274e-05
"W37580","15Mo",-0.102982515640459,-0.0727108449373053,6.36573800024826e-05
"W37581","10GMP",-0.0795454843061743,-0.00438468494932362,0.00462314727363579
"W37582","13Baso",-0.118596540244405,-0.00893914450044305,6.33996578162377e-05
"W37583","3Ery",0.109197151679018,0.0654928704881907,0.0772129864683565
"W37584","7MEP",0.0138446300881138,0.0135536635678814,0.0828054914804574
"W37585","13Baso",-0.145649409886422,-0.0144292566604582,6.31419356299928e-05
"W37586","2Ery",0.171593413778751,0.0281335766811447,0.0772132441905428
"W37587","14Mo",-0.108138418997052,-0.0216816263610129,6.28842134437479e-05
"W37588","14Mo",-0.120826523523911,-0.0154979618263564,6.26264912575031e-05
"W37589","15Mo",-0.112545021324845,-0.0331565986381136,6.23687690712582e-05
"W37591","4Ery",0.124525030917847,0.0428242791500662,0.077213501912729
"W37593","15Mo",-0.1309225047502,-0.0723018647720469,6.21110468850133e-05
"W37594","14Mo",-0.121588596746011,-0.00847596477771393,6.18533246987685e-05
"W37595","10GMP",-0.0453481829050711,-0.00758012284134447,0.0121259404745031
"W37596","13Baso",-0.0844499713724917,-0.0130226723038532,0.0136569581052917
"W37597","16Neu",-0.110538338670627,-0.0809059009862398,6.15956025125236e-05
"W37599","8Mk",-0.012937346422319,0.0441178208714242,0.06169268629976
"W37601","13Baso",-0.139202683596811,-0.0227193981410068,6.13378803262787e-05
"W37602","5Ery",0.0987840608514827,0.028142813912566,0.0692174169221949
"W37603","6Ery",0.0760780501064606,0.0124246972481905,0.0163264909138677
"W37604","14Mo",-0.0998005500650991,-0.0168323161821653,6.10801581400339e-05
"W37605","2Ery",0.132197012553268,0.022769550403485,0.0772137596349153
"W37606","6Ery",0.0787775154010781,0.0392144188939952,0.00580425060635785
"W37607","3Ery",0.10569219012444,0.065643903475103,0.0772140173571015
"W37608","14Mo",-0.0871667271370967,-0.0328106085366916,6.0822435953789e-05
"W37609","7MEP",0.0208461316879483,0.0223060379723997,0.007528049355351
"W37610","7MEP",0.0113043572188288,-0.00204662306256751,0.0742249065217964
"W37611","14Mo",-0.117402903227042,-0.0140533272163956,6.05647137675441e-05
"W37612","5Ery",0.102878435069267,0.0116197960110348,0.0696456799925189
"W37613","13Baso",-0.12055686204789,-0.0115357398079137,6.03069915812993e-05
"W37614","2Ery",0.140873983108662,0.0235310959202428,0.0772142750792877
"W37615","16Neu",-0.111224371202279,-0.0864354917639462,6.00492693950544e-05
"W37617","12Baso",0.0268961218443804,0.00435672285248511,0.00928965683748416
"W37618","14Mo",-0.123126531344377,-0.0524334312597227,5.97915472088095e-05
"W37619","8Mk",-0.0125096118271456,0.0400009781037877,0.0607394655494863
"W37620","4Ery",0.134365540765246,0.0323999555749916,0.077214532801474
"W37621","3Ery",0.123066356994481,0.0437257197251951,0.0772147905236602
"W37622","2Ery",0.126234431004526,0.0386640962431228,0.0772150482458465
"W37624","14Mo",-0.130681804303037,-0.0194197737592967,5.95338250225647e-05
"W37625","7MEP",-0.00618945799186914,-0.00446000509291608,0.0524768786200821
"W37627","7MEP",-0.0140416431685085,0.0396649839119414,0.0587902607296389
"W37628","10GMP",-0.00854888398680239,0.0152879351538789,0.0566818995134252
"W37629","13Baso",-0.122209367105763,-0.00902793763726988,5.92761028363198e-05
"W37630","2Ery",0.159741181579061,0.0290462987238662,0.0772153059680327
"W37631","2Ery",0.158726307302169,0.0379271841631148,0.077215563690219
"W37633","3Ery",0.118380886511066,0.0661836131455197,0.0772158214124052
"W37634","3Ery",0.122404313023972,0.0733303095002305,0.0772160791345915
"W37635","6Ery",0.0808015428320059,0.0441829848724769,0.00206842453918695
"W37642","7MEP",0.00528879722436128,0.00204328604565058,0.0684947749115725
"W37644","8Mk",-0.0240678836345125,0.0209584743835003,0.0401804121798676
"W37650","2Ery",0.0406502399632138,0.000178623429350516,0.0242560712225292
"W37651","1Ery",0.168530981928908,0.0500054458267867,0.0772163368567777
"W37653","9GMP",-0.0496623696383405,0.00227625873656557,0.0111461868434648
"W37654","13Baso",-0.14646246460535,-0.0200578785122855,5.90183806500749e-05
"W37657","15Mo",-0.108191296168142,-0.0402459651234994,5.87606584638301e-05
"W37658","6Ery",0.062722142325169,0.0325123538189943,0.0264471980330224
"W37660","13Baso",-0.136031997046919,-0.0324076343939108,5.85029362775852e-05
"W37661","3Ery",0.129847902423675,0.0613250590726446,0.0772165945789639
"W37663","16Neu",-0.124160035629095,-0.0810419243057221,5.82452140913403e-05
"W37664","14Mo",-0.135057585781959,-0.0227087721398931,5.79874919050954e-05
"W37665","5Ery",0.11409756058901,0.0322684126761669,0.0772168523011502
"W37666","7MEP",0.0173576905239328,0.00897327698169935,0.000579113159779824
"W37667","13Baso",-0.127430263559203,-0.0185527821337073,5.77297697188506e-05
"W37668","4Ery",0.0990326888804986,0.0470412650107476,0.0735350824109932
"W37669","13Baso",-0.128009362944743,-0.0270366327575714,5.74720475326057e-05
"W37670","2Ery",0.134267827324653,0.0551384930940765,0.0772171100233364
"W37673","15Mo",-0.118086093005879,-0.0750698971080819,5.72143253463608e-05
"W37674","7MEP",-0.00978980894239719,0.0102017745689101,0.0533917576158339
"W37675","3Ery",0.123031456499682,0.0578984664860579,0.0772173677455227
"W37676","10GMP",-0.0649277464761998,0.00540522516384646,0.0048077649372482
"W37680","13Baso",-0.135234165059126,-0.0261623048210915,5.6956603160116e-05
"W37682","3Ery",0.133919741550665,0.0545639041436638,0.0772176254677089
"W37683","1Ery",0.169340192033427,0.0545752012125674,0.0772178831898952
"W37684","13Baso",-0.0808013301548058,-0.00749327089431115,0.00141978918281573
"W37685","13Baso",-0.0993248614831932,-0.00339494753738956,0.00284222926670173
"W37686","7MEP",0.0217470506059843,0.0154412271444253,0.00653531281481154
"W37687","16Neu",-0.114251154290007,-0.0542675493152008,5.66988809738711e-05
"W37689","14Mo",-0.140054262202072,-0.0356885991434259,5.64411587876262e-05
"W37691","3Ery",0.151505212937964,0.068498748571841,0.0772181409120814
"W37692","2Ery",0.14706536986576,0.0560689011018656,0.0772183986342677
"W37693","1Ery",0.168940611336408,0.0523994893909528,0.0772186563564539
"W37694","13Baso",-0.140990558563208,-0.0199162288336167,5.61834366013814e-05
"W37696","15Mo",-0.120381652835258,-0.073982868177827,5.59257144151365e-05
"W37698","8Mk",-0.0217635899138204,0.0338088882319301,0.0474938885245521
"W37699","2Ery",0.157461565570999,0.0622567419985537,0.0772189140786401
"W37700","14Mo",-0.136882913307259,-0.0253026935515604,5.56679922288916e-05
"W37701","14Mo",-0.131912410597561,-0.0320145859299111,5.54102700426468e-05
"W37702","14Mo",-0.0994285990716081,-0.0376935134042067,5.51525478564019e-05
"W37704","9GMP",-0.0645089431522485,0.0114617097652816,0.00131020773034846
"W37706","14Mo",-0.148246295382885,-0.0291806078420194,5.4894825670157e-05
"W37707","14Mo",-0.105327878573583,-0.0495612445218543,5.46371034839122e-05
"W37708","2Ery",0.144540362816797,0.0371331679845829,0.0772191718008264
"W37709","7MEP",0.00865571916627067,0.00634236869468685,0.0740455253716394
"W37710","2Ery",0.154759240759541,0.0583401507149304,0.0772194295230126
"W37711","16Neu",-0.11057019232002,-0.0864648256895863,5.43793812976673e-05
"W37712","10GMP",-0.0758744643715573,0.0103103160552334,0.00205595936174608
"W37713","6Ery",0.043246099241053,0.0130411318529499,0.0311622205048068
"W37714","2Ery",0.15472917333365,0.0514061808229497,0.0772196872451989
"W37715","15Mo",-0.12470536388752,-0.0379769966271667,5.41216591114224e-05
"W37716","14Mo",-0.093740885108226,-0.0190983626422756,0.000692166599337964
"W37717","15Mo",-0.124669861121895,-0.0768147135942733,5.38639369251775e-05
"W37718","3Ery",0.109377999502868,0.0263228846681212,0.0772199449673851
"W37719","12Baso",-0.0413519902414341,0.00158309150189529,0.0155962849765231
"W37720","2Ery",0.139139353965507,0.0527679369886482,0.0772202026895714
"W37721","13Baso",-0.0996213208873299,0.00621730929731298,0.00165973191629936
"W37722","13Baso",-0.11977839268846,-0.0118626764270024,5.36062147389327e-05
"W37723","7MEP",0.00539909128700205,0.00951212306626444,0.0712837849269542
"W37724","6Ery",0.0813515690182344,0.0287847320253383,0.00565501424535142
"W37725","5Ery",0.108324107173324,0.039543274647394,0.0772204604117576
"W37726","2Ery",0.165499061369174,0.0364098471615904,0.0772207181339439
"W37728","14Mo",-0.114455177885238,-0.0412495333105965,5.33484925526878e-05
"W37729","12Baso",0.00608784806615596,0.00443047115414995,0.0702986807096918
"W37730","2Ery",0.152738740273271,0.0548456102180174,0.0772209758561301
"W37731","16Neu",-0.121674563535579,-0.0865695987550385,5.30907703664429e-05
"W37737","4Ery",0.117025133779281,0.0613982178944347,0.0772212335783164
"W37738","6Ery",0.0550045809132385,0.0156772234577991,0.0403064830981872
"W37739","13Baso",-0.0816113506039931,0.003704663028444,0.0065240249674595
"W37745","4Ery",0.114341157141176,0.0383086274104654,0.0772214913005026
"W37746","2Ery",0.139689674416162,0.0516534559954899,0.0772217490226888
"W37747","4Ery",0.140866974102301,0.0540293102696316,0.0772220067448751
"W37748","15Mo",-0.110138930671789,-0.0669734152055751,5.28330481801981e-05
"W37753","1Ery",0.171421698179472,0.0543067342381122,0.0772222644670613
"W37754","15Mo",-0.137868350053702,-0.0765989122403305,5.25753259939532e-05
"W37756","13Baso",-0.107584230747963,-0.00915409434234604,5.23176038077083e-05
"W37758","15Mo",-0.115630193796672,-0.0824739428841101,5.20598816214635e-05
"W37759","3Ery",0.160221012403381,0.0274492246574692,0.0772225221892476
"W37761","6Ery",0.0772840188981057,0.0308338918439521,0.00985667894136459
"W37762","12Baso",-0.0143987576473681,0.00234235577876275,0.0451000158285742
"W37763","12Baso",-0.0252226535094279,0.00589299185201043,0.0334506096278644
"W37764","13Baso",-0.0974015958057402,-0.0442025552596575,5.18021594352186e-05
"W37765","5Ery",0.103743791191959,0.0225424936092026,0.0735343840323231
"W37766","16Neu",-0.106335796683781,-0.0746511620840817,5.15444372489737e-05
"W37769","6Ery",0.109106729549932,0.0567664367342127,0.0772227799114338
"W37770","13Baso",-0.134759420759139,-0.010587708588586,5.12867150627289e-05
"W37771","2Ery",0.156188941413195,0.0622615592549316,0.0772230376336201
"W37772","14Mo",-0.140147838029576,-0.0319664162260587,5.1028992876484e-05
"W37776","3Ery",0.0507190984371876,0.00785934159655288,0.0384187554020165
"W37777","14Mo",-0.118783468465958,-0.031741766542869,5.07712706902391e-05
"W37778","8Mk",-0.00418515289754448,0.0285102300351677,0.0665940234166786
"W37779","2Ery",0.166477846171324,0.0275414216637847,0.0772232953558063
"W37780","9GMP",-0.0632350007480099,-0.00642439582739479,0.00860669134181252
"W37781","4Ery",0.1090158404185,0.0437751043072087,0.0772235530779926
"W37782","3Ery",0.0983198832379735,0.0550360277678369,0.0747998249342883
"W37786","3Ery",0.116124669076002,0.0463352478159141,0.0772238108001788
"W37788","14Mo",-0.125115871739971,-0.0343654896934257,5.05135485039943e-05
"W37790","2Ery",0.145779484167304,0.028222670680187,0.077224068522365
"W37793","10GMP",-0.0788548857565568,-0.00122284391686468,0.00717434382719016
"W37794","16Neu",-0.120203911396845,-0.0950950808028021,5.02558263177494e-05
"W37795","6Ery",0.0696958754080064,0.0260509404782482,0.0200570221027059
"W37796","14Mo",-0.136129633384278,-0.0322946946035895,4.99981041315045e-05
"W37797","16Neu",-0.107836767728301,-0.0750012065991104,4.97403819452596e-05
"W37798","5Ery",0.10955189494494,0.0455481945423094,0.0772243262445513
"W37799","10GMP",-0.0591347864215251,-0.0159998789505163,0.00838102520720192
"W37800","16Neu",-0.127150765418892,-0.0337576518758256,4.94826597590148e-05
"W37801","12Baso",-0.0122219082025385,0.0142974995974814,0.0519442425442745
"W37803","15Mo",-0.111321145310782,-0.0678828774104422,4.92249375727699e-05
"W37804","2Ery",0.142884010006465,0.0406787954886016,0.0772245839667375
"W37805","13Baso",-0.14372828633321,-0.0277091053538618,4.8967215386525e-05
"W37806","7MEP",0.0083691318671086,0.0117910414565278,0.0756416388672907
"W37807","13Baso",-0.104922029493948,-0.0221341453109445,4.87094932002802e-05
"W37809","13Baso",-0.126630449334947,-0.00634092505223367,4.84517710140353e-05
"W37811","2Ery",0.140867219828383,0.0461827323935633,0.0772248416889238
"W37812","6Ery",0.0898552398062072,0.0429836520435202,0.0745295092770595
"W37813","14Mo",-0.131550902717518,-0.0321120746673793,4.81940488277904e-05
"W37817","5Ery",0.112035160524308,0.0234284067690272,0.07722509941111
"W37818","16Neu",-0.11724604669964,-0.0959765587609376,4.79363266415456e-05
"W37819","5Ery",0.107072315092064,0.0380271914057528,0.0772253571332963
"W37820","6Ery",0.0785272823622791,0.0268496444992962,0.00949454661745831
"W37821","18Eos",-0.0578591117278177,0.0283840691064783,0.0124433529181833
"W37822","14Mo",-0.136838005597197,-0.0255314319576486,4.76786044553007e-05
"W37825","14Mo",-0.140627425223716,-0.0455306648521461,4.74208822690558e-05
"W37826","13Baso",-0.15279314748115,-0.0179617502010917,4.7163160082811e-05
"W37828","15Mo",-0.130278632072389,-0.0786342184078247,4.69054378965661e-05
"W37830","2Ery",0.0482337332531883,-0.00108895583556812,0.0328132709979405
"W37833","2Ery",0.154608768016966,0.0659243569118908,0.0772256148554825
"W37835","13Baso",-0.11006851109181,-0.000219674240077788,4.66477157103212e-05
"W37838","3Ery",0.0415959031949099,-0.0019005432605551,0.0247486343376958
"W37841","2Ery",0.154025854985512,0.0547568191280176,0.0772258725776688
"W37842","15Mo",-0.116649680160922,-0.0442730902093151,4.63899935240764e-05
"W37843","12Baso",-0.0375459155260629,0.0109294844240239,0.00701510544483768
"W37844","7MEP",-0.00524739549718215,0.0250758064602701,0.0641035469815115
"W37847","3Ery",0.0390813122852547,-0.00307224934062233,0.0214334759586855
"W37848","4Ery",0.0395304612152844,-0.00271882714881151,0.0220684642356241
"W37849","15Mo",-0.126056061091519,-0.0778756481737748,4.61322713378315e-05
"W37850","14Mo",-0.134107463117895,-0.0292385397723435,4.58745491515866e-05
"W37851","4Ery",0.119654661591833,0.0639901608885769,0.077226130299855
"W37852","4Ery",0.130331551093537,0.0599409977934493,0.0772263880220413
"W37853","13Baso",-0.103097940704339,-0.00750224062594487,4.56168269653418e-05
"W37854","9GMP",-0.0190000593469544,0.0136450057430212,0.0436267916903936
"W37857","12Baso",-0.0205541663835164,0.00064819503278543,0.0371569159997662
"W37858","2Ery",0.144151958282573,0.0541692088493995,0.0772266457442275
"W37859","4Ery",0.104539559234211,0.0376425263907805,0.076830797465164
"W37860","9GMP",-0.0178103820652582,0.0393313562632408,0.0541740045912813
"W37861","16Neu",-0.11758330869631,-0.0833041245901572,4.53591047790969e-05
"W37863","16Neu",-0.108749506531612,-0.0896308418355905,4.5101382592852e-05
"W37864","2Ery",0.143367879683072,0.0218485660012257,0.0772269034664137
"W37865","2Ery",0.136342176643339,0.0525518083098854,0.0772271611886
"W37866","16Neu",-0.118517014655093,-0.0862573257322364,4.48436604066071e-05
"W37867","7MEP",0.0306507532940604,0.0132907838870106,0.0163908884709539
"W37868","14Mo",-0.101898392262866,-0.042516968249632,4.45859382203623e-05
"W37870","14Mo",-0.0608215238753263,-0.0305700641166451,5.50436664313453e-05
"W37872","14Mo",-0.0759152594805451,-0.010230213322223,0.00582852661137222
"W37873","5Ery",0.108968843621527,0.0330534475533505,0.0772274189107862
"W37874","5Ery",0.112309373396802,0.031684791464381,0.0772276766329725
"W37875","3Ery",0.123901863465088,0.0522082427460787,0.0772279343551587
"W37876","3Ery",0.126003426060992,0.0568413646836983,0.077228192077345
"W37878","2Ery",0.160303881061948,0.0255467686789418,0.0772284497995312
"W37879","18Eos",-0.0577978669677554,0.0282667520854635,0.0124671668255524
"W37880","14Mo",-0.130044976502455,-0.0278339909031426,4.43282160341174e-05
"W37881","3Ery",0.135098259102778,0.0540688284639232,0.0772287075217175
"W37882","14Mo",-0.127395804861935,-0.0329273800922931,4.40704938478725e-05
"W37883","14Mo",-0.100005556601654,-0.0560530264689078,4.38127716616277e-05
"W37885","12Baso",-0.00822825129600692,0.00949168027333449,0.0550032293863989
"W37886","14Mo",-0.117775641174262,-0.0381452107757342,4.35550494753828e-05
"W37887","4Ery",0.125150692064234,0.0564867243937041,0.0772289652439037
"W37888","3Ery",0.138742204767049,0.0777931517873115,0.0772292229660899
"W37889","14Mo",-0.123065727550441,-0.025695885280789,4.32973272891379e-05
"W37890","7MEP",0.0177281650342001,0.0134359634357514,0.00119512152221622
"W37891","5Ery",0.0288477648108456,0.00277436456392275,0.0111183044026704
"W37892","12Baso",-0.0431404233628441,0.0106895204661311,0.0138556176651814
"W37893","2Ery",0.131718637222229,0.046302563805528,0.0772294806882762
"W37894","15Mo",-0.131196764289328,-0.036383731495639,4.30396051028931e-05
"W37895","14Mo",-0.103710823307249,-0.0688675318144638,4.27818829166482e-05
"W37896","3Ery",0.132885418131915,0.0508721743988804,0.0772297384104624
"W37898","14Mo",-0.110934114158306,-0.0389570245475734,4.25241607304033e-05
"W37899","2Ery",0.149919541456538,0.0472702454246875,0.0772299961326487
"W37900","3Ery",0.12279941668055,0.0626008273025965,0.0772302538548349
"W37901","2Ery",0.169274091726444,0.045929797560016,0.0772305115770212
"W37902","16Neu",-0.113209916168822,-0.0794317332950275,4.22664385441585e-05
"W37903","7MEP",0.0300274314033929,0.0106918562713426,0.0148786125577861
"W37904","2Ery",0.155132424759329,0.0443997075204748,0.0772307692992074
"W37906","10GMP",-0.0650867143688835,0.00143062886161345,0.00696451365454791
"W37907","7MEP",0.000579160434002666,0.000693614823957556,0.0623905008066301
"W37908","5Ery",0.0449225199071917,0.00254135677263471,0.0299972367079048
"W37909","5Ery",0.0364016081767366,0.00271699528776777,0.0200065252278637
"W37910","13Baso",-0.0741772002337638,0.00752023662374787,0.00272939787333793
"W37913","6Ery",0.0278849366915518,0.00559918915023652,0.0108281979060104
"W37914","7MEP",0.018346483388819,0.00455339840167779,0.000736334824156025
"W37915","3Ery",0.121589410867475,0.0553234501672234,0.0772310270213937
"W37916","10GMP",0.00316436402978461,0.00250122914540041,0.0661204689775387
"W37917","5Ery",0.108297892819322,0.0138989379858031,0.075656820555531
"W37918","5Ery",0.105861343286643,0.0209156230088517,0.074651792081778
"W37919","1Ery",0.166865047431107,0.0195265188541618,0.0772312847435799
"W37921","13Baso",-0.130629723765698,-0.00981334887397225,4.20087163579136e-05
"W37922","15Mo",-0.123935735254074,-0.0526843454919658,4.17509941716687e-05
"W37923","3Ery",0.104885675400011,0.0376750562190113,0.0772315424657661
"W37924","6Ery",0.0444453164631025,0.0202114929095849,0.0347201224614074
"W37929","14Mo",-0.137871174554757,-0.0524930461899455,4.14932719854239e-05
"W37935","3Ery",0.109845485732196,0.0699297132025082,0.0772318001879524
"W37937","3Ery",0.110784716741561,0.0626911370835995,0.0772320579101386
"W37938","3Ery",0.149669768136953,0.064294243081495,0.0772323156323249
"W37939","16Neu",-0.116517410182488,-0.0824980000964501,4.1235549799179e-05
"W37940","3Ery",0.0913012023889369,0.0417484454162025,0.0731696305031411
"W37941","9GMP",-0.0703934162573844,0.0111207405671289,0.00859071916836363
"W37942","14Mo",-0.112665870399969,-0.0412240907869024,4.09778276129341e-05
"W37943","12Baso",-0.0141669406590597,0.0101320031495396,0.0481441781483731
"W37945","9GMP",-0.0304341005307656,-0.0143028463050773,0.00924441527972709
"W37946","14Mo",-0.133862325070071,-0.0295154828787649,4.07201054266892e-05
"W37948","14Mo",-0.130722124142986,-0.0373321742407,4.04623832404444e-05
"W37951","8Mk",-0.00287371441561606,0.0200600633304587,0.0651547958302262
"W37952","5Ery",0.0481364439970563,-0.00358461920596982,0.0319522713546051
"W37953","15Mo",-0.110380156897863,-0.0767059149856328,4.02046610541995e-05
"W37954","15Mo",-0.123080206156527,-0.0472726236971476,3.99469388679546e-05
"W37955","3Ery",0.155325243199829,0.0633525468722395,0.0772325733545111
"W37956","16Neu",-0.118466260200008,-0.0789479938803352,3.96892166817098e-05
"W37957","15Mo",-0.110671778879727,-0.0623598302743683,3.94314944954649e-05
"W37959","4Ery",0.125166227695136,0.0471190566850562,0.0772328310766974
"W37960","3Ery",0.144450705469952,0.0522545000265787,0.0772330887988836
"W37961","8Mk",-0.0161607879516567,0.0378477497050105,0.0556155515960921
"W37962","15Mo",-0.123501846156898,-0.0675357565499775,3.917377230922e-05
"W37963","14Mo",-0.102516103857749,-0.0626005601762104,3.89160501229752e-05
"W37964","5Ery",0.117258047566159,0.0430161392600453,0.0772333465210699
"W37965","3Ery",0.0905953253239691,0.0484120397205071,0.072218944412282
"W37967","4Ery",0.0384871158810079,-0.00255803854668058,0.0208867751147842
"W37969","2Ery",0.140700145930816,0.0405263538358664,0.0772336042432561
"W37970","8Mk",-0.0379868826310976,0.00177805298940307,0.0114614145855007
"W37971","7MEP",0.019039759937501,0.0136092837943812,0.00279474200572792
"W37972","10GMP",-0.0888521635813907,0.0077298581803712,2.6671794858435e-05
"W37974","15Mo",-0.118744177379759,-0.0729070359802649,3.86583279367303e-05
"W37975","14Mo",-0.141950195504144,-0.034622967899733,3.84006057504854e-05
"W37977","13Baso",-0.0886214123624685,-0.0310037015119272,3.81428835642406e-05
"W37978","3Ery",0.149239077104521,0.0617685623913308,0.0772338619654424
"W37979","7MEP",0.00518361606009831,0.0105251191317989,0.0713868139326221
"W37980","2Ery",0.164878331769746,0.0372867026067564,0.0772341196876286
"W37982","13Baso",-0.136681466583604,-0.0292804268263882,3.78851613779957e-05
"W37983","2Ery",0.0507296848010891,0.0013722170289718,0.0364909614881248
"W37984","10GMP",-0.0672273087573759,-0.00661683276654261,0.00414577950236897
"W37985","2Ery",0.168297665516712,0.0443324606448973,0.0772343774098148
"W37986","2Ery",0.141941087381833,0.0498596759479663,0.0772346351320011
"W37988","2Ery",0.147397830344942,0.0512554283052046,0.0772348928541873
"W37989","12Baso",-0.0357119078457408,0.00725825934907609,0.00637676417529569
"W37990","14Mo",-0.132469997639333,-0.0297240141624324,3.76274391917508e-05
"W37991","1Ery",0.1726066005348,0.0492450816489776,0.0772351505763736
"W37992","14Mo",-0.102615983862328,-0.0350581663257994,3.7369717005506e-05
"W37993","14Mo",-0.0904534584858811,-0.0454268640609132,3.71119948192611e-05
"W37994","2Ery",0.166797476708513,0.0563679446259015,0.0772354082985598
"W37995","14Mo",-0.127022487211861,-0.0558788082960894,3.68542726330162e-05
"W37996","16Neu",-0.118903687816141,-0.0770299230567408,3.65965504467713e-05
"W37997","14Mo",-0.127728770422839,-0.0218994168225748,3.63388282605265e-05
"W38000","8Mk",-0.000640601928903706,0.0220734081182105,0.0685378226777848
"W38001","16Neu",-0.110613065001132,-0.0379530281003608,3.60811060742816e-05
"W38002","16Neu",-0.105949660371397,-0.0865917355826454,3.58233838880367e-05
"W38003","2Ery",0.162728513694186,0.0416709292588135,0.0772356660207461
"W38004","8Mk",-0.0130615285514601,0.0493494395426232,0.0634053415275469
"W38005","5Ery",0.108715736666237,0.0347117392474776,0.0772359237429323
"W38006","6Ery",0.0859556778895524,0.0256844687707417,0.001113763717856
"W38008","15Mo",-0.106173219195508,-0.0468607833949584,3.55656617017919e-05
"W38009","13Baso",-0.090948106328257,-0.0283942392833015,3.5307939515547e-05
"W38010","5Ery",0.104483905929481,0.0393961067822141,0.0772361814651186
"W38011","14Mo",-0.133408443310443,-0.0403750232601863,3.50502173293021e-05
"W38012","5Ery",0.107044256247077,0.0222411828721211,0.0767364609456286
"W38013","6Ery",0.0742906303050472,0.019038115426127,0.0166028571908999
"W38014","16Neu",-0.114604673620999,-0.0880064589567193,3.47924951430573e-05
"W38017","3Ery",0.136808888894753,0.0739204409039194,0.0772364391873048
"W38018","15Mo",-0.137865958724611,-0.0567661826503448,3.45347729568124e-05
"W38019","7MEP",0.0307637504569607,0.0168246889200722,0.017581572825134
"W38020","7MEP",0.015494615307555,-0.00277582876500048,0.0789686394228387
"W38021","10GMP",-0.081984392696936,0.0119024991921507,0.00387168451088832
"W38022","14Mo",-0.142887820166947,-0.025296026636673,3.42770507705675e-05
"W38023","3Ery",0.14070663467403,0.0795440403412437,0.077236696909491
"W38025","4Ery",0.115950073663542,0.0686635637120141,0.0772369546316773
"W38026","13Baso",-0.14678208581743,-0.0195147778729985,3.40193285843227e-05
"W38027","15Mo",-0.141210207074265,-0.0437019964954603,3.37616063980778e-05
"W38030","17Neu",-0.0301751461174135,0.0107826040083781,0.0292783575961482
"W38031","4Ery",0.111403294217138,0.0506760645699906,0.0772372123538635
"W38032","6Ery",0.0964035122779077,0.0516556903364852,0.0726321145923982
"W38033","3Ery",0.140583738099602,0.0793390736716619,0.0772374700760498
"W38034","3Ery",0.129298719427323,0.0716260829514497,0.077237727798236
"W38035","7MEP",0.00923649476996363,-0.000445603131845267,0.0723238553021688
"W38036","8Mk",-0.0243535908539983,0.0258393724745073,0.0415736827250471
"W38037","6Ery",0.0641545488697489,0.0229422058730155,0.0273984638277104
"W38039","16Neu",-0.127647518182972,-0.0875498778917175,3.35038842118329e-05
"W38040","3Ery",0.115533667515841,0.0698928813291998,0.0772379855204223
"W38041","14Mo",-0.139122088827268,-0.0107979942933789,3.32461620255881e-05
"W38042","4Ery",0.115419931570936,0.0653856917899572,0.0772382432426085
"W38043","4Ery",0.113855014752058,0.0650245248694207,0.0772385009647948
"W38045","3Ery",0.0750806386094725,0.0261753853212886,0.0137167494256009
"W38046","14Mo",-0.149764524865687,-0.0243754711125389,3.29884398393432e-05
"W38047","15Mo",-0.141542040478888,-0.0368428070593542,3.27307176530983e-05
"W38048","3Ery",0.134985970632789,0.0780739228635381,0.077238758686981
"W38049","10GMP",-0.0916701319027513,0.00675338268763724,0.0109232512891835
"W38050","6Ery",0.0587508084149021,0.0332139926298015,0.0309028427404472
"W38051","2Ery",0.147846296688346,0.0290563814753569,0.0772390164091672
"W38052","16Neu",-0.112270933695701,-0.0735896823333252,3.24729954668534e-05
"W38053","15Mo",-0.126893232182699,-0.0743896862551293,3.22152732806086e-05
"W38054","7MEP",0.0106947790563641,0.0162671391523192,0.0800093067459246
"W38055","3Ery",0.127369240106982,0.0719290458636168,0.0772392741313535
"W38056","10GMP",-0.0602922421930888,0.0134257652452161,0.003114126913378
"W38057","3Ery",0.127729736630576,0.0754326440226715,0.0772395318535397
"W38058","14Mo",-0.130078571750322,-0.0187752673199642,3.19575510943637e-05
"W38059","7MEP",0.0181969414011854,0.0130104539123217,0.00162112128213182
"W38060","6Ery",0.114184252734965,0.0305757813959554,0.077239789575726
"W38061","10GMP",-0.0702772283526435,-0.00291323598694034,0.0022884927930259
"W38062","10GMP",-0.0744805155595172,-0.00276812497253445,0.00271746412854616
"W38063","3Ery",0.140068698042337,0.0722948075651288,0.0772400472979122
"W38064","7MEP",0.0146453640087745,0.0106371021965045,0.082724074932505
"W38065","2Ery",0.146225988046729,0.0609273105385317,0.0772403050200985
"W38066","4Ery",0.120069765237273,0.0377693830406372,0.0772405627422847
"W38067","7MEP",0.0182749609465094,0.00569578842518859,0.000478005839022541
"W38068","13Baso",-0.101853644535219,-0.0151821132180597,3.16998289081188e-05
"W38069","6Ery",0.0775120813739428,0.0283200324966867,0.0102809382484903
"W38070","15Mo",-0.103631797433251,-0.0668614015711394,3.1442106721874e-05
"W38071","8Mk",-0.00968585651715323,0.0237894666222047,0.0583460523327779
"W38072","10GMP",-0.0605078152680544,-0.000705325422956932,0.00248483487050443
"W38073","4Ery",0.100138644363166,0.0602199324308792,0.077240820464471
"W38074","4Ery",0.141988858765209,0.0400219668339747,0.0772410781866572
"W38075","3Ery",0.105113353192987,0.0647076282361467,0.0772413359088435
"W38076","7MEP",0.0517119712776582,0.0174708629733399,0.042462414141439
"W38077","2Ery",0.162407545184499,0.0313906798307573,0.0772415936310297
"W38078","16Neu",-0.112964510008329,-0.0922463345936534,3.11843845356291e-05
"W38079","3Ery",0.148136751298505,0.0501513667199518,0.0772418513532159
"W38080","3Ery",0.10816552920077,0.0653551229962996,0.0772421090754022
"W38081","6Ery",0.0855542362534729,0.0459974858814936,0.0787512800197992
"W38082","6Ery",0.0547191259759814,0.022246767299559,0.0386780815147458
"W38083","7MEP",0.0203061639855437,0.0112432701612165,0.00358038606343584
"W38084","4Ery",0.106978835461196,0.0539270280626772,0.0772423667975884
"W38085","16Neu",-0.124995186469272,-0.0731752890661692,3.09266623493842e-05
"W38086","2Ery",0.14230211076188,0.0416741796732327,0.0772426245197747
"W38087","13Baso",-0.0941236919998144,0.00565053430446638,0.0145153119550086
"W38088","10GMP",-0.0522872266071561,-0.00236161653456539,0.00600181870129087
"W38090","3Ery",0.120819377652185,0.0618272019499006,0.0772428822419609
"W38091","3Ery",0.138798928865735,0.0790380627142089,0.0772431399641472
"W38092","10GMP",-0.0469739855937288,0.00939325649360001,0.0174305030553328
"W38093","6Ery",0.0529191338026382,0.0135227286764129,0.0427042297638244
"W38094","14Mo",-0.0761077214444038,-0.00678908675061411,0.00746598967699332
"W38095","15Mo",-0.136635293422386,-0.0644091174215733,3.06689401631394e-05
"W38096","7MEP",0.0118762709273505,0.0183165606352917,0.0821481702408867
"W38097","13Baso",-0.0626918837089456,-0.0169510630270295,0.00452242535270596
"W38098","14Mo",-0.114094339422396,-0.0278613509917814,3.04112179768945e-05
"W38100","14Mo",-0.128234624233156,-0.0194785267782055,3.01534957906496e-05
"W38101","14Mo",-0.10616887040832,-0.0172753532406221,2.98957736044048e-05
"W38102","2Ery",0.139643570417856,0.0377045688157881,0.0772433976863334
"W38103","16Neu",-0.103232892359417,-0.0714841581022347,2.96380514181599e-05
"W38104","7MEP",0.0131856618914762,-0.00253152769260692,0.0762992952468644
"W38105","14Mo",-0.131034525582719,-0.0293670770553584,2.9380329231915e-05
"W38106","10GMP",-0.0890395198064075,0.00177399835919294,0.0106330043571958
"W38107","14Mo",-0.134618496521109,-0.0266333806637497,2.91226070456702e-05
"W38108","6Ery",0.0544487675253012,0.0148803958976999,0.041199939667465
"W38109","14Mo",-0.141094346680864,-0.0216319078011751,2.88648848594253e-05
"W38110","16Neu",-0.107924857816725,-0.0963660063201708,2.86071626731804e-05
"W38111","2Ery",0.123084390599867,0.0378152532536824,0.0772436554085197
"W38112","10GMP",-0.0696591082160557,-0.00474835989550492,0.00212893476702813
"W38113","16Neu",-0.109416828995803,-0.0913890361204941,2.83494404869356e-05
"W38114","14Mo",-0.081517456693373,-0.0350169701614431,0.00207788723478111
"W38115","14Mo",-0.111265017081455,-0.00102791749673581,2.80917183006907e-05
"W38116","5Ery",0.0963726155645641,0.0295980654257374,0.0704805064494416
"W38117","12Baso",-0.0367197413670063,0.00883321445010549,0.00691664788264203
"W38118","4Ery",0.122069462707887,0.0462720816597074,0.0772439131307059
"W38119","3Ery",0.135913771069134,0.076263652616444,0.0772441708528921
"W38121","13Baso",-0.0770639165891976,0.0118398498796664,0.00137407253625281
"W38123","2Ery",0.144005261021444,0.0385607674625015,0.0772444285750784
"W38124","4Ery",0.129938900169745,0.0287698013710742,0.0772446862972646
"W38125","4Ery",0.110150588326742,0.03029878111104,0.0772449440194509
"W38126","3Ery",0.121688257550789,0.0134680767346598,0.0772452017416371
"W38127","3Ery",0.113765412580418,0.0432797297807743,0.0772454594638234
"W38128","13Baso",-0.150966588091262,-0.0215339964126812,2.78339961144458e-05
"W38129","12Baso",-0.000520542681939914,0.00434343864720083,0.0623750719508378
"W38130","14Mo",-0.112320129262087,-0.0305817633615622,2.75762739282009e-05
"W38131","16Neu",-0.110360529365288,-0.0990356966151966,2.73185517419561e-05
"W38132","3Ery",0.0988743686592532,0.023857898279007,0.0690858780174659
"W38133","5Ery",0.103164282099202,0.0347306222182468,0.0751284216856026
"W38134","6Ery",0.0278681243138701,0.0182354200625936,0.0145901822832074
"W38135","7MEP",0.0129040083775768,0.014338567148707,0.0819605292540893
"W38136","4Ery",0.117734210004978,0.0717967771407044,0.0772457171860096
"W38137","4Ery",0.120714383524611,0.0412862137802447,0.0772459749081959
"W38138","5Ery",0.113185422131418,0.025736779176637,0.0772462326303821
"W38140","14Mo",-0.119474305541117,-0.0220372068065328,2.70608295557112e-05
"W38141","14Mo",-0.103630114507962,-0.0184775717893515,2.68031073694663e-05
"W38142","2Ery",0.15067938920547,0.023155953364234,0.0772464903525684
"W38143","12Baso",0.0211859016681844,0.00165958781842925,0.0017485351663458
"W38144","3Ery",0.146027521546856,0.075012327814733,0.0772467480747546
"W38145","5Ery",0.114281766838256,0.0236566480456747,0.0772470057969408
"W38146","2Ery",0.144607514216326,0.039688557307031,0.0772472635191271
"W38147","2Ery",0.167547866044539,0.0229992350611487,0.0772475212413133
"W38148","16Neu",-0.102935671984155,-0.0851106430870367,2.65453851832215e-05
"W38149","7MEP",0.0062446642101421,0.00217381240581366,0.0696834241432608
"W38150","5Ery",0.11165997623226,0.00342848241521661,0.0762783971186347
"W38151","2Ery",0.157280761772948,0.0239695262529921,0.0772477789634996
"W38152","7MEP",0.0175641513358304,0.000445984213200846,0.0825851867771343
"W38153","3Ery",0.102451932633202,0.0534574745274006,0.0772480366856858
"W38154","4Ery",0.124279246081888,0.0260960186589868,0.0772482944078721
"W38155","2Ery",0.143797926504016,0.0392648326473428,0.0772485521300583
"W38156","5Ery",0.106245454300061,0.0212050905065162,0.0751770006221309
"W38157","10GMP",-0.0450695323882687,-0.0197607641774105,0.00725161658720702
"W38158","1Ery",0.172661374958695,0.032040195465222,0.0772488098522446
"W38159","10GMP",-0.0415187647675214,-0.010020305813724,0.0156965767191368
"W38161","16Neu",-0.116441215020338,-0.0300649300991914,2.62876629969766e-05
"W38162","2Ery",0.126506749079653,0.0245928485196952,0.0772490675744308
"W38163","2Ery",0.161388809173949,0.0234941050176839,0.077249325296617
"W38164","2Ery",0.172559329339776,0.0181879125799156,0.0772495830188033
"W38165","5Ery",0.116931024657337,0.00935092138590632,0.0772498407409895
"W38166","5Ery",0.118517304462056,0.015569481402649,0.0772500984631758
"W38167","14Mo",-0.109782664451223,-0.0259772480880843,2.60299408107317e-05
"W38168","14Mo",-0.142544402839108,-0.0300467517020563,2.57722186244869e-05
"W38169","16Neu",-0.126576164899259,-0.0781117950517246,2.5514496438242e-05
"W38170","10GMP",-0.00876901442069814,0.0351393516550894,0.0634777444004119
"W38171","14Mo",-0.117201398821973,-0.0178221134483106,2.52567742519971e-05
"W38172","14Mo",-0.12076809216783,-0.0253955054783043,2.49990520657523e-05
"W38173","4Ery",0.127969517507714,0.0211950800351603,0.077250356185362
"W38175","2Ery",0.155845066684519,0.0431069099021249,0.0772506139075483
"W38176","6Ery",0.0803403111992732,0.0423589449336096,0.00311017937730112
"W38177","2Ery",0.151777662421657,0.0312568148001586,0.0772508716297345
"W38180","16Neu",-0.105465867401308,-0.0804695341741267,2.47413298795074e-05
"W38181","1Ery",0.157413434757423,0.0179705079866872,0.0772511293519208
"W38182","13Baso",-0.0957873021064988,-0.0277475624691248,2.44836076932625e-05
"W38183","3Ery",0.1241277722798,0.0451300182847598,0.077251387074107
"W38184","15Mo",-0.134880538490667,-0.052353481255142,2.42258855070177e-05
"W38185","3Ery",0.129281206928155,0.0394500935196701,0.0772516447962932
"W38186","5Ery",0.11934820702058,0.0234756029316386,0.0772519025184795
"W38187","2Ery",0.138961076404948,0.0377867097120871,0.0772521602406657
"W38188","2Ery",0.152773646223838,0.0132388448075332,0.077252417962852
"W38189","16Neu",-0.102261603036257,-0.0878481480353796,2.39681633207728e-05
"W38190","4Ery",0.115785042534515,0.0402006714042225,0.0772526756850382
"W38191","12Baso",-0.0212984766569359,0.0074508047632837,0.038685485260818
"W38192","3Ery",0.142144171128679,0.036459934612101,0.0772529334072245
"W38193","12Baso",-0.0301842628545238,-0.0010174810426979,0.00326039187714705
"W38194","14Mo",-0.116620534498888,-0.0285520739595674,2.37104411345279e-05
"W38195","15Mo",-0.115716984243164,-0.0664446082820946,2.3452718948283e-05
"W38196","14Mo",-0.120218316806298,-0.0111917614448113,2.31949967620382e-05
"W38197","10GMP",-0.0596780834714277,-0.00574999079944022,0.0039740397686082
"W38198","6Ery",0.0762423222379897,0.0163732508689834,0.0150497869678999
"W38199","12Baso",-0.0404485989190901,0.012483732121795,0.00984740032570222
"W38200","2Ery",0.151777773241707,0.0422028955227696,0.0772531911294107
"W38201","3Ery",0.136869299812206,0.0416241652296196,0.077253448851597
"W38202","4Ery",0.127688929499057,0.0237011143200023,0.0772537065737832
"W38203","7MEP",0.0121088081441155,0.00906730266628132,0.0791375593897841
"W38204","4Ery",0.150061228032085,0.048060883174904,0.0772539642959695
"W38205","15Mo",-0.138513072979372,-0.0539986103066246,2.29372745757933e-05
"W38206","2Ery",0.146805363596665,0.0478747008818112,0.0772542220181557
"W38207","7MEP",-0.00973246290454014,0.0113202549600172,0.0538579774300161
"W38208","14Mo",-0.110397393271042,-0.0532829140550224,2.26795523895484e-05
"W38209","3Ery",0.111813536009441,0.0649677055042453,0.0772544797403419
"W38210","13Baso",-0.147451162050025,-0.0229667880961044,2.24218302033036e-05
"W38211","3Ery",0.148109024155427,0.0764246016553728,0.0772547374625282
"W38212","15Mo",-0.134187262511402,-0.0639621699351446,2.21641080170587e-05
"W38213","15Mo",-0.122811438234109,-0.0717019971028471,2.19063858308138e-05
"W38214","13Baso",-0.15084607399211,-0.0191649473139414,2.1648663644569e-05
"W38215","14Mo",-0.146194849326198,-0.0359609170667531,2.13909414583241e-05
"W38217","4Ery",0.154908407117852,0.0657755630239833,0.0772549951847144
"W38218","14Mo",-0.147481920407106,-0.0302009988072542,2.11332192720792e-05
"W38219","6Ery",0.0629061163436678,0.0242639688277545,0.0284970356869421
"W38220","3Ery",0.110150521667179,0.0622258025798563,0.0772552529069007
"W38221","14Mo",-0.138473361223949,-0.0257006660014274,2.08754970858344e-05
"W38222","8Mk",-0.0117470543700336,0.0278169236581969,0.0573182506109493
"W38223","8Mk",-0.0130834291877755,0.0286376486844516,0.0560144922349688
"W38224","7MEP",0.0246941157316899,0.0142995130069304,0.00966927068183047
"W38225","15Mo",-0.133210840702726,-0.0813127172456116,2.06177748995895e-05
"W38226","15Mo",-0.11471039680693,-0.0729724831588956,2.03600527133446e-05
"W38227","13Baso",-0.100561960012408,0.00296041165304749,0.00103886200513209
"W38228","16Neu",-0.128326931946612,-0.0892064763851128,2.01023305270998e-05
"W38229","6Ery",0.0300803129868587,0.00595796303854833,0.0135242970698848
"W38230","3Ery",0.152413063518264,0.0631886752788118,0.0772555106290869
"W38231","2Ery",0.14224579634345,0.0537156281920999,0.0772557683512732
"W38232","13Baso",-0.139923231493378,-0.0422595164020163,1.98446083408549e-05
"W38233","3Ery",0.140134528848832,0.0673490551694622,0.0772560260734594
"W38234","3Ery",0.12270375180786,0.0697192173135595,0.0772562837956457
"W38235","13Baso",-0.144441261724338,-0.0149543339018228,1.958688615461e-05
"W38237","10GMP",-0.0578272890131281,-0.00426526002786177,0.00100384212518659
"W38238","4Ery",0.116363591266757,0.0431529937902147,0.0772565415178319
"W38239","2Ery",0.165094445594208,0.0393110954421134,0.0772567992400181
"W38240","7MEP",0.0422855023543918,0.0274106110796293,0.0343278564598526
"W38241","7MEP",0.00722131249019242,0.0159502389503726,0.0757504634451295
"W38242","6Ery",0.090843577061997,0.0328274497682533,0.0760817796535395
"W38243","3Ery",0.126459281119923,0.0480944498533553,0.0772570569622044
"W38244","16Neu",-0.110406648708178,-0.0701600807722958,1.93291639683651e-05
"W38245","7MEP",0.0233400584716407,0.00494790824300203,0.00527374709253402
"W38246","14Mo",-0.125023724455847,-0.0473672349549575,1.90714417821203e-05
"W38247","3Ery",0.0932142585868875,0.0560634955639233,0.0700692907480965
"W38248","6Ery",0.118943949102533,0.0445958238312114,0.0772573146843906
"W38249","9GMP",-0.0613316464016442,0.000130079231725317,0.0030681182917145
"W38250","12Baso",-0.0311323385923317,0.00901128556001699,0.000113459662496768
"W38251","3Ery",0.13412138231168,0.0636789877883725,0.0772575724065769
"W38252","14Mo",-0.134964382469804,-0.0114236043468535,1.88137195958754e-05
"W38253","10GMP",-0.0742936825192129,-0.00428326400047058,0.00323974341170202
"W38254","4Ery",0.120612744599814,0.0357829059913759,0.0772578301287631
"W38255","7MEP",0.0189507422906185,0.0211260974641555,0.00494006285821735
"W38256","6Ery",0.0811505900736676,0.0353966269391988,0.00407381004447896
"W38257","14Mo",-0.111623857009555,-0.00779529333725738,1.85559974096305e-05
"W38258","14Mo",-0.122488827077316,-0.00599226596755022,1.82982752233857e-05
"W38259","4Ery",0.137014042625273,0.0454593394715506,0.0772580878509494
"W38260","3Ery",0.138860549692252,0.0424890618293505,0.0772583455731356
"W38261","3Ery",0.118357460169866,0.0364694971424784,0.0772586032953219
"W38262","2Ery",0.148874846311357,0.0302680268290317,0.0772588610175081
"W38263","16Neu",-0.130457970424597,-0.0769615208847178,1.80405530371408e-05
"W38264","3Ery",0.142511433255783,0.0702286396844347,0.0772591187396943
"W38266","7MEP",0.0243227011161398,0.0174870605808906,0.0101852840504332
"W38267","18Eos",-0.0575794601466929,0.0279407123170557,0.0125914076241946
"W38268","6Ery",0.0835730396753668,0.0418985793128303,0.000550223616942659
"W38269","13Baso",-0.146223893898858,-0.0118871645292455,1.77828308508959e-05
"W38270","4Ery",0.110984852978896,0.0358874362613752,0.0772593764618806
"W38271","10GMP",-0.0636060384287931,6.52508777298847e-05,0.00584907519540401
"W38272","6Ery",0.0704311264790878,0.0443737707220286,0.0141622650261127
"W38273","2Ery",0.1434139815775,0.0319096921921008,0.0772596341840668
"W38274","12Baso",-0.00119871535999793,-0.0024247304159432,0.059157855088863
"W38275","1Ery",0.160689955765625,0.0261176926815093,0.0772598919062531
"W38276","4Ery",0.083250250697675,0.0200710036519774,0.00582580115635416
"W38277","13Baso",-0.107315132687462,-0.00979862181456755,1.75251086646511e-05
"W38278","14Mo",-0.103424582326292,-0.0399755738837559,1.72673864784062e-05
"W38279","14Mo",-0.111023791373818,-0.0518648668811811,1.70096642921613e-05
"W38280","13Baso",-0.0627677776331584,-0.00305174016438879,0.00637638856049812
"W38282","3Ery",0.117515778037556,0.0750571489258834,0.0772601496284393
"W38283","3Ery",0.150530424311469,0.0724661668170181,0.0772604073506256
"W38284","16Neu",-0.110075113026741,-0.0730875146253797,1.67519421059165e-05
"W38285","15Mo",-0.128355308353341,-0.07393100441508,1.64942199196716e-05
"W38286","14Mo",-0.0957048971618598,-0.00860473662068353,0.00248401116478844
"W38287","3Ery",0.10377657579334,0.0544344996001498,0.0772606650728118
"W38288","6Ery",0.0728560830676926,0.0233260844432453,0.0171049352586793
"W38289","2Ery",0.137062284531232,0.032251125330938,0.0772609227949981
"W38290","10GMP",-0.0945450825983755,0.00461247515702403,0.0156232075573438
"W38291","14Mo",-0.113717560623822,-0.0422486047007197,1.62364977334267e-05
"W38292","5Ery",0.0808513448814434,0.0219444236485315,0.00812126972962604
"W38293","4Ery",0.127672722655384,0.024255664654672,0.0772611805171843
"W38294","15Mo",-0.125763948520664,-0.0664520096639253,1.59787755471819e-05
"W38295","13Baso",-0.122271909462691,-0.0144900858588269,1.5721053360937e-05
"W38296","15Mo",-0.121531129613754,-0.0328456780005626,1.54633311746921e-05
"W38297","13Baso",-0.119171905667686,-0.0279875870936755,1.52056089884473e-05
"W38298","14Mo",-0.111722217298433,-0.00761210583944315,1.49478868022024e-05
"W38299","12Baso",-0.0173113468062328,0.000734417280822335,0.0410553046303394
"W38300","16Neu",-0.103453919095426,-0.0745574532638256,1.46901646159575e-05
"W38301","13Baso",-0.051421138142503,-0.00972489155486209,0.00389577705509734
"W38302","6Ery",0.104780411887593,0.0143895270655397,0.0725964450219118
"W38303","15Mo",-0.105978852737995,-0.0577665466643218,1.44324424297126e-05
"W38304","4Ery",0.125175203198025,0.0364499247054222,0.0772614382393706
"W38305","14Mo",-0.0847112434216624,-0.0155141997704183,0.0154115115501292
"W38306","13Baso",-0.0854726544860185,-0.0139514649833618,0.0154255758888491
"W38307","15Mo",-0.120324106244339,-0.0697492251484051,1.41747202434678e-05
"W38308","3Ery",0.117170560990075,0.0401610038209945,0.0772616959615568
"W38309","10GMP",-0.00694589773467667,0.0200693447492109,0.0602944249543236
"W38310","13Baso",-0.106225365772322,0.00267080705009253,0.000192168275707925
"W38311","4Ery",0.13908193437717,0.0686144270969154,0.077261953683743
"W38313","8Mk",-0.0114410209019872,0.0129093939047278,0.0523825759186367
"W38314","3Ery",0.119344333323531,0.0422803465651252,0.0772622114059293
"W38315","14Mo",-0.102306374098528,-0.0173647793806864,1.39169980572229e-05
"W38316","15Mo",-0.113002321767798,-0.0368523149736704,1.3659275870978e-05
"W38318","16Neu",-0.0973153358485768,-0.0720102639917341,1.34015536847332e-05
"W38319","15Mo",-0.116749157847621,-0.0549920515355146,1.31438314984883e-05
"W38320","9GMP",-0.066909479302617,0.0101427380843914,0.00486271807162457
"W38321","16Neu",-0.119518419216876,-0.0979644800168066,1.28861093122434e-05
"W38322","12Baso",-0.034058931047877,-0.0031803391960249,0.00885215612752176
"W38323","10GMP",0.00730754845872834,-0.00383848784921999,0.068814941728829
"W38324","14Mo",-0.104397674784252,-0.0560716765296567,1.26283871259986e-05
"W38326","14Mo",-0.118702379225397,-0.0297906220409168,1.23706649397537e-05
"W38327","14Mo",-0.112605977018562,-0.0233531231597222,1.21129427535088e-05
"W38328","7MEP",0.0579328738083112,0.0306782664918038,0.0323706696214818
"W38329","15Mo",-0.118040425190488,-0.0315972191175937,1.1855220567264e-05
"W38330","17Neu",-0.028364932552957,0.0138390279275335,0.0325239611291227
"W38331","2Ery",0.14127376367328,0.039389205968073,0.0772624691281155
"W38332","14Mo",-0.105409441143073,-0.0561529919341792,1.15974983810191e-05
"W38333","14Mo",-0.0991542412279055,-0.0185511231304622,1.13397761947742e-05
"W38334","4Ery",0.128765242796902,0.0639029384240587,0.0772627268503018
"W38335","6Ery",0.0779984301534811,0.0271204905533057,0.0100403417331032
"W38336","15Mo",-0.134861308323597,-0.0815849097579206,1.10820540085294e-05
"W38337","2Ery",0.14937289261134,0.041429560720904,0.077262984572488
"W38338","2Ery",0.124769172190578,0.0212490002540631,0.0772632422946743
"W38339","5Ery",0.0940439552260574,0.0184671523193552,0.0761689550709187
"W38340","2Ery",0.141799835295575,0.007341517422955,0.0772635000168605
"W38341","2Ery",0.146895184363124,0.0109298702209102,0.0772637577390468
"W38342","14Mo",-0.107901590514639,-0.0373050337819323,1.08243318222845e-05
"W38343","2Ery",0.140501130310776,0.0373234152675218,0.077264015461233
"W38344","14Mo",-0.147426462588377,-0.020197590690008,1.05666096360396e-05
"W38345","15Mo",-0.117947291882866,-0.0377369310251158,1.03088874497947e-05
"W38346","5Ery",0.112234552261023,0.0254953862412296,0.0772642731834192
"W38347","6Ery",0.0470449329715188,0.00879322828069594,0.0343682506942018
"W38348","13Baso",-0.0565063217432198,-0.017559013437841,0.00597519935967438
"W38349","6Ery",0.0210002651167079,0.0127190718471286,0.00484050565304901
"W38350","13Baso",-0.0972545574092456,-0.021111876294027,1.00511652635499e-05
"W38351","5Ery",0.0840728337188031,0.0213231609251294,0.00451818881512114
"W38352","15Mo",-0.141836021669345,-0.0162922097752378,9.79344307730501e-06
"W38353","3Ery",0.131795607388043,0.0238177643172064,0.0772645309056055
"W38354","10GMP",-0.0532175077482587,-0.0175339918000272,0.00198707867200332
"W38355","2Ery",0.123837663912931,0.00587196715484859,0.0772647886277917
"W38356","14Mo",-0.10162657413883,-0.0239192076848816,9.53572089106014e-06
"W38357","2Ery",0.114466898030462,0.00885612081776719,0.077265046349978
"W38358","14Mo",-0.0572013778935029,-0.0295764106546074,0.00492152869730185
"W38359","2Ery",0.140728147347136,0.0199792878974637,0.0772653040721642
"W38360","2Ery",0.156474119275045,0.0502838407260229,0.0772655617943505
"W38361","2Ery",0.145620159046669,0.0211621600763736,0.0772658195165367
"W38362","5Ery",0.110512190928794,0.0225823685499289,0.077266077238723
"W38363","14Mo",-0.108725728321066,-0.0350641808804358,9.27799870481527e-06
"W38364","1Ery",0.165275757230926,0.0209119199103773,0.0772663349609092
"W38365","5Ery",0.115939381840284,0.0154805443084612,0.0772665926830955
"W38366","4Ery",0.124844213769486,0.021148390799279,0.0772668504052817
"W38367","2Ery",0.144900756085118,0.0158997819901492,0.0772671081274679
"W38368","10GMP",-0.0643953450205251,0.00890180786303745,0.00243712807153384
"W38369","2Ery",0.110856505907714,0.0166279612119918,0.0772673658496542
"W38370","2Ery",0.138780662389305,0.00862874789749276,0.0772676235718404
"W38372","7MEP",0.0100327004925648,0.0108117741685383,0.0772794117287205
"W38373","2Ery",0.160431983270221,0.0228931506469325,0.0772678812940267
"W38374","7MEP",-0.00732497801581145,0.00130596560872384,0.0531713205821669
"W38375","1Ery",0.176619098233349,0.036237496533168,0.0772681390162129
"W38376","7MEP",-0.00654078957863747,0.0210608219006991,0.0611311486427591
"W38377","9GMP",-0.052138489449412,-0.019538934837736,0.00167356802865726
"W38379","2Ery",0.139408657628448,0.0125798639797378,0.0772683967383992
"W38380","17Neu",-0.0114081822915574,-0.00141056259520092,0.0473344702941789
"W38381","14Mo",-0.102055014783118,-0.0236418798350177,9.0202765185704e-06
"W38382","14Mo",-0.118298868540743,-0.0192499892276069,8.76255433232553e-06
"W38383","13Baso",-0.125373516939268,-0.0117255316619892,8.50483214608067e-06
"W38384","7MEP",0.0118308673118687,0.00250891470766376,0.0764742492792976
"W38385","16Neu",-0.101397291578087,-0.082241582702169,8.2471099598358e-06
"W38386","2Ery",0.140473017288723,0.015460559910708,0.0772686544605854
"W38387","2Ery",0.147444368937049,0.0142210499643727,0.0772689121827717
"W38388","7MEP",0.0185961689205036,-0.00155523177474447,0.0831072828017405
"W38389","6Ery",0.0386367347430673,0.00578018221159599,0.0235577427099129
"W38390","14Mo",-0.115845739290308,-0.0250067144877995,7.98938777359093e-06
"W38391","4Ery",0.124948773172849,0.0415679551512651,0.0772691699049579
"W38392","6Ery",0.0328071404229783,0.00796177992203825,0.017338493618099
"W38393","2Ery",0.152468865746975,0.0429148570099161,0.0772694276271441
"W38394","4Ery",0.127650919584025,0.0291715238359629,0.0772696853493304
"W38395","1Ery",0.164263197340833,0.0437442380059928,0.0772699430715166
"W38396","5Ery",0.120789604909243,0.0130901307219755,0.0772702007937029
"W38398","8Mk",-0.010618648017725,0.0326260801465032,0.0603743718665717
"W38399","4Ery",0.127188138358376,0.0159282182285279,0.0772704585158891
"W38400","6Ery",0.0295745307830776,0.00339955214176467,0.0121620727410848
"W38401","13Baso",-0.136336742450431,-0.013070403933931,7.73166558734606e-06
"W38402","6Ery",0.0688560398490923,0.0389576972170601,0.0174950781021112
"W38403","13Baso",-0.141485707885658,-0.0149877288618877,7.47394340110119e-06
"W38404","7MEP",0.0102791880872397,0.0177500273445657,0.0800406029195802
"W38405","3Ery",0.121053939110356,0.0745661778445209,0.0772707162380754
"W38406","3Ery",0.143034206587498,0.0789608522215691,0.0772709739602616
"W38407","13Baso",-0.138038224280258,-0.02560212516177,7.21622121485632e-06
"W38409","3Ery",0.0803000760433144,0.0444613173383958,0.00257960280541029
"W38410","15Mo",-0.134352226753515,-0.0575276636147248,6.95849902861145e-06
"W38411","14Mo",-0.139941923814286,-0.0311121063665438,6.70077684236658e-06
"W38412","6Ery",0.107822361469304,0.037928957714667,0.0772712316824479
"W38413","10GMP",-0.0687321530133499,-0.00272265730663327,0.00425089445898112
"W38414","16Neu",-0.122945873104912,-0.0893993952084851,6.44305465612172e-06
"W38415","4Ery",0.108999213979457,0.0571370157482322,0.0772714894046341
"W38416","14Mo",-0.132435614605653,-0.0212274722234287,6.18533246987685e-06
"W38417","14Mo",-0.148797581746994,-0.0327284732694688,5.92761028363198e-06
"W38418","10GMP",-0.0450541786872829,0.0118125981263233,0.0156793211623404
"W38419","3Ery",0.110839237523925,0.0291199988366691,0.0772717471268203
"W38420","10GMP",-0.0905096170270874,0.00857910947382581,0.00156533426785068
"W38421","14Mo",-0.109482931848099,-0.0548598725676854,5.66988809738711e-06
"W38422","3Ery",0.103871989992313,0.0649480600225109,0.0772720048490066
"W38423","4Ery",0.134379550129924,0.0407775662075409,0.0772722625711928
"W38425","14Mo",-0.105875272662904,-0.0405775586268944,5.41216591114224e-06
"W38426","3Ery",0.140446886643181,0.0389120148281841,0.0772725202933791
"W38427","15Mo",-0.128461604929086,-0.0575088453761644,5.15444372489737e-06
"W38428","15Mo",-0.127781618822739,-0.0711366006103016,4.8967215386525e-06
"W38429","10GMP",-0.0873084617045213,-0.00174105867831134,0.0105795376878401
"W38430","15Mo",-0.133725075382589,-0.0536365146359025,4.63899935240764e-06
"W38431","15Mo",-0.109752713300964,-0.067685261294764,4.38127716616277e-06
"W38433","14Mo",-0.123764166296657,-0.0297355902511891,4.1235549799179e-06
"W38434","13Baso",-0.113513784443557,-0.0177800618845505,3.86583279367303e-06
"W38435","16Neu",-0.0938457087309863,-0.0758505197099253,3.60811060742816e-06
"W38436","14Mo",-0.0972753520888962,-0.0473925448560688,3.35038842118329e-06
"W38437","4Ery",0.112449926738069,0.0505203146014922,0.0772727780155653
"W38438","14Mo",-0.104877792989938,-0.0647015768382741,3.09266623493842e-06
"W38439","9GMP",0.00296707786701057,0.0139793945907901,0.0699682794173876
"W38440","3Ery",0.151087065299302,0.0562413220112901,0.0772730357377516
"W38441","14Mo",-0.129331826985868,-0.0263265331821901,2.83494404869356e-06
"W38443","3Ery",0.132870976713571,0.0538496049253601,0.0772732934599378
"W38444","10GMP",-0.0608036499516017,-0.0125951528579311,0.00871666835324371
"W38445","16Neu",-0.0998185108736375,-0.0824921908310664,2.57722186244869e-06
"W38446","16Neu",-0.113250181000253,-0.0958411208675358,2.31949967620382e-06
"W38447","13Baso",-0.137544200258769,-0.0340394703150127,2.06177748995895e-06
"W38448","1Ery",0.170580218081879,0.0539194727525628,0.0772735511821241
"W38449","6Ery",0.0238806140746915,0.009188068068875,0.00717973363202282
"W38450","2Ery",0.134301070461561,0.00133510464000409,0.0772738089043103
"W38451","14Mo",-0.0764527780546554,-0.0371422322411658,0.00372799569018522
"W38452","2Ery",0.13068654911625,0.0101414043846544,0.0772740666264966
"W38453","14Mo",-0.0894976314163948,-0.0583526195953436,1.80405530371408e-06
"W38454","5Ery",0.107562437344853,0.00873591215793696,0.0734427355113568
"W38455","2Ery",0.146682675003058,0.0170549156367601,0.0772743243486828
"W38456","9GMP",-0.0748142460351761,0.0101690711605685,0.00326809728210255
"W38457","13Baso",-0.12029036746406,-0.0207054297699239,1.54633311746921e-06
"W38458","2Ery",0.132446127909081,-0.00623898449923302,0.077274582070869
"W38459","3Ery",0.118054548424342,0.0252539999023482,0.0772748397930553
"W38460","16Neu",-0.0906273443560061,-0.0737619830313027,1.28861093122434e-06
"W38461","13Baso",-0.0882631734457558,-0.0420922068144205,1.03088874497947e-06
"W38462","14Mo",-0.100985280502727,-0.0283383171842928,7.73166558734606e-07
"W38463","4Ery",0.124145032709472,0.043782433752799,0.0772750975152415
"W38464","3Ery",0.121512989003209,0.0615920402390147,0.0772753552374278
"W38465","6Ery",0.0831181085666538,0.0374526511771988,0.00120417780989152
"W38466","7MEP",0.013665600537849,-0.000932414839178201,0.0774412050794477
"W38467","10GMP",-0.0478650401638508,-0.0226376864128114,0.0026532762940965
"W38468","4Ery",0.126677145892529,-0.00130750984973442,0.077275612959614
"W38469","2Ery",0.134465867987093,0.000606366051668869,0.0772758706818003
"W38470","16Neu",-0.103198312750374,-0.0822918942931459,5.15444372489737e-07
"W38471","12Baso",-0.0317584445871263,-0.000100530097816927,0.00476356532860222
"W38474","7MEP",0.0165521153118291,0.00563844766762671,0.0832250284264266
"W38475","13Baso",-0.0930742379389918,-0.0228610365418031,2.57722186244869e-07
"W38477","4Ery",0.110900717956038,0.0132869660398265,0.0772761284039865
"W38478","7MEP",0.0159136331276115,-0.00444167214076361,0.0788762174826886
"W38480","4Ery",0.112679448372033,0.0423867997265977,0.0772763861261728
"W38481","12Baso",-0.0287962469057304,-0.00105928870013109,0.00160718827038443
"W38482","5Ery",0.0996949270491783,0.00954602235298087,0.0719428596558394
"W38483","2Ery",0.127637954075207,0.00806483056629787,0.077276643848359
"W38484","2Ery",0.162214315491128,0.0170170577720079,0.0772769015705452
"W38485","9GMP",-0.0413497676066214,-0.00570510173589641,0.017745909716494
"W38486","1Ery",0.173160635971142,0.0265395835824496,0.0772771592927315
"W38488","3Ery",0.128815483427655,0.0564559173643049,0.0772774170149177
"W38489","14Mo",-0.0894441771294277,-0.0288944950132358,0
"W38491","16Neu",-0.0973394905499997,-0.0723117905186945,2.57722186244869e-07
"W38492","2Ery",0.168666166476802,0.0319993588531514,0.077277674737104
"W38493","5Ery",0.111726253584997,0.0189947321839214,0.0772779324592902
"W38494","14Mo",-0.099770656703136,-0.0589084090832737,5.15444372489737e-07
"W38495","15Mo",-0.115849627257859,-0.0426561221721566,7.73166558734606e-07
"W38496","9GMP",-0.0649064435637201,0.00980444587921092,0.00260923233210123
"W38497","9GMP",-0.0347396907880932,-0.00228339267993833,0.00928850289554703
"W38498","14Mo",-0.126101456965253,-0.0323639956163115,1.03088874497947e-06
"W38500","2Ery",0.163849980249013,0.0121021654826622,0.0772781901814765
"W38501","4Ery",0.140329254090344,0.0457543183867923,0.0772784479036627
"W38502","5Ery",0.133910421281348,0.0163600984763178,0.077278705625849
"W38503","4Ery",0.131445331344269,0.0370412433828869,0.0772789633480352
"W38505","3Ery",0.128311111332187,0.0649982764259588,0.0772792210702214
"W38506","16Neu",-0.0951512608098235,-0.0818293332473975,1.28861093122434e-06
"W38507","2Ery",0.163789767728797,0.0162848767097931,0.0772794787924077
"W38509","16Neu",-0.0934080724890766,-0.0742426745792457,1.54633311746921e-06
"W38510","2Ery",0.163501305582161,0.017656576770283,0.0772797365145939
"W38512","13Baso",-0.081352760384853,0.00298583711516604,0.00644542308489437
"W38515","2Ery",0.129837449433995,0.00125983989856746,0.0772799942367802
"W38516","6Ery",0.103117534599049,-0.000481146834468334,0.0706147792186883
"W38517","6Ery",0.111228459988493,-0.00301999653472592,0.0746373465571609
"W38519","14Mo",-0.0941426203737905,-0.032081503992603,1.80405530371408e-06
"W38521","2Ery",0.128440177393403,-0.0081345261671478,0.0772802519589664
"W38522","2Ery",0.132212597853379,-0.00747342479433886,0.0772805096811527
"W38523","8Mk",-0.00573728302967026,0.0312583119252469,0.0657173207663097
"W38524","8Mk",-0.0191325396359696,0.0475654737679048,0.0555224632535893
"W38525","14Mo",-0.0877971199266105,-0.0347853336706952,2.06177748995895e-06
"W38526","14Mo",-0.0999638182946828,-0.0283835904341597,2.31949967620382e-06
"W38527","1Ery",0.168690466133772,0.0212622934608095,0.0772807674033389
"W38528","4Ery",0.134553111377866,0.0687205042438485,0.0772810251255252
"W38529","7MEP",0.00695072411971057,0.00319496256585639,0.0708897001508921
"W38530","16Neu",-0.0929626685955344,-0.0745440061474303,2.57722186244869e-06
"W38531","16Neu",-0.0898290726451538,-0.0752586765713751,2.83494404869356e-06
"W38532","14Mo",-0.0795858940328844,-0.0358872155239109,0.000183026320029252
"W38533","3Ery",0.120891077056807,-0.000160187188368091,0.0772812828477114
"W38534","2Ery",0.163334844525084,0.0163625995272818,0.0772815405698977
"W38535","16Neu",-0.11887639478588,-0.0301181526962055,3.09266623493842e-06
"W38536","17Neu",-0.0262727912109713,0.0129422074092975,0.0347026726227414
"W38537","6Ery",0.111880271893442,0.00145434569651998,0.0765370336460022
"W38538","2Ery",0.124114840302811,0.000297680817814318,0.0772817982920839
"W38539","14Mo",-0.0886486786239211,-0.0314954624776828,3.35038842118329e-06
"W38540","16Neu",-0.0904790564111526,-0.0729800118176952,3.60811060742816e-06
"W38541","7MEP",0.0107919354575973,0.0179222526425661,0.0807137582457225
"W38543","2Ery",0.140290365611221,0.0446894825227254,0.0772820560142701
"W38544","3Ery",0.128357880804178,0.0735052447428166,0.0772823137364564
"W38545","2Ery",0.119716797968701,-0.000381831817958688,0.0772825714586426
"W38546","6Ery",0.0268112475052562,-0.00231242874083008,0.00719370667951716
"W38547","6Ery",0.0957396141946898,-0.000739478915382498,0.0793040764962995
"W38548","6Ery",0.0318470045895751,0.00448533185847828,0.0151666019676243
"W38549","10GMP",-0.0130121734816025,0.0183908240382212,0.05245591554793
"W38550","12Baso",-0.00819533471618377,0.00634391650426176,0.0539241697362765
"W38551","12Baso",-0.012620558398552,0.00229586384995414,0.0472048208583985
"W38552","4Ery",0.108439518090655,0.0399958962547878,0.0772828291808289
"W38553","2Ery",0.136850129036353,-0.00480789523664857,0.0772830869030151
"W38554","4Ery",0.107750294766168,-0.00276709594511272,0.0715452836434852
"W38555","2Ery",0.132678624180463,-0.00716356604930041,0.0772833446252014
"W38556","14Mo",-0.0957937587966845,-0.0303070449465576,3.86583279367303e-06
"W38558","3Ery",0.128783087550543,-0.00310676467170856,0.0772836023473876
"W38559","6Ery",0.0487924874840106,0.0119461998761226,0.0373709549364543
"W38560","3Ery",0.148353044946362,0.0524803643175483,0.0772838600695739
"W38561","10GMP",-0.00979619345443246,-0.000226003140205083,0.0496781889130807
"W38563","2Ery",0.131210608979438,-0.00632862286270677,0.0772841177917601
"W38564","14Mo",-0.0857501606527751,-0.0354507454662713,4.1235549799179e-06
"W38565","16Neu",-0.0949302110933585,-0.0801555699124557,4.38127716616277e-06
"W38567","18Eos",-0.0580924848537124,0.0273768851881365,0.0117307353417329
"W38568","13Baso",-0.111336813427542,-0.00489956742177338,4.63899935240764e-06
"W38569","6Ery",0.109674055465653,-0.00286226801939018,0.0737669100735057
"W38570","14Mo",-0.0965082543968834,-0.0299652410886416,4.8967215386525e-06
"W38571","13Baso",-0.0847181295137008,-0.0292155750931262,0.00226812573254736
"W38572","2Ery",0.122752438723227,-0.00682915859067717,0.0772843755139463
"W38573","2Ery",0.134173835100671,-0.00619658584599923,0.0772846332361326
"W38575","5Ery",0.0826442850242106,0.0215498027166889,0.00612971078224801
"W38576","10GMP",-0.0883805892084561,-0.0103670997950455,0.00548238884933589
"W38577","5Ery",0.117094799634203,0.0123813884121456,0.0772848909583188
"W38578","14Mo",-0.0927086828041365,-0.0380219376761994,5.15444372489737e-06
"W38579","13Baso",-0.0551592178947366,-0.0208211540054178,0.0059583684959796
"W38580","14Mo",-0.0886747994179922,-0.049478596394382,5.41216591114224e-06
"W38581","16Neu",-0.0988556203568684,-0.0816377796483714,5.66988809738711e-06
"W38582","2Ery",0.136332610477541,0.00215239773841456,0.0772851486805051
"W38583","10GMP",-0.0102012868582109,0.051046654187719,0.0674252727251624
"W38584","4Ery",0.129646476098483,0.028870897127553,0.0772854064026913
"W38585","16Neu",-0.109557226830589,-0.0947809981233007,5.92761028363198e-06
"W38586","6Ery",0.0353737663453761,0.00577647287247093,0.0197102503270582
"W38587","15Mo",-0.107434205972287,-0.0607954062626249,6.18533246987685e-06
"W38588","14Mo",-0.0836476355111348,-0.0116399221626235,0.0118918627804707
"W38589","12Baso",-0.02800934524844,0.00424661524291091,0.0295400129545227
"W38590","7MEP",0.00433551148784631,-0.000607890215592236,0.0664132853293834
"W38591","10GMP",-0.0546975648642581,-0.0108287510029769,0.000463824473247734
"W38592","15Mo",-0.111966537753734,-0.0342495615654024,6.44305465612172e-06
"W38593","3Ery",0.146080041477415,0.0750382611784929,0.0772856641248776
"W38594","15Mo",-0.128159344690379,-0.0748089991988391,6.70077684236658e-06
"W38595","3Ery",0.140014710833315,0.0786176205266898,0.0772859218470638
"W38596","9GMP",-0.0464336295454009,0.00143114076105503,0.0146760099142595
"W38597","2Ery",0.156653404805058,0.042831859424134,0.0772861795692501
"W38598","7MEP",0.00149151217120284,0.0156074252381776,0.0687849473558347
"W38599","3Ery",0.141692383688465,0.0622038394734555,0.0772864372914363
"W38601","13Baso",-0.135798966123756,-0.0106673378157982,6.95849902861145e-06
"W38602","16Neu",-0.105970124738591,-0.0844770672871028,7.21622121485632e-06
"W38603","13Baso",-0.119208999549607,0.00126839472218511,7.47394340110119e-06
"W38604","2Ery",0.1555697220309,0.0577833229697916,0.0772866950136226
"W38605","15Mo",-0.119262340305707,-0.0763693726522374,7.73166558734606e-06
"W38606","7MEP",0.000971807114099021,0.0201258345608263,0.069771611976356
"W38607","6Ery",0.0708071665357674,0.021303142770798,0.0200602216431393
"W38608","5Ery",0.111342379693374,0.0366485633061728,0.0772869527358088
"W38609","13Baso",-0.132012626148253,-0.00867581302500917,7.98938777359093e-06
"W38610","10GMP",-0.0823873328398921,-0.00109576613664419,0.00298075689617827
"W38611","9GMP",-0.0493278525618692,-0.00453358673615935,0.0086365003011162
"W38612","13Baso",-0.0983956106065286,-0.00493449176625624,0.00271103025274333
"W38613","13Baso",-0.145646092420396,-0.0153729650294522,8.2471099598358e-06
"W38614","12Baso",0.00204146018528032,0.000923156318052815,0.064218013423855
"W38615","5Ery",0.112011687537461,0.0342070743449918,0.077287210457995
"W38616","13Baso",-0.0632072957394925,-0.021173647936186,0.00181229511105426
"W38617","15Mo",-0.122757269220965,-0.0790432542593495,8.50483214608067e-06
"W38618","14Mo",-0.100365312544711,-0.0338185439338336,8.76255433232553e-06
"W38619","10GMP",-0.083837685102968,-0.00777780446262827,0.00988903092390031
"W38620","15Mo",-0.112476420472314,-0.0405270480023764,9.0202765185704e-06
"W38622","4Ery",0.105574130902057,0.0313729163770255,0.0764923804219479
"W38623","5Ery",0.0991228163782479,0.022975574683285,0.069030222536633
"W38624","8Mk",-0.00773909248703655,0.0343774592622225,0.0644365563833745
"W38625","13Baso",-0.119725418971943,-0.0181070546302202,9.27799870481527e-06
"W38626","7MEP",0.0216119889494645,-0.00222412159775122,0.0010872407650818
"W38627","14Mo",-0.0962674470780129,-0.031683857992049,9.53572089106014e-06
"W38628","14Mo",-0.109885359289185,-0.0237795611409605,9.79344307730501e-06
"W38629","2Ery",0.135579255041236,-0.00156248059568024,0.0772874681801813
"W38630","6Ery",0.0300672325677191,-0.00299574505004257,0.0108293734608794
"W38631","2Ery",0.155172423094973,0.014327698131597,0.0772877259023675
"W38632","13Baso",-0.121606771666846,-0.0347871022080989,1.00511652635499e-05
"W38633","7MEP",-0.00175340005399677,0.00714099069472719,0.0618978211287232
"W38634","16Neu",-0.096999963033392,-0.0838494299772214,1.03088874497947e-05
"W38636","14Mo",-0.0972626984264887,-0.029309270919997,1.05666096360396e-05
"W38637","3Ery",0.117927108652013,-0.00591608047921039,0.0772879836245538
"W38638","16Neu",-0.0936555066887807,-0.0779066467647911,1.08243318222845e-05
"W38640","10GMP",-0.046371866755927,-0.0024919128359654,0.0130722391624489
"W38643","12Baso",-0.0249713020735071,0.00228502543904337,0.0324672721176508
"W38644","10GMP",-0.0480375729675432,-0.0190024467823262,0.00400253504059593
"W38645","13Baso",-0.0914891222830866,-0.0222709936564665,0.00152470555351025
"W38646","1Ery",0.169913679932821,0.0188776062781399,0.07728824134674
"W38647","16Neu",-0.0916155765077817,-0.0773884844581501,1.10820540085294e-05
"W38648","6Ery",0.00914890406454236,0.00042821346213329,0.0725299217124615
"W38649","14Mo",-0.132177552760027,-0.0234698347692151,1.13397761947742e-05
"W38650","2Ery",0.144742706539576,0.00299629953151518,0.0772884990689263
"W38651","14Mo",-0.114662110466567,-0.030123721441655,1.15974983810191e-05
"W38652","10GMP",-0.0555656084520297,-0.0162898353627447,0.00421040407410392
"W38653","14Mo",-0.0822254086125799,-0.0385900049792047,0.00206793725162774
"W38654","16Neu",-0.094662833653678,-0.0772520894992414,1.1855220567264e-05
"W38655","9GMP",-0.0319677407615542,-0.00619669522291023,0.00762364875339303
"W38656","3Ery",0.0844857424982132,0.031883619984499,0.00113233661230699
"W38657","3Ery",0.146661167128697,0.0465849852298893,0.0772887567911125
"W38659","14Mo",-0.0926148300365384,-0.0695636383386994,1.21129427535088e-05
"W38660","2Ery",0.127450653925779,0.0020229470123074,0.0772890145132988
"W38662","12Baso",-0.0242675417971684,0.00349833590749204,0.0337392856540729
"W38663","9GMP",-0.0390179703839577,-0.00688054158544154,0.0164064353178563
"W38664","1Ery",0.175227699253428,0.035162989398992,0.077289272235485
"W38666","3Ery",0.125536749504213,0.0436416693659833,0.0772895299576712
"W38668","5Ery",0.115399617478577,0.00383941635903047,0.0772897876798575
"W38669","2Ery",0.130454262760756,-0.00347400439214379,0.0772900454020437
"W38670","8Mk",-0.0144694664219988,0.0416561312263556,0.0589874182253831
"W38672","2Ery",0.165287155233848,0.0277275610657712,0.07729030312423
"W38673","16Neu",-0.117679122674655,-0.0913380210785885,1.23706649397537e-05
"W38674","5Ery",0.125026361328732,0.0132042469864554,0.0772905608464162
"W38675","10GMP",-0.0419720384642758,0.0101382700400518,0.0126844598654001
"W38676","13Baso",-0.104630680569387,-0.0102258471992667,1.26283871259986e-05
"W38677","16Neu",-0.0933655968918261,-0.0749138201436058,1.28861093122434e-05
"W38678","14Mo",-0.0962993129709671,-0.0292454805030128,1.31438314984883e-05
"W38679","2Ery",0.139692409143538,0.0108206476962953,0.0772908185686025
"W38680","5Ery",0.119350372434024,0.00901164608744206,0.0772910762907887
"W38681","15Mo",-0.121722302085696,-0.0310415999141375,1.34015536847332e-05
"W38682","7MEP",0.0111019315902791,0.000786932678256965,0.0749911193642644
"W38683","15Mo",-0.102553693107116,-0.0722544800788604,1.3659275870978e-05
"W38684","5Ery",0.122111431280287,0.0156758203812671,0.077291334012975
"W38685","6Ery",0.0786988984145181,0.0206516046509255,0.010997788043962
"W38686","5Ery",0.0864943009117663,0.0195218560974506,0.00217703743419486
"W38687","2Ery",0.137677343267501,0.0369576706917375,0.0772915917351612
"W38688","3Ery",0.141839964267642,0.0476975709366131,0.0772918494573474
"W38689","15Mo",-0.124708812238102,-0.0824248576413001,1.39169980572229e-05
"W38690","7MEP",0.0255665008835859,0.0127996435257552,0.0102492284131036
"W38691","3Ery",0.136031113474298,0.0629510087871517,0.0772921071795337
"W38692","15Mo",-0.123384940527169,-0.0207116408535983,1.41747202434678e-05
"W38693","16Neu",-0.11983766180347,-0.0842864690593211,1.44324424297126e-05
"W38694","6Ery",0.0874482236550431,0.0376637262817239,0.0787591362169472
"W38695","7MEP",0.0172959656666987,0.0119375555583654,0.000235972020948645
"W38697","6Ery",0.0752971329475003,0.0379384924324749,0.0102321350221355
"W38698","6Ery",0.0479362645511708,0.0143906002681471,0.0370929421312496
"W38699","10GMP",-0.049352743355877,-0.0155397366973883,0.00389968171487183
"W38700","4Ery",0.11589194393586,0.0294241955533852,0.0772923649017199
"W38701","13Baso",-0.100105732048709,-0.0253027304738036,1.46901646159575e-05
"W38702","14Mo",-0.0996216792901263,-0.0608967490417911,1.49478868022024e-05
"W38703","13Baso",-0.103248038375729,-0.0162312134812866,1.52056089884473e-05
"W38704","3Ery",0.141395898143103,0.0700976041628247,0.0772926226239062
"W38705","6Ery",0.0796085144196733,0.0282494323972882,0.00784347959658608
"W38707","8Mk",-0.00135610499624176,0.0226401300811954,0.0678853079999711
"W38709","14Mo",-0.0970444626150998,-0.0281606167696858,1.54633311746921e-05
"W38710","2Ery",0.165142111718423,0.0141613598739195,0.0772928803460924
"W38711","9GMP",-0.0542547303264716,-0.00818715060732334,0.00113956925020323
"W38712","6Ery",0.0750193670639494,0.0395313340598799,0.0101196495894476
"W38713","15Mo",-0.0949319139135291,-0.0596701270479636,1.5721053360937e-05
"W38714","13Baso",-0.0905836033581015,-0.0265581073717043,1.59787755471819e-05
"W38715","3Ery",0.1152310520394,-0.00367799366157824,0.0772931380682787
"W38716","16Neu",-0.0946997410886002,-0.0805050406934867,1.62364977334267e-05
"W38717","2Ery",0.170393683388553,0.0197360707099485,0.0772933957904649
"W38718","9GMP",-0.044941310000552,-0.00779501178526175,0.0125252578022111
"W38719","14Mo",-0.100992195410433,-0.0696778347314445,1.64942199196716e-05
"W38720","3Ery",0.119843660546766,0.0546401400965866,0.0772936535126512
"W38721","14Mo",-0.0941912718511571,-0.0312197271713561,1.67519421059165e-05
"W38722","14Mo",-0.0909541813958151,-0.0291651106536188,1.70096642921613e-05
"W38723","16Neu",-0.0983430434799534,-0.033099812995429,1.72673864784062e-05
"W38724","14Mo",-0.0929438805676151,-0.0325053259329159,1.75251086646511e-05
"W38726","9GMP",-0.0316314716454384,-0.0130834714964931,0.0101653975920788
"W38727","3Ery",0.135477611827001,0.0456231594481493,0.0772939112348374
"W38728","13Baso",-0.144706352903545,-0.0147281545612999,1.77828308508959e-05
"W38729","10GMP",0.00549413866456896,0.0216713864855866,0.075722402054197
"W38730","14Mo",-0.0903686971042941,-0.0667396601537857,1.80405530371408e-05
"W38732","3Ery",0.103954170578313,-0.00269883798811586,0.0702272225370643
"W38733","6Ery",0.0625560201741646,0.0124862282564466,0.0323636411319529
"W38734","14Mo",-0.0949484022457253,-0.0271607499279195,1.82982752233857e-05
"W38735","4Ery",0.108326502728762,0.0264700445340032,0.0772941689570237
"W38736","3Ery",0.144621066722631,0.067403163151539,0.0772944266792099
"W38737","2Ery",0.13028087363034,-0.0100798284482304,0.0772946844013961
"W38738","2Ery",0.129143232247378,-0.00543740604181527,0.0772949421235824
"W38739","14Mo",-0.0829304351913584,-0.0380261430146411,0.00101506148531619
"W38740","2Ery",0.118728965007361,0.000865961518356625,0.0772951998457686
"W38741","8Mk",0.0890922238651841,0.000619249199262204,0.00432792018937722
"W38742","10GMP",-0.061101175889896,-0.00432089409216181,0.00498801739875573
"W38744","10GMP",-0.0535911885109302,-0.0125985783773462,0
"W38745","14Mo",-0.0874764252209782,-0.0400803046632579,1.85559974096305e-05
"W38747","10GMP",-0.0432461572454691,-0.0136860573723348,0.0120453816722197
"W38748","16Neu",-0.0856341946585527,-0.0436956735270682,1.88137195958754e-05
"W38750","10GMP",-0.0921703026381168,0.00169389422539787,0.014449308724073
"W38751","10GMP",-0.0718329122562848,-0.0060391837319828,0.00113471646027215
"W38752","13Baso",-0.136319496459903,-0.0263923159558372,1.90714417821203e-05
"W38753","16Neu",-0.0964575204132411,-0.081362398876378,1.93291639683651e-05
"W38754","2Ery",0.122841659445106,-0.00721068019875592,0.0772954575679549
"W38755","16Neu",-0.0907320256089977,-0.0771908718214355,1.958688615461e-05
"W38756","2Ery",0.135100145722144,-0.00157628593277953,0.0772957152901411
"W38757","14Mo",-0.103426042230798,-0.0275318048683001,1.98446083408549e-05
"W38759","14Mo",-0.100661297845015,-0.0539422931483736,2.01023305270998e-05
"W38761","14Mo",-0.0793041982516068,-0.0329720571456529,0.00280794014839894
"W38765","13Baso",-0.116820307634298,-0.0165723707189469,2.03600527133446e-05
"W38767","2Ery",0.154235949734371,0.0184743106524785,0.0772959730123274
"W38768","2Ery",0.156799692635826,0.0520411341186053,0.0772962307345136
"W38769","16Neu",-0.101364268397435,-0.0778575684356459,2.06177748995895e-05
"W38770","2Ery",0.123491882183403,-0.007919906385764,0.0772964884566999
"W38771","2Ery",0.148865920195617,0.0160232221189613,0.0772967461788861
"W38772","14Mo",-0.0965932621195111,-0.0267227300770194,2.08754970858344e-05
"W38773","5Ery",0.114593577108933,0.0012620876851027,0.0772970039010723
"W38774","2Ery",0.115333625342911,0.00431940692271775,0.0772972616232586
"W38775","7MEP",0.0170957431748269,-0.00056665672332675,0.0816654905003056
"W38776","9GMP",-0.034782261615919,0.00123558576249864,0.00783409061124784
"W38777","2Ery",0.137816569108502,0.0177283556104712,0.0772975193454448
"W38778","10GMP",-0.0477061158040118,-0.00914481163207223,0.00861684931699144
"W38779","7MEP",0.00727830040130864,0.0121861165885317,0.0744787006936577
"W38781","6Ery",0.0578670046299718,0.020175920096358,0.035588459971641
"W38782","15Mo",-0.113948021395038,-0.0427497722197701,2.11332192720792e-05
"W38783","5Ery",0.123683958330619,0.0135229636279362,0.0772977770676311
"W38784","5Ery",0.130173438047389,0.0115239018803067,0.0772980347898173
"W38785","15Mo",-0.13250080154417,-0.0815568289402857,2.13909414583241e-05
"W38786","14Mo",-0.13934138856103,-0.0183512311421385,2.1648663644569e-05
"W38788","8Mk",-0.010654268719279,0.0446686088246604,0.0646152626957169
"W38789","14Mo",-0.140045170042355,-0.0162605001571368,2.19063858308138e-05
"W38790","15Mo",-0.140134777749009,-0.0751324622598714,2.21641080170587e-05
"W38791","4Ery",0.0742562045396056,0.0444095992938299,0.00967222544126438
"W38793","14Mo",-0.130225652563853,-0.030235046041343,2.24218302033036e-05
"W38794","13Baso",-0.054625791546862,-0.0214641178728865,0.00563093645822246
"W38795","6Ery",0.0302828927537951,0.000831874150951602,0.0122290587089291
"W38796","4Ery",0.111922674086281,0.0643577470639008,0.0772982925120036
"W38797","13Baso",-0.138138161197933,-0.0090097380618217,2.26795523895484e-05
"W38798","4Ery",0.127179435966349,0.0381365416827265,0.0772985502341898
"W38799","9GMP",-0.0517393457627697,0.000468459179603863,0.00787205318376292
"W38800","3Ery",0.136640059022742,0.0748062550503928,0.0772988079563761
"W38801","8Mk",-0.0127757548644932,0.0434932225135558,0.0616633131757932
"W38802","8Mk",-0.0143649785151736,0.0452829855865591,0.0604021675042172
"W38803","15Mo",-0.133014730096709,-0.0800735137934361,2.29372745757933e-05
"W38804","2Ery",0.156401421385872,0.0328957894691259,0.0772990656785623
"W38805","12Baso",-0.0264026979966736,0.00949525910458314,0.0333225234059551
"W38806","3Ery",0.0966554961009094,0.0572487015008956,0.0734375962547306
"W38807","15Mo",-0.130790551928404,-0.0873208857785031,2.31949967620382e-05
"W38808","15Mo",-0.136868932164313,-0.078490981627747,2.3452718948283e-05
"W38809","9GMP",-0.0491225320439703,-0.00112883558062375,0.0103396215706508
"W38810","3Ery",0.134393538127885,0.0707152280401479,0.0772993234007485
"W38811","10GMP",-0.0702583416168667,0.00413014356880097,0.00579152574943987
"W38812","15Mo",-0.122846738684314,-0.0841737403334599,2.37104411345279e-05
"W38813","16Neu",-0.124194388928672,-0.0939362282570378,2.39681633207728e-05
"W38814","4Ery",0.111608372672419,0.0541303243720762,0.0772995811229348
"W38815","3Ery",0.101858402621145,0.0644220105122297,0.077299838845121
"W38816","14Mo",-0.141793641634492,-0.0311918594250028,2.42258855070177e-05
"W38818","3Ery",0.109706940193517,0.0669658946623632,0.0773000965673073
"W38819","16Neu",-0.125733597175246,-0.0916981220407521,2.44836076932625e-05
"W38820","6Ery",0.0794679824521263,0.034586418490796,0.00626803971153382
"W38821","5Ery",0.0962154177175762,0.0328045888973866,0.0698088568560922
"W38822","13Baso",-0.0841608238010631,0.000155988645726943,0.00152115626182223
"W38823","13Baso",-0.147383590094651,-0.027542401900943,2.47413298795074e-05
"W38825","13Baso",-0.14632575851987,-0.0208192345892735,2.49990520657523e-05
"W38826","8Mk",-0.012015893237646,0.0394595461646571,0.0611365728327505
"W38827","2Ery",0.134951040131621,0.0304837614612442,0.0773003542894935
"W38828","13Baso",-0.118122461943656,-0.0246079694165947,2.52567742519971e-05
"W38829","13Baso",-0.143784405878777,-0.0415661575414953,2.5514496438242e-05
"W38830","8Mk",-0.0162510877045508,0.033924381345689,0.0541129622093671
"W38831","8Mk",-0.00754229222360645,0.0350868832068024,0.0649235356467798
"W38832","15Mo",-0.133345909576267,-0.0849252822329346,2.57722186244869e-05
"W38833","14Mo",-0.139451770343115,-0.0158491832815577,2.60299408107317e-05
"W38834","14Mo",-0.0974477225705774,-0.0652701513137114,2.62876629969766e-05
"W38836","6Ery",0.0318851560750833,0.0154347436782391,0.0184877238845499
"W38837","5Ery",0.101452962925679,0.032011754547231,0.0733536155412276
"W38838","15Mo",-0.115053107172366,-0.0626981718731741,2.65453851832215e-05
"W38839","7MEP",0.0180932508069405,0.0216605756301969,0.00408876283707808
"W38840","15Mo",-0.11635713411162,-0.080604319619236,2.68031073694663e-05
"W38841","15Mo",-0.138879783029382,-0.0739399968018889,2.70608295557112e-05
"W38843","6Ery",0.0803531001673461,0.0449788787906375,0.00237521545631509
"W38845","12Baso",-0.0402832845211447,-0.00885846404538085,0.0176809489968275
"W38846","2Ery",0.151078063364612,0.0338555663878869,0.0773006120116798
"W38847","13Baso",-0.141076797423474,-0.0101647627823669,2.73185517419561e-05
"W38848","3Ery",0.0220577823717492,-0.00391074981437914,0.00110835157642781
"W38849","4Ery",0.109295989036034,0.0665475686722975,0.077300869733866
"W38850","14Mo",-0.0964872060635897,-0.0546491792790089,2.75762739282009e-05
"W38851","10GMP",-0.070960943617499,0.00349367201871287,0.00462863472283835
"W38852","16Neu",-0.11064021996964,-0.0929872342339161,2.78339961144458e-05
"W38853","15Mo",-0.1231551060019,-0.0926610005344895,2.80917183006907e-05
"W38854","6Ery",0.0246284211319541,0.0173929266526789,0.0105177725498532
"W38855","13Baso",-0.106082418036316,0.00565990557895899,0.0018621941627837
"W38858","15Mo",-0.134584282315665,-0.0840052550354259,2.83494404869356e-05
"W38859","6Ery",0.0339840971882279,0.0108975925383757,0.019604148447851
"W38860","2Ery",0.155775274486669,0.0370240599670758,0.0773011274560523
"W38861","15Mo",-0.126790206083462,-0.074807269025467,2.86071626731804e-05
"W38862","3Ery",0.133302918262392,0.0676288292866507,0.0773013851782385
"W38863","13Baso",-0.119520138568447,-0.0580544571242652,2.88648848594253e-05
"W38864","6Ery",0.0394580403364898,0.0195279364225706,0.028638258655448
"W38865","13Baso",-0.12839982226712,-0.0225456848942803,2.91226070456702e-05
"W38866","9GMP",-0.0175017112687572,0.00217818564863037,0.0413412015033963
"W38867","10GMP",-0.0533618967730278,-0.00917019725265204,0.00179457627536999
"W38868","10GMP",-0.0819521752307069,-0.00128635384607276,0.00340254588320592
"W38869","14Mo",-0.13749357746054,-0.0267336486501751,2.9380329231915e-05
"W38870","2Ery",0.156074098132521,0.0359544973752352,0.0773016429004248
"W38871","6Ery",0.030028825849203,0.0119979041335999,0.0152712467600393
"W38872","10GMP",-0.0712007051237088,-0.00696446086562481,0.000827852418750767
"W38873","7MEP",0.016487162353333,0.0146651762665258,9.82343978150751e-05
"W38874","6Ery",0.0293356164136932,0.00915513210463042,0.0136032292812009
"W38875","14Mo",-0.100034437650251,-0.0365861878410184,2.96380514181599e-05
"W38876","2Ery",0.153632586543305,0.051451803968692,0.077301900622611
"W38877","2Ery",0.150813845215734,0.029221035157189,0.0773021583447972
"W38878","7MEP",0.00866446131807254,-0.00279649350256309,0.0708052629830845
"W38879","5Ery",0.12056449323063,0.030141631965077,0.0773024160669835
"W38880","13Baso",-0.128028535161673,-0.00529977641687112,2.98957736044048e-05
"W38881","13Baso",-0.134712722627563,-0.0108184178512314,3.01534957906496e-05
"W38882","14Mo",-0.138086962975957,-0.0288568531297803,3.04112179768945e-05
"W38883","3Ery",0.145172363073553,0.0726694107066685,0.0773026737891697
"W38884","13Baso",-0.135674621617522,-0.00571401000678445,3.06689401631394e-05
"W38886","4Ery",0.117613414911696,0.0617831734078422,0.077302931511356
"W38887","3Ery",0.137020229165928,0.0701954567468131,0.0773031892335422
"W38889","2Ery",0.164833597869559,0.0512177475727685,0.0773034469557285
"W38890","15Mo",-0.122960429277622,-0.0859989895185356,3.09266623493842e-05
"W38891","7MEP",0.0152757737654722,-7.76601079812658e-05,0.0796667022466935
"W38892","1Ery",0.175591683572393,0.0408863769803278,0.0773037046779147
"W38893","15Mo",-0.129927782079326,-0.0884015007109613,3.11843845356291e-05
"W38894","2Ery",0.127155242155331,0.0537892360661116,0.077303962400101
"W38895","13Baso",-0.1202815418165,-0.0354092285201071,3.1442106721874e-05
"W38896","8Mk",-0.00984485531071581,0.0334323650420618,0.0615851091882972
"W38897","9GMP",-0.0751664096047137,0.00444808578544869,1.67665078488755e-05
"W38900","8Mk",-0.0184311662421885,0.0439805874005407,0.0550853303558332
"W38901","17Neu",-0.0279083988376776,0.012627970867856,0.0326384936979422
"W38902","13Baso",-0.101823044985399,0.00794394684985375,0.000163511276500612
"W38903","13Baso",-0.102226728098748,-0.00215323325041154,0.00123301049864581
"W38904","13Baso",-0.109195528609001,-0.0490149289566115,3.16998289081188e-05
"W38905","3Ery",0.133555439562685,0.0721835683031801,0.0773042201222872
"W38906","12Baso",0.0135165520293276,0.0138206464104161,0.0825078908113622
"W38907","16Neu",-0.126915603602692,-0.0942003147362741,3.19575510943637e-05
"W38908","10GMP",-0.0696505677215127,-0.000758500245618569,0.00411086371326185
"W38909","15Mo",-0.123609888046676,-0.0922032680881897,3.22152732806086e-05
"W38910","7MEP",0.0254012255598205,0.00368243515490655,0.00732537412580898
"W38911","13Baso",-0.0876616030485373,-0.0033387611050763,0.0119286452020895
"W38912","13Baso",-0.140678024492607,-0.0221850143379052,3.24729954668534e-05
"W38913","14Mo",-0.138599267793166,-0.0670091489255092,3.27307176530983e-05
"W38914","16Neu",-0.123296481482793,-0.096748529994639,3.29884398393432e-05
"W38915","3Ery",0.114156632165899,0.0662423226681592,0.0773044778444734
"W38916","7MEP",0.018618574339457,0.0042259868244969,0.000512945569360016
"W38917","13Baso",-0.127760639558686,-0.01517312163542,3.32461620255881e-05
"W38918","13Baso",-0.125575756641463,-0.0171918997570135,3.35038842118329e-05
"W38919","3Ery",0.120961505927571,0.0544987173419986,0.0773047355666597
"W38920","1Ery",0.16410628270668,0.0583814484507232,0.0773049932888459
"W38921","14Mo",-0.142029262708671,-0.0242853514916312,3.37616063980778e-05
"W38922","15Mo",-0.12620801721678,-0.0825902808341921,3.40193285843227e-05
"W38923","10GMP",-0.0686136732882451,-0.00105854104849527,0.00521650077903909
"W38924","15Mo",-0.123507685034149,-0.0539061455691878,3.42770507705675e-05
"W38925","4Ery",0.111838812543862,0.0618929012535803,0.0773052510110322
"W38926","9GMP",-0.0387096785309885,0.0136979574017947,0.00723275037153012
"W38927","14Mo",-0.13912449073393,-0.0605222498500027,3.45347729568124e-05
"W38928","9GMP",-0.0724576893997437,0.00640587369440852,0.00425800550145411
"W38929","13Baso",-0.0627795547554809,-0.00655043467666898,0.00811783026061682
"W38930","10GMP",-0.0470532813822098,-0.00264095636202582,0.0121857039714924
"W38931","9GMP",-0.0436035154598363,-0.00480012584825782,0.0154188158712903
"W38932","5Ery",0.0810379384445615,0.0220570459169548,0.0078712289373965
"W38933","2Ery",0.142323920959069,0.0287031668995947,0.0773055087332184
"W38934","7MEP",0.0088219484092736,-0.0033798460015967,0.0707856401798893
"W38935","13Baso",-0.132922508475754,-0.0131814486511908,3.47924951430573e-05
"W38937","6Ery",0.0648065438544794,0.0278286798375541,0.025293036236026
"W38938","7MEP",0.00996838861117186,0.020214874190004,0.0805456942307793
"W38939","10GMP",-0.0549817198144211,-0.00146871276090203,0.00313892645274475
"W38940","7MEP",0.0183107243949716,0.00517319389964017,0.000592895079754286
"W38941","10GMP",-0.0687869591097588,0.0131649081307809,0.00563943881474174
"W38942","3Ery",0.122609293842762,0.0417113431459911,0.0773057664554047
"W38943","5Ery",0.119977888481034,0.0679179617856091,0.0773060241775909
"W38944","10GMP",-0.0117584675218375,-0.00457604140525352,0.0457920546228874
"W38945","6Ery",0.0308048851794818,0.00297675958396876,0.0134862281543204
"W38947","8Mk",-0.0105265473226257,0.0384635235159732,0.0625609666410084
"W38948","4Ery",0.125461553837951,0.050013125966742,0.0773062818997772
"W38949","14Mo",-0.128096724467705,-0.0186276285000202,3.50502173293021e-05
"W38950","16Neu",-0.126160047521119,-0.0882454741326885,3.5307939515547e-05
"W38951","14Mo",-0.128900234719072,-0.0395799157073125,3.55656617017919e-05
"W38952","10GMP",-0.0716000447229756,0.00139511118688197,0.00281870520657601
"W38953","10GMP",-0.0500048871329447,-0.0131248778836039,0.00414759306536557
"W38954","13Baso",-0.146443444323919,-0.0250217404501055,3.58233838880367e-05
"W38955","7MEP",0.0115800548429244,0.0105314923187941,0.0790268026232908
"W38956","15Mo",-0.120634398352577,-0.0867202091408507,3.60811060742816e-05
"W38957","10GMP",-0.0588831714255811,7.94981425480554e-05,0.000133197912879574
"W38958","15Mo",-0.132891868972902,-0.0627694269761134,3.63388282605265e-05
"W38959","15Mo",-0.131676364304462,-0.0757333147013837,3.65965504467713e-05
"W38960","14Mo",-0.090964509044137,-0.0102617200770323,0.00244131089146651
"W38961","5Ery",0.0947963329747524,0.0398227642701815,0.0695968488678639
"W38962","13Baso",-0.136931897378542,-0.010369874065167,3.68542726330162e-05
"W38963","9GMP",-0.0222828075696947,-0.00606395218165932,0.0327088868878725
"W38964","7MEP",0.0100396510645132,0.00294421040405419,0.0744896413300296
"W38965","14Mo",-0.126385751912995,-0.0729442325527102,3.71119948192611e-05
"W38966","6Ery",0.0747344762235784,0.028401407636765,0.0135104801235339
"W38967","2Ery",0.158856116488578,0.0366833696050789,0.0773065396219634
"W38968","8Mk",-0.00633710165161061,0.0373632276383537,0.0671725012863138
"W38969","7MEP",0.0205872240684276,0.00477375833815775,0.00197491070782996
"W38970","5Ery",0.0982517264910416,0.0336470358141857,0.0700460629700859
"W38971","7MEP",0.00364289340174298,0.019168779549576,0.0726198635486619
"W38972","13Baso",-0.119989724881172,-0.00288826486325333,3.7369717005506e-05
"W38973","7MEP",0.0131757373910942,0.00666952747544288,0.0795584240020803
"W38974","5Ery",0.113976036667629,0.051479958697571,0.0773067973441496
"W38975","8Mk",-0.0215126718577068,0.0314464274870374,0.0469532473690994
"W38976","2Ery",0.164967879609267,0.0400430335722125,0.0773070550663359
"W38977","2Ery",0.152307674672805,0.0449466227487583,0.0773073127885221
"W38978","4Ery",0.120616901964519,0.0488835380862504,0.0773075705107084
"W38979","14Mo",-0.118390588663115,-0.03611874258279,3.76274391917508e-05
"W38980","15Mo",-0.128242451094453,-0.0926268733761959,3.78851613779957e-05
"W38981","13Baso",-0.111098357177931,-0.00759887237246952,3.81428835642406e-05
"W38982","3Ery",0.134948622088232,0.0609265970396005,0.0773078282328946
"W38983","2Ery",0.127156800520354,0.0544827772711261,0.0773080859550809
"W38985","5Ery",0.0756934722313079,0.0337963867915151,0.0109059492695303
"W38987","13Baso",-0.110058418048803,-0.00568641238988273,3.84006057504854e-05
"W38989","3Ery",0.119176400903136,0.0559966206707006,0.0773083436772671
"W38990","6Ery",0.0173524245458375,0.0109284308926133,0
"W38991","8Mk",-0.00507758560854421,0.0444307027519301,0.0711913085336951
"W38992","6Ery",0.0351687748289232,0.0195553852569471,0.0235914333449829
"W38993","15Mo",-0.127716872054198,-0.0948024583663956,3.86583279367303e-05
"W38994","2Ery",0.134049140648326,0.0634252864736007,0.0773086013994534
"W38996","5Ery",0.116771737201444,0.0264475063482487,0.0773088591216396
"W38997","6Ery",0.0381825203350086,0.0127226495166483,0.0251001410033226
"W38998","9GMP",-0.00941453580565578,0.00885387738311406,0.0533603239619596
"W38999","8Mk",-0.0185974698666672,0.0300268515706056,0.0499270117958777
"W39000","15Mo",-0.131172404236311,-0.0738250108201948,3.89160501229752e-05
"W39001","13Baso",-0.141882633050241,-0.0172410804252667,3.917377230922e-05
"W39002","10GMP",-0.0707557489985144,0.00100766054024234,0.00364744592339951
"W39003","15Mo",-0.115110310502927,-0.0942990417539272,3.94314944954649e-05
"W39004","15Mo",-0.131641061673411,-0.0864509618380386,3.96892166817098e-05
"W39005","2Ery",0.154876607088695,0.0406429227664929,0.0773091168438259
"W39006","13Baso",-0.137445257125022,-0.014743613457158,3.99469388679546e-05
"W39007","14Mo",-0.114864527795525,-0.0306684457455638,4.02046610541995e-05
"W39008","9GMP",-0.00582678262809783,0.0318196406312593,0.065810171494519
"W39009","2Ery",0.150688087083404,0.0472200449525585,0.0773093745660121
"W39010","3Ery",0.124466909917633,0.0586009487378091,0.0773096322881983
"W39011","17Neu",-0.0312233198588404,0.00956503511858067,1.42570824852584e-05
"W39012","16Neu",-0.103844983719198,-0.0857801526597691,4.04623832404444e-05
"W39013","13Baso",-0.121052268859379,-0.00803216373203627,4.07201054266892e-05
"W39015","6Ery",0.0673715281844575,0.0157223860459994,0.0256154485992415
"W39017","13Baso",-0.139680377601928,-0.0115255070424604,4.09778276129341e-05
"W39018","10GMP",-0.0581595300971481,-0.00785841486583876,0.00318077498028833
"W39019","13Baso",-0.120288779303555,-0.0173036059453508,4.1235549799179e-05
"W39020","13Baso",-0.118137856551768,-0.00888630181023267,4.14932719854239e-05
"W39021","2Ery",0.125222187125735,0.0313230890836359,0.0773098900103846
"W39022","6Ery",0.00830153558241917,0.00634655357699026,0.073623763329108
"W39023","15Mo",-0.139819745472266,-0.0693101258133222,4.17509941716687e-05
"W39024","14Mo",-0.116807393823313,-0.0627834608934048,4.20087163579136e-05
"W39025","14Mo",-0.146536567673592,-0.0303755078561131,4.22664385441585e-05
"W39026","13Baso",-0.104435562798502,-0.00345821695980786,4.25241607304033e-05
"W39027","14Mo",-0.107725563325995,-0.0206412425444023,4.27818829166482e-05
"W39028","6Ery",0.0716424467179178,0.025296592717174,0.017984952791124
"W39029","13Baso",-0.120123599602346,-0.0106464548587411,4.30396051028931e-05
"W39030","17Neu",-0.0244405732835086,-0.000656300305917655,0.0320554523688447
"W39031","2Ery",0.124159873152282,0.0379915166066487,0.0773101477325708
"W39032","6Ery",0.0291164826850436,0.00280387793602174,0.0114439167490119
"W39033","7MEP",0.0140412884321848,0.00185798509451273,0.0788809992970402
"W39034","10GMP",-0.0771307395508041,0.00470638936645165,0.00222843251040935
"W39035","10GMP",-0.0690601622958012,-0.0023625568134665,0.00403185653117509
"W39036","6Ery",0.0717403261706873,0.0214446633051131,0.0189281056993577
"W39037","15Mo",-0.112034157649249,-0.0725606184776677,4.32973272891379e-05
"W39038","15Mo",-0.109046521142112,-0.0948658949465209,4.35550494753828e-05
"W39039","6Ery",0.0249283032740461,0.0107091181123149,0.00886988336905577
"W39040","4Ery",0.115104809793518,0.0461162231490328,0.0773104054547571
"W39041","8Mk",-0.0173731476595674,0.0417195729206652,0.0555446412253342
"W39042","6Ery",0.0281885755648431,-0.00174136600531017,0.00898838280152978
"W39043","13Baso",-0.0946812720771042,-0.0173808750003999,0.000685834180966868
"W39044","13Baso",-0.0938453314001642,-0.00979613876053156,0.00100470414600816
"W39045","5Ery",0.0990408333032739,0.0293520430064651,0.0698358037682857
"W39047","10GMP",-0.0592040711496095,-0.00958427319498368,0.00529544316183171
"W39048","10GMP",-0.0150150490511134,0.0379596259548054,0.0570231498895482
"W39050","10GMP",-0.071282942037612,0.00852533619358102,0.00672378228998839
"W39051","2Ery",0.134380865073818,0.01961856835453,0.0773106631769433
"W39053","16Neu",-0.112101057055856,-0.0923226643372629,4.38127716616277e-05
"W39054","14Mo",-0.123084447722141,-0.0602367751692664,4.40704938478725e-05
"W39055","5Ery",0.095967327277484,0.0308163291485447,0.0706300754328977
"W39056","10GMP",-0.0573628369069173,-0.00183414052669161,0.000139260394203807
"W39057","6Ery",0.0739958212616934,0.0269138243909036,0.0147847673655218
"W39058","2Ery",0.142409709678221,0.0252282319695057,0.0773109208991296
"W39059","10GMP",-0.097205790947601,0.0092193096106471,0.0160346390369417
"W39060","15Mo",-0.107748332066484,-0.0866074299832555,4.43282160341174e-05
"W39061","16Neu",-0.1190826061748,-0.0974454046336138,4.45859382203623e-05
"W39062","6Ery",0.0294784695513762,0.00949137494980404,0.0138722863463693
"W39064","10GMP",-0.0620827124872253,-0.00132415311764405,0.00469349352212808
"W39065","15Mo",-0.134652239239506,-0.0820033965189001,4.48436604066071e-05
"W39066","13Baso",-0.135993815560035,-0.0133622707462949,4.5101382592852e-05
"W39067","5Ery",0.0762988686256696,0.0181791975399017,0.0144873321909856
"W39068","7MEP",0.00742276706732437,0.0131287079174424,0.0749865888979989
"W39069","4Ery",0.119181124128347,0.0364641771939209,0.0773111786213158
"W39070","7MEP",0.00569044149743347,0.0146234131293574,0.0734490706355237
"W39071","3Ery",0.0945705319373984,0.0435532128553039,0.068866066446271
"W39073","13Baso",-0.134139690865293,-0.0522754475773405,4.53591047790969e-05
"W39074","13Baso",-0.138980146865516,-0.0145644901325536,4.56168269653418e-05
"W39075","13Baso",-0.0835772660828413,0.00190420398207092,0.00317446511279305
"W39076","3Ery",0.126499798398656,0.0450091967722173,0.0773114363435021
"W39077","1Ery",0.168020156170726,0.0421307764618928,0.0773116940656883
"W39078","15Mo",-0.117633566578269,-0.0644847935592636,4.58745491515866e-05
"W39079","8Mk",0.00905704605919511,0.0119882798173128,0.0765332612631996
"W39081","7MEP",0.00582570778590359,-0.00225456634195114,0.0676082119186832
"W39082","7MEP",0.00735034959926053,0.00698360196031224,0.0727137157244531
"W39083","13Baso",-0.0523610299109901,-0.0137404958468423,0.00104424960214313
"W39084","13Baso",-0.0932379367064409,-0.00337717483380092,0.00384556422549511
"W39085","5Ery",0.09995991123601,0.0278775597853447,0.0705215326624523
"W39087","6Ery",0.0304884583312267,0.00709476865662243,0.0143457138195939
"W39088","15Mo",-0.133851351688279,-0.089165079529418,4.61322713378315e-05
"W39089","13Baso",-0.124083166503336,-0.0114887597676106,4.63899935240764e-05
"W39090","14Mo",-0.126082754384156,-0.0436568099123347,4.66477157103212e-05
"W39091","10GMP",0.00573277221066564,0.00372591024883824,0.0696239768330571
"W39092","13Baso",-0.0974920348201875,-0.0265562971347996,4.69054378965661e-05
"W39093","7MEP",0.00999716249148057,0.00117553161006485,0.0738095248773897
"W39094","15Mo",-0.102285439813218,-0.076365129496322,4.7163160082811e-05
"W39095","8Mk",-0.0231858804840145,0.0335175569800932,0.045693422124137
"W39096","9GMP",-0.0602794749301338,-0.00166335977589332,0.00268240367774666
"W39097","4Ery",0.105043030270705,0.0276268494421173,0.0754582547648341
"W39098","17Neu",-0.0243954087661793,-0.00579664368472,0.0302830679716032
"W39099","2Ery",0.144074019516535,0.0199135840680099,0.0773119517878745
"W39100","14Mo",-0.110803087102818,-0.0135309119432337,4.74208822690558e-05
"W39101","15Mo",-0.126737135337806,-0.0786748028559152,4.76786044553007e-05
"W39103","14Mo",-0.127170261613334,-0.042421764544943,4.79363266415456e-05
"W39104","6Ery",0.0808592096383704,0.0410094107458655,0.00287318484104718
"W39105","6Ery",0.021290409948025,-0.00165763460754126,0.000877551164088422
"W39106","10GMP",-0.0789573932904631,-0.00376106767573768,0.00567126931871316
"W39107","6Ery",0.021794576865001,-0.000324687023892397,0.00187252028732545
"W39109","13Baso",-0.099568527023816,-0.0187486561315033,4.81940488277904e-05
"W39110","6Ery",0.0296630702415954,0.00562373782715864,0.0129321160266477
"W39111","12Baso",-0.0590033059357569,-0.0160190702602081,0.00823152922827604
"W39112","3Ery",0.121558150834644,0.068899631588379,0.0773122095100608
"W39113","13Baso",-0.0991076537831639,-0.0172326281672494,4.84517710140353e-05
"W39114","13Baso",-0.11162134566721,-0.0130087190496849,4.87094932002802e-05
"W39115","16Neu",-0.104567519523917,-0.0857238774094381,4.8967215386525e-05
"W39116","10GMP",-0.0937274482368126,0.00457834667263813,0.0146581071549015
"W39117","16Neu",-0.110578832045511,-0.0975674482525864,4.92249375727699e-05
"W39118","13Baso",-0.108203531814777,-0.0266480592571744,4.94826597590148e-05
"W39119","5Ery",0.110138595635744,0.0278707342518683,0.077312467232247
"W39120","2Ery",0.154786809869179,0.0392957120325003,0.0773127249544333
"W39121","9GMP",-0.0285206374904843,-0.00836144621999132,0.00439793073944612
"W39122","16Neu",-0.121616127501043,-0.0945704682508033,4.97403819452596e-05
"W39123","8Mk",-0.00644293113264118,0.0344896557184362,0.0660238424057021
"W39125","13Baso",-0.093425965330135,-0.0106214140018886,0.0010209123988386
"W39126","10GMP",-0.0525994783987304,-0.0138235751041614,0.000721281802622488
"W39127","5Ery",0.0977556230100228,0.0482163667529461,0.0733048748177225
"W39128","15Mo",-0.121304193425959,-0.0723147114431114,4.99981041315045e-05
"W39129","13Baso",-0.140861259773948,-0.0159073352118628,5.02558263177494e-05
"W39130","9GMP",-0.0472369299836384,0.000744184154789015,0.0134149457276798
"W39131","14Mo",-0.10708049321837,-0.0555371765231045,5.05135485039943e-05
"W39134","13Baso",-0.0801504509870974,-0.0176351810345871,0.0111451271515305
"W39135","14Mo",-0.114004624634972,-0.0142545902880523,5.07712706902391e-05
"W39137","15Mo",-0.1111356370749,-0.089026003114837,5.1028992876484e-05
"W39138","15Mo",-0.12308466163866,-0.0839570739985011,5.12867150627289e-05
"W39139","10GMP",-0.0539023539776658,0.0103360323478451,0.00948781363911926
"W39140","15Mo",-0.113232277638556,-0.0889003202679705,5.15444372489737e-05
"W39141","16Neu",-0.110228659542252,-0.0904898368282519,5.18021594352186e-05
"W39142","6Ery",0.0717162864414581,0.0213430511261621,0.0189843891615033
"W39143","2Ery",0.131388653102167,0.0347203977420408,0.0773129826766195
"W39144","13Baso",-0.136080692332171,-0.0278608742601975,5.20598816214635e-05
"W39145","5Ery",0.035819542532648,0.00794156052826657,0.0208834246227316
"W39146","7MEP",0.00815849787218174,-0.000285410046153906,0.0710941173059297
"W39148","6Ery",0.0399242836853929,0.0068045961043437,0.0253827216079125
"W39149","13Baso",-0.126494462348908,-0.0121370219319679,5.23176038077083e-05
"W39150","2Ery",0.147604057622324,0.0298624375903389,0.0773132403988058
"W39152","7MEP",0.0100804797388614,0.0128600684973956,0.0780645893747917
"W39153","13Baso",-0.0907119949411443,-0.0570390855371522,5.25753259939532e-05
"W39154","2Ery",0.12602314236159,0.0264426999065448,0.077313498120992
"W39155","14Mo",-0.115793409625282,-0.0115532908973619,5.28330481801981e-05
"W39156","13Baso",-0.116438058345495,-0.0100070028494081,5.30907703664429e-05
"W39157","8Mk",-0.0165711844814413,0.0378436373023345,0.0551240909553861
"W39158","13Baso",-0.0860167191129359,-0.00667936923886659,0.0118778783758189
"W39159","7MEP",-0.0173303277650498,0.0210099419094218,0.0482353192002695
"W39160","10GMP",-0.068787337559536,0.00433243889986152,0.00766772133180458
"W39161","10GMP",-0.0658685750307611,-0.00101195426056285,0.00855560483016766
"W39162","14Mo",-0.130502164792898,-0.0572741073005264,5.33484925526878e-05
"W39163","16Neu",-0.119880205474692,-0.0950457642850233,5.36062147389327e-05
"W39164","2Ery",0.125327103482084,0.0266148316201559,0.0773137558431783
"W39165","13Baso",-0.127867497762707,-0.00564632016145483,5.38639369251775e-05
"W39166","7MEP",0.007701598532848,-0.00266096990795486,0.0697040164010033
"W39167","15Mo",-0.130225889924714,-0.0628452177141316,5.41216591114224e-05
"W39168","3Ery",0.12517174889639,0.0412936326108693,0.0773140135653645
