cell_id,paul15_clusters,dim1,dim2,pseudotime
W31105,7MEP,0.924052000045776,0.732167720794678,1.93134036172003
W31106,15Mo,-6.1912956237793,-1.46933150291443,9.37477607778569
W31107,3Ery,7.32818126678467,3.53269863128662,11.5765833672269
W31108,15Mo,-7.01015758514404,-3.28965997695923,11.278316998285
W31109,3Ery,7.45541763305664,3.36268448829651,11.5765841359986
W31110,15Mo,-5.67367315292358,-2.87215328216553,11.2880633257555
W31111,4Ery,5.48680973052979,3.10368037223816,6.83798477937417
W31113,2Ery,1.15072298049927,-0.182010114192963,2.30479345802618
W31114,3Ery,3.90129637718201,2.30210089683533,5.99128461590688
W31115,2Ery,7.84258222579956,2.22635459899902,11.5765849047703
W31116,2Ery,7.40803480148315,1.42910242080688,11.4905584463286
W31117,17Neu,-1.60518956184387,0.735153794288635,1.97133692207966
W31118,14Mo,-6.67400312423706,-2.25487875938416,9.38087734302773
W31119,13Baso,-4.39840793609619,-0.481694996356964,7.1756544162251
W31120,3Ery,7.39823722839355,3.00178360939026,11.576585673542
W31121,7MEP,0.812543511390686,0.0390053726732731,2.34271974864714
W31122,3Ery,6.18765640258789,3.74121713638306,8.85908870735345
W31123,3Ery,7.5551905632019,3.15654349327087,11.5765864423137
W31124,2Ery,8.46969223022461,2.17617750167847,11.5765872110854
W31125,8Mk,-0.716661214828491,2.1054904460907,1.97133769085134
W31126,3Ery,4.86586141586304,2.43863749504089,6.83798554814585
W31127,9GMP,-3.32195138931274,0.620693802833557,5.10990330405191
W31128,8Mk,-0.880465090274811,1.70148575305939,1.98395230535724
W31129,10GMP,-2.23852229118347,-0.738810896873474,4.06083133692468
W31130,15Mo,-5.20433330535889,-2.00958275794983,10.7693577539572
W31131,16Neu,-6.66035842895508,-3.26437473297119,11.2783177670566
W31132,4Ery,6.89871597290039,1.70765316486359,11.5765879798571
W31133,13Baso,-3.2514271736145,0.205517649650574,5.36322288886501
W31134,17Neu,-1.36603045463562,0.0939375087618828,2.11949693443292
W31136,3Ery,6.77696657180786,3.24540233612061,11.5765887486287
W31137,2Ery,7.367431640625,2.48427486419678,11.5765895174004
W31138,3Ery,5.31431484222412,3.26955914497375,6.83798631691754
W31139,5Ery,5.12405824661255,1.39179658889771,8.63169517731122
W31140,3Ery,5.29360675811768,2.89234852790833,6.83798708568923
W31141,13Baso,-5.19207715988159,-0.161947563290596,7.37110269359488
W31142,1Ery,8.876784324646,1.56850969791412,11.5765902861721
W31143,3Ery,7.75021886825562,3.44455361366272,11.5765910549438
W31144,6Ery,4.68907928466797,2.61050319671631,6.83798785446091
W31145,15Mo,-5.9089183807373,-4.03938341140747,11.2783185358283
W31146,3Ery,5.65205955505371,2.03954362869263,8.85908947612513
W31147,3Ery,7.32885932922363,3.27163887023926,11.5765918237155
W31148,14Mo,-7.26950979232788,-1.45343136787415,9.60241836145337
W31150,12Baso,-1.94191324710846,0.644837319850922,2.88485413624042
W31151,3Ery,7.21062755584717,3.90814423561096,11.5765925924872
W31152,14Mo,-6.54611253738403,-1.21067106723785,9.59679316077519
W31153,6Ery,5.69376659393311,3.02690935134888,6.8379886232326
W31154,4Ery,6.77926015853882,2.68549346923828,11.5765933612589
W31155,7MEP,0.154617860913277,-0.0643489509820938,0.110862521551452
W31156,2Ery,7.89550495147705,2.07259225845337,11.5765941300305
W31157,13Baso,-2.86458110809326,-0.19052654504776,4.35567340497261
W31158,14Mo,-6.53755331039429,-3.78439426422119,11.2783193046
W31159,6Ery,4.05267143249512,1.63500475883484,6.31692956157158
W31160,18Eos,-2.62469291687012,1.92984068393707,3.53085270440369
W31161,4Ery,7.0463604927063,2.70983123779297,11.5765948988022
W31162,3Ery,5.76977396011353,1.11431384086609,9.13754080386351
W31163,3Ery,5.87380647659302,2.96986293792725,8.85909024489682
W31164,14Mo,-6.21776103973389,-1.43014812469482,9.40288516350058
W31165,2Ery,8.08965396881104,2.40524840354919,11.5765956675739
W31166,13Baso,-6.24798774719238,-0.398695558309555,9.66380301633046
W31167,2Ery,8.04945755004883,2.30159401893616,11.5765964363456
W31168,13Baso,-7.59952163696289,-1.12912535667419,9.66380378510214
W31169,13Baso,-5.85215425491333,-0.21947580575943,9.11666035304115
W31170,14Mo,-7.44191694259644,-1.75985467433929,9.45947881187475
W31171,7MEP,0.748084425926208,0.713919460773468,1.93134113049172
W31172,7MEP,3.64253616333008,2.15915417671204,5.99128538467857
W31173,7MEP,0.463758081197739,0.701145350933075,0.019371234226654
W31174,10GMP,-3.08450937271118,-0.25976637005806,4.3025441226236
W31175,12Baso,-2.12443900108337,0.646707832813263,2.74446557787804
W31176,6Ery,2.79432582855225,1.24344229698181,4.31724855091166
W31177,5Ery,4.39978694915771,1.96486365795135,6.43731059265571
W31178,5Ery,4.95683288574219,1.52391993999481,7.15226907867942
W31179,14Mo,-6.22243976593018,-3.48066639900208,11.2783200733717
W31180,4Ery,6.95769453048706,1.90804219245911,11.5765972051173
W31181,16Neu,-5.7060866355896,-4.08786296844482,11.2783208421434
W31182,16Neu,-5.88001251220703,-4.15639877319336,11.2783216109151
W31183,3Ery,6.2517523765564,3.01590585708618,8.85909101366851
W31184,2Ery,8.10550212860107,2.44443702697754,11.576597973889
W31185,6Ery,6.65059185028076,1.55850505828857,9.40528020609196
W31186,13Baso,-5.05619192123413,0.230423673987389,7.71857203257955
W31187,13Baso,-4.1077094078064,0.189837917685509,6.23257828327361
W31188,10GMP,-3.38139224052429,0.437175571918488,5.12591523076277
W31189,14Mo,-5.980628490448,-3.5286660194397,11.2783223796868
W31190,5Ery,6.14897871017456,0.816138803958893,9.80140313572516
W31191,7MEP,0.882308423519135,0.819047331809998,1.9313418992634
W31192,7MEP,0.840316772460938,0.768637418746948,1.93134266803509
W31193,5Ery,5.98971271514893,2.0208113193512,8.85909178244019
W31194,6Ery,3.5490140914917,0.766730010509491,4.92566522861279
W31195,2Ery,8.05111312866211,2.53646469116211,11.5765987426607
W31196,10GMP,3.9303252696991,1.38196814060211,5.46695232941641
W31197,10GMP,-3.89138340950012,0.179604038596153,6.48512487623954
W31198,2Ery,7.17245101928711,1.7250828742981,11.5765995114324
W31199,7MEP,-0.350619286298752,0.0894210860133171,0.572933232000212
W31200,6Ery,3.45301842689514,1.26101458072662,4.95581575775368
W31201,7MEP,1.17664527893066,0.0833358913660049,2.45130852171399
W31202,14Mo,-4.76416444778442,-0.582369387149811,7.35172218605352
W31203,16Neu,-5.66593408584595,-2.17023921012878,10.7897853139221
W31204,10GMP,-3.01400232315063,-0.325083494186401,4.33510937905298
W31205,3Ery,7.04174900054932,1.79742896556854,11.576600280204
W31206,3Ery,6.76412010192871,3.73626899719238,11.5766010489757
W31207,13Baso,-7.20208501815796,-1.33136463165283,9.65961539583394
W31209,1Ery,8.62172317504883,2.50049352645874,11.5766018177474
W31210,14Mo,-5.67998170852661,-1.47965407371521,9.36437997576845
W31211,15Mo,-6.61982154846191,-1.93281602859497,9.32316832838858
W31212,2Ery,6.20052814483643,0.220443442463875,10.5199140520418
W31213,5Ery,3.84002709388733,0.82127320766449,5.78231827404118
W31214,2Ery,8.53292369842529,0.972926437854767,11.0831693059498
W31215,5Ery,5.4660439491272,0.473186582326889,9.31641772160202
W31217,3Ery,6.87470054626465,3.58765912055969,11.5766025865191
W31218,14Mo,-5.69818353652954,-1.78586542606354,9.42396517786573
W31219,10GMP,-3.23738718032837,-0.280006408691406,4.30588658012205
W31220,2Ery,8.67790508270264,1.42280447483063,11.5696019004601
W31221,7MEP,0.293048202991486,-0.0353655591607094,0.0160127085072543
W31222,4Ery,6.55165910720825,3.02314639091492,9.40528097486365
W31223,9GMP,-3.41252446174622,0.666057467460632,5.1099040728236
W31224,7MEP,0.787526845932007,0.875929713249207,1.93134343680677
W31225,3Ery,7.68560695648193,1.71575009822845,11.5766033552908
W31226,16Neu,-5.51669073104858,-4.55404472351074,11.2783231484585
W31228,10GMP,-2.07070016860962,-0.636395335197449,4.33425990076758
W31229,6Ery,5.048171043396,3.06118750572205,6.83798939200428
W31230,3Ery,4.55897760391235,2.15053296089172,6.71398270068289
W31231,2Ery,8.25372695922852,0.784621357917786,11.0375529204202
W31232,5Ery,6.85457944869995,1.84886920452118,11.5766041240625
W31233,2Ery,7.77084159851074,1.50082981586456,11.5766048928342
W31234,2Ery,7.60438251495361,1.77068531513214,11.5766056616058
W31236,5Ery,5.89893484115601,0.233580872416496,10.5199148208135
W31237,14Mo,-5.63843631744385,-1.032475233078,8.3564203218694
W31238,5Ery,5.36047506332397,2.68291521072388,6.83799016077597
W31239,14Mo,-6.41627311706543,-1.2377188205719,9.55479086894752
W31240,3Ery,5.34092044830322,3.10627841949463,6.83799092954766
W31241,2Ery,7.49017810821533,1.65372610092163,11.5766064303775
W31242,16Neu,-5.06881093978882,-3.78416585922241,11.2783239172301
W31243,2Ery,8.34069538116455,2.24543476104736,11.5766071991492
W31244,13Baso,-3.35780596733093,-1.50266265869141,4.43628394812717
W31245,16Neu,-5.17653942108154,-3.68995928764343,11.2783246860018
W31246,2Ery,8.30604076385498,0.987471520900726,11.0832666847462
W31247,3Ery,7.4360408782959,3.04601550102234,11.5766079679209
W31248,3Ery,6.61604356765747,3.74958848953247,8.85909255121188
W31249,14Mo,-5.52133226394653,-0.777845621109009,8.12589021625606
W31250,5Ery,7.02431964874268,0.700417578220367,10.6285729668319
W31251,16Neu,-5.67571830749512,-4.67888641357422,11.2783254547735
W31252,14Mo,-5.54575061798096,-1.08531892299652,8.27535640395089
W31253,14Mo,-3.94609999656677,-1.8258501291275,10.7138289023157
W31254,13Baso,-7.39660310745239,-0.878437399864197,9.66380455387383
W31255,3Ery,7.00324392318726,3.05642461776733,11.5766087366926
W31256,14Mo,-4.97010326385498,-1.97270011901855,10.7550403634728
W31257,7MEP,1.02623283863068,-0.134873196482658,2.3570310350899
W31259,14Mo,-4.21027421951294,-0.0822814777493477,7.22719761178949
W31260,10GMP,-2.92261552810669,-1.19221842288971,4.43628471689885
W31262,2Ery,5.84450483322144,-0.138596549630165,10.5199155895852
W31263,14Mo,-3.96934199333191,-1.88240444660187,10.7138296710874
W31264,15Mo,-5.07454776763916,-3.3127293586731,11.425825228556
W31265,14Mo,-6.24873065948486,-0.876729249954224,9.66380532264552
W31266,16Neu,-5.81727409362793,-4.17956638336182,11.2783262235452
W31267,10GMP,-2.35755109786987,-0.176252648234367,4.4561995571405
W31268,7MEP,0.159787401556969,0.487165093421936,0.201824511057302
W31269,5Ery,5.29201173782349,0.0761223956942558,9.3164184903737
W31270,16Neu,-4.78639936447144,-3.80907917022705,11.2783269923169
W31271,2Ery,6.22424221038818,0.036408044397831,10.5056826925941
W31272,16Neu,-5.29261589050293,-3.47899174690247,11.2783277610886
W31273,14Mo,-5.20737648010254,-3.06474852561951,11.5485319445887
W31274,10GMP,-3.94257426261902,-0.140982002019882,6.22490415880348
W31275,16Neu,-5.3530387878418,-4.41396951675415,11.2783285298603
W31276,8Mk,-0.254141569137573,1.74920725822449,0.453882297969659
W31277,7MEP,0.189127281308174,-0.0847598686814308,0.0824733865605461
W31278,14Mo,-6.1716365814209,-0.746358215808868,8.78961696192495
W31279,7MEP,0.188514709472656,1.04871034622192,0.277521480384681
W31280,2Ery,7.87218046188354,1.50690233707428,11.5766095054643
W31281,14Mo,-5.79951190948486,-0.611365616321564,9.16625989310778
W31282,14Mo,-4.98598623275757,-1.7513062953949,10.7758336758914
W31283,4Ery,6.79725933074951,2.41770577430725,11.576610274236
W31284,5Ery,5.83392953872681,0.316766947507858,10.5199163583569
W31285,14Mo,-4.25932264328003,-1.55593633651733,7.89887790761969
W31286,14Mo,-4.01119661331177,-1.88474333286285,10.7138304398591
W31287,10GMP,-0.258962064981461,1.52061462402344,0.453883066741345
W31288,6Ery,1.15477824211121,0.0211228225380182,2.45400680887653
W31289,5Ery,6.55782604217529,1.43849265575409,9.81050892247181
W31290,14Mo,-5.55911493301392,-2.074711561203,10.7902247838989
W31291,3Ery,6.91501140594482,3.27804183959961,11.5766110430076
W31292,5Ery,5.75934600830078,2.46508049964905,8.85909331998357
W31293,15Mo,-6.3137993812561,-3.5022509098053,11.2783292986319
W31294,5Ery,6.00639724731445,0.388996124267578,10.5199171271286
W31295,14Mo,-5.64327669143677,-1.71615314483643,9.41759506420435
W31296,16Neu,-5.96077299118042,-2.00140452384949,9.4305058517086
W31297,8Mk,0.427432328462601,-0.247684866189957,1.86682012880849
W31298,3Ery,8.07681083679199,2.45601391792297,11.5766118117793
W31299,14Mo,-7.25728559494019,-2.19475626945496,9.32126634947618
W31300,12Baso,-0.620021343231201,0.413123786449432,0.810833577169427
W31301,14Mo,-4.06118965148926,0.330738604068756,6.37569658015572
W31302,3Ery,7.24711084365845,3.69436573982239,11.576612580551
W31303,5Ery,5.60672521591187,1.07709097862244,9.31641925914539
W31305,16Neu,-4.93227005004883,-3.95323824882507,11.2783300674036
W31306,15Mo,-7.09980916976929,-3.3023099899292,11.2783308361753
W31307,13Baso,-6.37440872192383,-0.782807528972626,9.6638060914172
W31309,5Ery,5.69098424911499,1.51535105705261,8.69366011072653
W31310,3Ery,6.28430986404419,3.46015310287476,8.85909408875525
W31311,13Baso,-5.02582740783691,-0.0123832505196333,7.52631646426777
W31312,12Baso,-1.62460052967072,0.829932391643524,3.09980633258134
W31313,8Mk,-0.429516732692719,-0.023834615945816,0.688895876926024
W31314,7MEP,-0.762304902076721,1.28103804588318,2.08805825326009
W31315,6Ery,3.92118287086487,1.91258299350739,6.05535253773837
W31316,2Ery,7.57391262054443,2.15082311630249,11.5766133493227
W31317,3Ery,7.67448663711548,3.57737469673157,11.5766141180944
W31318,3Ery,7.46786642074585,3.78885412216187,11.5766148868661
W31319,15Mo,-6.70691108703613,-2.01108551025391,9.32671527708634
W31321,3Ery,3.85703229904175,2.2667829990387,5.99128615345026
W31322,3Ery,6.43887662887573,3.18203377723694,8.85909485752694
W31323,3Ery,5.21408081054688,2.96822905540466,6.83799169831934
W31324,8Mk,-0.707501530647278,1.29230892658234,2.10120449530616
W31325,2Ery,7.23582553863525,1.15943288803101,11.1932253892227
W31326,2Ery,7.30290555953979,2.62022829055786,11.5766156556378
W31327,14Mo,-7.16669416427612,-2.13824129104614,9.32126711824787
W31328,3Ery,6.23831415176392,3.70359015464783,8.85909562629863
W31329,15Mo,-7.39334630966187,-2.24377846717834,9.32126788701955
W31330,14Mo,-7.27357721328735,-1.83155179023743,9.38375941878778
W31331,7MEP,1.2046719789505,0.464858502149582,2.50480455326942
W31332,15Mo,-5.23849391937256,-3.9421763420105,11.278331604947
W31333,3Ery,6.12473249435425,2.67863154411316,8.85909639507031
W31334,3Ery,6.56802558898926,2.84059739112854,9.40528174363534
W31335,13Baso,-3.33652424812317,0.470387488603592,5.10990484159529
W31336,15Mo,-7.29546070098877,-2.24813461303711,9.32126865579124
W31337,3Ery,7.15049076080322,3.93181014060974,11.5766164244095
W31338,15Mo,-6.94921493530273,-2.56547260284424,9.40492714489696
W31339,13Baso,-7.10391283035278,-0.963540852069855,9.66380686018889
W31340,3Ery,5.80650329589844,3.00594568252563,8.859097163842
W31341,15Mo,-6.44611406326294,-3.38301634788513,11.2783323737187
W31342,15Mo,-6.51596593856812,-3.91517782211304,11.2783331424904
W31343,13Baso,-7.55416345596313,-1.36738348007202,9.66380762896057
W31345,4Ery,6.00806760787964,3.17460894584656,8.85909793261368
W31346,3Ery,5.54543113708496,2.53733587265015,8.85909870138537
W31347,14Mo,-5.34474277496338,-1.0420583486557,8.01748909924948
W31348,4Ery,6.23913383483887,1.11772525310516,9.70360267897956
W31349,6Ery,3.74677276611328,2.00378131866455,5.99128692222194
W31350,16Neu,-6.33753538131714,-4.50636386871338,11.2783339112621
W31351,14Mo,-7.23629760742188,-1.62192404270172,9.49789113566975
W31353,3Ery,7.6484580039978,3.42479991912842,11.5766171931811
W31354,17Neu,-1.33509743213654,0.48821896314621,2.06565073803219
W31355,15Mo,-6.98811197280884,-2.02691292762756,9.32126942456292
W31356,4Ery,5.70138597488403,2.22811031341553,8.85909947015706
W31357,3Ery,6.9490761756897,2.7731351852417,11.5766179619528
W31358,6Ery,2.8750433921814,1.02832090854645,4.2883260510415
W31359,14Mo,-5.91066026687622,-0.971737563610077,9.05090152316607
W31360,3Ery,5.6711277961731,3.66033387184143,6.83799246709103
W31361,16Neu,-5.54390668869019,-4.05947875976562,11.2783346800337
W31362,14Mo,-6.17303276062012,-0.90506500005722,8.78678741002246
W31363,15Mo,-5.7441782951355,-3.04239058494568,11.2783354488054
W31364,7MEP,1.28390562534332,0.842868804931641,2.97273035849866
W31365,13Baso,-5.10128211975098,-0.0484224706888199,7.48827245003495
W31366,15Mo,-5.65263271331787,-3.85813570022583,11.2783362175771
W31367,14Mo,-6.59750318527222,-0.662611246109009,9.66380839773226
W31368,3Ery,6.46619701385498,3.72396755218506,8.85910023892874
W31369,2Ery,7.38454532623291,0.816842377185822,11.2392344142919
W31370,2Ery,7.89728355407715,2.31845879554749,11.5766187307245
W31371,14Mo,-4.2924542427063,0.191254198551178,7.19066169421392
W31372,2Ery,8.21988010406494,2.49611496925354,11.5766194994962
W31373,13Baso,-2.41168880462646,0.697158396244049,4.12120800128716
W31374,2Ery,7.35150003433228,1.91129124164581,11.5766202682679
W31375,3Ery,5.46664190292358,2.8827428817749,6.83799323586272
W31376,13Baso,-3.80011248588562,0.434602051973343,5.58057889132892
W31377,12Baso,-0.208446457982063,0.142542600631714,0.408178353615455
W31378,2Ery,7.52308368682861,0.809702932834625,11.1304891193352
W31379,10GMP,-2.21152853965759,-0.212874099612236,3.43047333328647
W31380,5Ery,5.64619445800781,0.911411046981812,9.31087710622592
W31381,13Baso,-5.76254796981812,-0.344613254070282,9.20593839659449
W31382,3Ery,6.32863807678223,3.36245107650757,8.85910100770043
W31383,9GMP,-2.84581589698792,-0.40935879945755,4.40009424754968
W31386,15Mo,-5.95952033996582,-3.88013553619385,11.2783369863488
W31387,2Ery,7.44638872146606,1.50141644477844,11.569768488096
W31388,10GMP,-2.11878633499146,-0.4869244992733,4.42180934130523
W31389,5Ery,5.46630001068115,1.77315211296082,8.85910177647212
W31390,5Ery,5.51108980178833,0.982681393623352,9.31642002791708
W31391,2Ery,7.68834972381592,1.29718136787415,11.3697098900793
W31392,14Mo,-4.27768659591675,-1.37258791923523,7.89887867639137
W31393,13Baso,-4.75133466720581,-0.449168115854263,7.1864544835312
W31394,2Ery,7.80087995529175,1.74319362640381,11.5766210370396
W31395,14Mo,-5.74327754974365,-0.307036399841309,8.20789970188445
W31396,16Neu,-5.19278287887573,-4.26599884033203,11.2783377551205
W31397,12Baso,-0.197710484266281,0.020133301615715,0.379420308381338
W31398,14Mo,-5.48569440841675,-0.890041470527649,8.12702926593008
W31399,14Mo,-5.26088953018188,-1.02525079250336,7.91040596649527
W31401,3Ery,7.07473707199097,2.40000486373901,11.5766218058113
W31402,14Mo,-5.12457180023193,-0.683720707893372,7.73096284674577
W31403,13Baso,-5.03326892852783,0.310948371887207,7.71857280135124
W31405,12Baso,-3.44139289855957,-1.39901232719421,4.39858906303818
W31406,5Ery,6.08280754089355,0.611758649349213,10.5199178959003
W31407,10GMP,-0.285037040710449,1.19464933872223,0.453883835513031
W31409,14Mo,-5.55305051803589,-0.83174067735672,8.18498151911153
W31410,4Ery,5.64036893844604,1.90884637832642,8.8591025452438
W31411,15Mo,-5.5625696182251,-2.07724452018738,10.790260615893
W31413,3Ery,5.29748773574829,3.07287383079529,6.8379940046344
W31414,4Ery,6.72152471542358,2.21795248985291,9.40528251240702
W31415,4Ery,5.50481986999512,0.753013670444489,9.31642079668876
W31416,4Ery,6.37031650543213,1.42696464061737,9.39284190088239
W31418,4Ery,7.18306589126587,2.13390588760376,11.5766225745829
W31419,5Ery,5.67304992675781,1.03515040874481,9.25974048659202
W31420,1Ery,8.73047065734863,1.50257849693298,11.5766233433546
W31421,16Neu,-5.841477394104,-4.38397264480591,11.2783385238922
W31422,14Mo,-6.60875177383423,-1.43235242366791,9.4808091249824
W31423,2Ery,7.53824996948242,1.39220452308655,11.4602522989713
W31424,5Ery,5.19907379150391,1.32964515686035,8.57792071624976
W31425,15Mo,-5.6405816078186,-3.72674918174744,11.2783392926639
W31426,5Ery,5.2288293838501,1.07551276683807,9.31642156546045
W31427,2Ery,6.11109972000122,0.149419769644737,10.519918664672
W31428,5Ery,5.41312122344971,1.6649956703186,8.12429927550381
W31429,1Ery,8.76891136169434,1.67699337005615,11.5766241121263
W31430,7MEP,0.680027961730957,0.324600577354431,2.13503386756127
W31431,2Ery,7.56983709335327,0.683175206184387,11.2326316437607
W31432,14Mo,-5.42941379547119,-2.64304161071777,11.7609624589766
W31433,10GMP,-0.515570878982544,1.97801840305328,0.453884604284717
W31434,2Ery,7.02620315551758,1.38194811344147,11.414825746268
W31436,14Mo,-5.70702886581421,-1.19737386703491,9.25431778198311
W31437,6Ery,1.27858543395996,-0.0256071407347918,2.36343639818623
W31439,9GMP,-1.07080066204071,1.53224766254425,1.97133845962303
W31440,3Ery,7.39935255050659,3.59919214248657,11.576624880898
W31441,2Ery,6.97120523452759,0.535424768924713,10.4422441311862
W31442,3Ery,7.00460338592529,0.94101083278656,11.4204723061847
W31443,12Baso,0.195315793156624,-0.0355652496218681,0.086457713351111
W31444,2Ery,7.42919015884399,0.586549401283264,11.4592270425585
W31445,18Eos,-2.63498187065125,1.9400806427002,3.53085347317537
W31446,5Ery,5.76407957077026,0.828519880771637,9.19227677233054
W31447,3Ery,5.75934362411499,1.83826398849487,8.85910331401549
W31448,15Mo,-6.30860328674316,-1.86148798465729,9.35280383379197
W31451,14Mo,-3.93435192108154,-1.57809257507324,7.89887944516306
W31452,2Ery,8.36508655548096,1.19112491607666,11.3030235171448
W31453,6Ery,4.89119529724121,0.322728186845779,9.31642233423213
W31454,14Mo,-4.13509798049927,-1.6743528842926,7.89888021393475
W31455,2Ery,8.6228551864624,1.10732758045197,11.2316381882613
W31456,5Ery,6.05333375930786,1.83729434013367,9.13677073008282
W31457,12Baso,-1.02885615825653,0.0917679965496063,1.10591181604626
W31458,7MEP,-0.573389768600464,1.21023035049438,0.579837455765495
W31459,17Neu,-1.35436189174652,0.311746001243591,2.09041485036668
W31460,14Mo,-5.04631948471069,-1.80995452404022,10.7751698472805
W31461,2Ery,7.11851119995117,0.58833509683609,10.6529971063029
W31462,5Ery,5.91195440292358,0.229056194424629,10.5199194334437
W31463,2Ery,8.01169109344482,0.717865705490112,11.0375536891919
W31464,14Mo,-5.61665344238281,-0.415345549583435,8.09844778458356
W31465,13Baso,-5.3744044303894,-1.78706979751587,10.8018271241683
W31466,15Mo,-6.27973127365112,-1.38632321357727,9.44087709905981
W31467,2Ery,7.26028680801392,1.55441498756409,11.5766256496697
W31468,13Baso,-4.61348485946655,-0.909186065196991,7.62552598856704
W31469,16Neu,-5.1141791343689,-3.80621838569641,11.2783400614356
W31470,5Ery,6.57983684539795,1.96224796772003,9.40528328117871
W31471,14Mo,-6.48179006576538,-0.511562705039978,9.66380916650395
W31472,16Neu,-5.18331384658813,-3.65912342071533,11.2783408302072
W31473,14Mo,-5.9550929069519,-0.960748076438904,9.00617273674032
W31474,16Neu,-5.9529824256897,-4.88300514221191,11.2783415989789
W31475,14Mo,-5.74518346786499,-0.985805988311768,9.21771805287479
W31476,8Mk,-0.658086717128754,2.06054639816284,1.98391956824699
W31477,10GMP,-2.99506163597107,-0.0322452075779438,4.28876702796062
W31478,14Mo,-4.97910261154175,-1.99206399917603,10.7540004680703
W31479,5Ery,5.74283647537231,0.462844967842102,9.27801333075397
W31480,7MEP,1.00776290893555,0.0313364751636982,2.18671444192719
W31481,2Ery,7.43028354644775,0.689194679260254,11.3434843150121
W31483,14Mo,-2.61664533615112,1.87541782855988,3.53085424194706
W31484,13Baso,-5.98473834991455,-0.468963235616684,8.98066244347398
W31485,2Ery,6.46081304550171,0.422159761190414,10.4971655638247
W31486,5Ery,6.2516016960144,0.59654301404953,10.5199202022153
W31487,14Mo,-5.33199214935303,-1.27298521995544,8.09247580840951
W31489,14Mo,-7.22055816650391,-1.28825759887695,9.66380993527563
W31491,9GMP,-3.06599926948547,0.17777706682682,4.33682842220861
W31492,4Ery,6.37131881713867,3.27481198310852,8.85910408278717
W31493,10GMP,-2.26980447769165,-0.46975302696228,4.2771883751592
W31494,13Baso,-6.35042476654053,-2.43279004096985,9.46285884902076
W31495,10GMP,-3.52417182922363,0.229220896959305,5.36028494331658
W31497,7MEP,0.80641233921051,-0.119145072996616,1.58324176149195
W31498,10GMP,-3.14978289604187,-0.175014704465866,4.3016532095492
W31499,3Ery,4.67864418029785,2.32697558403015,6.83799477340609
W31500,2Ery,7.38040542602539,1.71734857559204,11.5766264184414
W31501,14Mo,-6.69733095169067,-1.22757613658905,9.61761362326317
W31502,10GMP,-2.72512984275818,-0.594891786575317,4.43628548567054
W31503,15Mo,-6.62020254135132,-3.4476170539856,11.2783423677506
W31504,13Baso,-7.2894172668457,-2.46064925193787,9.33542500629089
W31505,7MEP,0.490564405918121,0.350087881088257,1.9014287590754
W31506,6Ery,1.7658828496933,0.575972318649292,2.89019951978874
W31507,7MEP,1.66625618934631,0.936779320240021,2.96299321149881
W31508,5Ery,4.84660148620605,1.82373571395874,7.08026247957109
W31509,14Mo,-6.71588611602783,-0.987634122371674,9.66381070404732
W31510,13Baso,-6.31818914413452,-0.43544590473175,9.66381147281901
W31511,10GMP,-4.69934844970703,0.360792458057404,6.79701093159992
W31512,7MEP,2.52447700500488,1.19230163097382,3.96296450732866
W31513,3Ery,5.80120849609375,3.43320775032043,6.83799554217777
W31514,7MEP,0.867497801780701,0.771911144256592,1.93134420557846
W31515,13Baso,-5.88765287399292,-0.0213631708174944,9.08261877332071
W31516,1Ery,8.6492977142334,1.63963794708252,11.5766271872131
W31517,14Mo,-4.49866580963135,-2.34730100631714,10.7138312086308
W31518,13Baso,-6.05633115768433,-0.380639851093292,8.90922140692982
W31519,10GMP,-2.10155439376831,-0.719653308391571,4.22421346071306
W31520,9GMP,-3.29997539520264,0.56507420539856,5.10990561036697
W31521,3Ery,5.2641487121582,3.13861441612244,6.83799631094946
W31522,13Baso,-6.31337594985962,-0.158897876739502,9.66381224159069
W31523,2Ery,8.11225700378418,1.29342448711395,11.3943412765118
W31524,13Baso,-4.78422927856445,0.19554640352726,6.72438036517427
W31525,2Ery,7.26325178146362,1.09564256668091,11.1274926705169
W31526,6Ery,1.30838239192963,0.0889454558491707,2.36538087088333
W31527,6Ery,1.53206968307495,0.27931222319603,2.58367189170141
W31528,13Baso,-6.02872323989868,-0.326257705688477,8.93756258429992
W31529,3Ery,5.1320013999939,2.98779344558716,6.83799707972115
W31530,13Baso,-7.35055112838745,-0.88139808177948,9.66381301036238
W31532,14Mo,-5.18386888504028,-3.45472192764282,11.2783431365223
W31533,10GMP,-1.03648746013641,-0.366573452949524,1.01678618264623
W31534,8Mk,-0.785940706729889,2.18012428283691,3.53085501071874
W31535,9GMP,-2.10688042640686,0.0251090060919523,3.28757976765429
W31536,2Ery,7.16331720352173,1.38848578929901,11.4310065333324
W31537,13Baso,-2.4719934463501,-0.20125125348568,4.31134123331245
W31538,14Mo,-5.95169639587402,-0.587808907032013,9.0129374563564
W31539,13Baso,-2.31194877624512,-0.819685697555542,3.90774041107212
W31540,14Mo,-5.45911026000977,-1.788334608078,9.45835127673286
W31541,5Ery,6.54513072967529,0.67664909362793,10.5163804624946
W31542,14Mo,-5.44753313064575,-1.67870903015137,9.43773459222417
W31543,5Ery,3.97071290016174,0.987525343894958,5.5646245281994
W31544,13Baso,-5.97668981552124,-0.442568272352219,8.98901949689967
W31545,12Baso,-1.60153043270111,0.42592516541481,2.00302053429903
W31546,16Neu,-6.07704162597656,-4.83027935028076,11.278343905294
W31548,13Baso,-2.52249979972839,-0.804786086082458,4.43628625444223
W31549,13Baso,-4.9617919921875,-0.695973992347717,7.62763498689113
W31550,2Ery,8.22730541229248,1.64234840869904,11.5766279559847
W31551,2Ery,6.4983344078064,0.79061096906662,9.87110300004072
W31552,14Mo,-5.01449203491211,-0.782496511936188,7.76705987539858
W31553,7MEP,0.325658112764359,0.0752694234251976,0.011493063224337
W31554,4Ery,5.88046789169312,1.72924733161926,8.81571593887826
W31555,6Ery,3.69568538665771,0.877396106719971,5.93405578070811
W31556,13Baso,-4.70032978057861,-1.36613547801971,7.89888098270643
W31558,14Mo,-4.91240310668945,-2.28491306304932,10.7230745815281
W31559,14Mo,-5.38456201553345,-0.995381832122803,8.04697451200137
W31560,6Ery,0.945773422718048,0.230501607060432,2.01623591339491
W31562,12Baso,-1.00412607192993,0.338626533746719,1.14547537809321
W31563,6Ery,4.81457567214966,2.2243344783783,6.68412284209538
W31564,14Mo,-4.72771739959717,-2.89219784736633,10.7138319774025
W31565,2Ery,6.45773792266846,0.950559020042419,9.73770187880992
W31566,13Baso,-5.22401809692383,-1.91235888004303,10.7794440235086
W31567,13Baso,-5.35162496566772,-0.792463779449463,7.92817374724449
W31568,14Mo,-5.00571012496948,-2.68076491355896,10.7138327461742
W31569,7MEP,0.840553641319275,-0.126083955168724,2.43321824295714
W31570,7MEP,0.574217975139618,0.598203599452972,1.93134497435015
W31571,15Mo,-6.41035556793213,-4.65617322921753,11.2783446740657
W31572,5Ery,4.91745138168335,1.4456375837326,7.1618217969197
W31573,5Ery,3.75849413871765,0.980193614959717,5.82095899996255
W31575,5Ery,2.21444225311279,0.437978267669678,3.3574822183205
W31576,5Ery,5.60177659988403,1.02040004730225,9.31642310300382
W31577,15Mo,-6.63481140136719,-3.87970447540283,11.2783454428374
W31578,1Ery,8.33111572265625,1.60366833209991,11.5766287247564
W31580,13Baso,-4.71584558486938,-0.52635270357132,7.25119002735562
W31581,10GMP,-3.79820442199707,0.226687461137772,5.63527230826607
W31583,12Baso,-0.749851942062378,0.852731883525848,1.1448944108527
W31586,4Ery,6.3657398223877,3.62389254570007,8.85910485155886
W31587,7MEP,-0.566294074058533,0.585219502449036,0.710736431312118
W31588,15Mo,-6.76040935516357,-4.59142446517944,11.278346211609
W31590,13Baso,-7.29587554931641,-0.817831039428711,9.66381377913407
W31591,13Baso,-7.51127243041992,-1.24123907089233,9.66381454790575
W31593,3Ery,6.62844944000244,3.62203073501587,8.85910562033055
W31594,3Ery,6.37782287597656,1.61151969432831,9.40528404995039
W31595,15Mo,-5.61937808990479,-3.63866853713989,11.2783469803807
W31596,16Neu,-5.89224767684937,-4.90864896774292,11.2783477491524
W31597,13Baso,-7.4461817741394,-1.32765316963196,9.66381531667744
W31598,2Ery,7.21310663223267,2.3224151134491,11.5766294935281
W31599,15Mo,-6.52167701721191,-4.06080722808838,11.2783485179241
W31600,17Neu,-0.719720304012299,0.0945281833410263,0.996415144696016
W31601,15Mo,-6.33448553085327,-3.46833086013794,11.2783492866958
W31602,13Baso,-4.35292720794678,0.0839955657720566,7.13842253545888
W31603,16Neu,-5.15187549591064,-4.35394191741943,11.2783500554675
W31604,6Ery,1.80918097496033,0.503975093364716,2.90392399373083
W31605,5Ery,4.7434868812561,2.21618390083313,6.6749431652335
W31606,15Mo,-6.78575038909912,-1.91214990615845,9.32127019333461
W31607,9GMP,-2.9799165725708,0.744053244590759,5.10990637913866
W31608,13Baso,-7.36756801605225,-1.16758906841278,9.66381608544912
W31609,15Mo,-7.01577758789062,-3.47768759727478,11.2783508242392
W31611,13Baso,-5.98004531860352,-1.05079817771912,8.98018889998707
W31613,6Ery,-0.131161645054817,0.566226065158844,0.425192063812234
W31614,7MEP,-0.190635457634926,0.169341415166855,0.399936250420954
W31615,12Baso,-0.802590429782867,-0.110645778477192,1.01311986554446
W31617,15Mo,-6.17843961715698,-4.8732762336731,11.2783515930108
W31618,2Ery,8.28992176055908,0.943349599838257,11.0375544579636
W31620,13Baso,-2.44764614105225,-0.227177545428276,4.31317287733964
W31621,10GMP,-0.282430112361908,0.0090445252135396,0.512369087941437
W31622,14Mo,-5.65552663803101,-3.11968898773193,11.2783523617825
W31623,14Mo,-6.60614156723022,-0.901519477367401,9.66381685422081
W31624,14Mo,-5.80989456176758,-3.61697173118591,11.2783531305542
W31625,15Mo,-6.64459753036499,-4.55018472671509,11.2783538993259
W31626,5Ery,3.62944746017456,0.973221480846405,5.94394709468419
W31628,16Neu,-5.53637504577637,-4.54737043380737,11.2783546680976
W31629,5Ery,5.03066158294678,0.926492393016815,7.17111731921733
W31630,14Mo,-5.87476348876953,-2.62380862236023,11.3442638259547
W31631,13Baso,-7.07705450057983,-0.703308582305908,9.6638176229925
W31632,15Mo,-6.64085292816162,-4.53391742706299,11.2783554368693
W31634,2Ery,7.93799638748169,1.13119149208069,11.2106972239941
W31635,2Ery,8.42624759674072,1.47816216945648,11.5766302622998
W31636,2Ery,7.89004564285278,0.796610414981842,11.0375552267353
W31638,13Baso,-4.95287370681763,-1.23358762264252,7.89888175147812
W31639,13Baso,-5.05193138122559,0.282606780529022,7.71857357012292
W31640,5Ery,3.94321584701538,1.3154114484787,5.47617336346769
W31641,5Ery,4.7535548210144,1.61701965332031,7.10697459233117
W31642,9GMP,-1.53711450099945,-0.340227991342545,1.22695419558449
W31644,14Mo,-5.54826784133911,-1.57247638702393,9.40189190062543
W31645,7MEP,0.794561624526978,0.462027043104172,1.93134574312183
W31646,14Mo,-5.335777759552,-0.642738401889801,7.8506455994495
W31648,16Neu,-5.32831573486328,-4.46304035186768,11.278356205641
W31649,2Ery,7.56526708602905,2.08292675018311,11.5766310310715
W31650,2Ery,6.64827966690063,0.687577307224274,10.4827606634236
W31651,10GMP,-1.16815853118896,-0.445015609264374,1.05487998011828
W31652,8Mk,-0.774465918540955,1.98001480102539,1.97133922839471
W31653,2Ery,7.01286172866821,0.695896208286285,10.6118719425734
W31654,5Ery,6.3589072227478,0.844883799552917,9.80809756489483
W31655,13Baso,-6.10824298858643,-0.473082721233368,8.85602047871683
W31656,13Baso,-6.27056360244751,-0.479906380176544,9.66381839176418
W31657,12Baso,-1.97594857215881,0.806750416755676,2.8337078463246
W31658,7MEP,0.950323581695557,0.126520797610283,2.1286876002988
W31659,7MEP,1.13636267185211,0.267845451831818,2.51272986030863
W31660,13Baso,-5.40770959854126,-1.1232123374939,8.12469412122432
W31661,6Ery,1.12184822559357,-0.0944548919796944,2.23121643215887
W31662,5Ery,5.55746984481812,1.04651546478271,9.31642387177551
W31663,16Neu,-5.95942258834839,-4.92353963851929,11.2783569744127
W31664,14Mo,-5.7879810333252,-1.65659832954407,9.38499575322529
W31665,13Baso,-5.97680187225342,-0.380195438861847,8.98946542247773
W31666,2Ery,7.02539300918579,0.780490875244141,10.6903681426236
W31667,14Mo,-4.73850727081299,-1.87651288509369,10.7461726413157
W31668,5Ery,6.23979330062866,0.750268697738647,9.86680134082937
W31669,7MEP,0.202991291880608,-0.0603992156684399,0.0766577948854209
W31670,10GMP,-4.76500082015991,0.163943082094193,6.74409938588315
W31674,14Mo,-4.72572803497314,-2.77405881881714,10.7138335149458
W31676,4Ery,6.5002760887146,2.25834155082703,9.40528481872208
W31678,14Mo,-6.33567476272583,-2.67635059356689,11.2783577431843
W31681,12Baso,-1.15252947807312,0.396870464086533,1.21792996688188
W31682,9GMP,-2.85191607475281,0.261927127838135,4.29968712380328
W31683,15Mo,-6.95333099365234,-3.74476361274719,11.278358511956
W31684,17Neu,-1.40188479423523,0.58499413728714,2.03080845872352
W31685,7MEP,0.157326966524124,1.12966012954712,0.313908766278493
W31686,16Neu,-6.24069023132324,-4.62721300125122,11.2783592807277
W31687,13Baso,-7.11432600021362,-0.624233305454254,9.66381916053587
W31689,3Ery,5.5181622505188,3.26417446136475,6.83799784849283
W31690,15Mo,-6.25121688842773,-4.74665451049805,11.2783600494994
W31691,3Ery,6.92371654510498,1.73847901821136,11.5766317998432
W31692,7MEP,1.70558035373688,0.36747869849205,2.83497408557243
W31693,8Mk,-0.748729705810547,2.18463158607483,1.9713399971664
W31695,3Ery,6.15294408798218,1.81726241111755,9.24793018826992
W31696,13Baso,-6.44446134567261,-0.488947987556458,9.66381992930756
W31697,9GMP,-1.79339838027954,-0.241882905364037,3.43047410205815
W31698,3Ery,5.70592355728149,2.72125506401062,8.85910638910223
W31699,3Ery,6.01932907104492,1.84898793697357,8.85910715787392
W31700,2Ery,8.37606430053711,1.8785138130188,11.5766325686149
W31701,16Neu,-5.68373441696167,-4.78757047653198,11.2783608182711
W31702,14Mo,-5.87652063369751,-0.969194829463959,9.08536868048048
W31703,16Neu,-5.90135097503662,-4.84760618209839,11.2783615870428
W31704,6Ery,1.94370222091675,0.449634939432144,3.03713112190087
W31705,14Mo,-6.67711877822876,-1.18631970882416,9.63746846295358
W31706,5Ery,3.64141035079956,1.05477643013,5.93328991420844
W31707,14Mo,-6.25242614746094,-0.794223129749298,9.66382069807924
W31708,14Mo,-5.72925710678101,-2.45368719100952,10.7694443958138
W31711,15Mo,-5.09425973892212,-3.55085706710815,11.2783623558145
W31712,13Baso,-3.10532903671265,-1.14017045497894,4.43628702321391
W31713,14Mo,-6.00292873382568,-3.32427215576172,11.2783631245861
W31714,13Baso,-4.90805339813232,-0.63885897397995,7.52189639412618
W31715,17Neu,-1.48401916027069,0.512458205223083,2.0205849578829
W31716,14Mo,-5.04090070724487,-1.48794043064117,7.82756701717434
W31717,1Ery,8.68657779693604,1.21134614944458,11.3461460910449
W31718,2Ery,6.75047588348389,0.704038679599762,10.4505218668691
W31719,5Ery,5.11835098266602,0.936482787132263,7.17111808798902
W31720,6Ery,0.673965752124786,-0.105560973286629,1.69065372638087
W31721,15Mo,-7.26439666748047,-3.19502115249634,11.2783638933578
W31722,10GMP,-3.12144017219543,0.440068036317825,5.10990714791034
W31723,6Ery,1.29093849658966,0.268731117248535,2.41082999073212
W31724,10GMP,-1.38327074050903,-0.236634492874146,1.18484717402895
W31725,7MEP,0.284374713897705,-0.183388635516167,0.0031488043298041
W31726,14Mo,-5.08158922195435,-1.58566427230835,10.7976772191956
W31727,13Baso,-4.92838048934937,0.203413590788841,7.71857433889461
W31728,2Ery,7.15666246414185,0.688020706176758,10.7725992150234
W31729,14Mo,-6.65636253356934,-3.00812029838562,11.2783646621295
W31730,14Mo,-5.9621467590332,-3.03510808944702,11.2783654309012
W31731,6Ery,0.952045261859894,-0.0483345240354538,2.3227905011834
W31732,13Baso,-2.55731225013733,-1.00800144672394,4.4362877919856
W31733,14Mo,-5.24594306945801,-1.44081103801727,8.05493092688871
W31734,14Mo,-4.15694856643677,-1.69327938556671,7.8988825202498
W31735,2Ery,6.77688694000244,0.779746353626251,10.4557793294735
W31736,6Ery,4.63570499420166,1.64021515846252,7.08657210364409
W31737,13Baso,-5.69976806640625,-0.175322771072388,8.10425343618711
W31738,10GMP,-2.15394973754883,-0.480354607105255,4.39052207420882
W31739,15Mo,-5.28341054916382,-3.93535327911377,11.2783661996729
W31740,16Neu,-5.33740997314453,-4.45291328430176,11.2783669684446
W31741,10GMP,-3.3707230091095,0.151986479759216,5.43034492593429
W31742,1Ery,8.77401351928711,1.49975752830505,11.5766333373866
W31743,14Mo,-5.6890230178833,-1.30960440635681,9.2714783113277
W31744,12Baso,-1.68474280834198,0.724566161632538,3.06992733256573
W31745,10GMP,-3.27984404563904,-0.186731606721878,4.330341532602
W31746,12Baso,-1.58775269985199,-0.506854057312012,1.21413852325826
W31748,16Neu,-5.80421781539917,-4.88175392150879,11.2783677372163
W31749,10GMP,-2.61480379104614,0.73907470703125,4.0553206430828
W31750,13Baso,-5.9523229598999,-0.204863429069519,9.01573328034649
W31751,16Neu,-5.79344654083252,-4.80176877975464,11.2783685059879
W31752,6Ery,1.83040809631348,0.437134355306625,2.8937808140322
W31755,5Ery,4.5393533706665,0.557506322860718,5.31305866161533
W31756,10GMP,-3.55679106712341,-0.445622742176056,4.35506929998704
W31758,13Baso,-5.23021793365479,-0.552526473999023,7.65369772249228
W31760,14Mo,-5.55013227462769,-2.2975172996521,10.7698250492316
W31761,5Ery,6.03497743606567,1.13165497779846,8.91639110371857
W31762,13Baso,-5.97964668273926,-0.303489118814468,8.98728053756625
W31764,13Baso,-6.07258987426758,-0.724131047725677,8.88974186359513
W31765,13Baso,-5.55057287216187,-0.80976128578186,8.17341964957669
W31767,13Baso,-6.0720419883728,-3.27195501327515,11.2783692747596
W31768,4Ery,6.45663738250732,2.12376689910889,9.40528558749377
W31771,12Baso,-0.755126237869263,0.178433731198311,1.01847806015941
W31773,10GMP,-1.86843240261078,-0.210831061005592,3.43047487082984
W31775,1Ery,8.79117107391357,1.54414498806,11.5766341061582
W31777,3Ery,6.88392353057861,3.40519785881042,11.5766348749299
W31778,6Ery,1.29541945457458,0.0652921050786972,2.36947680446275
W31779,6Ery,1.58984100818634,0.479048818349838,2.85225921869149
W31780,2Ery,7.30622911453247,1.12332439422607,11.1597211056254
W31781,2Ery,8.34373950958252,1.87228488922119,11.5766356437016
W31782,13Baso,-6.20457172393799,-0.401793152093887,9.66382146685093
W31783,3Ery,4.51373863220215,2.37732601165771,6.76292565985263
W31785,15Mo,-6.39349031448364,-4.44715356826782,11.2783700435313
W31786,2Ery,7.49739503860474,1.81777572631836,11.5766364124733
W31787,10GMP,-3.56050658226013,-0.845778405666351,4.29375274260576
W31788,5Ery,3.59106183052063,0.871560394763947,4.86229736117125
W31789,13Baso,-4.77166843414307,-1.31158292293549,7.89888328902149
W31791,9GMP,-2.77401685714722,-0.315123587846756,4.40472565690139
W31792,9GMP,-2.99008822441101,-0.23806020617485,4.32677663307545
W31793,12Baso,-1.57601594924927,0.3828085064888,2.01737948783488
W31794,17Neu,-1.25781810283661,0.233271896839142,1.2280893053278
W31795,6Ery,1.47446775436401,0.247366607189178,2.49734120902879
W31796,7MEP,1.07137560844421,-0.0634091794490814,2.23904719420036
W31797,6Ery,3.76362538337708,1.35708570480347,5.67537975837269
W31798,14Mo,-6.07187652587891,-0.751457333564758,8.8902176989551
W31799,14Mo,-6.2642674446106,-1.15694427490234,9.57088731199183
W31801,13Baso,-5.99154233932495,-0.390074253082275,8.97450233526815
W31802,13Baso,-5.00301837921143,-0.872962415218353,7.86471084033168
W31803,2Ery,6.77564859390259,0.417244017124176,10.3872706769714
W31804,13Baso,-4.93431043624878,0.0072202389128506,7.54792767410348
W31805,7MEP,-0.0625992119312286,0.240473419427872,0.319827505390769
W31806,3Ery,5.88644075393677,1.81349158287048,8.85910792664561
W31807,13Baso,-3.01512122154236,-1.21819472312927,4.43628856075729
W31808,15Mo,-7.02406692504883,-3.66861891746521,11.278370812303
W31809,13Baso,-5.01321411132812,-1.43244743347168,7.77268821607288
W31811,17Neu,-1.28341913223267,0.690310955047607,2.04543256760664
W31812,13Baso,-4.4135274887085,-0.558866679668427,7.17565518499678
W31813,14Mo,-5.31737279891968,-1.7469676733017,10.8010951355314
W31814,2Ery,6.8192834854126,0.456435471773148,10.3796223680517
W31816,13Baso,-4.11178255081177,-0.872753798961639,7.2201680183783
W31817,13Baso,-5.12133979797363,-1.54731512069702,9.45729301689365
W31818,2Ery,7.24424695968628,0.805341184139252,11.3703145644324
W31819,2Ery,8.11915588378906,0.826907575130463,11.037555995507
W31820,16Neu,-5.32486200332642,-4.43138408660889,11.2783715810747
W31821,14Mo,-5.13444232940674,-1.7077499628067,10.7908366677549
W31822,10GMP,-1.94622182846069,-0.475064665079117,3.43047563960153
W31823,16Neu,-5.2743239402771,-4.30180644989014,11.2783723498464
W31824,13Baso,-7.58769989013672,-0.862671196460724,9.66382223562261
W31825,10GMP,-5.26913642883301,0.0998738929629326,7.63612263932461
W31826,16Neu,-4.81198358535767,-3.70646142959595,11.2816135033781
W31827,2Ery,5.74881553649902,0.31989261507988,10.519920970987
W31828,14Mo,-5.16372537612915,-1.22460329532623,7.87185976497087
W31829,12Baso,-0.947723627090454,-0.0341426208615303,1.04736983026968
W31830,9GMP,-2.80454444885254,-0.381759971380234,4.40747270827978
W31831,2Ery,7.19810724258423,1.39006578922272,11.4350291782349
W31832,2Ery,7.60471773147583,2.09292531013489,11.576637181245
W31834,2Ery,7.11299514770508,0.63841301202774,10.6844718815479
W31835,6Ery,4.61473035812378,0.740841686725616,5.31305943038702
W31836,13Baso,-5.33203506469727,0.148258671164513,7.68421355890148
W31837,14Mo,-3.92200922966003,-1.78819406032562,10.7138342837175
W31838,2Ery,6.92185401916504,0.682323753833771,10.4961224820597
W31839,5Ery,5.86020612716675,1.29060053825378,9.00600188808789
W31840,16Neu,-6.23164510726929,-4.7866415977478,11.2783731186181
W31841,6Ery,1.59161055088043,0.459189414978027,2.83229134419811
W31842,13Baso,-3.95745921134949,-1.57699084281921,7.89888405779318
W31845,14Mo,-5.1497106552124,-1.21402275562286,7.85092318281189
W31846,5Ery,4.94007587432861,1.17986929416656,7.1711188567607
W31847,5Ery,5.9512677192688,0.756408393383026,8.99389453240769
W31849,2Ery,8.18128490447998,1.43983471393585,11.5541218606079
W31850,4Ery,5.61006736755371,1.1370062828064,9.31337014675206
W31851,2Ery,7.97977256774902,0.811586976051331,11.0375567642786
W31854,10GMP,-2.27528953552246,-0.707481622695923,4.05080874482553
W31855,5Ery,6.56881761550903,1.1841254234314,9.67138220232901
W31856,13Baso,-4.72643518447876,-2.69753122329712,10.7138350524892
W31857,13Baso,-5.56880235671997,-0.510446310043335,8.07826240884919
W31858,2Ery,6.98968362808228,1.10926043987274,11.2448367973157
W31859,12Baso,-1.14286363124847,0.355877578258514,1.20572276050638
W31860,12Baso,-1.52200627326965,0.612757325172424,1.99305434320235
W31861,15Mo,-4.9263162612915,-3.39646553993225,11.4856739912246
W31864,13Baso,-6.40110778808594,-0.861965656280518,9.6638230043943
W31865,13Baso,-5.69413089752197,-0.287349671125412,8.14129020589064
W31866,13Baso,-5.59855651855469,-0.657559514045715,8.17144119996584
W31868,13Baso,-4.84507274627686,-0.979055464267731,7.87477383446995
W31870,10GMP,-3.86768364906311,-0.0615685842931271,6.36381699716829
W31871,14Mo,-5.91358518600464,-4.86015892028809,11.2783738873897
W31872,13Baso,-7.29354572296143,-1.01500165462494,9.66382377316599
W36865,7MEP,0.208606258034706,0.193607017397881,0.116222534113377
W36866,13Baso,-6.94304513931274,-1.87815833091736,9.3212709621063
W36867,9GMP,0.155253395438194,0.93218731880188,0.281499957626138
W36868,14Mo,-7.54754066467285,-1.4903177022934,9.63732808273553
W36869,1Ery,8.60495567321777,2.56326246261597,11.5766379500167
W36871,3Ery,5.88139724731445,3.6595721244812,6.83799861726452
W36873,13Baso,-7.28635311126709,-0.632281541824341,9.66382454193767
W36874,13Baso,-5.87901210784912,-0.936592638492584,9.08314553343422
W36875,15Mo,-6.38452339172363,-4.26206398010254,11.2783746561614
W36876,2Ery,7.95329189300537,2.2750096321106,11.5766387187884
W36877,13Baso,-4.03450345993042,0.356695145368576,6.42374207425067
W36878,5Ery,6.5383152961731,2.4932816028595,9.40528635626545
W36879,14Mo,-6.55499601364136,-1.58709704875946,9.38009296169447
W36881,3Ery,6.73520278930664,2.90382289886475,11.57663948756
W36882,6Ery,3.23827075958252,1.08863699436188,5.22278672893748
W36883,2Ery,7.11414575576782,2.52163124084473,11.5766402563317
W36885,15Mo,-6.02705812454224,-3.55413126945496,11.2783754249331
W36886,12Baso,-1.67696726322174,0.36731681227684,1.99226355876033
W36887,7MEP,0.241832360625267,0.662737369537354,0.172808711185064
W36889,2Ery,8.6582555770874,2.5842444896698,11.5766410251034
W36890,8Mk,-0.632788062095642,1.91713762283325,2.01530829540957
W36891,14Mo,-6.91304397583008,-1.73699712753296,9.36560826054071
W36892,14Mo,-7.33823537826538,-1.63860094547272,9.50885872459088
W36893,8Mk,-0.388466358184814,1.41115927696228,0.453885373056403
W36894,5Ery,4.92620611190796,2.08848977088928,6.78890494026903
W36895,14Mo,-5.43027782440186,-3.03001165390015,11.3655704941675
W36897,2Ery,8.30406379699707,1.85585379600525,11.5766417938751
W36898,3Ery,5.78659248352051,3.23427796363831,6.83799938603621
W36899,9GMP,-3.70259070396423,0.421675264835358,5.47001902220874
W36900,5Ery,5.46198701858521,1.92175018787384,8.85910869541729
W36901,3Ery,6.67971086502075,2.34919929504395,9.40528712503714
W36902,5Ery,5.54503440856934,1.68123543262482,8.83848000282164
W36903,14Mo,-5.7426495552063,-1.08346700668335,9.21940100603062
W36905,2Ery,6.98921060562134,2.66088843345642,11.5766425626468
W36906,2Ery,7.27363061904907,2.72612428665161,11.5766433314185
W36907,14Mo,-5.4883508682251,-2.89441657066345,11.4469288916676
W36908,16Neu,-5.62634229660034,-4.01997756958008,11.2783761937048
W36909,9GMP,-0.0696296468377113,1.17050325870514,0.453886141828089
W36910,16Neu,-5.67924833297729,-4.35383892059326,11.2783769624765
W36911,15Mo,-6.56577968597412,-4.06085872650146,11.2783777312482
W36912,10GMP,-4.56957483291626,0.288817197084427,6.9234079272694
W36913,3Ery,6.98168706893921,2.68061637878418,11.5766441001902
W36914,14Mo,-6.23456478118896,-1.39704239368439,9.42550574938151
W36915,8Mk,-0.751702487468719,1.47369599342346,2.05815514587376
W36916,14Mo,-4.93922710418701,-2.61747097969055,10.7138358212609
W36917,15Mo,-6.03658437728882,-1.83137655258179,9.38524409782357
W36918,16Neu,-5.14116048812866,-4.29041337966919,11.2783785000199
W36919,5Ery,5.37578773498535,1.39377510547638,8.65982071112045
W36920,14Mo,-6.31453371047974,-1.77417838573456,9.33423252696536
W36921,16Neu,-4.9929986000061,-4.16252279281616,11.2783792687916
W36922,4Ery,4.99568748474121,0.846511900424957,7.17111962553239
W36923,2Ery,7.94262266159058,2.81827449798584,11.5766448689618
W36924,13Baso,-6.1432671546936,-0.420419722795486,8.8211543004586
W36925,14Mo,-6.63165330886841,-0.839524149894714,9.66382531070936
W36926,13Baso,-6.57456970214844,-1.77146518230438,9.32127173087798
W36927,5Ery,4.25476551055908,1.16175425052643,5.31306019915871
W36928,13Baso,-4.43401622772217,0.116679586470127,7.06002539649988
W36929,7MEP,0.720528066158295,0.642194867134094,1.93134651189352
W36930,15Mo,-5.30866050720215,-4.39977169036865,11.2783800375632
W36931,6Ery,2.10267400741577,0.696642994880676,3.36100110604995
W36932,16Neu,-6.01297807693481,-4.16287851333618,11.2783808063349
W36933,15Mo,-6.56532764434814,-3.50281667709351,11.2783815751066
W36934,12Baso,-1.47688412666321,0.464222401380539,2.03076311583006
W36935,6Ery,1.24284434318542,-0.192350745201111,2.35556684652374
W36936,13Baso,-6.13190507888794,-0.688247263431549,8.83022091634793
W36939,14Mo,-5.16114568710327,-3.10803723335266,11.5496885768252
W36940,16Neu,-5.25769090652466,-4.26789426803589,11.2783823438783
W36941,14Mo,-6.40322637557983,-1.54086136817932,9.37618658866597
W36942,14Mo,-5.67523622512817,-1.32219088077545,9.28527521382753
W36943,2Ery,8.16234874725342,1.92292249202728,11.5766456377335
W36944,6Ery,1.52157032489777,0.670613884925842,2.99893613717283
W36945,6Ery,0.902178347110748,-0.102327510714531,2.42521768093362
W36946,13Baso,-4.78792572021484,-0.179761856794357,7.36031857676627
W36947,14Mo,-5.33099508285522,-2.28316187858582,10.7546442727996
W36948,16Neu,-5.6414852142334,-4.39497232437134,11.27838311265
W36949,2Ery,7.86944723129272,2.34279274940491,11.5766464065052
W36950,2Ery,8.58772563934326,1.80761587619781,11.5766471752769
W36951,5Ery,5.62841558456421,0.753571689128876,9.31642464054719
W36952,2Ery,6.5963306427002,1.10179913043976,9.63655182602179
W36953,5Ery,4.95013332366943,0.876786291599274,7.17112039430408
W36954,1Ery,8.61236953735352,1.44465970993042,11.5766479440486
W36955,13Baso,-4.91656255722046,0.238688215613365,7.71857510766629
W36956,14Mo,-5.18196296691895,-1.1631646156311,7.86970408626633
W36957,14Mo,-6.2932391166687,-1.98461675643921,9.37997590734623
W36958,16Neu,-6.13675022125244,-4.56835269927979,11.2783838814217
W36959,1Ery,8.64143848419189,2.18729639053345,11.5766487128203
W36960,6Ery,4.99228143692017,2.04795050621033,6.82668880524276
W36961,14Mo,-6.58725070953369,-2.62694191932678,11.2783846501934
W36962,14Mo,-7.38713979721069,-1.68699073791504,9.49067810846467
W36963,15Mo,-7.1578049659729,-3.09731340408325,11.278385418965
W36964,13Baso,-7.11237716674805,-0.443757057189941,9.66382607948105
W36966,15Mo,-7.14293050765991,-3.52613496780396,11.2783861877367
W36967,1Ery,8.67651081085205,2.55793571472168,11.576649481592
W36969,8Mk,-0.726307451725006,2.05695009231567,1.97134076593809
W36970,15Mo,-6.14442443847656,-4.31748914718628,11.2783869565084
W36971,14Mo,-6.0622820854187,-1.66326057910919,9.34747081414286
W36972,10GMP,-3.60412383079529,0.0943054333329201,5.51129729267965
W36973,9GMP,-2.3722972869873,0.65858006477356,4.15456273936225
W36974,4Ery,5.21958541870117,2.04309320449829,8.13553826344111
W36975,15Mo,-7.06840944290161,-2.54078316688538,9.3830212483661
W36976,4Ery,1.11105108261108,-0.168630629777908,2.32327726788024
W36978,2Ery,8.25151062011719,1.76699352264404,11.5766502503637
W36979,14Mo,-6.16357183456421,-1.75474989414215,9.35168952400353
W36980,14Mo,-4.06691980361938,-2.09030699729919,10.7138365900326
W36981,8Mk,-0.752474009990692,2.063472032547,1.97134153470977
W36982,13Baso,-4.2174129486084,-0.494003295898438,7.22719838056118
W36983,6Ery,4.34971141815186,1.478062748909,6.48264768043879
W36984,13Baso,-7.79069089889526,-1.07390677928925,9.66382684825273
W36985,4Ery,5.44762945175171,1.59221851825714,8.79086089296649
W36987,13Baso,-2.67885899543762,-0.323681145906448,3.97783877546074
W36990,15Mo,-5.98989295959473,-2.42151784896851,10.7918600463932
W36991,13Baso,-4.89862537384033,-0.245711252093315,7.29119859436364
W36992,4Ery,6.25297117233276,3.60432457923889,8.85910946418898
W36993,2Ery,8.48919486999512,1.42711448669434,11.5614301832447
W36994,16Neu,-5.3293628692627,-4.34734201431274,11.2783877252801
W36995,2Ery,8.53042888641357,0.95291793346405,11.0618022460187
W36996,5Ery,4.71574258804321,1.14199638366699,7.17112116307576
W36997,2Ery,8.47238349914551,1.58337700366974,11.5766510191353
W36998,5Ery,2.58990240097046,0.647022068500519,3.72237612144585
W36999,10GMP,-4.5981707572937,0.422490537166595,6.88998298143851
W37000,13Baso,-7.68314409255981,-1.02860891819,9.66382761702442
W37001,13Baso,-5.39554452896118,-0.514257311820984,7.87206738231562
W37003,8Mk,-0.0502801351249218,1.29928636550903,0.453886910599775
W37004,16Neu,-5.41200923919678,-4.20321559906006,11.2783884940518
W37005,13Baso,-5.04336929321289,0.0431449301540852,7.58250111384319
W37006,7MEP,0.911519765853882,-0.0967944338917732,2.41115407503357
W37008,4Ery,6.61893606185913,3.04705476760864,9.40528789380883
W37009,13Baso,-5.24117088317871,-0.296114385128021,7.36132960083653
W37010,6Ery,0.484555274248123,0.0202040448784828,1.85936524717751
W37011,2Ery,6.70673561096191,0.0442905686795712,10.3708118384149
W37012,14Mo,-3.5079562664032,-1.57990682125092,4.41089769675716
W37013,16Neu,-4.88550853729248,-3.84495711326599,11.2783892628235
W37014,2Ery,7.98947429656982,2.69434142112732,11.576651787907
W37015,13Baso,-4.08735704421997,-0.0519322715699673,6.1068928008228
W37016,14Mo,-4.93207168579102,-2.89245080947876,11.9939100983276
W37017,6Ery,4.46339273452759,1.527015209198,7.08473339627279
W37018,2Ery,8.54940128326416,0.993175506591797,11.1057387761489
W37019,2Ery,6.70086860656738,0.287378877401352,10.3884555597896
W37020,2Ery,8.38988208770752,0.94165825843811,11.0403857238246
W37022,8Mk,-0.450411111116409,1.63691878318787,0.453887679371461
W37023,2Ery,7.93765640258789,2.49132323265076,11.5766525566787
W37024,4Ery,6.88238906860352,3.10014367103577,11.5766533254504
W37025,14Mo,-5.15038585662842,-1.30183124542236,7.88605969752709
W37026,17Neu,-0.983820021152496,0.016134824603796,1.07226041730935
W37027,5Ery,5.52143430709839,0.455792099237442,9.31642540931888
W37028,13Baso,-6.03171062469482,-1.36477887630463,9.40314237997246
W37029,7MEP,0.402357816696167,0.67316061258316,0.0588438381727527
W37030,3Ery,5.42000770568848,1.78229928016663,8.04733872539001
W37031,5Ery,5.46690845489502,1.09649014472961,9.31642617809057
W37032,13Baso,-5.69518041610718,-0.493747889995575,8.22323127973754
W37034,8Mk,-0.719482004642487,2.13199782371521,1.97134230348146
W37035,6Ery,1.28802895545959,0.0772037729620934,2.37660575244622
W37036,5Ery,5.73068761825562,1.21150410175323,9.16507696303212
W37037,5Ery,4.58364057540894,1.58720517158508,7.08959576701875
W37039,5Ery,7.35738277435303,2.10698199272156,11.5766540942221
W37040,15Mo,-5.53210020065308,-3.50380373001099,11.2783900315952
W37041,2Ery,7.06084966659546,0.589907109737396,10.5873485170989
W37042,2Ery,7.31565761566162,1.58051121234894,11.5766548629938
W37043,15Mo,-5.91785144805908,-3.82038283348083,11.2783908003668
W37044,15Mo,-5.7737340927124,-3.7099301815033,11.2783915691385
W37045,13Baso,-7.23669385910034,-1.98020446300507,9.32127249964967
W37046,14Mo,-5.8246374130249,-1.33501768112183,9.37846771300189
W37047,14Mo,-5.74487257003784,-2.04390668869019,9.4697356853427
W37048,14Mo,-5.15536737442017,-1.31623160839081,7.89766030850777
W37049,5Ery,4.9686918258667,0.966178715229034,7.17112193184745
W37050,7MEP,0.82264906167984,-0.14984518289566,2.43321901172883
W37051,3Ery,5.48494720458984,1.74514269828796,8.85911023296067
W37052,2Ery,7.28753328323364,2.62369394302368,11.5766556317655
W37053,7MEP,0.395096302032471,0.71367073059082,0.0710357357864135
W37054,1Ery,8.86333179473877,1.72758746147156,11.5766564005371
W37055,14Mo,-6.03720617294312,-1.48962700366974,9.33178343703092
W37056,2Ery,7.37959051132202,1.3351891040802,11.3891378531104
W37057,15Mo,-5.99653387069702,-4.03297805786133,11.2783923379102
W37058,13Baso,-7.33782482147217,-1.96746468544006,9.32127326842136
W37059,4Ery,5.41862630844116,2.13055872917175,8.85911100173235
W37060,13Baso,-7.28829145431519,-2.09265398979187,9.32127403719304
W37061,6Ery,4.39207792282104,1.64044415950775,6.91730505926955
W37063,9GMP,-3.05614113807678,0.537832915782928,5.10990791668203
W37065,3Ery,6.99423694610596,3.97637605667114,11.5766571693088
W37066,6Ery,3.43008923530579,1.02377080917358,5.01848658811009
W37067,1Ery,8.50670146942139,1.9867969751358,11.5766579380805
W37068,4Ery,6.16927003860474,2.80015516281128,8.85911177050404
W37069,13Baso,-7.2189507484436,-1.20789659023285,9.6638283857961
W37070,9GMP,-3.25433564186096,0.675749003887177,5.10990868545372
W37072,7MEP,0.384173691272736,0.215648293495178,1.96707640392943
W37073,14Mo,-6.07280969619751,-1.91838467121124,9.39777209596779
W37074,13Baso,-6.68837451934814,-2.8454282283783,11.2783931066819
W37075,13Baso,-7.23532295227051,-1.31259298324585,9.66382915456779
W37077,10GMP,-2.49871969223022,-0.232678383588791,4.2537705656011
W37078,9GMP,-2.66911268234253,0.656635761260986,4.1009892676458
W37079,5Ery,4.50102090835571,1.11181652545929,5.31306096793039
W37080,16Neu,-5.56720638275146,-4.56325101852417,11.2783938754536
W37081,14Mo,-5.75963973999023,-1.43633830547333,9.34429487291973
W37082,15Mo,-6.31398105621338,-3.96302461624146,11.2783946442253
W37083,2Ery,7.2661190032959,2.28393459320068,11.5766587068522
W37084,3Ery,7.0263614654541,2.85974287986755,11.5766594756239
W37085,13Baso,-4.0677490234375,-0.0626001358032227,6.1237392585368
W37086,6Ery,4.49727010726929,1.73284935951233,6.91730582804124
W37087,4Ery,7.06109666824341,0.364225894212723,10.4169812815932
W37088,3Ery,7.19498777389526,2.97071719169617,11.5766602443956
W37089,16Neu,-5.82985067367554,-4.26882743835449,11.278395412997
W37090,9GMP,-3.3256561756134,0.74347335100174,5.1099094542254
W37091,9GMP,-1.10684835910797,-0.221468791365623,1.07478420119631
W37092,12Baso,0.100614629685879,-0.02028570137918,0.15736841289587
W37093,7MEP,0.313589423894882,0.0714042186737061,0.0195343322991765
W37094,16Neu,-5.78914737701416,-4.0831036567688,11.2783961817687
W37095,6Ery,3.61584448814392,1.61517441272736,5.7565009335716
W37096,13Baso,-5.65323543548584,-1.42898178100586,9.35788406289869
W37097,17Neu,-1.47449791431427,0.302452832460403,2.05897334402384
W37098,14Mo,-6.0708155632019,-1.39720702171326,9.39223883128411
W37099,3Ery,7.83371210098267,2.93691039085388,11.5766610131673
W37100,16Neu,-6.04980802536011,-4.25008010864258,11.2783969505403
W37101,13Baso,-4.02073907852173,0.187121048569679,6.33497712817729
W37102,14Mo,-5.77983474731445,-1.14090192317963,9.18137256806845
W37103,3Ery,7.93977975845337,3.28314065933228,11.5766617819389
W37104,14Mo,-5.29776859283447,-2.20334577560425,10.7592183600482
W37105,16Neu,-5.90708303451538,-4.18966674804688,11.278397719312
W37106,2Ery,7.92041110992432,2.23458528518677,11.5766625507106
W37107,18Eos,-2.63361144065857,1.94165337085724,3.53085577949043
W37108,7MEP,0.512685894966125,0.0492529831826687,1.84108412776354
W37109,7MEP,0.860530257225037,-0.0344295650720596,2.38439377710709
W37110,5Ery,5.43960046768188,0.972262561321259,9.31642694686225
W37111,16Neu,-5.80603170394897,-2.43475794792175,10.7768833150841
W37112,2Ery,7.67593431472778,1.11215555667877,11.1728420638452
W37113,5Ery,5.5638165473938,1.42347729206085,8.6490743258063
W37114,13Baso,-5.71384620666504,-1.30091655254364,9.24651309055691
W37115,6Ery,1.17479431629181,0.197089895606041,2.47400010957428
W37116,14Mo,-5.91294097900391,-1.84825885295868,9.40619511217386
W37117,12Baso,-1.65243339538574,0.470548391342163,1.98141780138182
W37118,13Baso,-4.79560804367065,-0.111703656613827,7.42943445914948
W37119,5Ery,5.64141178131104,1.24436938762665,9.2599530574622
W37120,2Ery,6.73986959457397,1.19263398647308,9.64070578797195
W37121,2Ery,7.14805459976196,2.44047069549561,11.5766633194823
W37122,14Mo,-5.98650693893433,-1.23647141456604,9.46846387397096
W37123,16Neu,-5.51527404785156,-4.02704858779907,11.2783984880837
W37124,14Mo,-5.19318294525146,-2.82922267913818,11.8025700531357
W37125,1Ery,8.67008495330811,2.07728314399719,11.576664088254
W37127,1Ery,8.622727394104,1.3873393535614,11.5282989960112
W37128,13Baso,-4.32188129425049,-0.835842847824097,7.32882639316708
W37130,3Ery,6.43815422058105,1.95255076885223,9.40528866258051
W37131,5Ery,5.91716432571411,0.916221797466278,9.00523452970415
W37132,16Neu,-5.61611461639404,-4.57899475097656,11.2783992568554
W37133,16Neu,-5.65569162368774,-4.48816108703613,11.2784000256271
W37134,6Ery,2.87317633628845,0.810189485549927,4.15837761091592
W37135,1Ery,8.74049854278564,2.1793212890625,11.5766648570257
W37137,14Mo,-4.36811304092407,-0.595308184623718,7.17565595376847
W37138,16Neu,-5.92334318161011,-3.58936762809753,11.2784007943988
W37139,2Ery,7.16084909439087,2.55106949806213,11.5766656257974
W37140,10GMP,-0.083361841738224,1.13232791423798,0.453888448143147
W37141,5Ery,6.04915761947632,0.584721624851227,10.5199217397587
W37142,14Mo,-6.04968214035034,-0.865331947803497,8.91159195313282
W37143,2Ery,7.3573637008667,1.06314551830292,11.0994114007019
W37144,6Ery,4.54272985458374,1.9133472442627,6.81913776925487
W37145,5Ery,5.53616619110107,1.22187769412994,8.5081858507224
W37146,1Ery,8.86820507049561,1.60303783416748,11.5766663945691
W37147,5Ery,0.742104828357697,-0.211595714092255,1.62132867432027
W37148,15Mo,-5.26193952560425,-3.52008700370789,11.2784015631705
W37150,10GMP,-2.60585117340088,-0.426034986972809,3.96049578799082
W37151,2Ery,7.73676252365112,1.38079524040222,11.4615645701243
W37152,5Ery,5.40623569488525,0.773930907249451,9.31642771563394
W37153,7MEP,1.08658683300018,0.374664843082428,1.9313472806652
W37154,6Ery,4.92007827758789,2.61306500434875,6.83800015480789
W37156,4Ery,6.74766111373901,2.62707996368408,9.4052894313522
W37157,15Mo,-6.89078283309937,-1.8064169883728,9.32127480596473
W37158,3Ery,7.49474000930786,2.85048151016235,11.5766671633407
W37159,2Ery,8.11875343322754,3.08472299575806,11.5766679321124
W37161,7MEP,1.17373561859131,0.612773597240448,2.55314702591359
W37162,1Ery,8.56641292572021,2.59869813919067,11.5766687008841
W37163,7MEP,0.823859870433807,-0.118363074958324,2.43321978050051
W37164,5Ery,5.06764602661133,1.48091232776642,8.64732158769287
W37165,3Ery,6.38231468200684,2.76974534988403,9.40529020012388
W37166,3Ery,6.11293125152588,2.01203775405884,9.2558995811726
W37167,13Baso,-5.18720817565918,-0.560576617717743,7.63203089084192
W37168,3Ery,5.99780750274658,3.60209631919861,6.83800092357958
W37169,15Mo,-5.81835126876831,-3.89534759521484,11.2784023319421
W37170,15Mo,-5.95667171478271,-1.71391916275024,9.37272400782197
W37171,4Ery,5.81959438323975,1.46124684810638,9.02283134396783
W37172,14Mo,-6.09227275848389,-1.42278385162354,9.38173879911139
W37173,2Ery,7.26368808746338,1.84621524810791,11.5766694696558
W37174,2Ery,7.24062919616699,2.34834170341492,11.5766702384275
W37175,16Neu,-5.78280115127563,-4.57921123504639,11.2784031007138
W37176,13Baso,-7.67939758300781,-1.14868426322937,9.66382992333948
W37177,14Mo,-4.71353816986084,-0.244160547852516,7.29614095361353
W37178,5Ery,4.76348400115967,1.08004474639893,7.17112270061914
W37179,16Neu,-4.68231058120728,-3.69321537017822,11.4221625778465
W37180,14Mo,-5.39179849624634,-1.58761775493622,9.42714212180487
W37181,16Neu,-4.79258728027344,-3.7626359462738,11.2784038694855
W37182,8Mk,-0.8643519282341,2.01484775543213,1.97134307225314
W37183,7MEP,1.0941778421402,0.102211028337479,2.50932486267809
W37184,8Mk,0.086848184466362,0.505980312824249,0.257649107854398
W37185,14Mo,-5.56209182739258,-0.932543873786926,8.23522378852366
W37186,10GMP,-4.82757759094238,0.307368606328964,6.6780062294687
W37187,5Ery,5.55385065078735,0.77345609664917,9.31642848440563
W37188,10GMP,0.177733093500137,1.18398201465607,0.308520610708642
W37190,3Ery,6.060302734375,1.54221248626709,9.06178705668003
W37191,13Baso,-4.69842767715454,-0.104770928621292,7.43825563992971
W37192,14Mo,-6.51699018478394,-1.59389185905457,9.36844856293239
W37193,3Ery,6.97301864624023,2.69103455543518,11.5766710071992
W37194,2Ery,6.08831024169922,-0.0598662458360195,10.5199225085304
W37195,2Ery,8.41477203369141,0.83467572927475,11.0375575330503
W37196,14Mo,-5.12916851043701,-3.40022611618042,11.2831002430174
W37197,2Ery,6.82452058792114,0.290513932704926,10.3708126071865
W37198,6Ery,3.42919135093689,1.26571941375732,4.9817186379811
W37199,4Ery,6.66372013092041,2.43420267105103,9.40529096889557
W37200,15Mo,-6.73281621932983,-4.247971534729,11.2784046382572
W37201,13Baso,-5.03787708282471,-0.359921485185623,7.28908663881254
W37202,6Ery,5.38084125518799,0.0657785087823868,9.31642925317731
W37203,12Baso,-1.16803061962128,0.529891192913055,2.10447806270747
W37204,16Neu,-4.81825733184814,-4.15893650054932,11.2784054070289
W37205,14Mo,-5.03629922866821,-1.73705518245697,10.7808730864001
W37206,15Mo,-5.12542819976807,-3.64965748786926,11.2784061758006
W37207,13Baso,-7.47542428970337,-1.56026697158813,9.58211628316552
W37208,2Ery,7.41611099243164,1.73778641223907,11.5766717759709
W37209,14Mo,-4.76997232437134,-1.18886303901672,7.89888482656486
W37210,14Mo,-4.70144891738892,-1.70797324180603,10.7583115997593
W37211,12Baso,-0.898415446281433,-0.010076891630888,1.03203635315342
W37212,10GMP,-1.42016732692719,-0.410444438457489,1.16496217769539
W37213,7MEP,0.396329253911972,0.0400026105344296,1.93245378639414
W37215,2Ery,7.35708045959473,2.62133812904358,11.5766725447426
W37216,4Ery,5.1552562713623,1.39115750789642,8.59457110317257
W37217,3Ery,6.31001329421997,0.512782394886017,10.5199232773021
W37218,16Neu,-4.86666011810303,-3.78335332870483,11.2784069445723
W37219,5Ery,6.82913541793823,0.526104211807251,10.389463263027
W37220,2Ery,7.77696752548218,0.655500888824463,11.089061584294
W37221,3Ery,5.46248435974121,0.879879653453827,9.316430021949
W37223,2Ery,8.32756042480469,0.957428574562073,11.0528882915831
W37224,14Mo,-4.69230175018311,-1.68358767032623,7.89888559533655
W37225,14Mo,-6.26251697540283,-1.55218529701233,9.34111038356456
W37226,8Mk,-0.609959959983826,2.13676118850708,1.98416835307276
W37227,5Ery,7.20258855819702,0.74677187204361,11.4709316194764
W37228,7MEP,1.0696976184845,0.342895060777664,1.93134804943689
W37229,7MEP,-0.156954780220985,0.472134172916412,0.427636752881665
W37230,16Neu,-5.41467618942261,-4.17518186569214,11.2784077133439
W37231,2Ery,7.52320575714111,0.971115529537201,11.037558301822
W37232,13Baso,-4.82636117935181,0.327777057886124,6.67819446577301
W37233,5Ery,5.68672609329224,0.9506476521492,9.25864441613576
W37234,5Ery,6.28999376296997,0.568520247936249,10.5199240460738
W37235,14Mo,-5.00995111465454,-3.74941205978394,11.2784084821156
W37236,6Ery,2.38515043258667,0.742768824100494,3.53232980785403
W37237,14Mo,-5.11347389221191,-1.37005352973938,7.86847855485533
W37238,7MEP,0.578648388385773,0.715231359004974,1.93134881820858
W37239,2Ery,8.18533802032471,1.4167720079422,11.5299610848146
W37240,13Baso,-4.74780559539795,-0.637356460094452,7.40429164427128
W37241,2Ery,8.55909156799316,1.11547458171844,11.2359664768615
W37242,14Mo,-4.74431371688843,-1.13305151462555,7.89888636410824
W37243,2Ery,7.35234117507935,0.417698800563812,10.7950010027499
W37244,15Mo,-5.43331861495972,-3.43755555152893,11.2784092508873
W37245,3Ery,5.4012508392334,1.19569253921509,8.51237696054601
W37246,5Ery,5.35417127609253,0.731471359729767,9.31643079072068
W37247,10GMP,-0.186839267611504,1.33959341049194,0.453889216914833
W37248,6Ery,2.98054599761963,0.743506014347076,4.24839197716481
W37249,15Mo,-7.02184677124023,-0.949700474739075,9.66383069211116
W37250,1Ery,8.14501571655273,3.13714957237244,11.5766733135142
W37251,4Ery,5.79812860488892,3.60966277122498,6.83800169235127
W37252,12Baso,-0.739185750484467,0.394779741764069,0.952003185878541
W37253,4Ery,6.52964401245117,3.61848855018616,8.85911253927572
W37258,13Baso,-7.26121664047241,-0.684327065944672,9.66383146088285
W37259,6Ery,5.37880945205688,3.18612813949585,6.83800246112295
W37260,3Ery,2.10721373558044,-0.154015883803368,2.62920815955068
W37261,8Mk,-0.757847905158997,1.39598000049591,2.06970464121476
W37262,6Ery,4.82971811294556,2.67507386207581,6.83800322989464
W37264,3Ery,6.18203210830688,3.75939917564392,8.85911330804741
W37265,3Ery,6.01104164123535,3.57767081260681,6.83800399866632
W37266,4Ery,6.81309509277344,3.60894799232483,11.5766740822859
W37267,16Neu,-6.70886516571045,-4.44990158081055,11.278410019659
W37268,7MEP,0.892030656337738,0.807346761226654,1.93134958698026
W37269,3Ery,7.17941284179688,3.92752528190613,11.5766748510576
W37270,15Mo,-6.79180192947388,-3.74670600891113,11.2784107884307
W37273,10GMP,-3.21812224388123,-0.309564113616943,4.29677267924316
W37274,12Baso,-1.91750156879425,0.575348079204559,2.91433070162766
W37275,3Ery,7.40338277816772,3.54263806343079,11.5766756198293
W37276,3Ery,6.44004106521606,3.41791129112244,8.8591140768191
W37277,14Mo,-7.51572370529175,-1.49862849712372,9.62605961084314
W37278,9GMP,-2.77891993522644,0.679859399795532,4.06498992990062
W37279,12Baso,-1.65760576725006,0.436634749174118,1.98577775951734
W37280,15Mo,-6.72524404525757,-4.45673799514771,11.2784115572024
W37281,15Mo,-6.9984130859375,-3.89000725746155,11.2784123259741
W37282,2Ery,7.40383195877075,2.12168598175049,11.576676388601
W37283,14Mo,-6.49986600875854,-1.60767531394958,9.35697821069204
W37284,4Ery,7.64532947540283,1.60063028335571,11.5766771573727
W37285,3Ery,6.67371368408203,3.67034101486206,11.5766779261444
W37286,14Mo,-7.51696395874023,-1.13778591156006,9.66383222965454
W37288,14Mo,-7.43794822692871,-0.961719036102295,9.66383299842622
W37289,8Mk,-0.795880079269409,2.12212157249451,1.97134384102483
W37290,16Neu,-6.03445863723755,-4.90897846221924,11.2784130947458
W37291,10GMP,-1.91315186023712,-0.370772987604141,3.43047640837321
W37292,2Ery,7.10426044464111,1.59888112545013,11.576678694916
W37293,2Ery,7.56944942474365,2.06818699836731,11.5766794636877
W37294,3Ery,5.74172019958496,3.3306097984314,6.83800476743801
W37295,9GMP,0.65090149641037,0.883790075778961,1.93135035575195
W37296,15Mo,-6.82717370986938,-4.21290636062622,11.2784138635174
W37297,14Mo,-7.44167804718018,-0.789679884910583,9.66383376719791
W37298,5Ery,5.94867372512817,1.01708221435547,8.95273065477405
W37300,14Mo,-4.55479001998901,-1.08976197242737,7.79456853285455
W37301,2Ery,7.21982192993164,1.78867185115814,11.5766802324594
W37302,13Baso,-7.00958442687988,-0.565861463546753,9.6638345359696
W37303,14Mo,-7.25394153594971,-0.787171483039856,9.66383530474128
W37304,14Mo,-7.55519580841064,-1.18003749847412,9.66383607351297
W37305,14Mo,-7.21101760864258,-3.25032758712769,11.2784146322891
W37306,2Ery,7.3977746963501,2.95470809936523,11.5766810012311
W37307,2Ery,8.01118850708008,1.98572671413422,11.5766817700028
W37308,13Baso,-5.02772665023804,-1.32179200649261,7.74682894442271
W37309,6Ery,2.19877028465271,0.609278678894043,3.43019547858537
W37310,7MEP,0.311174213886261,-0.0270195826888084,0.0043747753767251
W37311,7MEP,0.4935602247715,0.0842326655983925,1.86128626405791
W37312,13Baso,-4.20032405853271,0.442716479301453,6.27867357680458
W37313,3Ery,5.89455413818359,3.61313247680664,6.8380055362097
W37314,3Ery,3.8546416759491,1.20431590080261,5.62312963136074
W37315,14Mo,-4.88595390319824,-0.762292623519897,7.65047687667369
W37317,2Ery,1.66343986988068,-0.132780492305756,2.30711315866841
W37318,2Ery,8.07843494415283,0.953688085079193,11.0375590705937
W37319,8Mk,-0.771278321743011,1.89220833778381,1.98147697509343
W37320,7MEP,1.3063462972641,0.844654738903046,2.99479481038233
W37322,16Neu,-5.71344184875488,-4.70467567443848,11.2784154010608
W37323,5Ery,5.33858633041382,1.22893166542053,8.54711887804705
W37324,14Mo,-5.97070217132568,-1.03278708457947,8.98977922433242
W37325,2Ery,6.17147254943848,0.805127561092377,9.81336888715177
W37326,14Mo,-5.50303411483765,-1.7942191362381,9.45331982208316
W37327,8Mk,-0.944172143936157,1.50457608699799,1.99998684662155
W37328,7MEP,0.608153402805328,1.05580627918243,1.93135112452363
W37330,14Mo,-6.27606630325317,-2.63104128837585,11.2784161698325
W37331,12Baso,0.16533350944519,-0.0258680991828442,0.10974184631329
W37332,13Baso,-5.19526147842407,-0.364640802145004,7.4083923361168
W37334,12Baso,-0.738351285457611,1.34530425071716,2.08369550006622
W37335,13Baso,-6.11740493774414,-0.256325334310532,8.84871705509171
W37336,4Ery,5.73083877563477,3.29106450080872,6.83800630498138
W37337,14Mo,-7.11428785324097,-1.45693230628967,9.56894223806971
W37338,2Ery,7.51423692703247,2.76951718330383,11.5766825387745
W37339,5Ery,6.57491970062256,1.04114377498627,9.68194216660365
W37341,16Neu,-5.87510013580322,-4.56908512115479,11.2784169386042
W37342,3Ery,6.04576015472412,3.49279475212097,8.85911484559078
W37344,3Ery,6.13769912719727,2.41209745407104,8.85911561436247
W37345,4Ery,6.62233638763428,3.69906115531921,8.85911638313416
W37346,3Ery,6.97252798080444,3.51600527763367,11.5766833075462
W37347,6Ery,2.92047071456909,1.19242262840271,5.56154216684649
W37348,15Mo,-6.8775372505188,-3.7643141746521,11.2784177073759
W37349,17Neu,-1.39452743530273,0.519986510276794,2.0439023103566
W37350,14Mo,-6.37552499771118,-0.608287632465363,9.66383684228465
W37353,4Ery,6.57031011581421,3.78569364547729,8.85911715190584
W37354,9GMP,-3.1823558807373,-0.147915467619896,4.31350542995656
W37355,7MEP,1.11625051498413,0.601361393928528,1.93135189329532
W37356,7MEP,0.567666292190552,0.388853490352631,1.84552043705836
W37357,14Mo,-7.05592918395996,-2.57848048210144,9.39244252205979
W37358,13Baso,-6.74474859237671,-0.712624132633209,9.66383761105634
W37361,4Ery,5.94728899002075,3.67966866493225,6.83800707375307
W37362,13Baso,-3.16426467895508,-0.594171345233917,4.33817361812044
W37363,14Mo,-6.23099613189697,-0.472833931446075,9.66383837982803
W37364,3Ery,6.48328542709351,1.39036870002747,9.79997752211226
W37365,2Ery,8.0596866607666,1.36968576908112,11.471591121968
W37366,3Ery,5.80906009674072,3.6004364490509,6.83800784252476
W37367,14Mo,-7.24491167068481,-1.33003795146942,9.66383914859971
W37369,6Ery,5.46753692626953,3.31567907333374,6.83800861129644
W37371,2Ery,7.85428714752197,0.866479218006134,11.0375598393654
W37372,10GMP,-4.86560916900635,0.401738196611404,7.71857587643798
W37373,13Baso,-5.82161140441895,-0.462183117866516,9.14530042287485
W37374,5Ery,4.60110569000244,1.88655185699463,6.84703621812566
W37375,7MEP,0.891887784004211,-0.0565094016492367,2.3826505906671
W37376,13Baso,-7.34735536575317,-1.02321255207062,9.6638399173714
W37377,3Ery,6.58614206314087,3.85007667541504,8.85911792067753
W37378,2Ery,7.62668752670288,1.49403274059296,11.5741154520154
W37379,14Mo,-5.78819894790649,-1.18365943431854,9.17255140707546
W37380,3Ery,7.63751125335693,2.32720017433167,11.5766840763178
W37381,2Ery,7.57163000106812,1.5248054265976,11.5766848450895
W37382,10GMP,0.532764554023743,-0.0346397534012794,1.81318000887434
W37384,13Baso,-7.28744840621948,-0.666740417480469,9.66384068614309
W37385,14Mo,-7.80345487594604,-1.18937158584595,9.66384145491477
W37386,4Ery,6.94385433197021,2.12926983833313,11.5766856138612
W37387,5Ery,6.17385530471802,0.559777855873108,10.5199248148455
W37388,18Eos,-1.83792209625244,0.961122512817383,2.91579417160994
W37389,2Ery,6.77350187301636,0.543089807033539,10.411948343092
W37390,14Mo,-5.78032350540161,-3.5617790222168,11.2784184761476
W37391,3Ery,6.12254905700684,3.68045663833618,6.83800938006813
W37392,13Baso,-4.55341768264771,-0.409112900495529,7.17565672254015
W37393,5Ery,5.89297342300415,1.97568225860596,8.85911868944921
W37394,12Baso,-1.77675366401672,0.689799547195435,3.0046751710853
W37395,5Ery,4.21371078491211,0.808331429958344,5.3405213234821
W37396,2Ery,6.72629308700562,1.4232931137085,9.76761063185369
W37397,7MEP,0.489901781082153,-0.024203646928072,1.84880022102345
W37398,5Ery,1.92263281345367,0.557275474071503,3.06928499491882
W37399,16Neu,-5.37952280044556,-4.55252361297607,11.2784192449192
W37401,15Mo,-7.03607082366943,-3.56732225418091,11.2784200136909
W37402,14Mo,-5.81782960891724,-3.13315439224243,11.2784207824626
W37403,5Ery,5.92301368713379,1.70151174068451,8.94569106902691
W37405,16Neu,-6.43999481201172,-2.98637199401855,11.2784215512343
W37406,2Ery,7.29739952087402,1.04062366485596,11.071500712007
W37407,2Ery,7.99156951904297,1.51917624473572,11.5766863826329
W37409,6Ery,4.0914511680603,2.23310875892639,6.18793435901992
W37410,2Ery,7.49903392791748,1.75535476207733,11.5766871514046
W37411,5Ery,6.30006790161133,1.55071091651917,9.34533630754234
W37412,14Mo,-4.94943332672119,-0.683830618858337,7.60447727874909
W37413,2Ery,7.75099658966064,2.23623466491699,11.5766879201763
W37414,3Ery,5.01753568649292,2.85469031333923,6.83801014883981
W37415,5Ery,5.69267272949219,2.31472086906433,8.8591194582209
W37417,16Neu,-6.50682353973389,-4.40857982635498,11.278422320006
W37418,10GMP,-3.57547903060913,0.595422089099884,5.27373340243325
W37419,14Mo,-5.44994497299194,-1.50955498218536,9.40305376667001
W37420,1Ery,8.85378265380859,1.6490044593811,11.576688688948
W37421,2Ery,7.70660209655762,0.720509350299835,11.0756306502049
W37422,3Ery,7.22916269302368,3.54364609718323,11.5766894577197
W37424,15Mo,-6.2935037612915,-4.28765964508057,11.2784230887777
W37425,7MEP,-0.243972927331924,0.704134285449982,0.453889985686519
W37426,4Ery,6.27995347976685,1.66760289669037,9.35469104966239
W37427,7MEP,0.370174467563629,-0.116908818483353,1.9310018759977
W37428,5Ery,4.88903903961182,1.29809069633484,7.17112346939082
W37429,2Ery,6.75654888153076,0.925352811813354,9.80000632985416
W37430,13Baso,-4.980797290802,0.351088374853134,7.71857664520967
W37431,14Mo,-6.57927989959717,-1.90650045871735,9.32357254544223
W37432,15Mo,-6.95766353607178,-1.53432834148407,9.49229511363845
W37433,2Ery,7.2541356086731,2.11444091796875,11.5766902264913
W37434,14Mo,-4.47347068786621,-1.54908835887909,7.89888713287992
W37435,6Ery,3.61907553672791,1.62257730960846,5.74990000832525
W37436,12Baso,-1.81296741962433,0.47481107711792,3.01010482583354
W37437,2Ery,6.92262172698975,2.20330739021301,11.576690995263
W37442,6Ery,3.09449243545532,1.47304332256317,5.32350540090863
W37443,14Mo,-7.40752363204956,-1.8435754776001,9.40391548646092
W37446,6Ery,2.1617066860199,1.01943004131317,3.42573073643388
W37449,17Neu,-1.31684410572052,0.416614443063736,2.08286394981296
W37450,6Ery,4.68506622314453,2.40525388717651,6.8380109176115
W37451,6Ery,0.999602198600769,-0.232429787516594,2.4332205492722
W37452,9GMP,-1.70896780490875,-0.236012741923332,3.4304771771449
W37453,3Ery,5.55647945404053,3.31837916374207,6.83801168638319
W37454,14Mo,-6.4819540977478,-0.783283174037933,9.66384222368646
W37455,6Ery,3.81937456130981,2.23609447479248,5.99128769099363
W37456,15Mo,-7.05927085876465,-3.43513917922974,11.2784238575494
W37457,15Mo,-7.31966781616211,-3.24457001686096,11.278424626321
W37458,13Baso,-7.51200771331787,-0.968523502349854,9.66384299245814
W37459,3Ery,6.91231203079224,2.13459897041321,11.5766917640347
W37460,16Neu,-5.30189561843872,-4.39913892745972,11.2784253950927
W37461,7MEP,0.68729031085968,0.772917211055756,1.93135266206701
W37462,3Ery,6.69371509552002,3.85607862472534,11.5766925328064
W37463,13Baso,-7.43273830413818,-1.78316950798035,9.44408538803015
W37465,3Ery,6.51311779022217,3.76322531700134,8.85912022699259
W37466,14Mo,-6.40240478515625,-2.39401865005493,9.44761762880907
W37467,14Mo,-6.71229028701782,-0.667499661445618,9.66384376122983
W37468,8Mk,-0.941998064517975,1.73121023178101,1.97134460979652
W37469,16Neu,-5.2709755897522,-3.85718488693237,11.2784261638644
W37470,14Mo,-6.32965469360352,-3.11048769950867,11.2784269326361
W37471,17Neu,-1.36318969726562,0.472572028636932,2.06059349385438
W37473,3Ery,6.99339962005615,3.69590449333191,11.5766933015781
W37474,5Ery,5.93108034133911,1.1051961183548,8.95762334969258
W37475,10GMP,-3.10170149803162,0.351877629756927,5.1942211716077
W37476,16Neu,-5.47626447677612,-4.19080209732056,11.2784277014078
W37477,2Ery,6.54417276382446,0.998354434967041,9.71175545782649
W37478,14Mo,-4.69274425506592,-2.06139183044434,10.726374861393
W37479,6Ery,2.84655666351318,1.08156681060791,4.28525801980998
W37480,14Mo,-6.84358882904053,-0.804278790950775,9.66384453000152
W37481,13Baso,-7.73235607147217,-0.909763514995575,9.6638452987732
W37482,5Ery,4.79795837402344,1.76619696617126,7.08461195105447
W37483,10GMP,-1.26774179935455,1.25654149055481,1.9713453785682
W37484,7MEP,0.628668010234833,-0.0576925985515118,1.73352748700744
W37485,2Ery,6.75575685501099,0.587834417819977,10.4265982657922
W37486,2Ery,7.23525238037109,0.987630486488342,11.1739797875607
W37487,2Ery,7.92211294174194,1.55455780029297,11.5766940703498
W37488,14Mo,-7.05323457717896,-1.85115349292755,9.32774519068142
W37489,7MEP,2.03203916549683,1.05159628391266,3.46563625143474
W37490,8Mk,-0.793524205684662,2.09457206726074,1.97134614733989
W37491,14Mo,-5.7136812210083,-1.38085961341858,9.33954484589246
W37492,2Ery,6.91664981842041,0.543831408023834,10.3853638246667
W37493,2Ery,7.17769527435303,1.43453657627106,11.4807688203904
W37494,14Mo,-6.15809726715088,-2.19974160194397,9.44280333027977
W37496,13Baso,-5.68371629714966,-0.040967270731926,7.4852727114068
W37497,7MEP,-0.457724034786224,1.49622523784637,0.453890754458205
W37498,4Ery,6.74992322921753,3.58389520645142,11.5766948391215
W37499,13Baso,-5.88453197479248,-0.231389611959457,9.08388904071186
W37500,13Baso,-5.33123111724854,-0.939019501209259,7.9610161738758
W37501,5Ery,4.70668458938599,1.14915692806244,7.17112423816251
W37502,2Ery,7.6743369102478,1.22765815258026,11.295106942549
W37503,18Eos,-2.63149309158325,1.94205904006958,3.53085654826212
W37504,15Mo,-6.61354875564575,-3.88422513008118,11.2784284701795
W37505,5Ery,5.01736211776733,2.44174408912659,6.83801245515487
W37506,7MEP,0.694486021995544,-0.114297814667225,1.67306957450036
W37507,2Ery,8.34553146362305,0.999801933765411,11.0989964108749
W37508,13Baso,-6.20926427841187,-0.596620798110962,9.66384606754489
W37509,14Mo,-5.40647268295288,-1.33235049247742,8.2049671155677
W37510,6Ery,1.82759702205658,0.624173045158386,2.99042385613853
W37511,5Ery,4.78419733047485,2.49787211418152,6.83801322392656
W37512,4Ery,6.23427677154541,2.14369583129883,9.40529173766726
W37514,13Baso,-5.69841051101685,-0.33746474981308,8.16601042511152
W37515,7MEP,1.78080987930298,0.43442714214325,2.83250360858467
W37516,5Ery,2.37097334861755,0.558944284915924,3.40767140308228
W37517,5Ery,6.83998346328735,0.68291312456131,10.4155300675708
W37518,10GMP,-2.61017155647278,0.656982362270355,4.11165480251725
W37519,16Neu,-5.97619533538818,-4.21354150772095,11.2784292389512
W37520,2Ery,6.47110891342163,2.12668871879578,9.40529250643894
W37521,14Mo,-6.33827686309814,-2.62335753440857,11.2784300077229
W37522,3Ery,6.84370899200439,3.18184685707092,11.5766956078931
W37523,2Ery,6.39378690719604,1.56685936450958,9.40529327521063
W37524,10GMP,-3.5618884563446,-0.0740296095609665,4.40188007673174
W37525,16Neu,-6.07901668548584,-4.73540687561035,11.2784307764945
W37526,8Mk,-0.323579221963882,0.98636656999588,0.453891523229891
W37527,6Ery,3.4444100856781,1.29698836803436,4.95982376108339
W37528,15Mo,-7.14784812927246,-1.74962365627289,9.40584937461044
W37529,5Ery,5.82773876190186,2.42000770568848,8.85912099576427
W37530,10GMP,-3.59142780303955,-0.472027778625488,4.35909046264059
W37531,7MEP,0.875249326229095,-0.131078958511353,2.43322131804388
W37532,14Mo,-6.02601146697998,-0.642022371292114,8.93747152956885
W37534,2Ery,6.93661785125732,2.30105566978455,11.5766963766648
W37535,15Mo,-6.04437494277954,-3.79023957252502,11.2784315452662
W37537,3Ery,6.44796085357666,3.84088325500488,8.85912176453596
W37538,6Ery,4.02923250198364,1.69260346889496,6.26295913725229
W37539,1Ery,8.59468650817871,2.50398468971252,11.5766971454365
W37540,2Ery,7.08331537246704,3.53313541412354,11.5766979142082
W37541,3Ery,7.20392370223999,3.61117458343506,11.5766986829799
W37542,4Ery,6.53416013717651,3.575603723526,8.85912253330765
W37545,6Ery,4.07789421081543,2.56115221977234,6.32128107967588
W37546,13Baso,-7.11546182632446,-0.67281186580658,9.66384683631658
W37548,3Ery,6.5886697769165,2.12293815612793,9.40529404398232
W37549,5Ery,5.28921365737915,1.63920307159424,8.28832995825963
W37551,14Mo,-5.40628576278687,-3.08354806900024,11.3344888715266
W37552,13Baso,-7.44700622558594,-1.94349813461304,9.35390599777995
W37553,13Baso,-7.69557666778564,-1.10215210914612,9.66384760508826
W37554,3Ery,6.4259991645813,3.46522951126099,8.85912330207933
W37555,4Ery,5.57924938201904,1.25354278087616,8.52368153055426
W37557,7MEP,1.0136467218399,0.512358486652374,1.93135343083869
W37558,10GMP,-1.98960590362549,-0.183615863323212,3.43047794591658
W37561,3Ery,6.32183027267456,3.51422214508057,8.85912407085102
W37562,13Baso,-5.28636026382446,-2.70528841018677,11.837645590946
W37563,2Ery,6.85083723068237,1.22056818008423,9.63360153538741
W37564,13Baso,-5.53577375411987,-0.758152484893799,8.13550419685041
W37565,2Ery,7.00666379928589,1.960369348526,11.5766994517516
W37566,4Ery,6.11989688873291,3.51567888259888,8.85912483962271
W37567,10GMP,-2.86229157447815,-0.414252310991287,4.3960610199671
W37568,16Neu,-6.59748077392578,-4.49228239059448,11.2784323140379
W37569,14Mo,-7.06957387924194,-3.53557562828064,11.2784330828096
W37570,16Neu,-6.37317371368408,-3.96314072608948,11.2784338515813
W37572,10GMP,-1.62730693817139,-0.0772771313786507,2.08164872769255
W37573,2Ery,6.37407636642456,1.11777913570404,9.67582062418841
W37574,2Ery,7.70529699325562,1.48169076442719,11.5663434017421
W37575,6Ery,3.37715148925781,1.51932394504547,5.0003046556772
W37577,3Ery,6.77152347564697,3.71542143821716,11.5767002205233
W37578,14Mo,-6.60331964492798,-1.10016989707947,9.66384837385995
W37579,14Mo,-5.13671827316284,-2.47187089920044,10.7233616802696
W37580,15Mo,-5.21178817749023,-3.6883909702301,11.278434620353
W37581,10GMP,-4.10616445541382,-0.19483008980751,7.22719914933286
W37582,13Baso,-5.99482870101929,-0.51775324344635,8.9700436621826
W37583,3Ery,5.54143571853638,3.33657383918762,6.83801399269825
W37584,7MEP,0.751351892948151,0.732588171958923,1.93135419961038
W37585,13Baso,-7.3282527923584,-0.760692536830902,9.66384914263164
W37586,2Ery,8.62512397766113,1.41788256168365,11.560823037998
W37587,14Mo,-5.44855928421021,-1.04094016551971,8.14150334006709
W37588,14Mo,-6.1344313621521,-0.801536977291107,8.82665777953148
W37589,15Mo,-5.69650220870972,-1.64522123336792,9.39565038448156
W37591,4Ery,6.34670925140381,2.15401577949524,9.405294812754
W37593,15Mo,-6.65826940536499,-3.69936561584473,11.2784353891247
W37594,14Mo,-6.17781066894531,-0.411686897277832,8.78638215806098
W37595,10GMP,-2.09239864349365,-0.44954726099968,4.48453934333497
W37596,13Baso,-4.27218294143677,-0.628546297550201,7.17565749131184
W37597,16Neu,-5.55838489532471,-4.07534456253052,11.2784361578963
W37599,8Mk,-0.697965502738953,2.11099791526794,1.97134691611157
W37601,13Baso,-7.14222002029419,-1.21409440040588,9.66384991140332
W37602,5Ery,5.01204395294189,1.41282498836517,7.1711250069342
W37603,6Ery,3.76967287063599,0.886384010314941,5.84230869549031
W37604,14Mo,-4.8342137336731,-0.774216711521149,7.62703467963709
W37605,2Ery,6.59302854537964,1.14426875114441,9.64494684963684
W37606,6Ery,3.96240496635437,1.93832182884216,6.03537211214823
W37607,3Ery,5.40026426315308,3.29279780387878,6.83801476146993
W37608,14Mo,-4.46673488616943,-1.68751537799835,7.89888790165161
W37609,7MEP,1.02654206752777,1.09861838817596,1.93135496838206
W37610,7MEP,0.523202836513519,-0.125006422400475,1.80796255755136
W37611,14Mo,-5.92692422866821,-0.69688481092453,9.03695279527274
W37612,5Ery,5.35726547241211,0.499348908662796,9.31643155949237
W37613,13Baso,-6.12946939468384,-0.597580373287201,8.83349096588273
W37614,2Ery,7.12169504165649,1.14234530925751,11.1674183769341
W37615,16Neu,-5.61691188812256,-4.38786458969116,11.278436926668
W37617,12Baso,1.30911457538605,0.160300716757774,2.37836590997797
W37618,14Mo,-6.29364728927612,-2.69816327095032,11.2784376954397
W37619,8Mk,-0.678694307804108,1.97543776035309,1.99275581469181
W37620,4Ery,6.80483102798462,1.61808800697327,9.40529558152569
W37621,3Ery,6.29149866104126,2.20620918273926,9.40529635029737
W37622,2Ery,6.74074220657349,2.09831428527832,9.40529711906906
W37624,14Mo,-6.60554504394531,-0.969317734241486,9.66385068017501
W37625,7MEP,-0.415953993797302,-0.105592645704746,0.691484554186725
W37627,7MEP,-0.740818977355957,2.04468250274658,1.97134768488326
W37628,10GMP,-0.460702210664749,0.834855198860168,0.533718533405781
W37629,13Baso,-6.13156890869141,-0.462377905845642,8.83258220363618
W37630,2Ery,8.01440906524658,1.47023367881775,11.5750710365143
W37631,2Ery,7.98473978042603,1.89884233474731,11.5767009892949
W37633,3Ery,5.92947769165039,3.37010216712952,6.83801553024162
W37634,3Ery,6.13332748413086,3.66325664520264,8.85912560839439
W37635,6Ery,4.14065361022949,2.23297715187073,6.24720122018168
W37642,7MEP,0.255409747362137,0.182767793536186,0.0806100696840248
W37644,8Mk,-1.15314531326294,1.14742708206177,2.00337881226046
W37650,2Ery,1.60765314102173,-0.0825325474143028,2.3071139274401
W37651,1Ery,8.65086460113525,2.40843510627747,11.5767017580666
W37653,9GMP,-2.66184377670288,0.13229064643383,3.22633864535868
W37654,13Baso,-7.34389495849609,-1.01609838008881,9.66385144894669
W37657,15Mo,-5.52853345870972,-2.08971309661865,10.7866010341434
W37658,6Ery,3.65656065940857,1.73027539253235,6.19905872852602
W37660,13Baso,-7.10020732879639,-1.79894578456879,9.36756310618453
W37661,3Ery,6.52888011932373,3.08681130409241,9.40529788784075
W37663,16Neu,-6.39470481872559,-4.09367227554321,11.2784384642114
W37664,14Mo,-6.9044508934021,-1.19333374500275,9.66385221771838
W37665,5Ery,5.80530595779419,1.64056062698364,8.76452622787059
W37666,7MEP,0.889896988868713,0.311582446098328,1.9726639230975
W37667,13Baso,-6.40343427658081,-0.884745836257935,9.66385298649007
W37668,4Ery,5.06454849243164,2.33498668670654,6.66655184743294
W37669,13Baso,-6.74145841598511,-1.35522568225861,9.55245444600164
W37670,2Ery,6.80418682098389,2.80244374275208,11.5767025268383
W37673,15Mo,-6.00157642364502,-3.81118273735046,11.2784392329831
W37674,7MEP,-0.511261701583862,0.476944595575333,0.671514565849025
W37675,3Ery,6.41826295852661,2.95435452461243,8.85912637716608
W37676,10GMP,-3.23398518562317,0.40082386136055,5.15270475375201
W37680,13Baso,-7.09786891937256,-1.46241641044617,9.56243197490464
W37682,3Ery,6.83598566055298,2.76790499687195,11.57670329561
W37683,1Ery,8.5202169418335,2.74055123329163,11.5767040643817
W37684,13Baso,-4.25666570663452,-0.383034944534302,7.22719991810455
W37685,13Baso,-4.96763515472412,-0.124240331351757,7.41355083024329
W37686,7MEP,1.10467648506165,0.74539041519165,1.93135573715375
W37687,16Neu,-5.94774293899536,-2.79005217552185,11.2784400017548
W37689,14Mo,-7.22006559371948,-1.78307831287384,9.40105705464454
W37691,3Ery,7.5889458656311,3.45167374610901,11.5767048331534
W37692,2Ery,7.42273187637329,2.89452147483826,11.5767056019251
W37693,1Ery,8.53240966796875,2.63192915916443,11.5767063706968
W37694,13Baso,-7.15880012512207,-0.991946458816528,9.66385375526175
W37696,15Mo,-6.41520929336548,-4.01533079147339,11.2784407705265
W37698,8Mk,-0.94324254989624,1.81287884712219,1.97134845365494
W37699,2Ery,7.85946607589722,3.17400789260864,11.5767071394684
W37700,14Mo,-6.92554473876953,-1.26101136207581,9.6444360902861
W37701,14Mo,-6.68692350387573,-1.58069503307343,9.41053802467722
W37702,14Mo,-5.02668952941895,-1.87583756446838,10.7678627486381
W37704,9GMP,-3.30612397193909,0.606324017047882,5.10991022299709
W37706,14Mo,-7.43967056274414,-1.44729483127594,9.64045110087866
W37707,14Mo,-6.03786182403564,-3.31378316879272,11.2784415392981
W37708,2Ery,7.30222988128662,1.95227944850922,11.5767079082401
W37709,7MEP,0.432244032621384,0.22734722495079,1.93045199624057
W37710,2Ery,7.75874853134155,3.01449966430664,11.5767086770118
W37711,16Neu,-5.51433610916138,-4.36737680435181,11.2784423080698
W37712,10GMP,-3.91960477828979,0.577992796897888,5.68112225865037
W37713,6Ery,2.14379048347473,0.619721591472626,3.36946043034713
W37714,2Ery,7.81870222091675,2.62897515296936,11.5767094457835
W37715,15Mo,-6.29994583129883,-1.93425559997559,9.36880176679096
W37716,14Mo,-4.45339965820312,-0.62724381685257,7.17961276359433
W37717,15Mo,-6.27869653701782,-3.89363050460815,11.2784430768415
W37718,3Ery,5.53088665008545,1.29651093482971,8.56300168278285
W37719,12Baso,-1.75842833518982,0.40307405591011,3.0630534932986
W37720,2Ery,7.00082921981812,2.66065049171448,11.5767102145552
W37721,13Baso,-5.05467653274536,0.269018083810806,7.71857741398135
W37722,13Baso,-6.02658653259277,-0.567025482654572,8.93756412184329
W37723,7MEP,0.263380199670792,0.463966488838196,0.123144784096624
W37724,6Ery,4.04987668991089,1.42617070674896,6.50558375400092
W37725,5Ery,5.52515316009521,1.95258724689484,8.85912714593776
W37726,2Ery,8.69142723083496,1.95792841911316,11.5767109833269
W37728,14Mo,-5.83934926986694,-2.07292747497559,9.46223632024771
W37729,12Baso,0.361048758029938,0.266234159469604,0.0187615500004687
W37730,2Ery,7.70331621170044,2.79546093940735,11.5767117520986
W37731,16Neu,-6.15763807296753,-4.3494029045105,11.2784438456132
W37737,4Ery,5.90417098999023,3.21732759475708,8.85912791470945
W37738,6Ery,3.08528470993042,0.874847650527954,5.42717831028733
W37739,13Baso,-4.07109403610229,0.221242517232895,6.29588900203784
W37745,4Ery,5.70247077941895,1.90113306045532,8.85912868348114
W37746,2Ery,7.07133483886719,2.59039425849915,11.5767125208702
W37747,4Ery,7.08315372467041,2.72464394569397,11.5767132896419
W37748,15Mo,-5.53948354721069,-3.40080332756042,11.2784446143849
W37753,1Ery,8.58901023864746,2.64943099021912,11.5767140584136
W37754,15Mo,-6.90692615509033,-3.86601424217224,11.2784453831566
W37756,13Baso,-5.38367033004761,-0.429725110530853,7.62081558875608
W37758,15Mo,-5.8049430847168,-4.16116857528687,11.2784461519283
W37759,3Ery,8.21588516235352,1.38986873626709,11.5035189264933
W37761,6Ery,3.89114785194397,1.55124044418335,6.37976217764987
W37762,12Baso,-0.708211243152618,0.13114495575428,0.97502787542071
W37763,12Baso,-1.23853039741516,0.415428966283798,2.1045963504748
W37764,13Baso,-4.99673366546631,-2.28735303878784,10.7291893769451
W37765,5Ery,5.25358772277832,1.03286218643188,9.31643232826406
W37766,16Neu,-5.33280515670776,-3.7606475353241,11.2784469206999
W37769,6Ery,5.66335725784302,2.97237682342529,6.83801629901331
W37770,13Baso,-6.79977083206177,-0.591475129127502,9.66385452403344
W37771,2Ery,7.85072565078735,3.15371584892273,11.5767148271853
W37772,14Mo,-7.08972024917603,-1.61151337623596,9.47424161736615
W37776,3Ery,2.16435813903809,0.0171178299933672,3.07198087126844
W37777,14Mo,-6.01982688903809,-1.60852658748627,9.3423747821915
W37778,8Mk,-0.236145347356796,1.50895893573761,0.453892292001577
W37779,2Ery,8.61178302764893,1.40369963645935,11.5448940821768
W37780,9GMP,-3.19879698753357,-0.308681488037109,4.29237600494714
W37781,4Ery,5.50717210769653,2.22095370292664,8.85912945225282
W37782,3Ery,4.9961142539978,2.77573990821838,6.83801706778499
W37786,3Ery,6.11547470092773,2.43081736564636,8.85913022102451
W37788,14Mo,-6.52030563354492,-1.7748556137085,9.32127557473641
W37790,2Ery,7.36300563812256,1.4044576883316,11.4614067439794
W37793,10GMP,-3.890212059021,-0.0049026645720005,6.3720223939996
W37794,16Neu,-6.09243249893188,-4.74210977554321,11.2784476894716
W37795,6Ery,3.63476324081421,1.34062588214874,5.83547304828755
W37796,14Mo,-6.89674615859985,-1.66115307807922,9.40633862329241
W37797,16Neu,-5.70421028137207,-4.02568101882935,11.2784484582433
W37798,5Ery,5.52823734283447,2.27855777740479,8.8591309897962
W37799,10GMP,-2.65667724609375,-0.989927709102631,4.43628932952897
W37800,16Neu,-6.44034099578857,-1.69068539142609,9.3212763435081
W37801,12Baso,-0.954895079135895,0.867183446884155,2.10561454442391
W37803,15Mo,-5.79871654510498,-3.64300584793091,11.278449227015
W37804,2Ery,7.22458076477051,2.14151835441589,11.576715595957
W37805,13Baso,-7.27695035934448,-1.41648602485657,9.62537171846288
W37806,7MEP,0.465003550052643,0.538366079330444,1.94852780900551
W37807,13Baso,-5.09831380844116,-1.14383590221405,7.76187857133018
W37809,13Baso,-6.34807872772217,-0.34783536195755,9.66385529280513
W37811,2Ery,7.38400602340698,2.46369385719299,11.5767163647287
W37812,6Ery,4.66045045852661,2.2437310218811,6.83801783655668
W37813,14Mo,-6.85383605957031,-1.65638720989227,9.40040939294738
W37817,5Ery,5.62302541732788,1.14098107814789,9.29811995530385
W37818,16Neu,-5.93674373626709,-4.81151676177979,11.2784499957867
W37819,5Ery,5.40568685531616,1.79699873924255,8.05594545915183
W37820,6Ery,3.94153785705566,1.32409572601318,5.47496490204677
W37821,18Eos,-2.64685678482056,1.94713616371155,3.5308573170338
W37822,14Mo,-7.10839748382568,-1.31837046146393,9.64818144846982
W37825,14Mo,-7.17032098770142,-2.40970087051392,9.34196318784229
W37826,13Baso,-7.69726514816284,-0.934395134449005,9.66385606157681
W37828,15Mo,-6.65740537643433,-3.96183490753174,11.2784507645584
W37830,2Ery,1.98163950443268,-0.144083887338638,2.52736577572385
W37833,2Ery,7.76032829284668,3.29741859436035,11.5767171335004
W37835,13Baso,-5.64419317245483,-0.0121385511010885,7.51532677850118
W37838,3Ery,1.80417275428772,-0.144279822707176,2.36799086968529
W37841,2Ery,7.77752256393433,2.77059888839722,11.576717902272
W37842,15Mo,-6.09959745407104,-2.21753740310669,9.45470823850681
W37843,12Baso,-1.73408448696136,0.710833191871643,3.03417642522257
W37844,7MEP,-0.727357506752014,1.27337026596069,2.0989712961949
W37847,3Ery,1.6918820142746,-0.184582218527794,2.30711469621179
W37848,4Ery,1.75822806358337,-0.160148531198502,2.30956386504569
W37849,15Mo,-6.43093252182007,-3.94160151481628,11.2784515333301
W37850,14Mo,-6.72483205795288,-1.47422015666962,9.48002004071789
W37851,4Ery,6.04623031616211,3.27304887771606,8.85913175856788
W37852,4Ery,6.58538150787354,3.02932000160217,9.40529865661243
W37853,13Baso,-5.12754535675049,-0.353807687759399,7.34675041729319
W37854,9GMP,-0.42854642868042,0.760234415531158,0.51332799693323
W37857,12Baso,-0.906643569469452,0.128273949027061,1.06324857593725
W37858,2Ery,7.27707433700562,2.71890807151794,11.5767186710437
W37859,4Ery,5.17206525802612,2.09920334815979,6.8312759759442
W37860,9GMP,-0.804058611392975,2.06520700454712,1.97134922242663
W37861,16Neu,-5.96277046203613,-4.26799917221069,11.2784523021018
W37863,16Neu,-5.52895593643188,-4.49915504455566,11.2784530708734
W37864,2Ery,7.22622585296631,1.09129798412323,11.1203887681511
W37865,2Ery,7.14970111846924,2.76675820350647,11.5767194398154
W37866,16Neu,-6.00079917907715,-4.31709241867065,11.2784538396451
W37867,7MEP,1.56607174873352,0.712664842605591,3.00093767304617
W37868,14Mo,-5.35987901687622,-2.29619026184082,10.7556601317377
W37870,14Mo,-2.64149808883667,-1.1914656162262,4.43629009830066
W37872,14Mo,-3.89773726463318,-0.444961994886398,4.40188084550343
W37873,5Ery,5.48661231994629,1.73720347881317,8.85913252733957
W37874,5Ery,5.58607196807861,1.50290536880493,8.70263740592725
W37875,3Ery,6.57270908355713,2.71511340141296,9.40529942538412
W37876,3Ery,6.33385038375854,2.88293647766113,8.85913329611125
W37878,2Ery,8.1347131729126,1.16807866096497,11.2630569600446
W37879,18Eos,-2.64503002166748,1.93382978439331,3.53085808580549
W37880,14Mo,-6.65244722366333,-1.4379061460495,9.48643633894855
W37881,3Ery,6.82934808731079,2.73606038093567,11.5767202085871
W37882,14Mo,-6.55546092987061,-1.67966616153717,9.32645353537382
W37883,14Mo,-5.37820529937744,-3.28507781028748,11.2784546084168
W37885,12Baso,-0.41254985332489,0.494335442781448,0.554087436994232
W37886,14Mo,-5.90267038345337,-1.94903445243835,9.42810891083086
W37887,4Ery,6.2380633354187,2.86822891235352,8.85913406488294
W37888,3Ery,7.05130815505981,3.82049703598022,11.5767209773588
W37889,14Mo,-6.18149375915527,-1.30531299114227,9.46800137416404
W37890,7MEP,0.882996380329132,0.63590145111084,1.93135650592543
W37891,5Ery,1.30666720867157,0.068959966301918,2.36274033765336
W37892,12Baso,-2.1066358089447,0.63058865070343,2.76062282210267
W37893,2Ery,6.97074365615845,2.54772114753723,11.5767217461305
W37894,15Mo,-6.62536573410034,-1.80871510505676,9.32127711227979
W37895,14Mo,-5.38057518005371,-3.75637912750244,11.2784553771885
W37896,3Ery,6.73657035827637,2.61999869346619,9.40530019415581
W37898,14Mo,-5.81230115890503,-2.00865435600281,9.45301980605387
W37899,2Ery,7.89864778518677,2.61497187614441,11.5767225149022
W37900,3Ery,6.23533773422241,3.15534567832947,8.85913483365463
W37901,2Ery,8.52474117279053,2.30620980262756,11.5767232836739
W37902,16Neu,-5.69233703613281,-4.05047369003296,11.2784561459602
W37903,7MEP,1.53100824356079,0.493487924337387,2.81516324143642
W37904,2Ery,7.80663442611694,2.24613285064697,11.5767240524455
W37906,10GMP,-3.34615540504456,0.103584460914135,5.48014017258818
W37907,7MEP,0.068958543241024,0.145841479301453,0.208718710748347
W37908,5Ery,2.20263171195984,0.105243824422359,3.16528120681362
W37909,5Ery,1.43200016021729,0.0658550336956978,2.30711546498347
W37910,13Baso,-3.78694796562195,0.407849103212357,5.57250094310241
W37913,6Ery,1.31661772727966,0.150697588920593,2.37159822562818
W37914,7MEP,0.896751284599304,0.373470664024353,1.93135727469712
W37915,3Ery,6.21367502212524,2.78025436401367,8.85913560242631
W37916,10GMP,0.13859161734581,0.0165736246854067,0.136313397707366
W37917,5Ery,5.49210166931152,0.718258619308472,9.31643309703574
W37918,5Ery,5.27879047393799,1.02852869033813,9.31643386580743
W37919,1Ery,8.5090970993042,0.938348412513733,11.0449259562573
W37921,13Baso,-6.5725245475769,-0.544629633426666,9.6638568303485
W37922,15Mo,-6.17251062393188,-2.71393609046936,11.2784569147319
W37923,3Ery,5.31631183624268,1.87848615646362,8.11565685351023
W37924,6Ery,2.38603544235229,1.13412773609161,3.76250958257225
W37929,14Mo,-7.07633590698242,-2.74779963493347,11.2784576835036
W37935,3Ery,5.58587789535522,3.46588397026062,6.83801860532836
W37937,3Ery,5.61620998382568,3.17927551269531,6.83801937410005
W37938,3Ery,7.52132701873779,3.32239389419556,11.5767248212172
W37939,16Neu,-5.87005281448364,-4.16639232635498,11.2784584522752
W37940,3Ery,4.62013244628906,2.13060331344604,6.70244662407625
W37941,9GMP,-3.60093474388123,0.54980593919754,5.3160050642404
W37942,14Mo,-5.95502614974976,-2.10699367523193,9.45275483898325
W37943,12Baso,-0.743730485439301,0.408011227846146,0.954288261570235
W37945,9GMP,-1.56475901603699,-0.455184072256088,1.21512932079305
W37946,14Mo,-6.88641166687012,-1.56421172618866,9.46051506203708
W37948,14Mo,-6.62648487091064,-1.83436703681946,9.32127788105147
W37951,8Mk,-0.114564567804337,1.03360748291016,0.453893060773263
W37952,5Ery,2.23857402801514,-0.228439196944237,2.66624849678504
W37953,15Mo,-5.68246841430664,-3.96447086334229,11.2784592210469
W37954,15Mo,-6.19439458847046,-2.36888122558594,9.4719989704092
W37955,3Ery,7.79990291595459,3.21548056602478,11.5767255899889
W37956,16Neu,-6.00093650817871,-4.10762405395508,11.2784599898186
W37957,15Mo,-5.54686212539673,-3.2355649471283,11.2784607585903
W37959,4Ery,6.28006362915039,2.35435485839844,9.40530096292749
W37960,3Ery,7.44378328323364,2.7641932964325,11.5767263587606
W37961,8Mk,-0.734747648239136,2.01767921447754,1.97134999119832
W37962,15Mo,-6.22276020050049,-3.57492423057556,11.278461527362
W37963,14Mo,-5.27755117416382,-3.18214130401611,11.3600875421777
W37964,5Ery,5.92736196517944,2.16644835472107,8.859136371198
W37965,3Ery,4.62636661529541,2.46194839477539,6.83802014287174
W37967,4Ery,1.80369174480438,-0.14282138645649,2.36914303189163
W37969,2Ery,7.08768510818481,2.1557674407959,11.5767271275323
W37970,8Mk,-1.67720174789429,0.206542059779167,2.01958954127015
W37971,7MEP,0.943100273609161,0.662453770637512,1.93135804346881
W37972,10GMP,-4.67791271209717,0.448151141405106,6.81319471541588
W37974,15Mo,-6.11584520339966,-3.76198482513428,11.2784622961337
W37975,14Mo,-7.16445875167847,-1.66561925411224,9.45797426771706
W37977,13Baso,-4.54826545715332,-1.66615414619446,7.8988886704233
W37978,3Ery,7.55995512008667,3.09822916984558,11.576727896304
W37979,7MEP,0.296148031949997,0.54338526725769,0.113151392930244
W37980,2Ery,8.34467124938965,1.8263828754425,11.5767286650757
W37982,13Baso,-6.9466700553894,-1.48608481884003,9.51806884326293
W37983,2Ery,1.68798923492432,-0.155751615762711,2.30711623375516
W37984,10GMP,-3.39204549789429,-0.331347912549973,4.3341859227608
W37985,2Ery,8.496413230896,2.24475646018982,11.5767294338473
W37986,2Ery,7.12965393066406,2.53470182418823,11.576730202619
W37988,2Ery,7.47392082214355,2.63638520240784,11.5767309713907
W37989,12Baso,-1.62325990200043,0.458030790090561,1.99157457412534
W37990,14Mo,-6.71907806396484,-1.5197126865387,9.45244717200539
W37991,1Ery,8.63364028930664,2.45502686500549,11.5767317401624
W37992,14Mo,-5.19707202911377,-1.76253128051758,10.7906873541571
W37993,14Mo,-4.5079665184021,-2.32576656341553,10.7138373588043
W37994,2Ery,8.45383739471436,2.80187201499939,11.5767325089341
W37995,14Mo,-6.48822975158691,-2.91695499420166,11.2784630649054
W37996,16Neu,-6.02693843841553,-3.99303865432739,11.278463833677
W37997,14Mo,-6.44258975982666,-1.12586736679077,9.62504932179656
W38000,8Mk,-0.0202265791594982,1.12362205982208,0.440900985688178
W38001,16Neu,-5.57069206237793,-1.87685692310333,9.46050805075754
W38002,16Neu,-5.37285804748535,-4.36657476425171,11.2784646024487
W38003,2Ery,8.34731197357178,2.25582122802734,11.5767332777058
W38004,8Mk,-0.686471104621887,2.24085211753845,1.97135075997
W38005,5Ery,5.48801326751709,1.70791733264923,8.85913713996969
W38006,6Ery,4.3158106803894,1.34283518791199,6.60223920724006
W38008,15Mo,-5.40358543395996,-2.30683517456055,10.7579983360303
W38009,13Baso,-4.39980506896973,-1.23919916152954,7.85753175428839
W38010,5Ery,5.365309715271,2.00807905197144,8.85913790874137
W38011,14Mo,-6.76797819137573,-2.11570644378662,9.33930190160551
W38012,5Ery,5.40237188339233,1.13625121116638,9.31643463457912
W38013,6Ery,3.65172815322876,0.972203731536865,5.94394786345588
W38014,16Neu,-5.74850368499756,-4.46930408477783,11.2784653712204
W38017,3Ery,6.94368076324463,3.71673917770386,11.5767340464775
W38018,15Mo,-7.08374643325806,-2.9661066532135,11.2784661399921
W38019,7MEP,1.56647491455078,0.737629890441895,3.00093844181786
W38020,7MEP,0.68428909778595,-0.186334192752838,1.6709607771392
W38021,10GMP,-4.11539793014526,0.598934412002563,6.47726100852915
W38022,14Mo,-7.2881178855896,-1.3332462310791,9.66385759912018
W38023,3Ery,7.10573482513428,3.84110260009766,11.5767348152491
W38025,4Ery,5.85476064682007,3.55292916297913,6.83802091164342
W38026,13Baso,-7.52132081985474,-1.07213366031647,9.66385836789187
W38027,15Mo,-7.1701865196228,-2.18143677711487,9.32127864982316
W38030,17Neu,-1.43435704708099,0.573432326316833,2.02385107370273
W38031,4Ery,5.60801362991333,2.55890941619873,8.85913867751306
W38032,6Ery,4.88175535202026,2.60450053215027,6.83802168041511
W38033,3Ery,7.1251654624939,3.89782905578613,11.5767355840208
W38034,3Ery,6.59176540374756,3.65139079093933,8.85913944628475
W38035,7MEP,0.472875952720642,-0.0677244737744331,1.85618042611722
W38036,8Mk,-1.16249871253967,1.34092617034912,1.97135152874169
W38037,6Ery,3.44322967529297,1.28232669830322,4.96343275765396
W38039,16Neu,-6.37965774536133,-4.47187852859497,11.2784669087638
W38040,3Ery,5.84636497497559,3.51927518844604,6.8380224491868
W38041,14Mo,-7.01665639877319,-0.588152348995209,9.66385913666356
W38042,4Ery,5.86184072494507,3.3185977935791,6.83802321795848
W38043,4Ery,5.78105449676514,3.31318473815918,6.83802398673017
W38045,3Ery,3.78087282180786,1.34116876125336,5.66065556493203
W38046,14Mo,-7.50276660919189,-1.21550941467285,9.66385990543524
W38047,15Mo,-7.1494345664978,-1.79417324066162,9.38030807141223
W38048,3Ery,6.89351511001587,3.83554863929749,11.5767363527925
W38049,10GMP,-4.8355917930603,0.392895966768265,6.6663645622938
W38050,6Ery,3.09508156776428,1.68957126140594,5.28904493976822
W38051,2Ery,7.51609325408936,1.48232674598694,11.5542445458091
W38052,16Neu,-5.71308422088623,-3.71635937690735,11.2784676775355
W38053,15Mo,-6.38070917129517,-3.7738893032074,11.2784684463072
W38054,7MEP,0.590083062648773,0.887815237045288,1.93135881224049
W38055,3Ery,6.44807481765747,3.61314749717712,8.85914021505643
W38056,10GMP,-3.02723026275635,0.743421137332916,5.10991099176878
W38057,3Ery,6.46379566192627,3.77068114280701,8.85914098382812
W38058,14Mo,-6.70259523391724,-0.987376570701599,9.66386067420693
W38059,7MEP,0.915920734405518,0.648650825023651,1.93135958101218
W38060,6Ery,5.83737516403198,1.56741344928741,8.98487433335731
W38061,10GMP,-3.5975034236908,-0.158807441592216,4.40188161427511
W38062,10GMP,-3.81798219680786,-0.132282927632332,4.4018823830468
W38063,3Ery,7.0356764793396,3.63220238685608,11.5767371215642
W38064,7MEP,0.696879386901855,0.596986532211304,1.93136034978386
W38065,2Ery,7.41438007354736,3.10891437530518,11.5767378903359
W38066,4Ery,6.08808469772339,1.90812635421753,9.19748082528284
W38067,7MEP,0.827773571014404,0.375092446804047,1.95400910213856
W38068,13Baso,-5.07599544525146,-0.722618281841278,7.7413990742962
W38069,6Ery,3.93150424957275,1.40503132343292,5.45700979894686
W38070,15Mo,-5.25727653503418,-3.43612861633301,11.2784692150789
W38071,8Mk,-0.711952030658722,1.28785836696625,2.10073854753854
W38072,10GMP,-3.14980912208557,-0.08619175106287,4.31546379568319
W38073,4Ery,5.13250112533569,3.03011965751648,6.83802475550185
W38074,4Ery,7.18102788925171,2.00237441062927,11.5767386591076
W38075,3Ery,5.35961246490479,3.26120853424072,6.83802552427354
W38076,7MEP,2.84429836273193,0.934101700782776,4.19621100111516
W38077,2Ery,8.18624496459961,1.61603844165802,11.5767394278793
W38078,16Neu,-5.70661306381226,-4.63929319381714,11.2784699838505
W38079,3Ery,7.51316833496094,2.61808562278748,11.5767401966509
W38080,3Ery,5.51135969161987,3.30075025558472,6.83802629304523
W38081,6Ery,4.42912578582764,2.28837728500366,6.62031214342776
W38082,6Ery,3.22998285293579,1.25381088256836,5.20626665175634
W38083,7MEP,1.04431307315826,0.591155886650085,1.93136111855555
W38084,4Ery,5.40079069137573,2.76672673225403,6.83802706181691
W38085,16Neu,-6.34585857391357,-3.70362091064453,11.2784707526222
W38086,2Ery,7.1772084236145,2.06314325332642,11.5767409654226
W38087,13Baso,-4.85000324249268,0.285476207733154,6.65778682301371
W38088,10GMP,-2.83306622505188,-0.237775295972824,4.37343220527331
W38090,3Ery,6.08862829208374,3.16916036605835,8.8591417525998
W38091,3Ery,7.01137161254883,3.7962794303894,11.5767417341943
W38092,10GMP,-2.10718154907227,0.654630601406097,2.75648772897354
W38093,6Ery,2.51944875717163,0.685581922531128,3.66026926918088
W38094,14Mo,-3.97167062759399,-0.365963846445084,6.05045855771354
W38095,15Mo,-6.93834018707275,-3.25577664375305,11.2784715213939
W38096,7MEP,0.637262046337128,0.902397632598877,1.93136188732724
W38097,13Baso,-3.05096483230591,-0.88861483335495,4.42413427646879
W38098,14Mo,-5.74186992645264,-1.43363952636719,9.34626643422398
W38100,14Mo,-6.4773530960083,-0.99924248456955,9.66386144297862
W38101,14Mo,-5.33382129669189,-0.884896218776703,7.94296438070041
W38102,2Ery,7.08088827133179,1.9223541021347,11.576742502966
W38103,16Neu,-5.23092031478882,-3.65516233444214,11.2784722901656
W38104,7MEP,0.640684485435486,-0.141547173261642,1.71204939044349
W38105,14Mo,-6.6757287979126,-1.4977194070816,9.45643222754944
W38106,10GMP,-4.49567604064941,0.0759839043021202,7.00351210097908
W38107,14Mo,-6.8192982673645,-1.34417676925659,9.57463747733229
W38108,6Ery,2.70668840408325,0.754536330699921,3.92568793735008
W38109,14Mo,-7.13676404953003,-1.08060324192047,9.6638622117503
W38110,16Neu,-5.60387802124023,-4.68153047561646,11.2784730589373
W38111,2Ery,6.60743951797485,2.00702857971191,9.40530173169918
W38112,10GMP,-3.28328943252563,-0.228164374828339,4.3247109506821
W38113,16Neu,-5.52290534973145,-4.59522342681885,11.278473827709
W38114,14Mo,-4.21754455566406,-1.83114659786224,10.713838127576
W38115,14Mo,-5.69740009307861,-0.146757766604424,8.09024653358122
W38116,5Ery,4.89389419555664,1.48488640785217,7.15115674271301
W38117,12Baso,-1.66131067276001,0.531246721744537,3.11778957124286
W38118,4Ery,6.18044328689575,2.39575958251953,8.85914252137149
W38119,3Ery,6.87811422348022,3.83949613571167,11.5767432717377
W38121,13Baso,-3.877286195755,0.603173553943634,5.62471611890586
W38123,2Ery,7.27002239227295,1.94939303398132,11.5767440405094
W38124,4Ery,6.56291770935059,1.42473578453064,9.80205741434853
W38125,4Ery,5.5603985786438,1.51022350788116,8.7123207354536
W38126,3Ery,6.15931606292725,0.733429789543152,9.86888079608849
W38127,3Ery,5.75788354873657,2.16357755661011,8.85914329014318
W38128,13Baso,-7.72095918655396,-1.14167129993439,9.66386298052199
W38129,12Baso,0.101759985089302,0.224218040704727,0.198520623934795
W38130,14Mo,-5.78846549987793,-1.5484471321106,9.36297009872842
W38131,16Neu,-5.6486177444458,-4.91969585418701,11.2784745964807
W38132,3Ery,4.99155569076538,1.25302231311798,7.17112577570588
W38133,5Ery,5.2715802192688,1.75761389732361,8.24019362002157
W38134,6Ery,1.36441683769226,0.857712984085083,3.00093921058954
W38135,7MEP,0.681760489940643,0.751890242099762,1.93136265609892
W38136,4Ery,5.96202421188354,3.58702421188354,6.8380278305886
W38137,4Ery,6.08810806274414,2.08292531967163,8.85914405891486
W38138,5Ery,5.69911241531372,1.29057931900024,9.18722546476626
W38140,14Mo,-6.04547500610352,-1.10200345516205,9.55845667182653
W38141,14Mo,-5.15597105026245,-0.838641107082367,7.71169256602658
W38142,2Ery,8.05899524688721,1.19761824607849,11.2892426578513
W38143,12Baso,1.16471493244171,0.0797847807407379,2.45851693265205
W38144,3Ery,7.29347133636475,3.75710797309875,11.5767448092811
W38145,5Ery,5.7698769569397,1.18866622447968,9.12485151426223
W38146,2Ery,7.55783843994141,2.07161116600037,11.5767455780528
W38147,2Ery,8.45427227020264,1.1363707780838,11.251031999014
W38148,16Neu,-5.2030930519104,-4.25627374649048,11.2784753652523
W38149,7MEP,0.471646189689636,0.0199184976518154,1.86960837974647
W38150,5Ery,5.6884880065918,0.177614092826843,10.5199255836171
W38151,2Ery,7.97741794586182,1.1825168132782,11.2677375976286
W38152,7MEP,0.8777135014534,0.0089817559346556,2.32135421411924
W38153,3Ery,5.1982536315918,2.67652177810669,6.83802859936029
W38154,4Ery,6.31195640563965,1.34115326404572,9.30022195050995
W38155,2Ery,7.24616813659668,2.01113080978394,11.5767463468244
W38156,5Ery,5.3155632019043,1.10143721103668,9.3164354033508
W38157,10GMP,-2.32556366920471,-0.836763739585876,3.87742157788288
W38158,1Ery,8.75626659393311,1.64959323406219,11.5767471155961
W38159,10GMP,-2.00352144241333,-0.527060389518738,4.50711421324588
W38161,16Neu,-5.85317659378052,-1.50754690170288,9.34549454634662
W38162,2Ery,6.31860065460205,1.18167996406555,9.72163607925885
W38163,2Ery,8.14397239685059,1.15563535690308,11.25049781589
W38164,2Ery,8.68131351470947,1.01362645626068,11.1363113791852
W38165,5Ery,5.9198637008667,0.470931112766266,10.5199263523888
W38166,5Ery,5.98691654205322,0.760806798934937,8.95304705006309
W38167,14Mo,-5.52402877807617,-1.28294670581818,8.32657009805757
W38168,14Mo,-7.19229650497437,-1.51457178592682,9.55128493611117
W38169,16Neu,-6.34612464904785,-3.98504948616028,11.278476134024
W38170,10GMP,-0.476822435855865,1.80692875385284,0.453893829544949
W38171,14Mo,-5.90756320953369,-0.913829624652863,9.0545448192662
W38172,14Mo,-6.08731031417847,-1.32816207408905,9.43565937634397
W38173,4Ery,6.45681285858154,1.00605821609497,9.69327289769763
W38175,2Ery,7.87019443511963,2.18785834312439,11.5767478843678
W38176,6Ery,4.06102657318115,2.0868558883667,6.08451061536426
W38177,2Ery,7.61572551727295,1.57539105415344,11.5767486531395
W38180,16Neu,-5.36692953109741,-4.06432294845581,11.2784769027957
W38181,1Ery,7.97162485122681,0.930600821971893,11.0375606081371
W38182,13Baso,-4.79253339767456,-1.4606317281723,7.89888943919498
W38183,3Ery,6.30449199676514,2.2713143825531,9.40530250047087
W38184,15Mo,-6.86597681045532,-2.69109463691711,11.2784776715674
W38185,3Ery,6.51039266586304,1.96844875812531,9.40530326924255
W38186,5Ery,6.0438814163208,1.14626371860504,8.93095017121444
W38187,2Ery,7.052565574646,1.92280042171478,11.5767494219112
W38188,2Ery,7.72427606582642,0.663865029811859,11.1241030717796
W38189,16Neu,-5.17194414138794,-4.40864181518555,11.2784784403391
W38190,4Ery,5.86514711380005,2.01187062263489,8.85914482768655
W38191,12Baso,-1.06373965740204,0.320175468921661,1.16615711434776
W38192,3Ery,7.226646900177,1.78144884109497,11.5767501906829
W38193,12Baso,-1.63645195960999,-0.0338512659072876,2.07173959511088
W38194,14Mo,-5.90438795089722,-1.49508368968964,9.33570379574896
W38195,15Mo,-5.80131864547729,-3.40438461303711,11.2784792091108
W38196,14Mo,-6.03238964080811,-0.573976278305054,8.93164548102353
W38197,10GMP,-2.98338341712952,-0.297480255365372,4.3393188275128
W38198,6Ery,3.82056903839111,0.927807867527008,5.76615558428837
W38199,12Baso,-1.88607227802277,0.671106517314911,2.92365692069028
W38200,2Ery,7.68508911132812,2.14453816413879,11.5767509594546
W38201,3Ery,6.92804479598999,2.10660243034363,11.5767517282262
W38202,4Ery,6.44198226928711,1.22552335262299,9.71979680396118
W38203,7MEP,0.608141124248505,0.424503475427628,1.8183474151379
W38204,4Ery,7.59048652648926,2.50120282173157,11.5767524969979
W38205,15Mo,-7.03792667388916,-2.6509313583374,9.40970331553094
W38206,2Ery,7.36448383331299,2.42249631881714,11.5767532657696
W38207,7MEP,-0.525085866451263,0.526844203472137,0.676316262803148
W38208,14Mo,-5.608482837677,-2.78143072128296,11.4444332997518
W38209,3Ery,5.6340160369873,3.26584410667419,6.83802936813197
W38210,13Baso,-7.41470575332642,-1.18390965461731,9.66386374929368
W38211,3Ery,7.35578870773315,3.79729509353638,11.5767540345413
W38212,15Mo,-6.81105518341064,-3.24064683914185,11.2784799778825
W38213,15Mo,-6.52731990814209,-3.84453821182251,11.2784807466541
W38214,13Baso,-7.49367189407349,-1.00677037239075,9.66386451806536
W38215,14Mo,-7.42428827285767,-1.85732424259186,9.39932790861691
W38217,4Ery,7.92378234863281,3.3261182308197,11.576754803313
W38218,14Mo,-7.3930983543396,-1.49281811714172,9.60459127342798
W38219,6Ery,3.41568446159363,1.28345704078674,4.99404915901066
W38220,3Ery,5.57889652252197,3.18368744850159,6.83803013690366
W38221,14Mo,-7.11391258239746,-1.36811220645905,9.62042409784615
W38222,8Mk,-0.650190651416779,1.43242752552032,2.09309100223948
W38223,8Mk,-0.684248507022858,1.65434002876282,2.04592871716308
W38224,7MEP,1.26334965229034,0.76564347743988,2.87048275646808
W38225,15Mo,-6.73501586914062,-4.06821918487549,11.2784815154258
W38226,15Mo,-5.84287929534912,-3.74225783348083,11.2784822841975
W38227,13Baso,-5.01158571243286,0.180428385734558,7.71857818275304
W38228,16Neu,-6.44938468933105,-4.48847341537476,11.2784830529692
W38229,6Ery,1.52979397773743,0.361208260059357,2.67051225877851
W38230,3Ery,7.63654708862305,3.18102192878723,11.5767555720847
W38231,2Ery,7.37898063659668,2.77093195915222,11.5767563408564
W38232,13Baso,-7.26649951934814,-2.23140525817871,9.32127941859485
W38233,3Ery,7.05475521087646,3.51821184158325,11.576757109628
W38234,3Ery,6.2173228263855,3.5264036655426,8.85914559645824
W38235,13Baso,-7.27029800415039,-0.768415451049805,9.66386528683705
W38237,10GMP,-3.12012457847595,-0.343231648206711,4.30676458713548
W38238,4Ery,5.85599565505981,2.15993499755859,8.85914636522992
W38239,2Ery,8.30871105194092,1.94742929935455,11.5767578783997
W38240,7MEP,2.5502507686615,1.57854557037354,4.22006429804383
W38241,7MEP,0.366392314434052,0.817664563655853,0.109589093005423
W38242,6Ery,5.80526256561279,2.07794046401978,8.85914713400161
W38243,3Ery,6.39655828475952,2.45266199111938,9.40530403801424
W38244,16Neu,-5.58004808425903,-3.53895425796509,11.2784838217409
W38245,7MEP,1.18540620803833,0.221943646669388,2.47168297816267
W38246,14Mo,-6.49863624572754,-2.43269848823547,9.44183148347933
W38247,3Ery,4.87212324142456,2.85679626464844,6.83803090567535
W38248,6Ery,5.97156000137329,2.22380089759827,8.85914790277329
W38249,9GMP,-3.41982102394104,-0.0384267307817936,4.38621965133623
W38250,12Baso,-1.49670708179474,0.530841648578644,2.01396365644953
W38251,3Ery,6.76287746429443,3.2567925453186,11.5767586471714
W38252,14Mo,-6.85642290115356,-0.595088958740234,9.66386605560873
W38253,10GMP,-3.80488157272339,-0.187377661466599,4.40188315181849
W38254,4Ery,6.05681276321411,1.76281583309174,9.11986142308378
W38255,7MEP,0.932335138320923,0.996888041496277,1.93136342487061
W38256,6Ery,4.11565732955933,1.74780344963074,6.21995032367253
W38257,14Mo,-5.49714756011963,-0.275136202573776,7.52181123531555
W38258,14Mo,-6.17418575286865,-0.393040210008621,8.79020812716314
W38259,4Ery,6.97550344467163,2.22091722488403,11.5767594159431
W38260,3Ery,7.08200979232788,2.15381693840027,11.5767601847148
W38261,3Ery,5.97552442550659,1.81234490871429,8.85914867154498
W38262,2Ery,7.51216554641724,1.51898884773254,11.5767609534865
W38263,16Neu,-6.61984872817993,-3.91271257400513,11.2784845905126
W38264,3Ery,7.22112560272217,3.54803490638733,11.5767617222582
W38266,7MEP,1.25416946411133,0.828451454639435,2.93041399013387
W38267,18Eos,-2.62931489944458,1.93168759346008,3.53085885457717
W38268,6Ery,4.4700665473938,2.27309584617615,6.66270431777724
W38269,13Baso,-7.26952171325684,-0.685953497886658,9.66386682438042
W38270,4Ery,5.82021379470825,1.86354267597198,8.85914944031667
W38271,10GMP,-3.30504274368286,0.0240290723741055,4.36900401361803
W38272,6Ery,3.71302056312561,2.24880933761597,5.99128845976532
W38273,2Ery,7.24697875976562,1.63514816761017,11.5767624910299
W38274,12Baso,-0.126634076237679,0.027902552857995,0.329505088455477
W38275,1Ery,8.214430809021,1.357013463974,11.4686090600929
W38276,4Ery,4.1772894859314,1.07191205024719,5.31306173670208
W38277,13Baso,-5.34357595443726,-0.470646917819977,7.6397569932562
W38278,14Mo,-5.2190957069397,-2.04231142997742,10.7675667918222
W38279,14Mo,-5.64059734344482,-2.7532217502594,11.4417314219039
W38280,13Baso,-3.20943188667297,-0.144524395465851,4.320383907924
W38282,3Ery,5.93564987182617,3.75282669067383,6.83803167444703
W38283,3Ery,7.48460674285889,3.64801430702209,11.5767632598015
W38284,16Neu,-5.56790208816528,-3.67218279838562,11.2784853592843
W38285,15Mo,-6.46777582168579,-3.73736238479614,11.278486128056
W38286,14Mo,-4.89997434616089,-0.372963041067123,7.20466702710555
W38287,3Ery,5.23526573181152,2.82267999649048,6.83803244321872
W38288,6Ery,3.70443558692932,1.16607654094696,5.81678866602395
W38289,2Ery,6.9668288230896,1.68072628974915,11.5767640285732
W38290,10GMP,-4.80528450012207,0.22610829770565,6.70297933105886
W38291,14Mo,-6.1416163444519,-2.22376298904419,9.45001514055046
W38292,5Ery,4.02833271026611,1.13712072372437,5.44041393500094
W38293,4Ery,6.45307016372681,1.27371263504028,9.7434399465074
W38294,15Mo,-6.38824558258057,-3.35519456863403,11.2784868968276
W38295,13Baso,-6.12753486633301,-0.712674260139465,8.83441325142606
W38296,15Mo,-6.07184410095215,-1.67741656303406,9.34898973682642
W38297,13Baso,-6.0354118347168,-1.42229473590851,9.37050215234967
W38298,14Mo,-5.63144302368164,-0.38157731294632,8.1029765560725
W38299,12Baso,-0.854553043842316,0.0786145702004433,1.03193712123651
W38300,16Neu,-5.23542404174805,-3.75679302215576,11.2784876655993
W38301,13Baso,-2.51353693008423,-0.441274344921112,4.04449690990171
W38302,6Ery,6.24178218841553,0.70160847902298,9.90592349425987
W38303,15Mo,-5.54984426498413,-3.22091174125671,11.278488434371
W38304,4Ery,6.32086133956909,1.80927896499634,9.40530480678592
W38305,14Mo,-4.1348671913147,-0.641162037849426,7.22720068687623
W38306,13Baso,-4.36883020401001,-0.69280219078064,7.19525245767787
W38307,15Mo,-6.13237428665161,-3.60667133331299,11.2784892031427
W38308,3Ery,5.91259574890137,2.0158679485321,8.85915020908835
W38309,10GMP,-0.175399169325829,1.09308993816376,0.453894598316635
W38310,13Baso,-5.29302644729614,0.15200936794281,7.68873972129282
W38311,4Ery,7.00200033187866,3.47295641899109,11.5767647973449
W38313,8Mk,-0.592737257480621,0.781544983386993,0.697475267222942
W38314,3Ery,6.02135419845581,2.12125945091248,8.85915097786004
W38315,14Mo,-5.08989143371582,-0.908558368682861,7.89889020796667
W38316,15Mo,-5.66880559921265,-1.83876955509186,9.4388683896459
W38318,16Neu,-4.92685985565186,-3.64424252510071,11.2784899719144
W38319,15Mo,-5.97548723220825,-2.89243960380554,11.2784907406861
W38320,9GMP,-3.47278380393982,0.52761036157608,5.17215071457272
W38321,16Neu,-5.98932600021362,-4.85579204559326,11.2784915094578
W38322,12Baso,-1.46002113819122,0.136652916669846,2.09119570113449
W38323,10GMP,0.370509266853333,-0.179502367973328,1.92184505441467
W38324,14Mo,-5.33319044113159,-2.90442538261414,11.5887346154336
W38326,14Mo,-5.96852588653564,-1.50369358062744,9.32836062415846
W38327,14Mo,-5.68049049377441,-1.16128051280975,9.28141403034415
W38328,7MEP,3.12609505653381,1.64925122261047,5.26066988460992
W38329,15Mo,-5.95986032485962,-1.5389164686203,9.33674075855384
W38330,17Neu,-1.44296538829803,0.573439538478851,2.02148334429683
W38331,2Ery,7.18002223968506,2.05274033546448,11.5767655661166
W38332,14Mo,-5.34186458587646,-2.85692930221558,11.6286619321952
W38333,14Mo,-5.04009342193604,-0.895695745944977,7.89889097673835
W38334,4Ery,6.50173425674438,3.19490623474121,9.40530557555761
W38335,6Ery,3.93855381011963,1.38347160816193,5.45656103235041
W38336,15Mo,-6.77836990356445,-4.09716939926147,11.2784922782294
W38337,2Ery,7.49916982650757,2.06675004959106,11.5767663348883
W38338,2Ery,6.269446849823,1.0425136089325,9.65688667735507
W38339,5Ery,4.74664688110352,0.992586314678192,7.17112654447757
W38340,2Ery,7.13754796981812,0.347545117139816,10.4929825369646
W38341,2Ery,7.37181425094604,0.531072854995728,11.5148477756957
W38342,14Mo,-5.44270324707031,-1.84680271148682,10.8016649929597
W38343,2Ery,7.13640975952148,1.84009337425232,11.57676710366
W38344,14Mo,-7.75344371795654,-0.959219992160797,9.66386759315211
W38345,15Mo,-5.91459608078003,-1.92492067813873,9.4215229955246
W38346,5Ery,5.65993213653564,1.2451593875885,9.23898204708469
W38347,6Ery,2.29746437072754,0.455354005098343,3.46692503305721
W38348,13Baso,-2.65383768081665,-0.886000275611877,4.43629086707235
W38349,6Ery,1.01788914203644,0.586320400238037,1.93136419364229
W38350,13Baso,-4.83028364181519,-1.07479405403137,7.89889174551004
W38351,5Ery,4.13309097290039,1.09818506240845,5.32962635051319
W38352,15Mo,-7.20836544036865,-0.874750912189484,9.66386836192379
W38353,3Ery,6.63587236404419,1.2433215379715,9.68941332802843
W38354,10GMP,-2.60453915596008,-1.02419173717499,4.43629163584403
W38355,2Ery,6.19095516204834,0.26419860124588,10.5199271211605
W38356,14Mo,-5.16559076309204,-1.2859879732132,7.89809357145794
W38357,2Ery,5.76562833786011,0.433566212654114,9.25732255654413
W38358,14Mo,-2.87907862663269,-1.20300793647766,4.43629240461572
W38359,2Ery,7.09991121292114,0.956782162189484,11.3225238497753
W38360,2Ery,7.86917591094971,2.57386183738708,11.5767678724317
W38361,2Ery,7.34117031097412,1.0661062002182,11.1014558283494
W38362,5Ery,5.55950832366943,1.17057955265045,9.31643617212249
W38363,14Mo,-5.41121864318848,-1.78560614585876,9.46458620301814
W38364,1Ery,8.3719367980957,1.01866972446442,11.1207718104509
W38365,5Ery,5.71860361099243,0.772324681282043,9.25293742778484
W38366,4Ery,6.25353145599365,1.0520646572113,9.66530597979003
W38367,2Ery,7.28382873535156,0.798290848731995,11.3448492291144
W38368,10GMP,-3.36414456367493,0.455676019191742,5.10991176054046
W38369,2Ery,5.62061500549316,0.886548817157745,9.31643694089417
W38370,2Ery,7.01661539077759,0.40970253944397,10.3998107402874
W38372,7MEP,0.505598843097687,0.594855070114136,1.92421632252349
W38373,2Ery,8.50356197357178,1.20785176753998,11.330091434835
W38374,7MEP,-0.0412257052958012,0.0652447417378426,0.27432939836843
W38375,1Ery,8.81094741821289,1.73265981674194,11.5767686412033
W38376,7MEP,-0.73061203956604,1.17118287086487,1.20111705364469
W38377,9GMP,-2.66002130508423,-0.968131065368652,4.4362931733874
W38379,2Ery,7.0520806312561,0.651161968708038,10.6235043573272
W38380,17Neu,-0.563037693500519,-0.0506777875125408,0.848473383046901
W38381,14Mo,-5.09306859970093,-1.24415516853333,7.79480580395702
W38382,14Mo,-5.95922040939331,-0.948817849159241,9.00211494477684
W38383,13Baso,-6.26839733123779,-0.570206880569458,9.66386913069548
W38384,7MEP,0.329520851373672,0.0245555657893419,0.0
W38385,16Neu,-5.14279317855835,-4.14718389511108,11.2784930470011
W38386,2Ery,7.0475492477417,0.73072212934494,10.6784144183641
W38387,2Ery,7.42662477493286,0.672264993190765,11.3655059246324
W38388,7MEP,0.926945865154266,-0.0535350851714611,2.34976808378202
W38389,6Ery,1.92478120326996,0.413819998502731,2.9951524310879
W38390,14Mo,-5.84064292907715,-1.24853086471558,9.43191455693523
W38391,4Ery,6.39265203475952,2.09623384475708,9.4053063443293
W38392,6Ery,1.68185913562775,0.416395008563995,2.86678922056746
W38393,2Ery,7.67947149276733,2.14119958877563,11.576769409975
W38394,4Ery,6.42350292205811,1.46830666065216,9.40530711310098
W38395,1Ery,8.23923587799072,2.13539505004883,11.5767701787467
W38396,5Ery,6.11962127685547,0.647516310214996,10.5199278899322
W38398,8Mk,-0.553404927253723,1.6929486989975,0.453895367088321
W38399,4Ery,6.45320701599121,0.779842436313629,9.87332786581865
W38400,6Ery,1.46840214729309,0.177848562598228,2.41645493118044
W38401,13Baso,-6.88758850097656,-0.638198792934418,9.66386989946717
W38402,6Ery,3.50764203071594,1.95248472690582,5.991289228537
W38403,13Baso,-7.18675899505615,-0.770965754985809,9.66387066823885
W38404,7MEP,0.458968132734299,0.888640999794006,0.0550182299280036
W38405,3Ery,6.08021259307861,3.66812252998352,6.8380332119904
W38406,3Ery,7.20748662948608,3.90365123748779,11.5767709475184
W38407,13Baso,-7.07851934432983,-1.33396446704865,9.63307655684382
W38409,3Ery,4.03863620758057,2.23819971084595,6.12657471145499
W38410,15Mo,-6.81201410293579,-3.02502036094666,11.2784938157728
W38411,14Mo,-7.0801796913147,-1.58017814159393,9.49049772621452
W38412,6Ery,5.4342474937439,1.93363797664642,8.85915174663173
W38413,10GMP,-3.45959544181824,-0.160776615142822,4.3765362333352
W38414,16Neu,-6.21418142318726,-4.50768518447876,11.2784945845445
W38415,4Ery,5.53105545043945,2.9229896068573,6.83803398076209
W38416,14Mo,-6.66554641723633,-1.042924284935,9.66387143701054
W38417,14Mo,-7.46268749237061,-1.57878732681274,9.56878391938383
W38418,10GMP,-2.57323122024536,0.592983722686768,2.71904718002247
W38419,3Ery,5.57638072967529,1.55618417263031,8.74278259425922
W38420,10GMP,-4.71253776550293,0.417229205369949,6.78184070663388
W38421,14Mo,-6.33405113220215,-3.65173387527466,11.2784953533162
W38422,3Ery,5.345130443573,3.25529313087463,6.83803474953378
W38423,4Ery,6.80368900299072,2.04143691062927,9.40530788187267
W38425,14Mo,-5.47829627990723,-2.0935525894165,10.7824902301314
W38426,3Ery,7.34385585784912,2.1115608215332,11.5767717162901
W38427,15Mo,-6.5624852180481,-2.97319412231445,11.2784961220879
W38428,15Mo,-6.47557973861694,-3.70609259605408,11.2784968908596
W38429,10GMP,-4.46119689941406,-0.0006164827500469,7.03981307404417
W38430,15Mo,-6.82395839691162,-2.71602272987366,11.2784976596312
W38431,15Mo,-5.56184768676758,-3.52575206756592,11.2784984284029
W38433,14Mo,-6.25469255447388,-1.50728750228882,9.36558425674985
W38434,13Baso,-5.73963308334351,-0.892224252223969,9.22415627325596
W38435,16Neu,-4.78817844390869,-3.86445879936218,11.2784991971746
W38436,14Mo,-4.97248029708862,-2.41558980941772,10.7160165810396
W38437,4Ery,5.69026470184326,2.57593107223511,8.85915251540341
W38438,14Mo,-5.27057790756226,-3.33947920799255,11.2784999659463
W38439,9GMP,0.0824461504817009,0.729315638542175,0.299167728985338
W38440,3Ery,7.66642951965332,2.76873779296875,11.5767724850618
W38441,14Mo,-6.49314594268799,-1.3186172246933,9.52340762911722
W38443,3Ery,6.73210000991821,2.79714322090149,9.40530865064436
W38444,10GMP,-3.26694440841675,-0.823291301727295,4.34829750825128
W38445,16Neu,-5.0585355758667,-4.2420597076416,11.278500734718
W38446,16Neu,-5.71198701858521,-4.77265501022339,11.2785015034897
W38447,13Baso,-7.02528858184814,-1.73842763900757,9.38751912492121
W38448,1Ery,8.55462837219238,2.6482105255127,11.5767732538335
W38449,6Ery,1.16559791564941,0.395966112613678,2.51760562153056
W38450,2Ery,6.57472467422485,-0.234295904636383,10.3708133759582
W38451,14Mo,-3.80974388122559,-1.9157977104187,10.7138388963476
W38452,2Ery,6.53071117401123,0.457939386367798,10.4797787970163
W38453,14Mo,-4.68968105316162,-3.05114030838013,12.0695817910929
W38454,5Ery,5.79946279525757,0.464637815952301,9.21400573722484
W38455,2Ery,7.40557050704956,0.854109287261963,11.1798315339868
W38456,9GMP,-3.78858280181885,0.476695269346237,5.55556369240943
W38457,13Baso,-6.08478879928589,-0.994890332221985,8.87501178675587
W38458,2Ery,6.5930004119873,-0.271645247936249,10.3708141447299
W38459,3Ery,6.02695322036743,1.22026491165161,8.93195447052715
W38460,16Neu,-4.63981819152832,-3.7702910900116,11.3852080036195
W38461,13Baso,-4.681969165802,-2.40853261947632,10.7138396651193
W38462,14Mo,-5.09028339385986,-1.45758926868439,7.8749006226778
W38463,4Ery,6.27029418945312,2.21319580078125,9.40530941941604
W38464,3Ery,6.12072086334229,3.16294288635254,8.8591532841751
W38465,6Ery,4.44423532485962,1.97989809513092,6.49776572167212
W38466,7MEP,0.683821976184845,-0.0734795555472374,1.6873589643908
W38467,10GMP,-2.43981289863586,-0.892034649848938,4.43629394215909
W38468,4Ery,6.41814804077148,-0.152272284030914,10.4026953893473
W38469,2Ery,6.68404960632324,-0.0199712812900543,10.3708149135016
W38470,16Neu,-5.23255825042725,-4.1536283493042,11.2785022722614
W38471,12Baso,-1.47589075565338,0.14716437458992,2.08504209573311
W38474,7MEP,0.82886815071106,0.273383796215057,2.06683441951906
W38475,13Baso,-4.74921894073486,-1.18618845939636,7.89889251428173
W38477,4Ery,5.66002798080444,0.681861042976379,9.31643770966586
W38478,7MEP,0.806403696537018,-0.190607368946075,1.57310068392194
W38480,4Ery,5.72882461547852,2.06348371505737,8.85915405294678
W38481,12Baso,-1.2271089553833,0.12400484085083,1.19352832984067
W38482,5Ery,5.06005907058716,0.390410661697388,9.31643847843755
W38483,2Ery,6.38391971588135,0.304624378681183,10.5014261655655
W38484,2Ery,8.20019817352295,0.855101227760315,11.0375613769088
W38485,9GMP,-2.00709819793701,-0.315907627344131,3.43047871468827
W38486,1Ery,8.68557453155518,1.35052752494812,11.4935388346155
W38488,3Ery,6.53285121917725,2.87035393714905,9.40531018818773
W38489,14Mo,-4.48485136032104,-1.49261605739594,7.89889328305341
W38491,16Neu,-4.90554189682007,-3.70280885696411,11.278503041033
W38492,2Ery,8.52353096008301,1.57525539398193,11.5767740226051
W38493,5Ery,5.61064195632935,0.95430988073349,9.31643924720923
W38494,14Mo,-5.10334920883179,-3.01296138763428,11.7032457623205
W38495,15Mo,-5.89581632614136,-2.13833808898926,9.46751311697504
W38496,9GMP,-3.22427773475647,0.590286493301392,5.10991252931215
W38497,9GMP,-1.73312878608704,-0.169873416423798,3.43047948345996
W38498,14Mo,-6.37065839767456,-1.61279106140137,9.3278381650169
W38500,2Ery,8.28842163085938,0.648979783058167,11.0375621456804
W38501,4Ery,7.10134220123291,2.40319538116455,11.5767747913768
W38502,5Ery,6.74260950088501,0.815984189510345,10.4745318959383
W38503,4Ery,6.6557788848877,1.81116247177124,9.40531095695941
W38505,3Ery,6.51367425918579,3.28394055366516,8.85915482171847
W38506,16Neu,-4.8716254234314,-4.10579395294189,11.2785038098047
W38507,2Ery,8.28983306884766,0.774882316589355,11.0375629144521
W38509,16Neu,-4.69897317886353,-3.76370620727539,11.3339650745331
W38510,2Ery,8.29128646850586,0.766746997833252,11.0375636832238
W38512,13Baso,-4.20673131942749,0.167593285441399,6.10026311336991
W38515,2Ery,6.43792343139648,-0.132530450820923,10.399605268528
W38516,6Ery,5.45742702484131,-0.0859622582793236,9.31644001598092
W38517,6Ery,5.64587068557739,-0.138474360108376,10.5199286587039
W38519,14Mo,-4.76598739624023,-1.62286150455475,7.8988940518251
W38521,2Ery,6.48039817810059,-0.318189024925232,10.3708156822733
W38522,2Ery,6.58091402053833,-0.257720321416855,10.370816451045
W38523,8Mk,-0.295709133148193,1.62115156650543,0.453896135860007
W38524,8Mk,-0.811497211456299,2.22035527229309,3.53085962334886
W38525,14Mo,-4.38893032073975,-1.79553282260895,10.7271065890502
W38526,14Mo,-4.94196462631226,-1.45649826526642,7.89889482059679
W38527,1Ery,8.54889869689941,1.12935650348663,11.2499859208358
W38528,4Ery,6.72764730453491,3.46347737312317,11.5767755601485
W38529,7MEP,0.819690704345703,0.092630460858345,2.2767199212809
W38530,16Neu,-4.71447849273682,-3.8106586933136,11.2785045785764
W38531,16Neu,-4.62176847457886,-3.82138872146606,11.3507921051209
W38532,14Mo,-3.94798684120178,-1.81280469894409,10.713840433891
W38533,3Ery,6.08466482162476,-0.0304032359272242,10.5199294274756
W38534,2Ery,8.26940631866455,0.821178555488586,11.0375644519955
W38535,16Neu,-5.97462177276611,-1.52380406856537,9.33157911916003
W38536,17Neu,-1.38281202316284,0.550455749034882,2.04193244235362
W38537,6Ery,5.81189107894897,0.0204342547804117,10.5199301962473
W38538,2Ery,6.20660591125488,0.0091652553528547,10.5066063455842
W38539,14Mo,-4.39951086044312,-1.62454748153687,7.89889558936847
W38540,16Neu,-4.61988878250122,-3.73962926864624,11.4359954245488
W38541,7MEP,0.584598004817963,0.929922342300415,1.93136496241398
W38543,2Ery,7.11637735366821,2.239990234375,11.5767763289202
W38544,3Ery,6.49148941040039,3.69514608383179,8.85915559049016
W38545,2Ery,6.07100391387939,-0.022000951692462,10.5199309650189
W38546,6Ery,1.29455542564392,-0.110344052314758,2.33689852397675
W38547,6Ery,5.27622556686401,-0.186166793107986,9.31644078475261
W38548,6Ery,1.60905468463898,0.230313181877136,2.59953865041387
W38549,10GMP,-0.141837120056152,1.29876840114594,0.453896904631693
W38550,12Baso,-0.336096167564392,0.213697075843811,0.528574054864005
W38551,12Baso,-0.564863622188568,0.11881260573864,0.812862862150959
W38552,4Ery,5.50650548934937,1.97780656814575,8.85915635926184
W38553,2Ery,6.78531265258789,-0.225787803530693,10.3708172198167
W38554,4Ery,5.60546016693115,-0.222511276602745,10.5199317337906
W38555,2Ery,6.60432815551758,-0.287676513195038,10.3708179885883
W38556,14Mo,-4.77283048629761,-1.54650700092316,7.89889635814016
W38558,3Ery,6.52393007278442,-0.259964525699615,10.37081875736
W38559,6Ery,2.37395691871643,0.607157528400421,3.43948442117814
W38560,3Ery,7.5283579826355,2.66351556777954,11.5767770976919
W38561,10GMP,-0.463730901479721,-0.0025210680905729,0.723516057022794
W38563,2Ery,6.54797458648682,-0.228131368756294,10.3708195261317
W38564,14Mo,-4.33204364776611,-1.80035436153412,10.7224084037889
W38565,16Neu,-4.81862115859985,-4.00355768203735,11.2785053473481
W38567,18Eos,-2.63872027397156,1.93162059783936,3.53086039212055
W38568,13Baso,-5.58947706222534,-0.254987746477127,7.56496420898504
W38569,6Ery,5.71217155456543,-0.20597830414772,10.5199325025623
W38570,14Mo,-4.87925481796265,-1.52447140216827,7.89889712691184
W38571,13Baso,-4.27355337142944,-1.45866739749908,7.89889789568353
W38572,2Ery,6.31035947799683,-0.312478929758072,10.4095341815595
W38573,2Ery,6.66408634185791,-0.205079585313797,10.3708202949034
W38575,5Ery,4.49021053314209,1.22542774677277,5.31306250547377
W38576,10GMP,-4.81473159790039,-0.561244428157806,7.36354013591395
W38577,5Ery,5.85092926025391,0.559127569198608,9.14012937427482
W38578,14Mo,-4.59312105178833,-1.90552341938019,10.732695686392
W38579,13Baso,-2.5611617565155,-1.00031328201294,4.43629471093078
W38580,14Mo,-4.65420341491699,-2.63437294960022,10.7138412026627
W38581,16Neu,-4.99552440643311,-4.09593152999878,11.2785061161198
W38582,2Ery,6.81254005432129,0.0730401799082756,10.3708210636751
W38583,10GMP,-0.644263029098511,2.09538149833679,1.98178484721964
W38584,4Ery,6.52961111068726,1.44025146961212,9.4053117257311
W38585,16Neu,-5.59739780426025,-4.7303318977356,11.2785068848915
W38586,6Ery,1.73351442813873,0.374756932258606,2.8679280511051
W38587,15Mo,-5.42857789993286,-3.12125205993652,11.2785076536632
W38588,14Mo,-4.21559381484985,-0.541137158870697,7.22720145564792
W38589,12Baso,-1.30702483654022,0.275621980428696,2.10958255860218
W38590,7MEP,0.240629002451897,-0.0148607073351741,0.0573351169132402
W38591,10GMP,-2.78234696388245,-0.604699015617371,4.43629547970246
W38592,15Mo,-5.70893049240112,-1.73521208763123,9.4121592914011
W38593,3Ery,7.34840822219849,3.70940947532654,11.5767778664636
W38594,15Mo,-6.46287679672241,-3.79848575592041,11.2785084224349
W38595,3Ery,7.10871458053589,3.85140585899353,11.5767786352353
W38596,9GMP,-2.43582630157471,0.0535215511918068,3.2892845284572
W38597,2Ery,7.94384765625,2.18844056129456,11.576779404007
W38598,7MEP,-0.0826692059636116,0.815177202224731,0.432969614199729
W38599,3Ery,7.080078125,3.2167329788208,11.5767801727786
W38601,13Baso,-6.86594343185425,-0.571862757205963,9.66387220578222
W38602,16Neu,-5.40607595443726,-4.28289747238159,11.2785091912065
W38603,13Baso,-6.00838804244995,0.0124324392527342,8.96110917611841
W38604,2Ery,7.8619909286499,2.90389275550842,11.5767809415503
W38605,15Mo,-6.03155517578125,-3.8488392829895,11.2785099599782
W38606,7MEP,0.0394670702517033,1.08136558532715,0.39060083570896
W38607,6Ery,3.57751250267029,1.07063376903534,4.84636697857728
W38608,5Ery,5.63267517089844,1.8698912858963,8.85915712803353
W38609,13Baso,-6.6245903968811,-0.489969372749329,9.66387297455391
W38610,10GMP,-4.19473838806152,-0.0418775752186775,7.22720222441961
W38611,9GMP,-2.42737436294556,-0.271201342344284,4.29388025187107
W38612,13Baso,-4.99685525894165,-0.224773451685905,7.31071990621711
W38613,13Baso,-7.63223791122437,-0.854214131832123,9.6638737433256
W38614,12Baso,0.0658752545714378,0.0993266999721527,0.202954755790213
W38615,5Ery,5.63004159927368,1.74184918403625,8.85915789680522
W38616,13Baso,-2.9024612903595,-1.04318571090698,4.43629624847415
W38617,15Mo,-6.18550109863281,-3.98315286636353,11.2785107287499
W38618,14Mo,-5.00955200195312,-1.68590903282166,10.7833938735053
W38619,10GMP,-4.1918683052063,-0.358587652444839,7.22720299319129
W38620,15Mo,-5.67490673065186,-2.02810978889465,10.8030448172563
W38622,4Ery,5.29329442977905,1.60357213020325,8.30428788346922
W38623,5Ery,5.23921012878418,1.31554436683655,8.5379353471019
W38624,8Mk,-0.442378431558609,1.76168406009674,0.453897673403378
W38625,13Baso,-5.98254442214966,-0.924867987632751,8.97879405379583
W38626,7MEP,1.18022465705872,-0.102676823735237,2.41384140996435
W38627,14Mo,-4.88512325286865,-1.60215556621552,7.89889866445522
W38628,14Mo,-5.49306535720825,-1.24024474620819,8.27276179830029
W38629,2Ery,6.71332931518555,-0.116231143474579,10.3708218324468
W38630,6Ery,1.37218070030212,-0.165871366858482,2.30711700252684
W38631,2Ery,7.83860635757446,0.703906893730164,11.0375652207672
W38632,13Baso,-6.22715044021606,-1.89015078544617,9.37016556875614
W38633,7MEP,-0.10334037989378,0.388824880123138,0.374672794968022
W38634,16Neu,-4.97112083435059,-4.19890451431274,11.2785114975216
W38636,14Mo,-4.80792713165283,-1.51899075508118,7.8988994332269
W38637,3Ery,5.97177076339722,-0.242907166481018,10.519933271334
W38638,16Neu,-4.77445650100708,-3.92161321640015,11.2785122662933
W38640,10GMP,-2.34326124191284,-0.15797033905983,4.48835391694938
W38643,12Baso,-0.995847046375275,0.25066089630127,1.12438312641809
W38644,10GMP,-2.45632600784302,-0.906464576721191,4.43629701724584
W38645,13Baso,-4.57578563690186,-1.11181890964508,7.8355769136228
W38646,1Ery,8.57128143310547,1.0100234746933,11.1250666465629
W38647,16Neu,-4.68068408966064,-3.8933789730072,11.278513035065
W38648,6Ery,0.454717069864273,0.0047016153112053,1.88093208531486
W38649,14Mo,-6.69014978408813,-1.23336887359619,9.61279668399388
W38650,2Ery,7.1330246925354,0.0465195588767529,10.3708226012185
W38651,14Mo,-5.9889965057373,-1.51700687408447,9.32816138354219
W38652,10GMP,-2.80649828910828,-0.81750500202179,4.43629778601752
W38653,14Mo,-4.16641473770142,-1.93946766853333,10.7138419714344
W38654,16Neu,-4.81203746795654,-3.88898062705994,11.2785138038367
W38655,9GMP,-1.41323375701904,-0.367355316877365,1.17079909614554
W38656,3Ery,4.23315238952637,1.64304685592651,6.32410158585455
W38657,3Ery,7.41890621185303,2.37379026412964,11.576781710322
W38659,14Mo,-4.66411304473877,-3.61993026733398,11.5147134438742
W38660,2Ery,6.38062715530396,0.0511387400329113,10.4543617012783
W38662,12Baso,-1.07634925842285,0.269805818796158,1.16117827767318
W38663,9GMP,-1.93957626819611,-0.364512324333191,3.43048025223164
W38664,1Ery,8.77988910675049,1.73233389854431,11.5767824790937
W38666,3Ery,6.29593944549561,2.18079829216003,9.40531249450279
W38668,5Ery,5.84958839416504,0.189290747046471,10.5199340401057
W38669,2Ery,6.51484966278076,-0.139416322112083,10.3716716425641
W38670,8Mk,-0.731508314609528,2.03924584388733,1.97135229751337
W38672,2Ery,8.36033821105957,1.3721569776535,11.4945034771343
W38673,16Neu,-5.93195009231567,-4.59856414794922,11.2785145726083
W38674,5Ery,6.2596583366394,0.687207102775574,9.91994319023783
W38675,10GMP,-2.27013444900513,0.458670347929001,2.8344972910029
W38676,13Baso,-5.1835412979126,-0.499253243207932,7.55756085187157
W38677,16Neu,-4.77113819122314,-3.84116148948669,11.27851534138
W38678,14Mo,-4.88832712173462,-1.49016308784485,7.89890020199859
W38679,2Ery,6.95840501785278,0.497620493173599,10.3988194062718
W38680,5Ery,6.25649690628052,0.503068327903748,10.5199348088774
W38681,15Mo,-6.11534595489502,-1.52870535850525,9.32492686107242
W38682,7MEP,0.561773538589478,-0.0565110817551613,1.78696978816442
W38683,15Mo,-5.20757102966309,-3.6638343334198,11.2785161101517
W38684,5Ery,6.17725896835327,0.756700038909912,9.85283912159853
W38685,6Ery,3.90857648849487,1.09807276725769,5.59798149623918
W38686,5Ery,4.29788875579834,0.876369833946228,5.31306327424545
W38687,2Ery,7.0141658782959,1.8346962928772,11.5767832478654
W38688,3Ery,7.14790725708008,2.43024611473083,11.5767840166371
W38689,15Mo,-6.2469596862793,-4.20592546463013,11.2785168789234
W38690,7MEP,1.36000549793243,0.634145379066467,2.81445136935767
W38691,3Ery,6.79787635803223,3.18100500106812,11.5767847854088
W38692,15Mo,-6.16718912124634,-1.07779097557068,9.59716792952577
W38693,16Neu,-6.04541349411011,-4.35793876647949,11.2785176476951
W38694,6Ery,4.49666309356689,1.95504868030548,6.7846254967211
W38695,7MEP,0.86871337890625,0.605687379837036,1.93136573118566
W38697,6Ery,3.80356764793396,1.92487967014313,6.03481628120711
W38698,6Ery,2.38758492469788,0.740127742290497,3.53371049224443
W38699,10GMP,-2.51361155509949,-0.739428281784058,4.43629855478921
W38700,4Ery,5.72396230697632,1.29302763938904,9.15885623908534
W38701,13Baso,-4.9828953742981,-1.27735888957977,7.89890097077028
W38702,14Mo,-5.22120380401611,-3.27838611602783,11.3171593829237
W38703,13Baso,-5.12231349945068,-0.788410186767578,7.85193218310566
W38704,3Ery,7.09847354888916,3.52971577644348,11.5767855541804
W38705,6Ery,4.3874077796936,1.62949872016907,6.91730659681292
W38707,8Mk,-0.119700543582439,1.33660435676575,0.453898442175064
W38709,14Mo,-4.91899108886719,-1.44302773475647,7.89890173954196
W38710,2Ery,8.34407520294189,0.731287777423859,11.0375659895389
W38711,9GMP,-2.73598480224609,-0.409957706928253,4.43286983002031
W38712,6Ery,3.83171844482422,1.96049344539642,6.00485855354254
W38713,15Mo,-5.36490726470947,-3.87406325340271,11.2785184164668
W38714,13Baso,-4.52248573303223,-1.3000990152359,7.89890250831365
W38715,3Ery,5.90527677536011,-0.245347768068314,10.5199355776491
W38716,16Neu,-4.78763198852539,-4.02977418899536,11.2785191852385
W38717,2Ery,8.63348579406738,0.984643578529358,11.1023741702428
W38718,9GMP,-2.32679843902588,-0.398656994104385,4.28255698759521
W38719,14Mo,-5.19466638565063,-3.78759217262268,11.2785199540101
W38720,3Ery,6.08583068847656,2.81896924972534,8.8591586655769
W38721,14Mo,-4.7684440612793,-1.58732235431671,7.89890327708533
W38722,14Mo,-4.63217258453369,-1.51243841648102,7.89890404585702
W38723,16Neu,-4.94314575195312,-1.67752385139465,10.7791501311987
W38724,14Mo,-4.72382974624634,-1.62361764907837,7.89890481462871
W38726,9GMP,-1.56915104389191,-0.603667616844177,3.43048102100333
W38727,3Ery,6.96408796310425,2.40825819969177,11.5767863229521
W38728,13Baso,-7.26582717895508,-0.762004971504211,9.66387451209728
W38729,10GMP,0.0118345469236374,1.19490790367126,0.430020903779308
W38730,14Mo,-4.5303635597229,-3.46061110496521,11.8081823031155
W38732,3Ery,5.48731327056885,-0.213751018047333,10.5199363464208
W38733,6Ery,2.95299935340881,0.632416546344757,4.15024480853248
W38734,14Mo,-4.80517625808716,-1.4150630235672,7.89890558340039
W38735,4Ery,5.43267297744751,1.36625194549561,8.63019721514431
W38736,3Ery,7.25246620178223,3.42785263061523,11.5767870917238
W38737,2Ery,6.50200605392456,-0.32153382897377,10.3708233699902
W38738,2Ery,6.48094177246094,-0.269295811653137,10.3708241387618
W38739,14Mo,-4.16758966445923,-1.91010248661041,10.7138427402061
W38740,2Ery,6.12747669219971,0.0009556262521073,10.5199371151924
W38741,8Mk,5.07505702972412,-0.128008559346199,9.31644155352429
W38742,10GMP,-3.07068133354187,-0.215273037552834,4.29875999490865
W38744,10GMP,-2.73088264465332,-0.613125562667847,4.43629932356089
W38745,14Mo,-4.40447902679443,-1.95398914813995,10.7142460057226
W38747,10GMP,-2.0320611000061,-0.673915088176727,4.34052938189744
W38748,16Neu,-4.23185539245605,-2.11094117164612,10.7138435089778
W38750,10GMP,-4.74537229537964,0.101997375488281,6.76563281549738
W38751,10GMP,-3.65785670280457,-0.305969715118408,4.40047582136104
W38752,13Baso,-6.95744895935059,-1.35007262229919,9.59920051647219
W38753,16Neu,-4.88262557983398,-4.08245849609375,11.2785207227818
W38754,2Ery,6.34080696105957,-0.281965136528015,10.4047992771247
W38755,16Neu,-4.64486885070801,-3.88877987861633,11.2785214915535
W38756,2Ery,6.67764139175415,-0.284782439470291,10.3708249075335
W38757,14Mo,-5.19367074966431,-1.3943692445755,7.9741191790054
W38759,14Mo,-5.10992383956909,-2.76020693778992,11.9545026172622
W38761,14Mo,-3.96631836891174,-1.73906302452087,10.7138442777495
W38765,13Baso,-5.87337779998779,-0.909562051296234,9.08907359167033
W38767,2Ery,7.79679584503174,1.02347886562347,11.0870444445531
W38768,2Ery,7.90812540054321,2.64950227737427,11.5767878604955
W38769,16Neu,-5.09521389007568,-3.94412088394165,11.2785222603252
W38770,2Ery,6.35231733322144,-0.346790879964828,10.3884869857784
W38771,2Ery,7.53724145889282,0.764226973056793,11.1694298483742
W38772,14Mo,-4.87355041503906,-1.37912082672119,7.89890635217208
W38773,5Ery,5.96196174621582,0.0212581213563681,10.5199378839641
W38774,2Ery,5.96668148040771,0.164501368999481,10.5199386527358
W38775,7MEP,0.830903947353363,-0.0618101209402084,2.43322208681557
W38776,9GMP,-2.1577296257019,-0.0763565078377724,3.40240195836424
W38777,2Ery,6.99586296081543,0.887186825275421,10.7368201887655
W38778,10GMP,-2.44370436668396,-0.422333478927612,4.13630854224116
W38779,7MEP,0.379385709762573,0.609595954418182,0.0644953418834925
W38781,6Ery,3.15368580818176,1.0547434091568,5.32263284460899
W38782,15Mo,-5.73219394683838,-2.17199444770813,10.7946063289279
W38783,5Ery,6.25067949295044,0.690971255302429,9.91567046770885
W38784,5Ery,6.56311655044556,0.521289646625519,10.4806115315634
W38785,15Mo,-6.69113111495972,-4.10338735580444,11.2785230290969
W38786,14Mo,-7.69108772277832,-1.02620053291321,9.66387528086897
W38788,8Mk,-0.602942585945129,2.14211058616638,1.98518665936112
W38789,14Mo,-7.11477613449097,-0.824404120445251,9.66387604964066
W38790,15Mo,-6.98025321960449,-3.82853603363037,11.2785237978686
W38791,4Ery,3.75125646591187,2.23050379753113,5.99128999730869
W38793,14Mo,-6.61022996902466,-1.51149094104767,9.43517006751631
W38794,13Baso,-2.33836960792542,-0.932504892349243,4.43630009233258
W38795,6Ery,1.19502377510071,-0.133131191134453,2.39832175190334
W38796,4Ery,5.66689491271973,3.29069852828979,6.83803551830546
W38797,13Baso,-6.96093797683716,-0.538234353065491,9.66387681841234
W38798,4Ery,6.47476720809937,1.93732750415802,9.40531326327447
W38799,9GMP,-2.56833744049072,-0.0738804191350937,4.32708545801664
W38800,3Ery,6.82528448104858,3.72429704666138,11.5767886292672
W38801,8Mk,-0.695321500301361,2.09178495407104,1.97135306628506
W38802,8Mk,-0.729303538799286,2.09116792678833,1.97135383505675
W38803,15Mo,-6.7306342124939,-4.07566118240356,11.2785245666403
W38804,2Ery,7.87081003189087,1.67971968650818,11.5767893980389
W38805,12Baso,-1.35830068588257,0.505928099155426,2.05625445765611
W38806,3Ery,4.9132342338562,2.90279221534729,6.83803628707715
W38807,15Mo,-6.53791999816895,-4.46952342987061,11.278525335412
W38808,15Mo,-6.85292482376099,-3.9716362953186,11.2785261041836
W38809,9GMP,-2.46903371810913,0.0219621974974871,3.32671456788438
W38810,3Ery,6.79617166519165,3.58030843734741,11.5767901668106
W38811,10GMP,-3.57296514511108,0.227446258068085,5.36620032997537
W38812,15Mo,-6.22784042358398,-4.2630033493042,11.2785268729553
W38813,16Neu,-6.28690147399902,-4.62556552886963,11.278527641727
W38814,4Ery,5.63050031661987,2.7681086063385,8.85915943434859
W38815,3Ery,5.26376438140869,3.20046329498291,6.83803705584884
W38816,14Mo,-7.24617052078247,-1.57269299030304,9.52846475709072
W38818,3Ery,5.5778956413269,3.34863352775574,6.83803782462052
W38819,16Neu,-6.30877304077148,-4.62686824798584,11.2785284104987
W38820,6Ery,4.05384254455566,1.70548355579376,6.25327894872471
W38821,5Ery,4.99648284912109,1.61545765399933,7.14022996475194
W38822,13Baso,-4.13235759735107,0.215391367673874,6.21893687074504
W38823,13Baso,-7.46349573135376,-1.39840650558472,9.66387758718403
W38825,13Baso,-7.35084867477417,-1.05271983146667,9.66387835595572
W38826,8Mk,-0.639386653900146,2.016765832901,1.99652423254434
W38827,2Ery,7.56429815292358,1.66131699085236,11.5767909355822
W38828,13Baso,-5.91507625579834,-1.2434778213501,9.44992569267533
W38829,13Baso,-7.29042720794678,-2.15751123428345,9.32128018736653
W38830,8Mk,-0.813125848770142,1.75467348098755,1.99340777854931
W38831,8Mk,-0.51400762796402,1.88183653354645,0.45389921094675
W38832,15Mo,-6.72334575653076,-4.29012250900269,11.2785291792704
W38833,14Mo,-7.15627527236938,-0.77435839176178,9.6638791247274
W38834,14Mo,-4.95408010482788,-3.33148431777954,11.5247274736417
W38836,6Ery,1.63026559352875,0.761005878448486,2.82556900730827
W38837,5Ery,5.129958152771,1.54653418064117,8.53400204973476
W38838,15Mo,-6.02718448638916,-3.43021106719971,11.2785299480421
W38839,7MEP,0.908902168273926,1.06876528263092,1.93136649995735
W38840,15Mo,-5.92630815505981,-4.15815305709839,11.2785307168138
W38841,15Mo,-6.94000244140625,-3.78765845298767,11.2785314855854
W38843,6Ery,3.97971177101135,2.27814745903015,6.07375347996345
W38845,12Baso,-2.05342388153076,-0.446678996086121,4.52863586012318
W38846,2Ery,7.6477575302124,1.73577463626862,11.5767917043539
W38847,13Baso,-7.10904312133789,-0.583538830280304,9.66387989349909
W38848,3Ery,0.889961242675781,-0.24578583240509,2.43322285558726
W38849,4Ery,5.56468820571899,3.34249544143677,6.83803859339221
W38850,14Mo,-4.87531232833862,-2.8463499546051,10.7138450465211
W38851,10GMP,-3.6973021030426,0.21568275988102,5.52023038386891
W38852,16Neu,-5.60253238677979,-4.62231492996216,11.2785322543571
W38853,15Mo,-6.21236228942871,-4.64739799499512,11.2785330231288
W38854,6Ery,1.22975742816925,0.761313378810883,2.83565387093516
W38855,13Baso,-5.27614212036133,0.338025391101837,7.71857895152473
W38858,15Mo,-6.70664215087891,-4.25025463104248,11.2785337919005
W38859,6Ery,1.50373005867004,0.491926282644272,2.7890030046733
W38860,2Ery,7.87886238098145,1.88880920410156,11.5767924731256
W38861,15Mo,-6.46964597702026,-3.8769862651825,11.2785345606722
W38862,3Ery,6.69493055343628,3.42256188392639,11.5767932418973
W38863,13Baso,-6.22046995162964,-3.05800008773804,11.2785353294439
W38864,6Ery,1.97567343711853,0.98683774471283,3.36300882899931
W38865,13Baso,-6.48030757904053,-1.17401933670044,9.60474036410135
W38866,9GMP,-0.637484848499298,0.135568410158157,0.892678807648091
W38867,10GMP,-2.66363430023193,-0.469826310873032,3.8584387178718
W38868,10GMP,-4.16202974319458,-0.0239676423370838,6.03488007801153
W38869,14Mo,-6.93568658828735,-1.37937986850739,9.57778087437167
W38870,2Ery,7.89535093307495,1.82699155807495,11.576794010669
W38871,6Ery,1.49360871315002,0.609609305858612,2.90764983557632
W38872,10GMP,-3.70978832244873,-0.31282964348793,4.40188392059017
W38873,7MEP,0.821288526058197,0.733073353767395,1.93136726872904
W38874,6Ery,1.52367174625397,0.429296255111694,2.73891536775597
W38875,14Mo,-5.03274488449097,-1.875328540802,10.7683629202747
W38876,2Ery,7.74782276153564,2.62690138816833,11.5767947794407
W38877,2Ery,7.65780353546143,1.47462272644043,11.5556477885308
W38878,7MEP,0.441096484661102,-0.160416126251221,1.86833057260872
W38879,5Ery,6.06307601928711,1.50840497016907,9.05551129320763
W38880,13Baso,-6.40780019760132,-0.245496690273285,9.66388066227077
W38881,13Baso,-6.91656970977783,-0.4830222427845,9.66388143104246
W38882,14Mo,-7.05578804016113,-1.42259681224823,9.57702317824982
W38883,3Ery,7.27979469299316,3.62904453277588,11.5767955482124
W38884,13Baso,-6.84379053115845,-0.42678302526474,9.66388219981415
W38886,4Ery,5.93158435821533,3.1347451210022,8.85916020312028
W38887,3Ery,6.85358476638794,3.57015681266785,11.576796316984
W38889,2Ery,8.36179065704346,2.54283237457275,11.5767970857557
W38890,15Mo,-6.29225492477417,-4.45093870162964,11.2785360982156
W38891,7MEP,0.633293449878693,-0.173759058117867,1.71336238739156
W38892,1Ery,8.76537418365479,1.93674719333649,11.5767978545274
W38893,15Mo,-6.51105499267578,-4.47715663909912,11.2785368669872
W38894,2Ery,6.31187105178833,2.810870885849,8.85916097189196
W38895,13Baso,-6.43969631195068,-1.77291595935822,9.32128095613822
W38896,8Mk,-0.514323770999908,1.76484155654907,0.453899979718436
W38897,9GMP,-3.90000653266907,0.230189263820648,6.50619789964281
W38900,8Mk,-0.777352750301361,2.14641666412354,1.97135460382843
W38901,17Neu,-1.42186737060547,0.569002091884613,2.02803867814968
W38902,13Baso,-5.32594156265259,0.2471714168787,7.71857972029641
W38903,13Baso,-5.09427261352539,0.289538204669952,7.7185804890681
W38904,13Baso,-7.08175706863403,-3.61510682106018,11.2785376357589
W38905,3Ery,6.72145414352417,3.61197257041931,11.5767986232991
W38906,12Baso,0.249214753508568,0.657976269721985,0.166667719673443
W38907,16Neu,-6.37248182296753,-4.68021202087402,11.2785384045306
W38908,10GMP,-3.53963351249695,-0.0307586286216974,4.40188468936186
W38909,15Mo,-6.21865367889404,-4.60230731964111,11.2785391733023
W38910,7MEP,1.22266924381256,0.165221109986305,2.43637295879167
W38911,13Baso,-4.08206272125244,0.341641217470169,6.35748031649605
W38912,13Baso,-7.44944334030151,-0.993892669677734,9.66388296858583
W38913,14Mo,-6.97667360305786,-3.42058634757996,11.278539942074
W38914,16Neu,-6.17303037643433,-4.79804468154907,11.2785407108457
W38915,3Ery,5.75222587585449,3.31038045883179,6.83803936216389
W38916,7MEP,0.892433702945709,0.095764048397541,2.211888590535
W38917,13Baso,-6.49067163467407,-0.737786948680878,9.66388373735752
W38918,13Baso,-6.31244802474976,-0.835571348667145,9.66388450612921
W38919,3Ery,6.13587236404419,2.79125714302063,8.85916174066365
W38920,1Ery,8.34116077423096,2.88975977897644,11.5767993920708
W38921,14Mo,-7.25545310974121,-1.08941066265106,9.66388527490089
W38922,15Mo,-6.35404825210571,-4.18964719772339,11.2785414796174
W38923,10GMP,-3.53397226333618,0.0206821747124195,4.40188545813355
W38924,15Mo,-6.2574200630188,-2.76447153091431,11.2785422483891
W38925,4Ery,5.67087936401367,3.13538312911987,6.83804013093558
W38926,9GMP,-2.01252961158752,0.717345774173737,2.81944631099484
W38927,14Mo,-7.02181482315063,-3.14518189430237,11.2785430171607
W38928,9GMP,-3.75157165527344,0.358958601951599,5.54449659750863
W38929,13Baso,-3.24439454078674,-0.312643647193909,4.30245802877931
W38930,10GMP,-2.35815930366516,-0.163304448127747,4.46756601323137
W38931,9GMP,-2.16536641120911,-0.298279345035553,3.43048178977501
W38932,5Ery,3.98227667808533,1.14154350757599,5.49382146008492
W38933,2Ery,7.19541358947754,1.46077585220337,11.5097665572221
W38934,7MEP,0.435802668333054,-0.169706657528877,1.87122883054027
W38935,13Baso,-6.79461860656738,-0.638691604137421,9.66388604367258
W38937,6Ery,3.38207244873047,1.4205139875412,5.01022894413468
W38938,7MEP,0.451530635356903,1.00767886638641,1.93136803750072
W38939,10GMP,-2.93201184272766,-0.166574269533157,4.33136392398156
W38940,7MEP,0.894970536231995,0.235723689198494,2.05322453938226
W38941,10GMP,-3.49009275436401,0.620243728160858,5.16703871429674
W38942,3Ery,6.17920637130737,2.12036919593811,9.36414604750228
W38943,5Ery,6.01978778839111,3.40899085998535,8.85916250943533
W38944,10GMP,-0.642166435718536,-0.0911227762699127,0.948501097525562
W38945,6Ery,1.52794313430786,0.165500164031982,2.4564527118276
W38947,8Mk,-0.644075632095337,2.01337003707886,1.99581312713711
W38948,4Ery,6.31756258010864,2.51740765571594,9.40531403204616
W38949,14Mo,-6.47753143310547,-0.948381125926971,9.66388681244426
W38950,16Neu,-6.47147607803345,-4.51066780090332,11.2785437859324
W38951,14Mo,-6.54098081588745,-2.01692867279053,9.35142429064991
W38952,10GMP,-3.63434648513794,0.0894647017121315,5.51896649648045
W38953,10GMP,-2.4058518409729,-0.736227035522461,3.8853391862382
W38954,13Baso,-7.40871715545654,-1.28568518161774,9.66388758121595
W38955,7MEP,0.498054146766663,0.480445206165314,1.91397702709686
W38956,15Mo,-6.27398681640625,-4.47795581817627,11.2785445547041
W38957,10GMP,-2.96224188804626,-0.028064401820302,4.29778771359566
W38958,15Mo,-6.81880950927734,-3.20031332969666,11.2785453234758
W38959,15Mo,-6.67062950134277,-3.85242319107056,11.2785460922475
W38960,14Mo,-4.12769460678101,0.185778796672821,6.20613968451997
W38961,5Ery,4.78188514709473,2.11448669433594,6.74440500692874
W38962,13Baso,-6.98104953765869,-0.572204649448395,9.66388834998764
W38963,9GMP,-0.877524375915527,-0.203816577792168,1.01312063431615
W38964,7MEP,0.468465656042099,0.245999366044998,1.90424950569535
W38965,14Mo,-6.48096466064453,-3.85702800750732,11.2785468610192
W38966,6Ery,3.75593423843384,1.40636456012726,5.66633829797168
W38967,2Ery,8.05392456054688,1.82867348194122,11.5768001608425
W38968,8Mk,-0.422680765390396,1.95910775661469,0.453900748490122
W38969,7MEP,1.05154156684875,0.163769721984863,2.00169892844739
W38970,5Ery,5.0002498626709,1.72639191150665,7.11963242591717
W38971,7MEP,0.268879264593124,0.979559183120728,0.207701532983419
W38972,13Baso,-6.04224872589111,-0.158498391509056,8.92541721928299
W38973,7MEP,0.628212153911591,0.340970635414124,1.79049970643853
W38974,5Ery,5.79871320724487,2.55395197868347,8.85916327820702
W38975,8Mk,-0.937408030033112,1.70624983310699,1.97135537260012
W38976,2Ery,8.3162145614624,2.0214900970459,11.5768009296142
W38977,2Ery,7.70074081420898,2.23570466041565,11.5768016983859
W38978,4Ery,6.14106416702271,2.45579886436462,8.85916404697871
W38979,14Mo,-5.94142150878906,-1.84226548671722,9.40094037584571
W38980,15Mo,-6.42533540725708,-4.63334131240845,11.2785476297909
W38981,13Baso,-5.57578325271606,-0.343710124492645,8.02145305227874
W38982,3Ery,6.82681083679199,3.11960673332214,11.5768024671575
W38983,2Ery,6.36375188827515,2.83779191970825,8.85916481575039
W38985,5Ery,3.78251266479492,1.78788888454437,6.15703138721756
W38987,13Baso,-5.60140943527222,-0.241898164153099,7.55826070182901
W38989,3Ery,6.02643918991089,2.87021636962891,8.85916558452208
W38990,6Ery,0.900004208087921,0.573371052742004,1.93136880627241
W38991,8Mk,-0.544097125530243,2.17715096473694,1.99539748981603
W38992,6Ery,1.88679480552673,0.959802687168121,3.24133793128256
W38993,15Mo,-6.3224081993103,-4.73169994354248,11.2785483985625
W38994,2Ery,6.76042366027832,3.25446796417236,11.5768032359292
W38996,5Ery,5.98191261291504,1.37396740913391,8.9224516900804
W38997,6Ery,1.91637361049652,0.611162424087524,3.09055606644866
W38998,9GMP,-0.265224993228912,0.418359160423279,0.453901517261808
W38999,8Mk,-0.857239902019501,1.74513125419617,1.98290093782597
W39000,15Mo,-6.64231252670288,-3.7956337928772,11.2785491673342
W39001,13Baso,-7.25133657455444,-0.89482456445694,9.66388911875932
W39002,10GMP,-3.59956526756287,0.102548599243164,5.50209699236106
W39003,15Mo,-5.83298969268799,-4.71948671340942,11.2785499361059
W39004,15Mo,-6.65890312194824,-4.3239574432373,11.2785507048776
W39005,2Ery,7.84104490280151,2.07141160964966,11.5768040047009
W39006,13Baso,-7.01232433319092,-0.747420310974121,9.66388988753101
W39007,14Mo,-5.7599983215332,-1.56632959842682,9.37063584047591
W39008,9GMP,-0.325352013111115,1.64774656295776,0.453902286033494
W39009,2Ery,7.60677766799927,2.33888268470764,11.5768047734726
W39010,3Ery,6.30460023880005,2.9965124130249,8.85916635329377
W39011,17Neu,-1.49100577831268,0.52061128616333,2.01727418233685
W39012,16Neu,-5.38329648971558,-4.38413619995117,11.2785514736493
W39013,13Baso,-6.06223297119141,-0.416998237371445,8.90294001303765
W39015,6Ery,3.43093276023865,0.952608525753021,5.02865297422006
W39017,13Baso,-7.09908294677734,-0.621873795986176,9.6638906563027
W39018,10GMP,-2.86490297317505,-0.394998610019684,4.39186671411516
W39019,13Baso,-6.05524063110352,-0.85819274187088,8.90604694612634
W39020,13Baso,-5.96685028076172,-0.505203068256378,8.9983873040002
W39021,2Ery,6.32830619812012,1.55134522914886,9.37863031239102
W39022,6Ery,0.468628346920013,0.160132437944412,1.89192507689782
W39023,15Mo,-6.98352193832397,-3.54854321479797,11.278552242421
W39024,14Mo,-5.9553394317627,-3.2054808139801,11.2785530111927
W39025,14Mo,-7.42117118835449,-1.53640961647034,9.58497482185387
W39026,13Baso,-5.26537990570068,-0.163945645093918,7.36773663324114
W39027,14Mo,-5.36824989318848,-1.06801009178162,8.05581267888368
W39028,6Ery,3.65234136581421,1.26103627681732,5.84391409519415
W39029,13Baso,-6.06022596359253,-0.544267237186432,8.90382645524613
W39030,17Neu,-1.28108048439026,-0.107486352324486,1.16902247311246
W39031,2Ery,6.23130369186401,1.88715875148773,9.35951590531723
W39032,6Ery,1.39991438388824,0.0985862612724304,2.30711777129853
W39033,7MEP,0.742492020130157,-0.0855222418904305,1.63892272083662
W39034,10GMP,-3.96050143241882,0.231273323297501,6.43447102707477
W39035,10GMP,-3.49020433425903,-0.129111677408218,4.3886364749759
W39036,6Ery,3.62430500984192,1.080934882164,5.94394863222757
W39037,15Mo,-5.64345264434814,-3.66414737701416,11.2785537799643
W39038,15Mo,-5.52365493774414,-4.75504922866821,11.278554548736
W39039,6Ery,1.21784055233002,0.513940036296844,2.5053729159779
W39040,4Ery,5.7863302230835,2.35327315330505,8.85916712206545
W39041,8Mk,-0.789495587348938,2.02602672576904,1.9713561413718
W39042,6Ery,1.26257073879242,-0.172524020075798,2.34628322674683
W39043,13Baso,-4.58214712142944,-0.541150152683258,7.17565826008353
W39044,13Baso,-4.67170906066895,-0.385820984840393,7.17565902885521
W39045,5Ery,4.96892166137695,1.46120738983154,7.16584267003009
W39047,10GMP,-2.96564221382141,-0.471429854631424,4.37546845556856
W39048,10GMP,-0.72563374042511,1.93563866615295,1.98663120445097
W39050,10GMP,-3.64169573783875,0.412808507680893,5.40120203831071
W39051,2Ery,6.79494094848633,0.978815972805023,9.76275376334582
W39053,16Neu,-5.71127796173096,-4.65117835998535,11.2785553175077
W39054,14Mo,-6.34853410720825,-3.23824024200439,11.2785560862794
W39055,5Ery,4.85314559936523,1.54628694057465,7.13394476267813
W39056,10GMP,-2.95562314987183,-0.0982501804828644,4.31221485496501
W39057,6Ery,3.70841360092163,1.34966790676117,5.74410574420644
W39058,2Ery,7.23502922058105,1.26908695697784,11.3093491337209
W39059,10GMP,-4.92607927322388,0.4068543612957,7.71858125783978
W39060,15Mo,-5.46248340606689,-4.38078212738037,11.2785568550511
W39061,16Neu,-5.95092535018921,-4.8482871055603,11.2785576238228
W39062,6Ery,1.45843553543091,0.51845520734787,2.7771714016065
W39064,10GMP,-3.18742918968201,-0.102631688117981,4.32173377939184
W39065,15Mo,-6.77382183074951,-4.13048601150513,11.2785583925945
W39066,13Baso,-7.0412745475769,-0.791359722614288,9.66389142507438
W39067,5Ery,3.82090640068054,0.948144435882568,5.75822761016936
W39068,7MEP,0.415946662425995,0.668404281139374,0.0482271533511362
W39069,4Ery,6.00456237792969,1.84117412567139,8.85916789083714
W39070,7MEP,0.433525323867798,0.719814836978912,0.0443778469746656
W39071,3Ery,4.77153205871582,2.24857544898987,6.66082567172043
W39073,13Baso,-6.85365772247314,-2.68834185600281,11.2785591613662
W39074,13Baso,-7.12393522262573,-0.697574973106384,9.66389219384607
W39075,13Baso,-4.20063161849976,0.240950793027878,6.15308915739607
W39076,3Ery,6.34383916854858,2.3407096862793,9.40531480081785
W39077,1Ery,8.55853271484375,2.1526951789856,11.5768055422443
W39078,15Mo,-5.98069620132446,-3.34337210655212,11.2785599301378
W39079,8Mk,0.44150897860527,0.612679123878479,0.0202271736750144
W39081,7MEP,0.404140532016754,-0.131103828549385,1.90193005496336
W39082,7MEP,0.374692976474762,0.366157829761505,0.0260814959117023
W39083,13Baso,-2.58354449272156,-0.676650166511536,4.43630086110427
W39084,13Baso,-4.74089527130127,-0.174082338809967,7.36695316898218
W39085,5Ery,5.0200982093811,1.41943442821503,7.17112731324925
W39087,6Ery,1.56796705722809,0.40402939915657,2.75122051489714
W39088,15Mo,-6.67841863632202,-4.42716693878174,11.2785606989095
W39089,13Baso,-6.24355411529541,-0.587512493133545,9.66389296261775
W39090,14Mo,-6.31823921203613,-2.1845371723175,9.41701995304403
W39091,10GMP,-0.0406464412808418,-0.0801632478833199,0.248946957255553
W39092,13Baso,-4.89786577224731,-1.32507693767548,7.89890712094377
W39093,7MEP,0.462419897317886,0.0182840060442686,1.87672551220074
W39094,15Mo,-5.3292236328125,-4.32807636260986,11.2785614676812
W39095,8Mk,-0.979684591293335,1.80975878238678,1.97135691014349
W39096,9GMP,-3.04912877082825,-0.133013531565666,4.29057029867346
W39097,4Ery,5.29460000991821,1.43461692333221,8.40164270881011
W39098,17Neu,-1.14416289329529,-0.24864037334919,1.08458505998922
W39099,2Ery,7.25548219680786,1.04218351840973,11.0959094912066
W39100,14Mo,-5.55247068405151,-0.660348951816559,8.11728522633449
W39101,15Mo,-6.3779821395874,-3.97320580482483,11.2785622364529
W39103,14Mo,-6.52726650238037,-2.16150283813477,9.38271802729567
W39104,6Ery,4.24518442153931,2.1762170791626,6.34734088094405
W39105,6Ery,0.952508449554443,-0.147251024842262,2.4330286146022
W39106,10GMP,-3.98116850852966,-0.15408843755722,6.17058062464813
W39107,6Ery,1.00507986545563,-0.0389371439814568,2.26756874554693
W39109,13Baso,-4.96218824386597,-0.927092909812927,7.89858617182937
W39110,6Ery,1.46960735321045,0.277809947729111,2.52602185650306
W39111,12Baso,-1.76860749721527,0.144942820072174,2.00495564430024
W39112,3Ery,6.14831018447876,3.49226188659668,8.85916865960882
W39113,13Baso,-4.91936159133911,-0.850417673587799,7.77783046410959
W39114,13Baso,-5.68096160888672,-0.666677474975586,8.27378588831041
W39115,16Neu,-5.27151823043823,-4.31325387954712,11.2785630052246
W39116,10GMP,-4.86578369140625,0.251514971256256,6.64443691118045
W39117,16Neu,-5.64197206497192,-4.82664442062378,11.2785637739963
W39118,13Baso,-5.43855953216553,-1.3465610742569,8.24898528812299
W39119,5Ery,5.68571472167969,1.38786482810974,8.60247435171232
W39120,2Ery,7.81940793991089,1.97665393352509,11.576806311016
W39121,9GMP,-0.530986309051514,-0.203779086470604,0.845664641143026
W39122,16Neu,-6.09732675552368,-4.72436857223511,11.278564542768
W39123,8Mk,-0.366557002067566,1.80412113666534,0.45390305480518
W39125,13Baso,-4.80443048477173,-0.525973439216614,7.31478532705022
W39126,10GMP,-2.52143573760986,-0.775834918022156,4.43630162987595
W39127,5Ery,4.89693021774292,2.44637036323547,6.83804089970727
W39128,15Mo,-6.14247703552246,-3.66912794113159,11.2785653115396
W39129,13Baso,-7.15617227554321,-0.843131542205811,9.66389373138944
W39130,9GMP,-2.35196542739868,0.0284385960549116,3.30815623527965
W39131,14Mo,-5.43635749816895,-2.93009471893311,11.4614901903502
W39134,13Baso,-4.10663890838623,-0.844397068023682,7.1832392903207
W39135,14Mo,-5.68832206726074,-0.723909914493561,8.30498095423975
W39137,15Mo,-5.62283706665039,-4.47863483428955,11.2785660803113
W39138,15Mo,-6.2135705947876,-4.22158432006836,11.278566849083
W39139,10GMP,-2.73323106765747,0.607203483581543,2.71944406921409
W39140,15Mo,-5.87880849838257,-4.52462816238403,11.2785676178547
W39141,16Neu,-5.62050867080688,-4.57621097564697,11.2785683866264
W39142,6Ery,3.68857359886169,1.13503503799438,5.84723297885555
W39143,2Ery,6.62747621536255,1.70701038837433,9.40531556958953
W39144,13Baso,-6.92074632644653,-1.39621460437775,9.56498049017463
W39145,5Ery,1.76659071445465,0.409542769193649,2.9353465187792
W39146,7MEP,0.452486604452133,-0.0070201205089688,1.88104475167671
W39148,6Ery,2.10416054725647,0.399588078260422,3.20392172633717
W39149,13Baso,-6.32064199447632,-0.614665329456329,9.66389450016113
W39150,2Ery,7.45392417907715,1.52098488807678,11.5768070797877
W39152,7MEP,0.528172373771667,0.604462325572968,1.90760019179263
W39153,13Baso,-4.74127960205078,-3.01844644546509,12.0523646776333
W39154,2Ery,6.61559724807739,1.49186933040619,9.40531633836122
W39155,14Mo,-5.91924285888672,-0.628367781639099,9.04531565395272
W39156,13Baso,-5.90148019790649,-0.532393038272858,9.06409570582802
W39157,8Mk,-0.80149519443512,1.89987969398499,1.97186489638481
W39158,13Baso,-4.04857778549194,0.0784544199705124,6.23422291850118
W39159,7MEP,-0.842279136180878,1.30330109596252,2.06228244225222
W39160,10GMP,-3.52474212646484,0.257013320922852,5.33057860808358
W39161,10GMP,-3.32752418518066,-0.112585976719856,4.35304687212976
W39162,14Mo,-6.71864128112793,-3.04172563552856,11.2785691553981
W39163,16Neu,-6.05663156509399,-4.7767014503479,11.2785699241698
W39164,2Ery,6.33920526504517,1.38758969306946,9.34526045421102
W39165,13Baso,-6.29628753662109,-0.525661587715149,9.66389526893281
W39166,7MEP,0.384382337331772,-0.147313296794891,1.91536662165047
W39167,15Mo,-6.62372207641602,-3.20076060295105,11.2785706929414
W39168,3Ery,6.40356969833374,2.1167516708374,9.40531710713291
