cell_id,dim1,dim2
W31105,-0.009226871639316245,-0.021973060521856217
W31106,-0.02326862765025888,0.1441065650066782
W31107,0.13213378610089113,-0.19267827928493922
W31108,-0.07276182407033358,0.21278242629069824
W31109,0.11237328397852248,-0.18742476119042054
W31110,-0.028753278341155767,0.09917417265128993
W31111,0.08051957699206837,-0.11819037305606449
W31113,0.031014800492340542,-0.0635659221833607
W31114,0.07281876398735972,-0.09609308604788651
W31115,0.07627419227556265,-0.19938915217942918
W31116,0.0431127155329918,-0.15903867680208747
W31117,-0.009650646770582071,0.040085715565054914
W31118,-0.020594818886634104,0.12448098008627458
W31119,-0.008599107264826995,0.09962288553843719
W31120,0.07743450558127868,-0.16522711204041432
W31121,-0.005828211530618919,-0.027925860208206456
W31122,0.10488399594821242,-0.14433633002426374
W31123,0.08150116836239556,-0.1708180644301396
W31124,0.08042462272788967,-0.20825534239936724
W31125,-0.09972586365844989,-0.021492199242417638
W31126,0.048066221961004366,-0.0928433443508719
W31127,-0.015655819951868974,0.06618833174625564
W31128,-0.034254631801438014,0.0034106099361205103
W31129,-0.01885843175125828,0.05637894513673643
W31130,-0.02722592514263595,0.13941621542495394
W31131,-0.054243033139406975,0.17217154626993975
W31132,0.036754338898911804,-0.14099809334118754
W31133,-0.004083289935411179,0.056167712471079254
W31134,-0.015203488037059051,0.024727936207205807
W31136,0.12232963887057065,-0.13526290419117903
W31137,0.08926900929269004,-0.16121788663150013
W31138,0.10455186779792863,-0.12753779880843488
W31139,0.019609311799571726,-0.07389520832118461
W31140,0.10484133953051906,-0.13213469711923295
W31141,0.010566398086385511,0.10284283743446386
W31142,0.09341921911703668,-0.3503502662548422
W31143,0.11701867404846826,-0.19298065939970482
W31144,0.042440908885940355,-0.11507301232081288
W31145,-0.08223590917802054,0.15268190322914685
W31146,0.04332148275279146,-0.11374321595655866
W31147,0.08854351560600297,-0.16315620066399145
W31148,-0.015660787187125613,0.16235362701892853
W31150,-0.00041340716221995884,0.038128211725393456
W31151,0.18972651045073988,-0.19586775846842736
W31152,0.019214362628525793,0.14308839196857726
W31153,0.0683670020005486,-0.07659135817021738
W31154,0.059309535892312075,-0.1553899229371128
W31155,-0.015544400940356208,0.01918608703030009
W31156,0.05830878823335436,-0.17740960547454188
W31157,0.0002684315997368341,0.06729119368527592
W31158,-0.06834275747544985,0.1454138446350006
W31159,0.04087327806541851,-0.07781294377835156
W31160,-0.24041288398446853,0.05706868083131664
W31161,0.07421057021602319,-0.15980940015992445
W31162,0.03444911816913736,-0.13956892738298907
W31163,0.06351035763434701,-0.131378494735923
W31164,0.0028458091675720902,0.12118560088789165
W31165,0.09199690088669446,-0.20506069695581142
W31166,-0.006492698658655458,0.13440277393377753
W31167,0.08799384923383596,-0.20776912122742136
W31168,-0.008272476679167463,0.17573748744426615
W31169,0.009190884357626208,0.13892086383574542
W31170,-0.019970707177383758,0.16711556590746002
W31171,-0.024102433507735985,-0.03313888104235452
W31172,0.054237113914287115,-0.10305714178259559
W31173,-0.0022457639520371093,-0.0030815232839099768
W31174,0.026185634204387805,0.08149483389060981
W31175,0.005292233000312944,0.038704644396612226
W31176,0.01950642478405617,-0.05014126151268062
W31177,0.027239388847105986,-0.08690723301969083
W31178,0.01377852219122759,-0.06905160692151666
W31179,-0.061020734091443825,0.13856954076008815
W31180,0.0612497566177655,-0.16356999729645633
W31181,-0.07714519981744455,0.1239561826859582
W31182,-0.0859429995964954,0.15769154504520644
W31183,0.10077584776034335,-0.1495170365362683
W31184,0.05625663963962282,-0.17622403960631802
W31185,0.04115178323094794,-0.14155806801526272
W31186,0.013668019582344806,0.12283611559294418
W31187,0.004493668474887995,0.07159266903732171
W31188,0.0036031265424699616,0.07092318092478059
W31189,-0.062469861359866666,0.13877790445132349
W31190,0.0237654775368138,-0.12474520897565926
W31191,-0.003558625241268393,-0.016511543452182583
W31192,-0.00821464562770087,-0.012809387699256967
W31193,0.05198038643151264,-0.1330201898279288
W31194,0.015985150769679133,-0.071426935011588
W31195,0.10436242247422982,-0.2133441296908381
W31196,0.00856596715805479,-0.06357884707737455
W31197,-0.0010315979252316712,0.07813465540188146
W31198,0.052288330910471685,-0.16692110031814564
W31199,0.006118387761655335,0.009354925746695613
W31200,0.018118328965958646,-0.0755326169851416
W31201,0.007507046827101985,-0.012060902993131431
W31202,-0.017632788318566774,0.11149705849335363
W31203,-0.038371262174231625,0.1384157573441756
W31204,0.027055360735262424,0.07367491761261655
W31205,0.038809564743196606,-0.14545347445828083
W31206,0.11911247269831596,-0.16927879908951618
W31207,-0.007100709789755678,0.16532543325531582
W31209,0.11803664251285549,-0.28604228815104565
W31210,-0.02410420276865121,0.13886027773449033
W31211,-0.022183387030152147,0.14544803880083504
W31212,0.016724164486229924,-0.16020749721140046
W31213,0.016652106213035096,-0.07692111461482644
W31214,0.051377571963793583,-0.19938981274449288
W31215,0.01657272755292503,-0.09087159264055518
W31217,0.09702216720553718,-0.1550283526298194
W31218,-0.024799171402737484,0.13357954864036367
W31219,0.011148683635653961,0.07076579612276075
W31220,0.07278229082120008,-0.24174790931195722
W31221,0.008642893081357388,-0.01390193850227251
W31222,0.07532029493597575,-0.1524188663373543
W31223,-0.013688696829327275,0.03975129134078283
W31224,-0.007868233087982922,-0.015580627140197026
W31225,0.05491800483999215,-0.17396462503692703
W31226,-0.09436769769024037,0.15471694709316977
W31227,-0.6371895799449695,-0.2501974288126125
W31228,-0.009930852022976298,0.042593326464696914
W31229,0.07583260720304419,-0.10114156798916023
W31230,0.03753874672052444,-0.09473620721180878
W31231,0.039368688699081854,-0.19161167603791612
W31232,0.041514912670580634,-0.14422503959252578
W31233,0.04395594741947401,-0.16694723186255703
W31234,0.03301370069444076,-0.1615552326820585
W31236,0.014837200014943753,-0.12600339201463184
W31237,-0.0062547186536762835,0.14685204897311765
W31238,0.05613841671272104,-0.10745302237894283
W31239,-0.012884530941805597,0.14753076655969793
W31240,0.0670446651020544,-0.08647048397600943
W31241,0.0444707952551912,-0.17504049979391342
W31242,-0.06708269949203524,0.1485375217128596
W31243,0.09046983829429033,-0.22365047932996385
W31244,-0.031321524638689174,0.07456826174863043
W31245,-0.06596330602051768,0.1113172567432937
W31246,0.05062571759760016,-0.1946496422496386
W31247,0.08279717111488663,-0.17550073209944517
W31248,0.10329557942833126,-0.1425093037630589
W31249,-0.013595160963431519,0.13749927638034193
W31250,0.025807176334600522,-0.15840331612949513
W31251,-0.10309078592869651,0.17207114144184374
W31252,0.015035543853249046,0.12943537993103332
W31253,-0.02795353173898654,0.058227448812023304
W31254,-0.005631850733743026,0.16918491618083428
W31255,0.07306488594437865,-0.16449399575765286
W31256,-0.03461785917235203,0.12895566084271565
W31257,-0.00652371785599514,-0.02533185998716528
W31259,-0.02043964371921941,0.08865942481990591
W31260,-0.028681960787405633,0.06385386043604172
W31262,0.00961843946728088,-0.0632259008201029
W31263,-0.037297486334764686,0.08380431725119483
W31264,-0.07332140291645547,0.14188914599518274
W31265,-0.0021126752665236287,0.11264343865058375
W31266,-0.09103563993048092,0.15218715684708356
W31267,-0.0024383094357034174,0.05833327699998466
W31268,-0.0020313724306041405,-0.017058465165194308
W31269,0.013185735174277596,-0.0953226760710979
W31270,-0.07627762697277299,0.13137661928748176
W31271,0.015568564283280567,-0.15454574655115022
W31272,-0.07295757448283602,0.1347228088843763
W31273,-0.051491983473853635,0.13293564703107544
W31274,-0.012333891823481744,0.08965003220016862
W31275,-0.10529861461648042,0.15572758855732505
W31276,-0.01513021812107686,0.01740135983227196
W31277,0.01509443790330347,-0.03586723865993957
W31278,-0.00486069903202938,0.1325930536499455
W31279,0.05179533289911236,-0.01177594943882714
W31280,0.04602506043916061,-0.17715322165676642
W31281,-0.0023279665503954084,0.1479082084280838
W31282,-0.028218090009785052,0.12022980952193031
W31283,0.03308597812385468,-0.09494577532518825
W31284,0.019118765461094464,-0.10998562895496242
W31285,-0.033930118224870374,0.0927425882970634
W31286,-0.05198516381047889,0.10202785198652398
W31287,-0.03148486405790751,0.005142158808062658
W31288,0.015666778823477202,-0.007584641000582235
W31289,0.03182676048294368,-0.11261185520403004
W31290,-0.021944456993445084,0.13559892660056308
W31291,0.1645666235601412,-0.19093490398461896
W31292,0.04599298356686152,-0.11623116315602984
W31293,-0.048254472823113854,0.1490283674220246
W31294,0.023923817373464912,-0.1422870392062228
W31295,-0.02489103177623304,0.13937279918588077
W31296,-0.041431205498300344,0.14668841893053813
W31297,0.0022858541349725274,-0.007668986113586632
W31298,0.10833221352988852,-0.19360654283388087
W31299,-0.030114413731446615,0.12147839607122722
W31300,0.0050958962788461995,0.013927319157335744
W31301,-0.03112640518798998,0.06366663783140035
W31302,0.13822866704353476,-0.18591574033081354
W31303,0.020489346575763175,-0.07277500042096297
W31305,-0.08067707635846733,0.1335942394268283
W31306,-0.0941758751437384,0.2651287903224401
W31307,-0.009668693375303423,0.1488315469867453
W31309,0.022935847828985615,-0.07874489734734735
W31310,0.1063253483113048,-0.14921359591327643
W31311,0.01975822496566847,0.10628132199611502
W31312,-0.0020761327910465365,0.027825629467234613
W31313,0.001715351979348048,0.005810346634841838
W31314,-0.033193177253091434,0.0028950396262298287
W31315,0.04194525572818615,-0.07867020347727528
W31316,0.06320520047130043,-0.18041141169799937
W31317,0.10782290041619749,-0.1778422691151974
W31318,0.1317953615874693,-0.18410810590475196
W31319,-0.039830636981683175,0.15727469757741472
W31321,0.07292357055752499,-0.09525059072423998
W31322,0.08476743025681463,-0.1513536827273485
W31323,0.0682510942281323,-0.10920509117208789
W31324,-0.029917525300993526,0.004883365964662451
W31325,0.04093266582805148,-0.16323345886684784
W31326,0.07638070870614788,-0.16298753955160056
W31327,-0.02014295658229696,0.11331587137298689
W31328,0.0942661735283241,-0.14767930706111554
W31329,-0.03097319214159317,0.16137359111860747
W31330,-0.0214659437701604,0.15202772697325911
W31331,0.004792652821225088,-0.02860178646109223
W31332,-0.07697368092296357,0.13701896583200499
W31333,0.06062946691747702,-0.12383947358133966
W31334,0.07943141736576115,-0.1542485210105499
W31335,-0.03809701288161222,0.08581178371704727
W31336,-0.03062663821985183,0.16000084203058493
W31337,0.17233574732736223,-0.18652368065209146
W31338,-0.047379195546961524,0.1623924493389776
W31339,-0.0025148045643238366,0.15030528087790693
W31340,0.07181917408617267,-0.11246762652718727
W31341,-0.05644291231300647,0.15250505209739498
W31342,-0.07735011839319152,0.16748005580030773
W31343,-0.006610513536430866,0.16967048193033582
W31345,0.0624817192447582,-0.1263900319606365
W31346,0.0561735871830474,-0.12956326091738468
W31347,-0.019516600269859307,0.10296689230594909
W31348,0.04584832660043779,-0.15588793539344883
W31349,0.0424556713157426,-0.07513852920105428
W31350,-0.13625864767386983,0.21967445616946601
W31351,-0.014519046683339297,0.16376654401447077
W31353,0.09222165798059234,-0.18766750593551926
W31354,0.10417347465931004,0.07157624421082938
W31355,-0.026554440505597358,0.1441589410607406
W31356,0.04194649856386264,-0.11170086797342825
W31357,0.10755904498733443,-0.1199947613860727
W31358,0.02211182921235835,-0.06432029042442057
W31359,-0.000730677936120472,0.12961526855755712
W31360,0.09039637285883374,-0.12415516218358937
W31361,-0.08142985690124953,0.13871071139863408
W31362,-0.004323258799747021,0.1669370048825148
W31363,-0.05238577227592482,0.14104281186472956
W31364,0.001192828755713372,-0.027129873511638567
W31365,0.00016330216768767623,0.1006315476236225
W31366,-0.0646007298517521,0.14058892378760185
W31367,-0.004189767484489086,0.158245111355437
W31368,0.12015110191030469,-0.14462244464682375
W31369,0.03657589558783466,-0.177653061148498
W31370,0.06215208292659737,-0.179375699479113
W31371,-0.041494933732522714,0.10517307405329601
W31372,0.08989320097836137,-0.21314949857556617
W31373,-0.010149442077027497,0.05497437447794431
W31374,0.05756971317954698,-0.17708278811914532
W31375,0.0641663334448726,-0.1315303189601264
W31376,-0.013622163725517772,0.06682079542731771
W31377,-0.0036189231103414027,-0.005334132081546948
W31378,0.03251676847252817,-0.1697226706927213
W31379,-0.003173126520999041,0.0332661145147027
W31380,0.02054347185146595,-0.11568703776592879
W31381,0.003409640424811523,0.14852234909407536
W31382,0.10078733782818855,-0.14807433756470748
W31383,-0.0024685089676569267,0.061337434966543494
W31386,-0.06608976297735314,0.14462531323559408
W31387,0.05445893327237539,-0.17889395442878733
W31388,-0.010420042522886995,0.053039416046294065
W31389,0.043028853730512046,-0.11329227241900287
W31390,0.006558512168061959,-0.08146139686564521
W31391,0.04506894331718841,-0.18804090882004715
W31392,-0.02521001700228512,0.10096509036184667
W31393,0.0030920221515890155,0.10797586759055014
W31394,0.059416573619807296,-0.17869643040034272
W31395,-0.002936295536710501,0.13252292002586155
W31396,-0.09275371961016382,0.15322399723786384
W31397,0.006323048607369504,0.01059335175866075
W31398,-0.009901194437619549,0.131207949866068
W31399,-0.019419585499773063,0.12279261545671966
W31401,0.09231043625525227,-0.178496624999135
W31402,-0.0048698070104986274,0.13256870375348645
W31403,0.0018848965218321895,0.10322690328077952
W31405,-0.02427565393738695,0.057921299769539566
W31406,0.020380778246682805,-0.11773452076067024
W31407,-0.016689376769624495,0.003906000719030879
W31409,-0.011752837787360497,0.136597931082209
W31410,0.041608964520255746,-0.110049736959321
W31411,-0.03321364967750432,0.14113085718846363
W31412,-0.6182900078975445,-0.2634064355354456
W31413,0.07063094654836281,-0.13827317088741833
W31414,0.05113633841631379,-0.13171840288566347
W31415,0.021330519156677386,-0.11325701431809676
W31416,0.03373950641164714,-0.14241764403953389
W31418,0.07120370153739759,-0.16851936617980465
W31419,0.018234894161430315,-0.10427140817543522
W31420,0.10491778941106336,-0.3818188009145731
W31421,-0.08218303711162424,0.15510769645277983
W31422,-0.015073294563461499,0.1416547268770799
W31423,0.04437657462058001,-0.1815125765661152
W31424,0.024970261334958267,-0.10225650344474621
W31425,-0.08351037909671241,0.15269403825421743
W31426,0.029614850253163613,-0.1196215059189115
W31427,0.01599057580995191,-0.14692906151785412
W31428,0.0346289412622572,-0.11659754568806495
W31429,0.08380251292802585,-0.2987416835413651
W31430,0.021867645610811667,-0.00867921797870275
W31431,0.02981783635790272,-0.17251787722554446
W31432,-0.05476042225252835,0.13501115507650807
W31433,-0.03662050408513878,-0.011436155523634008
W31434,0.037007412061681524,-0.13876645862179973
W31436,-0.01786368340153275,0.12979450747650687
W31437,0.03190660436811648,-0.04887601716056937
W31439,-0.050222155375408355,0.0150973306156588
W31440,0.1134848680213252,-0.18873454469296724
W31441,0.022863331013250478,-0.155239321243872
W31442,0.03332358847227076,-0.1519415898394203
W31443,0.009660429757323251,-0.006333247659732996
W31444,0.024827265491066338,-0.14707822996918554
W31445,-0.18424127687631336,0.3255355498720954
W31446,0.025051304187673745,-0.12999076637815418
W31447,0.030829606797537806,-0.08023253647074234
W31448,-0.003285154679826387,0.16047196218087206
W31451,-0.029075005214846208,0.0870559607738045
W31452,0.04138257787476229,-0.21293718052344385
W31453,0.01620541396619425,-0.0626768439231925
W31454,-0.031858437191065556,0.07899994759494906
W31455,0.05293230947241571,-0.23995568983370313
W31456,0.03531795910813361,-0.12097528499291384
W31457,0.012824880558769798,0.031849111062007086
W31458,-0.033535870494691,0.006087480524790283
W31459,0.021154751209121896,0.012812341731262116
W31460,-0.014040459796208748,0.11270165783569143
W31461,0.028913761317980863,-0.16638457015681318
W31462,0.014547595352734201,-0.11619268215451099
W31463,0.03757978567776006,-0.1962359062664605
W31464,-0.0005793506054400953,0.1531697132877739
W31465,-0.015284364587300496,0.14932359747283008
W31466,-0.02079331352954745,0.13982972848142194
W31467,0.04373820985369933,-0.16925210501498922
W31468,-0.016223587229859445,0.10183803749578411
W31469,-0.07528221672413199,0.1403027950970016
W31470,0.04655719298158934,-0.1189862222641348
W31471,0.004448937030131641,0.17305003151975507
W31472,-0.08796706418109802,0.14646037246776827
W31473,-0.019024788192278062,0.13558802539884557
W31474,-0.11063306962303737,0.171553021499323
W31475,-0.008109920220585686,0.15444728661576426
W31476,-0.19117499573625732,0.04075206802062101
W31477,-0.004284075039869644,0.052631174478308826
W31478,-0.03737983448404199,0.12720686606461923
W31479,0.01607848279670288,-0.11987980034970853
W31480,0.05342593740029989,0.00296771895051035
W31481,0.03646960761474789,-0.17347074664103798
W31483,-0.16840392972077944,0.033609187768835216
W31484,0.0004108263952249632,0.15255581288923747
W31485,0.02282398597604687,-0.13817762401604658
W31486,0.022026752162951812,-0.11728379640766491
W31487,-0.01333397267960573,0.15051028654160503
W31489,-0.007621694739194201,0.15153900781989632
W31491,-0.004229170267443791,0.06319607930594015
W31492,0.0762215568597965,-0.15637391984960827
W31493,-0.007874857002145923,0.048369372374549836
W31494,-0.03391480224115536,0.14432317214940563
W31495,-0.009422553043926031,0.04048078786574078
W31497,0.009919914728397448,-0.006030830238370423
W31498,0.009814324636219944,0.06394151397851282
W31499,0.05211356903128701,-0.09258385748522281
W31500,0.05853754791804834,-0.16788804160256032
W31501,-0.009425720196164718,0.1439441976268118
W31502,-0.004095028526370291,0.05732802170636423
W31503,-0.04301732025432415,0.1541421215647574
W31504,-0.039190706087893476,0.18912102389435997
W31505,0.008685902191771011,-0.025639319029967973
W31506,0.004634443021154323,-0.019597122230322
W31507,0.02133386341428622,-0.04529973510449559
W31508,0.03157660130647734,-0.10133230178595184
W31509,-0.011694329072911949,0.14428401357280463
W31510,0.0007735175844609114,0.1547332017209201
W31511,0.008352044742325941,0.07763726579716287
W31512,0.006681953220508392,-0.02201349655950251
W31513,0.10417443542097811,-0.14333083679926478
W31514,0.005295848368286595,-0.006370487741755624
W31515,0.011500919594668592,0.12787815136332772
W31516,0.07872693675047505,-0.2481540332569872
W31517,-0.04062679099661394,0.10803896192324794
W31518,0.0024382215809670184,0.15527080433947665
W31519,-0.005271282667399175,0.05161683841972457
W31520,-0.01212554695007484,0.05827924317795361
W31521,0.09282615232198989,-0.12523722550989125
W31522,0.0021872381502265623,0.13769949591943614
W31523,0.058288784220642875,-0.2061939980837337
W31524,-0.007481533807694953,0.11655609213994851
W31525,0.014329104856219486,-0.1597294856639041
W31526,0.019655464501370894,-0.02691447027418875
W31527,0.015237938339367346,-0.03643743524426965
W31528,0.005082458575624266,0.13716866041274497
W31529,0.07130230878835962,-0.08443224767948068
W31530,-0.018015252913453877,0.15550159463349206
W31531,-0.6433748068267173,-0.27098079627704175
W31532,-0.07214766976289783,0.1365776501466695
W31533,-0.012579433531176696,0.049200575500321406
W31534,-0.07479062188629311,0.0017256261964786726
W31535,-0.006269508319329615,0.04449272700832347
W31536,0.04733333126962239,-0.1712911793387257
W31537,-0.02213156124387905,0.10563450447435402
W31538,-0.0014417756933967703,0.1420451353592188
W31539,-0.015771965575125283,0.07959914628934829
W31540,-0.020217420140322424,0.14248572419136807
W31541,0.025960812851068823,-0.13592712891990802
W31542,-0.019427978130919045,0.13767743961995974
W31543,0.021991445619486145,-0.09517819327492504
W31544,-0.009708773594633974,0.13339022297688405
W31545,0.025180869132778765,0.041646971625275336
W31546,-0.14412754871586203,0.19955245246237985
W31547,-0.6484394665187713,-0.25919859806294476
W31548,-0.028383738836517784,0.05936171684176842
W31549,-0.007004981407924515,0.12424921646021134
W31550,0.0699120309253958,-0.22374383196685013
W31551,0.027303428350643824,-0.14419982673301068
W31552,-0.025409258619626257,0.1065316827053869
W31553,0.002989012405020021,-0.019208763349088526
W31554,0.01618691780218345,-0.07481594869836716
W31555,0.014137108669042263,-0.073553324105415
W31556,-0.020540011385982573,0.1213497857680508
W31558,-0.05298826029854682,0.1322812939116291
W31559,-0.003110731322982623,0.14746769951307984
W31560,0.011633507955892804,-0.014605228569021016
W31562,0.0007448399883270361,0.0250465757115836
W31563,0.05317473793578984,-0.09208948304492125
W31564,-0.04263994062622168,0.08969632892773363
W31565,0.031489299800632586,-0.1457056317224891
W31566,-0.03454002984403197,0.12640866383846566
W31567,-0.0021130432984686597,0.15682064758256423
W31568,-0.04241832541021986,0.13143215459062682
W31569,0.003357475632924155,-0.028820894552362558
W31570,-0.008344905442631792,0.016153618915833435
W31571,-0.08502405539532615,0.15801183157442394
W31572,0.023406536236126457,-0.10202905621362639
W31573,0.01995142804824166,-0.056851335247753786
W31575,0.009299041011020638,-0.056123042355861845
W31576,0.026979024574478535,-0.11588352693669034
W31577,-0.061901798357129126,0.16560045711212965
W31578,0.0636722709713902,-0.22913725247598524
W31580,-0.006383990757621531,0.08922735993221997
W31581,-0.005064866420820403,0.088011146336867
W31583,-0.011050528201905536,0.019758798795619675
W31586,0.10186100923802364,-0.1602527810466488
W31587,0.018844042527960625,0.023217184117017585
W31588,-0.08533147783242874,0.1749128084758345
W31590,0.018599105424032165,0.13724337091068656
W31591,-0.011868444862098143,0.14521173784957309
W31593,0.13022828032803457,-0.15790281883932414
W31594,0.05264426719921906,-0.1348131437567916
W31595,-0.07810325584725337,0.1484084803783136
W31596,-0.1102180647322274,0.17966283595895305
W31597,0.0032664904348082883,0.1643689528893391
W31598,0.059720905909146756,-0.14831147038693848
W31599,-0.07835808387417034,0.15952124225645356
W31600,0.0027191526238316867,0.023094552808274504
W31601,-0.0670831242832484,0.10473029246724876
W31602,-0.008888652240732285,0.09206564059557029
W31603,-0.09163368165871036,0.15166056391224242
W31604,0.007760494741707092,-0.03276083883999821
W31605,0.03493784602182201,-0.06130439260057618
W31606,-0.04252918385296746,0.144179250500273
W31607,-0.01369716767628703,0.025719915164000517
W31608,-0.0017589311829720755,0.1479472490246574
W31609,-0.0950774434909834,0.2688937902494246
W31611,-0.003670668498267698,0.139380999984401
W31613,0.005528921159469243,-0.019163476425422973
W31614,0.020689053426229016,0.0005102179557844289
W31615,-0.014890974978897166,0.030189769461588474
W31617,-0.10266275004305503,0.16817720217340826
W31618,0.03839829593484378,-0.20677486273335977
W31620,-0.0007856350293721972,0.07672409785670384
W31621,-0.002727623285185188,-0.010858878879787611
W31622,-0.05533148982007097,0.13364524537663974
W31623,0.00014818703271828499,0.12328805672833854
W31624,-0.06889005234481227,0.1439990362905454
W31625,-0.07628455594797467,0.16696141018875327
W31626,0.018573307346602123,-0.08567031459138265
W31628,-0.10451707665887898,0.1708836487425942
W31629,0.023671396973253055,-0.09985171660098165
W31630,-0.03865423999794993,0.1413679764184793
W31631,-0.00461365923995578,0.1593816370875015
W31632,-0.11186705350555678,0.16575816066695745
W31634,0.047770864086803505,-0.19338233463449273
W31635,0.051115814904777665,-0.19321502583915776
W31636,0.03744278723678604,-0.17938605582864345
W31638,-0.012145434155487992,0.12920248091308498
W31639,0.01457776122354717,0.12354970725791732
W31640,0.030552183719840465,-0.07571630730777491
W31641,0.026888047775033674,-0.09672182995389543
W31642,-0.004701314389143002,0.017245352799081744
W31644,-0.020719239610410774,0.1224998716511578
W31645,0.006019382685953819,-0.01596319380305355
W31646,-0.016105872896267068,0.11146268871961225
W31647,-0.42958913783781844,0.002898989811845275
W31648,-0.10962983558705792,0.16792461593895525
W31649,0.07569520761389868,-0.19282409167297923
W31650,0.025731955323961473,-0.14560051160999946
W31651,0.008114278803223733,0.002825644976521692
W31652,-0.09460351930905864,-0.012754404370760596
W31653,0.0352186997620246,-0.17695476798661786
W31654,0.026286887181739788,-0.11853560775046644
W31655,0.014585982823528663,0.1645154658801847
W31656,0.03856145739652053,0.1535968949274264
W31657,-0.008657682015846142,0.03581052887181376
W31658,0.003818229628383781,-0.010263938554991036
W31659,0.016334743026191933,-0.016874864992754358
W31660,-0.007089947833290238,0.1475737358021212
W31661,0.016651911034486582,-0.018688616954844594
W31662,0.021559434607083556,-0.12358056778789567
W31663,-0.1313776759781573,0.18742752216611502
W31664,-0.019636201465460884,0.1442971878947113
W31665,-0.00031317720793158605,0.1382933212730768
W31666,0.03623332869418375,-0.17079801386590807
W31667,-0.030890914517378465,0.1276661644717698
W31668,0.019822508149183845,-0.10986306854301124
W31669,0.008082547724008737,-0.01359767749013199
W31670,0.025058787301158788,0.08098826379075791
W31674,-0.012001034850777954,0.06947890301060422
W31676,0.0845386315143412,-0.1576617258428027
W31678,-0.04417569803482629,0.14553454281702705
W31681,-0.0021206091178808664,0.02758759111708892
W31682,0.007370644430201854,0.031928616271882516
W31683,-0.06906746147149374,0.17772017954976815
W31684,0.2632621715039934,0.1437110903218308
W31685,0.014338724602866061,0.009992912979515482
W31686,-0.09012631527314258,0.1616959751429662
W31687,0.003441516084829313,0.16286372721483944
W31689,0.08258435106490485,-0.12140037785132447
W31690,-0.10049917775236891,0.17840030696759418
W31691,0.04102589372555882,-0.15130894789223778
W31692,0.025307378689925063,-0.040587515487379204
W31693,-0.10451858035431093,0.027980606816657948
W31695,0.039299165061756375,-0.14079200786941326
W31696,-0.000554658504385265,0.1532540565298455
W31697,-0.0061718345978196195,0.054749607337760214
W31698,0.07418399775385387,-0.1342446790816497
W31699,0.03816135846069516,-0.12880349114478182
W31700,0.08179729255578294,-0.22476633803852586
W31701,-0.10851904016340579,0.16728226807952995
W31702,0.008354387205583713,0.13050701435525294
W31703,-0.10563665432760957,0.16589353016932426
W31704,0.013379236109664547,-0.03471497111286106
W31705,-0.009548157972699303,0.15078190431703045
W31706,0.022766256271631046,-0.08232756798636581
W31707,-0.002975422710503327,0.13979660378124154
W31708,-0.0340849471124408,0.12259809063305081
W31711,-0.062311859513602005,0.13117150138748493
W31712,-0.024433624185817855,0.06483348151389137
W31713,-0.0585341778152149,0.14594927120174855
W31714,-0.00010645813404721392,0.11972426334487325
W31715,0.08526364597430244,0.06171208322318401
W31716,-0.021712478428797966,0.1254436105868757
W31717,0.05482938330203343,-0.21264656415896147
W31718,0.027109330558848347,-0.14143886329232733
W31719,0.02668450909702801,-0.11057468607820528
W31720,0.016712713221623016,-0.022706172425694247
W31721,-0.060841855541901635,0.166145061797964
W31722,0.005877013923004849,0.0668422418650018
W31723,0.011580791706789714,-0.024026949319696442
W31724,-0.011012950195997365,0.04020993708851808
W31725,-0.012278666749683366,-0.01103097092720883
W31726,-0.019989778552726607,0.13716129734885488
W31727,0.0008841969333515811,0.0995252872746317
W31728,0.03185619796165471,-0.17227734913619355
W31729,-0.05376658085831728,0.1758875927899012
W31730,-0.03736188920980881,0.1312616495298921
W31731,0.011894777704302568,-0.003411489576033747
W31732,-0.029763176856038,0.05347551438106555
W31733,-0.01760010415259244,0.13672715521971318
W31734,-0.037352133976741364,0.11441554387260924
W31735,0.029703016510592244,-0.1583335255730381
W31736,0.026436238417631906,-0.08698253892118185
W31737,-0.0010586741107554162,0.12046207256386908
W31738,-0.013631790631337435,0.06541680813154915
W31739,-0.08705550322183714,0.14696261633424323
W31740,-0.11026807621762066,0.16883565032918382
W31741,0.009732321336537552,0.05931454283096034
W31742,0.08773671579433527,-0.29403648884662487
W31743,-0.0179166067245848,0.1438302619040213
W31744,-0.0012271592280382465,0.031020732914319192
W31745,0.020243327560243822,0.06951790912930864
W31746,0.001092323716033772,0.014168150427493777
W31748,-0.10681590639479006,0.1685661642282703
W31749,0.00883927704085564,0.020022086564437984
W31750,0.008687958523531205,0.1366941442683205
W31751,-0.10982351489833062,0.17062418146777356
W31752,0.016995037381129636,-0.024858015346270298
W31755,0.013568272727796775,-0.06525994650364714
W31756,-0.007465042746970773,0.06302502791996985
W31758,-0.003006930604862861,0.11883298805929599
W31760,-0.05004608945717545,0.13253976873333528
W31761,0.023489573368613313,-0.08583668979058208
W31762,0.004565905237993827,0.1322974992462047
W31764,-0.0028026448059860543,0.1476893956059732
W31765,-0.002285948061251039,0.15843627867184118
W31767,-0.049615887484958925,0.13442973040961897
W31768,0.06369214467349237,-0.15689034857600426
W31771,-0.015519772447045407,0.02251108933483728
W31773,0.004722760858226488,0.04795139579019425
W31774,-0.39774928110552094,0.040359222134426255
W31775,0.09358482817841068,-0.30445935822444087
W31777,0.08537600120929047,-0.15896480127880935
W31778,0.007712961561477207,-0.04677039215024628
W31779,0.0033995700187693257,-0.03132288310178281
W31780,0.04171845159899741,-0.17838797763612008
W31781,0.0722481442289461,-0.2243807248132889
W31782,0.02658486185762236,0.12597081063761847
W31783,0.045913766457666115,-0.08580691348173333
W31785,-0.10233151336005492,0.17994840483306407
W31786,0.051712567356396975,-0.17284051939150905
W31787,-0.023854749082369096,0.05342489250198286
W31788,0.012646165191965243,-0.08544251489970163
W31789,-0.013366440674688805,0.08601350313000533
W31791,0.012031783544785504,0.06867458368061699
W31792,0.0010971426214078325,0.06926962269845625
W31793,0.021885640566977834,0.042991944426917006
W31794,0.04215388872780331,0.041011504045814634
W31795,0.005212607834674156,-0.036706534627353196
W31796,0.016313971849798454,-0.021295606512061305
W31797,0.031023390500131358,-0.08097164938590225
W31798,-0.00027723019728221243,0.14320919016303887
W31799,-0.009098131147961404,0.13692253464129145
W31801,-0.0007590666599881345,0.1495974172685033
W31802,-0.0021925401554434387,0.142192703037659
W31803,0.02339648426328434,-0.1427290131649074
W31804,0.0040953278602711965,0.12746181410454888
W31805,0.02090525498163403,-0.008544400998441146
W31806,0.044582496151086455,-0.11546922779768506
W31807,-0.03135240086742252,0.08637949323583527
W31808,-0.06967546960492517,0.16172480657757052
W31809,-0.021555624763528916,0.12827606512435688
W31810,-0.6525780128816848,-0.27272905305920364
W31811,0.100645363392128,0.06907408726037587
W31812,-0.015784078381475948,0.10218307654897181
W31813,-0.0200401439451783,0.131517538154624
W31814,0.02780257372344574,-0.16173131214964206
W31815,-0.6429305275171061,-0.2624074281595094
W31816,-0.030663228775385142,0.08414574945204027
W31817,-0.02215554399433399,0.13732043620948936
W31818,0.03781321879072688,-0.17392797763665876
W31819,0.051867897078855064,-0.211533199156941
W31820,-0.1055387264665235,0.15985251138959058
W31821,-0.02118237504388184,0.13195860731126097
W31822,-0.010448094508123536,0.05643858746781475
W31823,-0.0879170824791864,0.1440631804970054
W31824,-0.00026138838895046703,0.16201660981165303
W31825,0.01797097009572147,0.10850368460757769
W31826,-0.07510745506755179,0.13885686316025242
W31827,0.014602139069853224,-0.10326067932079275
W31828,-0.019788089479207762,0.1305130492718276
W31829,-0.0077096521544372494,0.023991749510057208
W31830,0.02508024775257462,0.0693675142467093
W31831,0.0393658046536113,-0.16523273516277104
W31832,0.07223696653545987,-0.19188842817476903
W31834,0.03090734740456408,-0.1742514103499747
W31835,0.01843017182156048,-0.09141422192259073
W31836,0.0015503716733659754,0.125518202725403
W31837,-0.040435013382624986,0.09080235441333125
W31838,0.025505943409180172,-0.15195110474182455
W31839,0.036390450757128025,-0.13024363808475406
W31840,-0.10742823778789463,0.1890204432301417
W31841,0.007275481863516089,-0.024169953183290252
W31842,-0.035342638465665877,0.09406290261997687
W31845,-0.00958556529518541,0.15316270702755216
W31846,0.020471838682849505,-0.11036615687180626
W31847,0.008822508439970973,-0.06798226460862526
W31849,0.08722069674674338,-0.20773994231148163
W31850,0.02943500889126902,-0.11918533660712026
W31851,0.03869244879859716,-0.18133068855293466
W31854,-0.00981391623668295,0.04706947204107534
W31855,0.03321708183572648,-0.1520313980563726
W31856,-0.04004908900035764,0.09501638227309496
W31857,-0.0015310205627008936,0.12663631283016463
W31858,0.03812522843576392,-0.15192644746017198
W31859,-0.0013896342979451035,0.03409469568305635
W31860,0.027172237099267763,0.0428753270783856
W31861,-0.07216079799330868,0.1236209541842593
W31864,-0.014964465931225255,0.13711164674803578
W31865,0.002120319257954216,0.135933922108316
W31866,-3.0885876903412405e-05,0.1583904550389337
W31868,-0.01167680791419481,0.10842617323445539
W31870,-0.003447606520972116,0.07694171081925129
W31871,-0.07625716604457387,0.13952734907181122
W31872,0.0019123451691974152,0.1563902297794638
W36865,0.014446553525747799,-0.0124588714352397
W36866,-0.02286766659525115,0.14013722160994568
W36867,0.018447146649177668,0.015578210224237637
W36868,-0.009736708013633903,0.14850000459417542
W36869,0.11245825332702902,-0.24804303056192553
W36871,0.1182353781315454,-0.13390367786129978
W36873,-0.0014359771257800229,0.17599696619034425
W36874,-0.004849956518143536,0.15472850373833863
W36875,-0.09762764637899737,0.18900983153672016
W36876,0.05429934346064471,-0.15268229620013068
W36877,-0.02050650211691476,0.09618152020374776
W36878,0.13982684526770284,-0.14198604188370356
W36879,-0.02471369915505486,0.15603140899225482
W36881,0.09465263853645778,-0.16171318182042618
W36882,0.01653136497056295,-0.0680036749400625
W36883,0.07263594891986717,-0.1592243958301808
W36885,-0.06930788641863074,0.14818887467283148
W36886,0.011343673069548026,0.03695887267461289
W36887,-0.009017267552191595,-0.032060942951650864
W36889,0.11249347987120102,-0.24890286674698822
W36890,-0.098238521153113,-0.011793824356101176
W36891,-0.010345279626541757,0.15244584732942884
W36892,-0.016893526242144866,0.15414460132945018
W36893,-0.02585282670706121,0.004381592748110678
W36894,0.04289896124068729,-0.09986834797346099
W36895,-0.05681513955261993,0.134344620005131
W36897,0.08373919781204403,-0.2151042189562797
W36898,0.06402573562667406,-0.12979566437914794
W36899,-0.009192898479877754,0.06671389787432885
W36900,0.04717889971278235,-0.11756891942471905
W36901,0.07195460836626395,-0.14737948757519093
W36902,0.03593011943624614,-0.12172733350097417
W36903,-0.01022312198241755,0.13806394232029606
W36905,0.075854250518498,-0.16257026652045112
W36906,0.09425238030730224,-0.18775506718867319
W36907,-0.05862896752045834,0.13221608142373098
W36908,-0.07424345906011073,0.14331353767716298
W36909,0.012530607990292042,0.010779782409496822
W36910,-0.11819732516610934,0.19647513250658183
W36911,-0.09261501475043804,0.17915194758364758
W36912,0.005173369573734066,0.08434229176135175
W36913,0.0899515580166176,-0.16291221728557775
W36914,-0.01237793795569064,0.14144162730294865
W36915,-0.0417301229297535,0.011525215217458865
W36916,-0.04411703176505307,0.10444672423919273
W36917,-0.02710507905933507,0.1461600744593217
W36918,-0.09095100779702328,0.15038302900285827
W36919,0.03715455670885033,-0.13573993809811058
W36920,-0.017989771099671124,0.12826258607511123
W36921,-0.0899436449136286,0.14810109063663612
W36922,0.02427856120642964,-0.10321691313013102
W36923,0.09565675790319596,-0.1917647493185452
W36924,-0.005555081856800491,0.14918630494846227
W36925,-0.004868528275224488,0.16944705270819518
W36926,-0.01765071951259919,0.11809295534667176
W36927,0.02406660444538141,-0.08276976737511053
W36928,-0.006951492113795119,0.09324031344445553
W36929,-0.0025998256181858567,-0.014980508245016776
W36930,-0.08799290168665487,0.14787236506858853
W36931,0.004061703065452444,-0.01263880010983735
W36932,-0.08408779250136234,0.15623467344714495
W36933,-0.060443964622551284,0.1449440574855721
W36934,0.04299308083639511,0.05938187730362398
W36935,0.020968824632194714,-0.055402572371132164
W36936,-0.005943799733133009,0.15428323925248064
W36939,-0.051024884868992586,0.13694989360770174
W36940,-0.09745150252906408,0.15030247591359713
W36941,-0.012104757267670156,0.14439659731492677
W36942,-0.017782501708978278,0.136208811579325
W36943,0.054590991505290516,-0.17776040579171154
W36944,0.014173751951970024,-0.031207690314963635
W36945,0.011334830483079067,-0.020900646709005224
W36946,-0.008659408385947788,0.10867350294749317
W36947,-0.024397563129082176,0.12610997403133528
W36948,-0.09377045807235233,0.1533048814544429
W36949,0.07051472493810457,-0.1893962945902147
W36950,0.07960714149280068,-0.26731708174655405
W36951,0.030725961133708006,-0.13640387209768232
W36952,0.028806534638952764,-0.15767645318418458
W36953,0.025904065832956538,-0.09883671293645063
W36954,0.07270859796931418,-0.23785452606513308
W36955,0.011288774284194097,0.09959185556848468
W36956,-0.011880932793008515,0.1294729224219629
W36957,-0.02154909587948188,0.1386676690782876
W36958,-0.10455222021284098,0.18292627297839248
W36959,0.08055876157072361,-0.21209058183907292
W36960,0.04774759397758,-0.11633098460723237
W36961,-0.04204461074392812,0.1414328461914932
W36962,-0.018220378420204318,0.14551104817159652
W36963,-0.04705462596283277,0.14762331027956213
W36964,0.0008889131188002803,0.17819557808537687
W36966,-0.05973009284211503,0.1524701241013953
W36967,0.1134261721399911,-0.2603888714844397
W36969,-0.34136760136372846,0.08665261040626172
W36970,-0.09237001057670624,0.17144027396170447
W36971,-0.02397900396270993,0.14693836543294228
W36972,-0.010401674186716768,0.06875213776272518
W36973,-0.020677561136741726,0.05870041784166593
W36974,0.03548714778332533,-0.07854497556881412
W36975,-0.04281346494918559,0.15860607745865438
W36976,0.01718452559376153,-0.04726743753180569
W36977,-0.7643147346473629,-0.31800223153811225
W36978,0.07519463609428063,-0.20076309061473815
W36979,-0.02086135225689507,0.12312315168000458
W36980,-0.03760594827705079,0.10580017433661044
W36981,-0.04668919879069007,0.017105626053646548
W36982,-0.02261940522370167,0.09563722810539134
W36983,0.032905146019940136,-0.07998665183335608
W36984,-0.0007216590211654694,0.13572977088636315
W36985,0.03169157695369496,-0.11682940635152196
W36987,-0.0071990935279066985,0.0625784879839656
W36990,-0.03228763102455576,0.12874135373072831
W36991,-0.002329108556723955,0.10174178811183789
W36992,0.10386033440804666,-0.1437878529305758
W36993,0.058815496405386136,-0.20033232898754427
W36994,-0.10137362994111251,0.15035104756549078
W36995,0.05483723213250136,-0.2334525104587008
W36996,0.026342019168145096,-0.0954346698986314
W36997,0.06255966116689643,-0.20559990189465457
W36998,0.022710628292569063,-0.07425038002332088
W36999,0.06791144725173343,0.09616768610047989
W37000,0.0042789778519136,0.1144390957885677
W37001,0.001971950500078534,0.12071979959140243
W37003,-0.03931361354070522,-0.0007871691827686358
W37004,-0.09586907853712906,0.15123733132612754
W37005,0.009439816836121247,0.10245283580699367
W37006,0.010513895271955363,-0.02610662410409802
W37008,0.07473791617452445,-0.15551684361068688
W37009,-0.005145977063041538,0.10485043321748944
W37010,-0.00307027336209937,-0.00752512398334597
W37011,0.022752219595252678,-0.17631313574526014
W37012,-0.022056252446200273,0.08592372597688655
W37013,-0.09101916300742188,0.13797235839653593
W37014,0.076343589134022,-0.19136986918322066
W37015,-0.03596440821142256,0.11643512516637844
W37016,-0.0615030055015228,0.11817438295237953
W37017,0.029916178189034453,-0.0900273912548672
W37018,0.051126263537190096,-0.2465471582487718
W37019,0.021368315808489826,-0.15956675348698157
W37020,0.04765226757700298,-0.20572957292832805
W37022,-0.018360546883209126,0.018885208582426045
W37023,0.053588156112319485,-0.17609518153422662
W37024,0.08130207699507251,-0.1671800429141073
W37025,-0.011287404784669925,0.15388701401141644
W37026,-0.014331606794861023,0.014265334129116592
W37027,0.011756298263123901,-0.06696366816163875
W37028,-0.014009727111787728,0.1417442601944108
W37029,0.0097072965662803,-0.004395989943999302
W37030,0.05182591450561214,-0.12852320820451169
W37031,0.04233282430106954,-0.13574450998172913
W37032,-0.001375145023971646,0.14105333632066464
W37034,-0.19854268958417354,0.03217289422755846
W37035,0.010386347951686909,-0.024559674061697748
W37036,0.03473692200342659,-0.13828851689596833
W37037,0.030362024701784382,-0.08683216137661307
W37038,-0.40279543566818277,0.018704256030190256
W37039,0.05367973225477627,-0.14860492949213672
W37040,-0.06810905180164968,0.1419428877773838
W37041,0.02964545300986903,-0.1699407218118413
W37042,0.04542493170576764,-0.172467268797503
W37043,-0.07547843287478019,0.14798962116013617
W37044,-0.06736353840295174,0.1446418819552269
W37045,-0.020902522123213575,0.1219206199578021
W37046,-0.010415905689945137,0.14131317352280062
W37047,-0.02906627706134348,0.13969547690896625
W37048,-0.0125439714603428,0.13904845986123432
W37049,0.028848904701456936,-0.10320698969084992
W37050,0.01609560979332974,-0.0015459264842042763
W37051,0.03584037148455851,-0.1203827378080365
W37052,0.07317145097880301,-0.15876713703670486
W37053,0.00870074925646913,-0.0014642809981491585
W37054,0.0919687069387208,-0.2814887925368221
W37055,-0.02260087903428437,0.1478255401914595
W37056,0.053004361256235415,-0.17276179549492918
W37057,-0.07395783609519317,0.1588527518938504
W37058,-0.02222824139351624,0.15832964889388276
W37059,0.03936200485090509,-0.1045059492497925
W37060,-0.02813981153747705,0.1576886461293437
W37061,0.026915608296504804,-0.07557650320186068
W37063,-0.01981227431855678,0.056427193661178716
W37065,0.19976541001773546,-0.19270223019427962
W37066,0.023005682392683698,-0.0731405538203572
W37067,0.07508610646710535,-0.23156089483698283
W37068,0.0636561638325198,-0.13025941270042177
W37069,-0.00489408149135543,0.1477980494749889
W37070,0.005695097352147901,0.06250568892432759
W37072,0.011247621401502173,-0.017515527489762574
W37073,-0.021715916646462628,0.14464259846084837
W37074,-0.029834699869832677,0.11990843304136488
W37075,-0.0028594474972948917,0.15275527036572642
W37077,-0.010871884543466123,0.06352628945975258
W37078,-0.009132609695651562,0.029356861192070535
W37079,0.019906806613986236,-0.07472715206801313
W37080,-0.09519671867934135,0.1554531548666909
W37081,-0.019450082156574663,0.15117309528855374
W37082,-0.07309360584978707,0.14765229654904397
W37083,0.06601130611024283,-0.16314761680057444
W37084,0.08215190730333234,-0.16275932716774033
W37085,-0.012965445776570755,0.09130426519498047
W37086,0.02590196577946361,-0.0829097396227049
W37087,0.020611211214978276,-0.08995217502306851
W37088,0.0902441059006072,-0.17854965605101875
W37089,-0.09369808427504096,0.16919775567260922
W37090,-0.016875068406203526,0.043857992736081215
W37091,-0.011438046955979582,0.05187514838792869
W37092,-0.0035424799870696438,0.0020972552671128858
W37093,0.02031446056761223,-0.011705007073438434
W37094,-0.08611464203491288,0.15775673930204423
W37095,0.026462929770181942,-0.06015328450167782
W37096,-0.02235701403861534,0.12242893874194449
W37097,0.05532445540620975,0.030873185524015044
W37098,-0.014756763465573973,0.1213609970733752
W37099,0.09154823187246305,-0.18417314568332757
W37100,-0.08402113139785097,0.153477739657393
W37101,-0.016647368441911378,0.08948264511054647
W37102,-0.009070953889489643,0.15297373129174152
W37103,0.11464903529387661,-0.2022578652683885
W37104,-0.030291332739094234,0.12559673445039163
W37105,-0.11313909366401395,0.16229293345918133
W37106,0.0709320340227213,-0.1859747835953285
W37107,-0.23252618290703908,0.20631258827834423
W37108,0.009283730572364382,-0.017954716835277086
W37109,0.019393243702081325,-0.00691520834312163
W37110,0.012382006221726952,-0.09923433084080015
W37111,-0.038813989615458094,0.1478449819743135
W37112,0.039448249273122134,-0.18413158022066956
W37113,0.04030982044582518,-0.13740820991494865
W37114,-0.0026738613701131706,0.10495765870185264
W37115,0.015409505943992118,-0.025730664483145253
W37116,-0.026395752042594537,0.14718838902836182
W37117,0.061940279288768614,0.06417153560877878
W37118,-0.00742030996004847,0.09682786350765832
W37119,0.0331886017332932,-0.13407641337612028
W37120,0.03234777291900976,-0.1524404178508753
W37121,0.07459965756569119,-0.16128847791958326
W37122,-0.009118368556174412,0.15081787952245418
W37123,-0.08843008930756094,0.14333554078464414
W37124,-0.034784256940989314,0.10219118165756097
W37125,0.08458951778525045,-0.2242671299323886
W37126,-0.6462838126596503,-0.251665703259294
W37127,0.07264577934608675,-0.2299964911019907
W37128,-0.011666961995514867,0.09683383695477178
W37130,0.05556685373518864,-0.10910703882332748
W37131,0.04495948899072853,-0.16407500542413495
W37132,-0.10223834888926404,0.1718778255797476
W37133,-0.08601291724955898,0.15651050001630407
W37134,0.01655196727133151,-0.06489212046689534
W37135,0.10672759680939906,-0.29362896283546475
W37137,-0.017892680482305117,0.10228161192599748
W37138,-0.07123836368620562,0.14829805863774848
W37139,0.06469471368769021,-0.16528276725766078
W37140,-0.004772323234255974,0.01521172971734091
W37141,0.021656376509540377,-0.12262651828122571
W37142,0.0501542341121494,0.169950770731625
W37143,0.043384494532024136,-0.17764087575366036
W37144,0.020366417271001955,-0.05616184134646428
W37145,0.030281525807846932,-0.10798475698040672
W37146,0.08702534726129088,-0.32439562474949174
W37147,0.012101165646299974,-0.02301916548491977
W37148,-0.07492457372047537,0.13409732231398597
W37150,0.07332536411217302,0.09590661132990812
W37151,0.060082905222681116,-0.1807085672709975
W37152,0.02502730252878061,-0.127330803336345
W37153,0.011027937089514387,-0.01843015515035625
W37154,0.05495205527656349,-0.10531688761929482
W37155,-0.5853578084657762,-0.2916608229547342
W37156,0.07264648293777526,-0.15129399397758792
W37157,-0.02252302686049275,0.16707985141657422
W37158,0.0870251157730446,-0.17693441968037493
W37159,0.09801650728213371,-0.19772970249528862
W37161,0.011590171832134002,-0.021002405574779642
W37162,0.0959173122849289,-0.2318859021604497
W37163,0.036227854010036,-0.011660248634189069
W37164,0.0302607128361505,-0.1025591785720651
W37165,0.0949586990031677,-0.1511890990747078
W37166,0.05103150461887377,-0.14008841380771914
W37167,-0.024298545675032195,0.10176318924210435
W37168,0.10900927337364037,-0.1399289870518234
W37169,-0.06305044446299132,0.16013373607669776
W37170,-0.03408681105381058,0.1444991535451203
W37171,0.033592775776025506,-0.14273074231261662
W37172,-0.022607084585014075,0.1562146129073201
W37173,0.04161003042575952,-0.17590051437948692
W37174,0.07924338666775317,-0.16586407977057185
W37175,-0.10117984616546213,0.16943880625008204
W37176,-0.003728078061402557,0.16547989989156986
W37177,-0.0008311300560802194,0.10736263522991425
W37178,0.027087455746806578,-0.09505324229413796
W37179,-0.0748834329856922,0.12720552034697433
W37180,-0.012795977436743471,0.14788131063419901
W37181,-0.05629835086821725,0.09441303165704439
W37182,-0.06421809569975377,0.012285405027378205
W37183,0.0021526029054146465,-0.022518246005901497
W37184,0.02030549202559091,0.01368604564839089
W37185,-0.008036402621404927,0.13604693780856206
W37186,0.009487403419325267,0.08645388975015438
W37187,0.02455537870289913,-0.13909850908093266
W37188,-0.006099944227817105,0.007278144734518551
W37190,0.04052322603996958,-0.137042829059149
W37191,-0.007147072869559661,0.09891312812939662
W37192,-0.01660612474454823,0.13642929808356466
W37193,0.09203168537135875,-0.16362430993097027
W37194,0.015643349924799165,-0.1403587312494105
W37195,0.04154279993198022,-0.19052466035855925
W37196,-0.06877720784221288,0.13487562600116373
W37197,0.018916274595234223,-0.1702438285972134
W37198,0.029494851134897755,-0.07221413285144035
W37199,0.062397661626253646,-0.1597690660464714
W37200,-0.07163460993045641,0.14750604510380647
W37201,-0.0062445942202231895,0.11594137195825782
W37202,0.01867419938687996,-0.09615733637916864
W37203,0.00027507999861912735,0.028262628594856058
W37204,-0.09805125972560441,0.15095362776669644
W37205,-0.030395745607339826,0.14106554817176975
W37206,-0.07420347890938313,0.13412152458341137
W37207,0.019257614823180978,0.12234555202111429
W37208,0.05754426458205126,-0.16311032339675033
W37209,-0.017699375963432826,0.12864282142834035
W37210,-0.028615193104679117,0.12396910670376586
W37211,-0.01165559882830178,0.04643212371430444
W37212,-0.025937331306129328,0.0430769246729132
W37213,0.004372342802537615,-0.014746380691280798
W37215,0.06803395063609656,-0.16406642869409707
W37216,0.03086006440377889,-0.10974920517351074
W37217,0.025860833622915486,-0.14465012334210472
W37218,-0.0754545309771144,0.13142158979627344
W37219,0.026129872277057768,-0.11228137535889895
W37220,0.04363834184385755,-0.18229874544507385
W37221,0.03439093813198808,-0.13825331847475625
W37223,0.044836570471047665,-0.18104544764582872
W37224,-0.02466361755591829,0.13175096365062502
W37225,-0.021940654585978533,0.14779513414203524
W37226,-0.10512335732930382,0.002991510313558394
W37227,0.02639689919712606,-0.14389490033436178
W37228,0.004313022291624061,-0.013665771415939073
W37229,0.008227183586838546,-0.011296108370011826
W37230,-0.09513642477451348,0.1549396987360719
W37231,0.031038305235247803,-0.17371494823220418
W37232,0.008653353138215851,0.0893068006902021
W37233,0.03628008721852882,-0.14418770903742384
W37234,0.022235932772291734,-0.1249114110011127
W37235,-0.06435641607832447,0.13298979037295586
W37236,0.00499835072046257,-0.0531979379270854
W37237,-0.016076693853951118,0.13538321665703076
W37238,-0.005462991747136298,0.018133046075314043
W37239,0.0216495489180768,-0.1624104773754783
W37240,-0.013103030888369647,0.11199580871836368
W37241,0.05333175645956332,-0.2218749701166923
W37242,-0.015109472573969602,0.12537463465178322
W37243,0.029536286444342637,-0.17147425442027883
W37244,-0.06470119359608252,0.14960091669558873
W37245,0.028768681899553582,-0.11792221812000143
W37246,0.021686304031585224,-0.1198020976328781
W37247,-0.06355822856613119,-0.08976847225322486
W37248,0.012847370056880783,-0.05426590147239971
W37249,-0.022449187236840806,0.13959605895768312
W37250,0.10883538655194665,-0.22842123623765342
W37251,0.06859647324849712,-0.10651927641349074
W37252,0.07219871392025712,-0.00034009716340483267
W37253,0.0580103736898868,-0.11610927223334906
W37258,-0.0021650110503933966,0.16957756281711897
W37259,0.06369028917030495,-0.11642796924535152
W37260,0.03259140780208383,-0.08020457600051009
W37261,-0.031194724484175644,0.0035398041196549705
W37262,0.048312964468712104,-0.04688268651983163
W37264,0.07809124690263111,-0.12284979142554842
W37265,0.14837048967628882,-0.12521861000429266
W37266,0.11630094443738571,-0.16559473668973043
W37267,-0.08380859262502109,0.1740363474187595
W37268,0.007767380856874749,-0.024614249434241165
W37269,0.15168905768460053,-0.18459161565097562
W37270,-0.09491304441627399,0.25161284798377864
W37273,0.027254008587744096,0.07847497828221928
W37274,0.011266693330090463,0.040159609629930246
W37275,0.11982810666356486,-0.1863370628800315
W37276,0.14756677299336024,-0.13288756450968806
W37277,-0.00668376255359952,0.1587386640167069
W37278,-0.010471483211661988,0.04789193284011106
W37279,0.002514221204214001,0.043453485423225184
W37280,-0.07820832621688263,0.15205675743796074
W37281,-0.07261875798823542,0.16312201831767487
W37282,0.06810794232611772,-0.18408450365032542
W37283,-0.011989328551539377,0.14944920037139556
W37284,0.04465837611594713,-0.15809560027372999
W37285,0.11840592627012037,-0.16923986051606024
W37286,-0.002323165506152485,0.16565377321053726
W37288,-0.0001947485531317055,0.15444539191561651
W37289,-0.16828810480470882,0.09969306263105213
W37290,-0.11722408063206281,0.18950392394023993
W37291,0.009869787490741994,0.0492447797462361
W37292,0.052043641611141105,-0.16639447152990655
W37293,0.06097455533800093,-0.17790167255107286
W37294,0.11420400346778672,-0.14663382035699246
W37295,0.005001235561444744,-0.0065288820968143505
W37296,-0.0806779590730466,0.16974737511405583
W37297,0.026819207438848844,0.14582696689875513
W37298,0.026523504663766972,-0.1188610702829149
W37300,-0.020182586222115977,0.10060460187928051
W37301,0.05235765187962799,-0.17095494444833148
W37302,-0.0018912428508599463,0.14907767229023697
W37303,0.00030645531344272714,0.16356538900552853
W37304,-0.007247053896574306,0.16421999914329155
W37305,-0.03538704415457838,0.12673968455929374
W37306,0.0896248695232021,-0.1774337118352452
W37307,0.07502545189272779,-0.20194755555239408
W37308,-0.006505275107925648,0.14165743538026798
W37309,0.009277175106832363,-0.06367604077673131
W37310,0.008784979037657615,-0.000804781844575863
W37311,0.03058065639774595,-0.0010325379476978532
W37312,-0.014233368340534699,0.0826161794659039
W37313,0.09946142727983763,-0.12883847955820316
W37314,0.024706113436523028,-0.09524775327984952
W37315,-0.014802503872802969,0.12086581713640107
W37317,0.025865170450523955,-0.05951896302779924
W37318,0.0363840914650063,-0.17752040911259565
W37319,-0.05262707291225571,-0.010846515492917725
W37320,0.008451670918728097,-0.008281080944991073
W37322,-0.09581155842634481,0.14432340678334224
W37323,0.025166887757693893,-0.11106451196509484
W37324,-0.011816867593761639,0.14495951477545524
W37325,0.020994753678325328,-0.1179500112965621
W37326,-0.01963904403090909,0.11252316601564136
W37327,-0.03923024925344475,0.00911443624482856
W37328,-0.0015092124004699426,0.0027405971455257356
W37330,-0.030107011736987658,0.10936078814102981
W37331,0.018446255065302272,0.01033689114599495
W37332,0.0042394352084594925,0.13132791426582638
W37334,-0.02096693327554239,0.00016009029301295645
W37335,0.007273391211713316,0.14306783750710983
W37336,0.0957210382989635,-0.1458978129481065
W37337,-0.020947135547447007,0.14557545270277714
W37338,0.09568093754133464,-0.19318520020807697
W37339,0.029956532724967344,-0.14004097117041225
W37340,-0.41043004557729806,0.014804672534011956
W37341,-0.13418119085915492,0.18484812143100124
W37342,0.10545135164921604,-0.15073655072121436
W37343,-0.75659801815189,-0.3115783856063137
W37344,0.09037243533062811,-0.1467767845469192
W37345,0.10197791994974593,-0.15956092032136332
W37346,0.09961001511026038,-0.18105103889566157
W37347,0.02132223040997186,-0.059868965993206055
W37348,-0.06433886970699505,0.17362325141312643
W37349,0.125151351677106,0.09477931913753107
W37350,-0.004539688870629911,0.14959177322233008
W37353,0.1216944590750371,-0.16628792929942218
W37354,0.02064933836155957,0.07470735206217491
W37355,-0.010929422283120105,-0.022302801589098028
W37356,-0.0007521125403641981,-0.015834751614461996
W37357,-0.035287146736873026,0.1561787356377628
W37358,-0.008955569868765672,0.13409229030812225
W37361,0.1008926833942881,-0.135876460527506
W37362,0.0009509544065581815,0.0724334947153114
W37363,-0.006263614513501168,0.1440186876966358
W37364,0.03781637188420108,-0.14320304161552597
W37365,0.05429151364130505,-0.2170795012906678
W37366,0.10451597710020696,-0.14065376961797116
W37367,-0.0029596626137608022,0.16468117383554393
W37369,0.040407916852036214,-0.10709577735396085
W37371,0.0375248113454622,-0.1839254658181393
W37372,0.013619712974679222,0.09334296055524682
W37373,0.004764633803174766,0.14824249809198062
W37374,0.02986210775392865,-0.09839913958633169
W37375,0.021609088590549337,-0.00030841407265649043
W37376,0.0002947513499993904,0.15537602442667833
W37377,0.09712857497935647,-0.18247166296386927
W37378,0.046197682282364844,-0.18926832307701996
W37379,-0.01550289564936592,0.1339703239410192
W37380,0.08793472730380858,-0.1752775178542987
W37381,0.04612714980294298,-0.17273322109930944
W37382,0.00638562997561915,-0.022824075756503828
W37384,-0.004210632360346267,0.16107857778359305
W37385,-0.0057432879986296995,0.15203474812924375
W37386,0.07200929842384392,-0.16777480696739117
W37387,0.02064018343004683,-0.10823367401446328
W37388,0.007346179498956705,0.06663012528356642
W37389,0.019363642504220527,-0.10870595742013027
W37390,-0.07300121062806135,0.14506380037902677
W37391,0.1145766376388774,-0.14644933415144312
W37392,-0.0054599029321767845,0.09320404503698952
W37393,0.03550167081134652,-0.1195763254650137
W37394,0.004908375516072959,0.036826925646489164
W37395,0.015036149243840391,-0.08108044160990588
W37396,0.04538002539748367,-0.16860622272124753
W37397,0.011063173185934158,-0.017605473791871492
W37398,0.012358115583596672,-0.012574018054871239
W37399,-0.1035435391060299,0.15933846538567326
W37401,-0.0900884722173882,0.2441542474850392
W37402,-0.04476247202999396,0.11792265780622295
W37403,0.03598258859152332,-0.13015108184396282
W37405,-0.06344065388571979,0.15141019554380733
W37406,0.041044187762284474,-0.16447953298810045
W37407,0.07162820075570236,-0.18800924409778239
W37409,0.044348717603261124,-0.09309927804157196
W37410,0.03722554998463611,-0.14391998341137527
W37411,0.038771311592925226,-0.1384798774504136
W37412,-0.009912597547174723,0.11038840032454983
W37413,0.07757257836624688,-0.19974975080979332
W37414,0.09064942208966059,-0.0901901213289718
W37415,0.07270164493113063,-0.097552033476749
W37417,-0.08550924344482444,0.16547240731692525
W37418,0.017423348438312558,0.07290773174338135
W37419,-0.02338060447117087,0.13327912090370578
W37420,0.0933639828220505,-0.2923196821674394
W37421,0.03713372029053176,-0.1874343411840769
W37422,0.12157213173018641,-0.18979991545289612
W37424,-0.0805156814450186,0.15137264173301462
W37425,-0.021144100023141345,-0.0010591093317914785
W37426,0.04169991909964233,-0.14175753036701316
W37427,-0.009408250996187244,-0.015555163487942104
W37428,0.02763474154269307,-0.10224835964657368
W37429,0.03161077819873103,-0.14618925003553473
W37430,0.011770065142183424,0.101208957311484
W37431,-0.028601285764402698,0.1530126454391736
W37432,-0.018732451653717126,0.1457270071258487
W37433,0.05877583871908891,-0.16678360205825
W37434,-0.03868781701557072,0.12871002123445774
W37435,0.029656491369291056,-0.07774409057013955
W37436,-0.0030134962558042567,0.042403081647318853
W37437,0.06631229737976055,-0.1609712065960839
W37442,0.027769520006335674,-0.06160771430062062
W37443,-0.02639222291409814,0.151515130901025
W37446,0.020222239158751595,-0.029523864097638658
W37449,0.08817906827890495,0.051221848517074925
W37450,0.047404763636155256,-0.08740927622885794
W37451,0.007516597346951032,-0.015424716940724668
W37452,-0.020253845435269365,0.04002979644174881
W37453,0.07472654496617198,-0.11808394307933838
W37454,-0.012013532841963237,0.14591438266042928
W37455,0.07723206134058469,-0.09373471512847152
W37456,-0.07210564845148747,0.19279606305743893
W37457,-0.03852412663962701,0.1454762118771645
W37458,-0.0051902568035514735,0.1616319315932212
W37459,0.05619888313466436,-0.14431841472330206
W37460,-0.0916669495083966,0.13697851803303981
W37461,-0.004656125679267602,-0.019155307499562013
W37462,0.1324218291702533,-0.16064993332258104
W37463,-0.010698470777707242,0.12196995439150142
W37465,0.12459309354381279,-0.17099570287678648
W37466,-0.04157085318983387,0.138642215355978
W37467,0.006647757369990258,0.17566329180050005
W37468,-0.12541169711768932,0.031619987561151766
W37469,-0.09289189383394529,0.16423694365467842
W37470,-0.04046586277906568,0.08523854772501056
W37471,0.08632085148732767,0.06265028896069075
W37473,0.11894085355593335,-0.18124228349157778
W37474,0.031008173676339176,-0.1043239046975665
W37475,-0.00996053663613493,0.0653565211110505
W37476,-0.10059181420953099,0.15897379497293818
W37477,0.018807038078569566,-0.11653459726567789
W37478,-0.03510262417630299,0.11139494362588276
W37479,0.021311425045582817,-0.06319394542792225
W37480,-0.0059110837753702525,0.15518890974566216
W37481,0.0005799427618873509,0.16126375280582497
W37482,0.030410628204218478,-0.10135218280754818
W37483,0.0024613697510470576,0.02278089126066049
W37484,0.0009505523279863977,-0.013857958144198136
W37485,0.024459165933998613,-0.15239901985296755
W37486,0.03326707670116893,-0.15763028088772302
W37487,0.06395904052457685,-0.20850191736740165
W37488,-0.021497789405177315,0.14459681129629892
W37489,0.016430710139329226,-0.03021907945013295
W37490,-0.08801274502227047,0.010765740015690079
W37491,-0.014780506414430725,0.14241101578915077
W37492,0.024889023429212984,-0.16526608117304742
W37493,0.047967581610205305,-0.15592137758015043
W37494,-0.03189569637884568,0.12348558646952489
W37496,0.009823135617713256,0.12002885617589935
W37497,-0.014619505695617548,0.008571592367004142
W37498,0.12825189768185652,-0.177907942090224
W37499,-0.008468036531220366,0.11480275695866561
W37500,-0.005379235175283219,0.14745149550679332
W37501,0.019883053198315785,-0.10672649322105962
W37502,0.013787717681728456,-0.1363655900082197
W37503,-0.2633272905715283,0.17617745105875987
W37504,-0.06989119535887214,0.15536436311454568
W37505,0.06912648948495548,-0.06914890431733058
W37506,0.02922392946178991,-0.008439570363317312
W37507,0.05455186881681572,-0.21216765056823395
W37508,0.003244895463543278,0.16773557240908654
W37509,-0.010768396098910093,0.15071003855577472
W37510,0.005990216521033336,-0.008095274221445282
W37511,0.034847650643634064,-0.06392457636279612
W37512,0.052927976977623706,-0.13665695738415512
W37514,0.006874380367476284,0.13823957819076144
W37515,0.010068806137911987,-0.023216760883884247
W37516,0.011927940813884663,-0.05870296183483062
W37517,0.024355741952121618,-0.13899287955301784
W37518,-0.007800755645716782,0.07426965763462927
W37519,-0.09605284948882392,0.17078863820538975
W37520,0.06080469790902613,-0.15688216969451083
W37521,-0.03850791137983283,0.14414734872688656
W37522,0.1079919250976785,-0.17817536706921308
W37523,0.027606337418404053,-0.12058018573207072
W37524,-0.0072273554261301064,0.07240326563064704
W37525,-0.10288301303272349,0.16911447792549641
W37526,-0.02117695473327002,0.003516719074861451
W37527,0.024264888926573445,-0.07007623421087124
W37528,-0.03614200753943763,0.12463777140173929
W37529,0.05714673170987603,-0.11043183002948856
W37530,-0.0013359672280283323,0.07841474381536871
W37531,-0.0019399570291359354,-0.0247131554739308
W37532,-0.0037760475630157614,0.14776912729377983
W37534,0.06687942556270782,-0.1833671660113667
W37535,-0.07312358316374133,0.14707386766234434
W37537,0.13950408862930275,-0.15218224256992358
W37538,0.03576317458496281,-0.08857894095252168
W37539,0.12903237594925315,-0.29935616201015525
W37540,0.1206382505184323,-0.17007631762688774
W37541,0.12109415596720792,-0.18595390183211402
W37542,0.10056951542454094,-0.14839656257888828
W37545,0.04294101115494776,-0.07862963229640081
W37546,0.0038630256125772077,0.15440553250885614
W37548,0.06580864111534339,-0.15699685796003077
W37549,0.033161490635476826,-0.11339106394561231
W37551,-0.06400487480706682,0.1430605296980039
W37552,-0.02080508997022442,0.15567491592448424
W37553,-0.0021869959661037375,0.12842337452606736
W37554,0.10619650453121456,-0.12893920996734543
W37555,0.03568849582064987,-0.12677237918178966
W37557,0.010789790660612026,-0.019885209723215818
W37558,-0.011838839152450676,0.04796376426396998
W37559,-0.6224474862586055,-0.25033643811873196
W37561,0.09453130831932831,-0.15290850941151707
W37562,-0.037376293546845824,0.0873857497731734
W37563,0.040095864241122575,-0.14524781831857878
W37564,0.002574108814239969,0.13780610388326167
W37565,0.06307164185972304,-0.1609414801357363
W37566,0.11256014547723946,-0.10664238459130483
W37567,0.007198349063804942,0.06532037489147222
W37568,-0.10245023396162774,0.19622207501012315
W37569,-0.045055338353491146,0.15168713366755582
W37570,-0.08648646156209963,0.16528350859360263
W37572,-0.019725554997031693,0.025768579075932677
W37573,0.03041016801150443,-0.15833590664943528
W37574,0.04581150761480383,-0.17625889423444102
W37575,0.02575478348717968,-0.07205427079103244
W37577,0.15275221953935414,-0.16906343898513082
W37578,-0.01191768492339505,0.14814999932559195
W37579,-0.03426765787471323,0.10691852353043789
W37580,-0.07010247324051591,0.13859871095586726
W37581,-0.017981130771779995,0.09056427275673169
W37582,0.00014243750663527803,0.15327674148356196
W37583,0.07830761350573197,-0.12156813537003622
W37584,-0.0022543523049321232,-0.009667598976891682
W37585,-0.005344534502997989,0.1607537263048018
W37586,0.06443214617828724,-0.2103459191881766
W37587,-0.010385100219799995,0.11348599039943194
W37588,-0.005024808725876318,0.16606004978137892
W37589,-0.018143101432579214,0.14734322485971282
W37591,0.06338433316614106,-0.15769958481154933
W37593,-0.06788598478621344,0.11893394622710977
W37594,-0.0009756693090367993,0.1496262372165413
W37595,-0.010316301952893831,0.05673555970624298
W37596,-0.022261840261901797,0.09274409406280018
W37597,-0.07971517071562222,0.15002186453802963
W37599,-0.09109258913138939,-0.0014001978200175842
W37601,-0.005763182624927593,0.1363136227900151
W37602,0.0254027640262193,-0.10213251289632506
W37603,0.011946701060432257,-0.07558289465955627
W37604,-0.0024518259295917954,0.12432013874297188
W37605,0.039578939659681296,-0.1550242946546962
W37606,0.04393139536147416,-0.08150043626279004
W37607,0.07690242062834564,-0.135434658953431
W37608,-0.022152102304474793,0.10128708508625625
W37609,0.008922677977599236,-0.02908881687604447
W37610,0.0008253997167046081,-0.014146539219494282
W37611,-0.004766342320806059,0.1468197318284963
W37612,0.012036669574567938,-0.08941332320958201
W37613,0.004724392814331725,0.16473817490945186
W37614,0.036031473432734336,-0.1699285038862438
W37615,-0.08123360424396653,0.1486537955832154
W37617,0.004239743643977055,-0.026361166667043127
W37618,-0.04027570547469315,0.11058509814452858
W37619,-0.09491340646064161,0.02553607719245683
W37620,0.04623062512411424,-0.1536676290022633
W37621,0.0807356128391514,-0.15514234345017372
W37622,0.05921284848661202,-0.1620560450103376
W37624,-0.005461971492173693,0.15635290308316022
W37625,-0.0076011956744149725,0.005896986598415752
W37627,-0.04539900775220726,-0.011714582628775881
W37628,-0.014072556396553521,0.016472164184439315
W37629,0.0004337625204935397,0.13781286916204383
W37630,0.05725295244975648,-0.20005345642213854
W37631,0.07694750011886672,-0.20024327820340496
W37633,0.0938321432461603,-0.1463885566248534
W37634,0.11594955038973197,-0.14291331757999726
W37635,0.025921570952409597,-0.05137502258830758
W37642,-0.0014302763082554653,-0.004451422007483043
W37644,-0.011844465397403964,0.010110546662946812
W37650,0.023237341401348366,-0.0708979729026943
W37651,0.0908326713133978,-0.2128740790462139
W37653,-0.0232409401378119,0.05230410761998173
W37654,-0.0041658019406934045,0.17394895456291495
W37657,-0.029551547099698875,0.12744683768550202
W37658,0.022129919362939007,-0.064059692287349
W37660,-0.01659527289566502,0.12584188997307985
W37661,0.10644785644664652,-0.14891954461815593
W37663,-0.09449748209060048,0.17740177794827763
W37664,-0.00930420074250388,0.144656560944423
W37665,0.04519903523557342,-0.121050737684936
W37666,0.00970246918237563,-0.018897896825170298
W37667,0.0020681877629186974,0.14280336253723638
W37668,0.03707390748536609,-0.09593017713658604
W37669,-0.0073857278989317154,0.14471668224904574
W37670,0.08353677766885503,-0.1613457186976191
W37673,-0.06412044128599252,0.14531670746735498
W37674,0.06700621852275698,0.0036539576549542967
W37675,0.08994725172502573,-0.150877777400971
W37676,-0.009478613630122876,0.07533797694325321
W37680,-0.0065864640427885585,0.1259280728797479
W37682,0.07308286586795594,-0.1509177231952039
W37683,0.10974819959372595,-0.21341147366774996
W37684,-0.018459548860591472,0.08433971071656607
W37685,0.002085455871538146,0.11115321585232371
W37686,0.004903957674449433,-0.017956934181364438
W37687,-0.0410392591068588,0.14441580302383875
W37689,-0.022828626388204397,0.14704759942170328
W37691,0.11778985870664482,-0.1986531578973103
W37692,0.0942391143145415,-0.18580307467285564
W37693,0.0953947992149134,-0.20126732495420338
W37694,-0.0054812799244557215,0.14958085975064833
W37696,-0.07144387763917379,0.14726744172893672
W37698,-0.06950430495457947,0.012853670593845809
W37699,0.10235292605335149,-0.19537243262340945
W37700,-0.006925051829564845,0.1625656644509139
W37701,-0.0196901553984073,0.14877784846028355
W37702,-0.02947219972587311,0.1292242544009256
W37704,-0.014725826466766472,0.06436149708433707
W37706,-0.0144082470363695,0.16693486176618635
W37707,-0.03829319995731249,0.11992707126117604
W37708,0.05606768949385267,-0.17467389789538915
W37709,0.01230881969128835,-0.023413183373309627
W37710,0.10416663525563978,-0.19496143461269003
W37711,-0.09535787310711999,0.1762249580433402
W37712,0.004441294819074279,0.08382969501285416
W37713,0.018024589765103117,-0.06692754794737946
W37714,0.07463976444142584,-0.19613280150139248
W37715,-0.023770167547698628,0.14288117335330813
W37716,-0.0374742281469328,0.11622938071150254
W37717,-0.07015404303486134,0.15733828670469166
W37718,0.03624617590251799,-0.11950850297992205
W37719,-0.000938279863068779,0.046325873092159464
W37720,0.06897467355423226,-0.16272627372821097
W37721,0.010278207514270117,0.09533409603827397
W37722,0.0034192574537686518,0.13034121987659938
W37723,-0.005270815012537769,-0.011016293566312098
W37724,0.02848814069360481,-0.09219481430859579
W37725,0.0475217590916415,-0.11406747605621255
W37726,0.04011417813927812,-0.10608954238705091
W37728,-0.04222015023733093,0.14048674410898362
W37729,0.013726848193867467,0.008740759543310835
W37730,0.0896908241487324,-0.18098831248203068
W37731,-0.07956798506179563,0.15414971192712631
W37737,0.0570962560345869,-0.11955867422181643
W37738,0.011093661559389338,-0.05439473880125446
W37739,-0.023654609332210995,0.10552962014809182
W37745,0.04531359439548276,-0.1280452675778519
W37746,0.0816639373071619,-0.1740627356375059
W37747,0.07442577605256825,-0.1618908831901246
W37748,-0.06939774877049956,0.13941910318611928
W37753,0.11387576562526619,-0.2726434917750305
W37754,-0.07221028614397001,0.16599541759696765
W37756,0.00039642670642157793,0.12317746163679531
W37758,-0.0738407474836924,0.14283151869971714
W37759,0.042673789848739034,-0.16938619949947933
W37761,0.03137890496409108,-0.08133932932734489
W37762,0.010954055830435917,0.028057189100709392
W37763,-0.016219215901134187,0.01366138688268152
W37764,-0.02295074454415291,0.10118273970725555
W37765,0.03519334578752489,-0.11416543209069271
W37766,-0.08617738681468755,0.15684266334330793
W37769,0.049142826999658495,-0.08922141965173783
W37770,-0.0035209565050938704,0.1502249675660465
W37771,0.14569969441839956,-0.19318475680904038
W37772,-0.01842949910325394,0.15844382544592675
W37776,0.030929012489924378,-0.08714666490394085
W37777,0.008734489339656818,0.12748432630889614
W37778,-0.048876361697731845,-0.050453176556085486
W37779,0.038058301315873476,-0.17751207438267474
W37780,0.018641652177646784,0.07394406311087624
W37781,0.04536710212827256,-0.1155620714007841
W37782,0.08509076965552721,-0.09127975315601507
W37786,0.06946103110729161,-0.1426229919164721
W37788,-0.016860751780844497,0.14233029621937954
W37790,0.038911878649445786,-0.14957486515560503
W37793,-0.004704647489272294,0.09380324793148068
W37794,-0.12085370122933414,0.19290024447649087
W37795,0.024823315754971858,-0.043226751375223166
W37796,-0.01287964646060727,0.15077659461864842
W37797,-0.07284450087485334,0.14219946528469246
W37798,0.062196170809764376,-0.1289245711615453
W37799,-0.011758407408947397,0.07370044306481038
W37800,-0.02687451974040587,0.1533303943213552
W37801,-0.0026226318930543837,-0.0008922827813152101
W37802,-0.4033536304756149,-0.00782887846028466
W37803,-0.06746619377784915,0.13952315407646537
W37804,0.03800712317533866,-0.1616016974123906
W37805,-0.009017388223471381,0.1350219215392786
W37806,0.007595226553984452,-0.00020480771833759255
W37807,-0.009054680961183247,0.1445572867375312
W37809,-0.007049913655842427,0.14235911943201396
W37811,0.050696562518848534,-0.14672140690052476
W37812,0.040945841689199555,-0.02639853902638271
W37813,-0.01751495510398115,0.12945842882569839
W37817,0.03217274469839526,-0.11459605190085378
W37818,-0.12462140128555527,0.1855087628811302
W37819,0.039500679482184366,-0.09878252360008263
W37820,0.03255871986875751,-0.08200402013575107
W37821,-0.2110557324732665,0.14489097486791186
W37822,-0.009208342832606136,0.14465243827785074
W37825,-0.03030913382927686,0.15149586742400742
W37826,0.0009742470332496997,0.16303336421976816
W37828,-0.08267025104474487,0.17406266703907536
W37830,0.029015226132350396,-0.08092598706294221
W37833,0.15317005727411628,-0.1943263346636677
W37835,0.0005378433549802009,0.09911799255611654
W37838,0.02367778957390718,-0.0804007249197402
W37841,0.09357838788610595,-0.18601734909275805
W37842,-0.030951317090393643,0.14696277291192544
W37843,0.00871055871902885,0.053075316286751245
W37844,-0.0305139195614357,0.0063461281681207165
W37847,0.024202046643859717,-0.06532094121552677
W37848,0.028932447234731668,-0.04841455207215561
W37849,-0.07309142858742412,0.161860885077395
W37850,-0.02147905249226708,0.15641786357359394
W37851,0.06879949746256828,-0.13962743733390237
W37852,0.06743741273169519,-0.1396374387903839
W37853,0.007567076797842124,0.11439402630723094
W37854,-0.010192476406447366,0.04639783896626864
W37857,0.01635547804062852,0.025531243075973622
W37858,0.08287225137485688,-0.1638566586656189
W37859,0.036646297026854,-0.0960273631335194
W37860,-0.017411228873340734,0.005586118600079352
W37861,-0.10576618533449404,0.19710640789417747
W37863,-0.09056625150941829,0.15332945568454281
W37864,0.03508333797735792,-0.16740814179345967
W37865,0.08055561346555316,-0.167820728879894
W37866,-0.09209040616092204,0.16629844171009675
W37867,0.01708318261526475,-0.009627787086832668
W37868,-0.04228462754687522,0.12483999963505678
W37870,-0.039215104175641974,0.10559211320731679
W37872,-0.021557057210672213,0.08935198225868161
W37873,0.03967900300231883,-0.10104906974835293
W37874,0.043645467693347526,-0.145162047625188
W37875,0.08524428057571401,-0.15391343644874425
W37876,0.09819003056012354,-0.15555965269166033
W37878,0.07407600833841935,-0.19505959833990327
W37879,-0.2025234251685034,0.2756078905513079
W37880,-0.013581283252197708,0.14053026688187842
W37881,0.08484184520127369,-0.1592900418963941
W37882,-0.024899294947530487,0.15393124154887464
W37883,-0.06195924477775073,0.1329952826392301
W37885,-0.017314567568724862,0.016891220033252323
W37886,-0.02891032640036254,0.13877946087068388
W37887,0.06728265863537529,-0.13994901790104422
W37888,0.13387715213284013,-0.1818505577206451
W37889,-0.009353996110265368,0.15069079343095027
W37890,0.005927415189121564,-0.01842552608374025
W37891,0.018977226936043257,-0.03700191118431891
W37892,0.002884054446741752,0.04465056317373308
W37893,0.07324783999934137,-0.1502096282131918
W37894,-0.02840764672169413,0.15906342646683452
W37895,-0.06689804008183677,0.14048249056637352
W37896,0.0770082154727023,-0.15377934971667706
W37898,-0.02668204366582529,0.14368164302153233
W37899,0.05647612445102905,-0.1531389565976203
W37900,0.0914049082467575,-0.14868282845681768
W37901,0.07872740071013039,-0.2055970475599858
W37902,-0.07740538673802394,0.12751608447859766
W37903,0.003661367285595215,-0.01702821232384488
W37904,0.06172777610814229,-0.17466278405100677
W37906,-0.00493709741680648,0.06446274975468685
W37907,0.009508115960697849,-0.005533838753738317
W37908,0.008359528327619978,-0.038793391592012394
W37909,0.02597205896946171,-0.06652299523787425
W37910,-0.01864696620170168,0.07515916838695845
W37913,0.008784527975017666,-0.032039452059787026
W37914,0.00013150156840925688,-0.019932187555508143
W37915,0.12509292132981373,-0.13525242070140306
W37916,0.002116343013973015,-0.00934447346393766
W37917,0.01500927352688397,-0.11843074008040098
W37918,0.02935267727485278,-0.11583884480992353
W37919,0.049361320064950566,-0.1961208897637344
W37921,0.00021017580886849128,0.16085111283120496
W37922,-0.04273245066336465,0.15561140387512956
W37923,0.03861857203711745,-0.10706050938708633
W37924,0.021747143749629376,-0.04611004190686437
W37929,-0.03325540708729397,0.1551777751213618
W37930,-0.4110589310289095,0.02873655408683937
W37935,0.13598897279812966,-0.10985892613276096
W37937,0.07028928195970356,-0.11405559720355253
W37938,0.11199360050202578,-0.18811399011482277
W37939,-0.08176632415462114,0.15831853515443334
W37940,0.05210384013828627,-0.10013316087694214
W37941,-0.01118272842619648,0.07522383263325479
W37942,-0.0287367443975948,0.1444410337026902
W37943,0.024792235275386584,0.031103621093323784
W37945,-0.020004495209143918,0.04064534595203816
W37946,-0.014054327594677018,0.14183193268273725
W37948,-0.026812849762019912,0.14394348518327157
W37951,-0.014720760855216905,0.0012988538816493156
W37952,0.0355442801802015,-0.06145535519187797
W37953,-0.0675581986838418,0.14177560991032012
W37954,-0.036224301857600075,0.14485296228324784
W37955,0.11556880192373123,-0.1974243473312635
W37956,-0.09014304610469717,0.16579294032679948
W37957,-0.0572067548434058,0.14765577208912992
W37959,0.05361201572059004,-0.13869272936792174
W37960,0.06217399697435777,-0.12873306335323562
W37961,-0.047991771621543305,-0.01146921158985618
W37962,-0.06027171165410594,0.15408571459749829
W37963,-0.06499973465105532,0.13129630249191068
W37964,0.0403265989011142,-0.1041808148909385
W37965,0.05487059618145457,-0.10779286924891564
W37967,0.020761618519236677,-0.06614921871180796
W37969,0.05974958915431146,-0.16708699775420816
W37970,-0.008875598711096349,0.036926860202305546
W37971,-0.0008237120085641354,-0.02738035261437541
W37972,0.02162435147070554,0.08759813242802535
W37974,-0.06706275363538172,0.15662022868945646
W37975,-0.018493214348571423,0.16792146062015326
W37977,-0.021110535495314,0.08844633357712046
W37978,0.09898348497237172,-0.17861280563455545
W37979,0.002531121954887919,0.003348953464426717
W37980,0.08203179487686837,-0.22362608795028996
W37982,-0.01244042026326187,0.16281686329491907
W37983,0.014398617371773387,-0.07389311273081724
W37984,0.02081677836641302,0.06600525030706048
W37985,0.0957075772022045,-0.23192057190917315
W37986,0.07937670745364613,-0.1655271325669959
W37988,0.07001695379236314,-0.16765169298243388
W37989,0.03374816578818658,0.03283092417667348
W37990,-0.021435321041528888,0.15239973491994033
W37991,0.11919475157240733,-0.29033654634342965
W37992,-0.028216413742570827,0.12352909802748692
W37993,-0.03296983091202044,0.10339040927621457
W37994,0.11021603471010383,-0.21571144790762778
W37995,-0.05133886272095094,0.15615053636877346
W37996,-0.08106130450190228,0.1481685421407516
W37997,-0.00755142066076937,0.15433954173136807
W38000,-0.01677899678229032,0.004244208283609623
W38001,-0.023642247073001926,0.13540983027603667
W38002,-0.0879673605300686,0.14744468407108816
W38003,0.06663175189429993,-0.18464807187877416
W38004,-0.03787037933383705,-0.0007040996938756595
W38005,0.05259971372510792,-0.13811453080766548
W38006,0.026180654070274503,-0.08689964583261774
W38008,-0.05941105380909639,0.1433072172178607
W38009,-0.01794183477172538,0.10696990227641831
W38010,0.03887213071125342,-0.1015201109258935
W38011,-0.03071681131264639,0.15437810202805433
W38012,0.03800097835847656,-0.13411194058569195
W38013,0.02124071125536257,-0.07982079278245365
W38014,-0.09481771831457451,0.15517611809312937
W38017,0.13198070444302046,-0.18123559435422912
W38018,-0.04683096301697577,0.17783732650022863
W38019,0.011570003791899526,-0.003957848486584309
W38020,0.0032038661890930395,-0.017793124118359403
W38021,-0.0016675007159495064,0.08034967494053745
W38022,-0.003567970514297524,0.1561726564380861
W38023,0.13482934319057907,-0.1813937519910934
W38025,0.07088253255825966,-0.11305178288844868
W38026,-0.003134005012485847,0.16103347532694418
W38027,-0.05185149571155891,0.16908343086918565
W38028,-0.6085446317583086,-0.23031429300404135
W38030,0.0666923558645129,0.039430425370347286
W38031,0.0536497627556792,-0.10669320570261112
W38032,0.05754721687455784,-0.11066812830484613
W38033,0.14542248216131642,-0.18455877426675565
W38034,0.12385721237330892,-0.16516069793107274
W38035,0.0036414240140515324,-0.005550455922069438
W38036,-0.011439937289793645,0.01599418735123916
W38037,0.023722750239779874,-0.0660646218739397
W38038,-0.017767041609576942,0.03463553271494752
W38039,-0.08957516769433914,0.16801525337135162
W38040,0.10660131431239746,-0.14511311629251178
W38041,0.0009702836472852042,0.17686551467344233
W38042,0.12033249613513274,-0.12252805349178905
W38043,0.093983934172023,-0.15018245259274646
W38044,-0.6207224947045692,-0.2553460384234581
W38045,0.027645356209463,-0.08468001178315615
W38046,-0.005615116288394919,0.16827097931886908
W38047,-0.019063736536904873,0.16720841281987908
W38048,0.13795375036064744,-0.18795456652578488
W38049,0.01710378397463986,0.10078851557235563
W38050,0.025576411111267374,-0.05618153700329093
W38051,0.04048880080259876,-0.1663722910409262
W38052,-0.08745712957750944,0.16061839442672934
W38053,-0.07327719435643747,0.14704824058835572
W38054,-0.009173847042338956,-0.016463553993180134
W38055,0.10853763116895052,-0.16519978057474935
W38056,-0.00990965048372667,0.05305935810951504
W38057,0.127830543929725,-0.15925299284701394
W38058,-0.0006714432836405869,0.13406480663067752
W38059,-0.0028610404418112165,-0.008920100664370639
W38060,0.033120197712966176,-0.1128887657182703
W38061,0.004077435651888779,0.06996535526703401
W38062,-0.007778033701679317,0.06982703314132552
W38063,0.11808844707782457,-0.16527742386961386
W38064,0.00843452484820127,-0.022694314814584254
W38065,0.13499746867453188,-0.18185437147849007
W38066,0.04179594461615979,-0.1398083183058028
W38067,0.0036714973977670586,-0.017778940891285205
W38068,0.009056157283474933,0.1212801915855273
W38069,0.02476738702398999,-0.08998727776828518
W38070,-0.061770193377380885,0.13224196773245606
W38071,-0.015397035436646304,-0.0005771612678162562
W38072,0.005912738347624259,0.0630768512112506
W38073,0.07574030605638904,-0.11654691924824905
W38074,0.060946883046825676,-0.16672236004612517
W38075,0.08972110118028565,-0.12614554966959807
W38076,0.014206789552451348,-0.009254081917246682
W38077,0.05885298883715909,-0.22853123328209582
W38078,-0.08634995184023392,0.15870403726050672
W38079,0.06285450770321536,-0.15666592925473566
W38080,0.10821356856260053,-0.13696892476184147
W38081,0.04647538151724461,-0.08497227844145946
W38082,0.012901319249518104,-0.03522905359609854
W38083,-0.002613328913584781,-0.02549925267844711
W38084,0.07490143889287028,-0.09423702068838599
W38085,-0.06565776280821015,0.10882190887806899
W38086,0.0588861926692236,-0.16409191499072295
W38087,0.019559152650332333,0.09972144309039661
W38088,-0.0031166677093112955,0.0593199813620994
W38090,0.08976627801277202,-0.15121850916702612
W38091,0.12401595287600611,-0.17464765037235064
W38092,-0.006738278100547833,0.020743377088273226
W38093,0.016121128825110118,-0.0636318035498668
W38094,-0.0203915182324725,0.09144600238530923
W38095,-0.07188894629138194,0.17485518711560663
W38096,-0.008240307532607542,-0.019074160418188126
W38097,-0.005195425072405183,0.06346431598465704
W38098,-0.018591262076303468,0.1452237424037284
W38100,-0.003595508086519223,0.15222618789723677
W38101,-0.009264659768968756,0.13678925349863816
W38102,0.05836901370409919,-0.16483260458709426
W38103,-0.07866925747977728,0.14412363860610805
W38104,0.0017539830911722592,-0.02589610386440463
W38105,-0.012156344387766312,0.1454533159833037
W38106,0.011537416364201003,0.09434788718867615
W38107,-0.00692129778209227,0.16024343844848898
W38108,0.012577919516911146,-0.06486887377306945
W38109,-0.005849646120433151,0.16376742352138288
W38110,-0.10866893843985857,0.1697701673430637
W38111,0.07730503711829083,-0.15988161639024437
W38112,0.010206154300549034,0.08449676072853814
W38113,-0.1012070659518541,0.15602965861397172
W38114,-0.027625286080207215,0.1003577332759547
W38115,0.0028646945726082847,0.13113895768130016
W38116,0.0314085643645241,-0.10184855472998573
W38117,0.023077947114189885,0.03893748309290099
W38118,0.084721584649111,-0.15800372012732086
W38119,0.1354320841710703,-0.18616936833303246
W38121,-0.009112233877478856,0.07372037533168498
W38123,0.06057648337074897,-0.16748864118859466
W38124,0.041796182234376165,-0.14149035222298492
W38125,0.03352021520149113,-0.11515917661280284
W38126,0.031138573479583688,-0.13406672546979323
W38127,0.043666647595919865,-0.11350233328438981
W38128,-0.00830269542791502,0.12677855425547482
W38129,-0.007667463624070247,0.014703492618123936
W38130,-0.02353899782541033,0.12978746034946473
W38131,-0.11037134692490871,0.16994773730277765
W38132,0.024667345001407045,-0.10811332407811851
W38133,0.04130279463331411,-0.1047696257511548
W38134,0.010730884591175572,-0.0033240029872348546
W38135,0.009799529293951547,-0.01574842127520173
W38136,0.14859132605553343,-0.11491656482267514
W38137,0.05218843115132895,-0.1331871504242638
W38138,0.03973190235503222,-0.14552327838085027
W38140,-0.016952378240449432,0.1393131053387463
W38141,-0.007154568186016679,0.11609651831266139
W38142,0.044079102437401346,-0.17824409407603567
W38143,0.009082715358579017,-0.027310667339736326
W38144,0.12035681600965886,-0.17723018988675168
W38145,0.0317827322439672,-0.13153651885280035
W38146,0.061382831844121764,-0.17537297554793702
W38147,0.06644443466466594,-0.2288817533130903
W38148,-0.10195704475226092,0.150996814452184
W38149,0.0009521870565718652,-0.01533567741538845
W38150,0.006044452138283513,-0.11942673393588576
W38151,0.04432248301541171,-0.17718588474625993
W38152,0.00742596189964847,-0.0049316783304555675
W38153,0.044413041669986816,-0.08648161762256394
W38154,0.03909633079577327,-0.14266640349604126
W38155,0.05354057436556957,-0.17313200494235195
W38156,0.02509275738030428,-0.11487584588839246
W38157,-0.015436475111813494,0.05083823690832134
W38158,0.07587863046190028,-0.24285394086061757
W38159,-0.014594405046849402,0.053649269881730174
W38160,-0.6423435665250674,-0.26059686914628555
W38161,0.0025181065995235528,0.12995339314057722
W38162,0.04266618296012695,-0.1626733047219396
W38163,0.04329854021629208,-0.17821524584435477
W38164,0.050234816728086655,-0.29109079228979157
W38165,0.019017663661950995,-0.10574192391409204
W38166,0.021839989907792914,-0.12534349345284784
W38167,-0.012788079768805862,0.1533977717192164
W38168,-0.018217631739618344,0.15049212801998565
W38169,-0.08315812094810941,0.13612520490704402
W38170,-0.03575238266874299,-0.008133188826199686
W38171,-0.004831848267705393,0.14743924592189056
W38172,-0.020870031808193655,0.1398076284521629
W38173,0.030599167932299172,-0.13441644334727423
W38175,0.08535479469220784,-0.20518118169761698
W38176,0.0440564325950733,-0.09249461842121885
W38177,0.040952006824496644,-0.16682165173857325
W38180,-0.08234090275624432,0.14437535214379302
W38181,0.046017851862680384,-0.19359087105063266
W38182,-0.00376835411216414,0.07835960025911344
W38183,0.08115294204334232,-0.15471031818333175
W38184,-0.04766724260722159,0.15978506770044423
W38185,0.05876958784718376,-0.16250126568538598
W38186,0.03340951397522764,-0.11747144100323831
W38187,0.055695863562372674,-0.16537406352895026
W38188,0.039400836929361326,-0.1879468933548342
W38189,-0.11534181395600915,0.16742531051198903
W38190,0.0523365880104043,-0.137767972455407
W38191,0.00787445378748959,0.04266067062312627
W38192,0.05421446185112262,-0.16804271980344046
W38193,-0.00441499842081133,0.013934519067920884
W38194,-0.02516071754293188,0.15077460688207953
W38195,-0.07037613896729332,0.14567156065157547
W38196,-0.005475551492484293,0.14915134359503937
W38197,0.009848419846514926,0.07466264459024834
W38198,0.021548735842803098,-0.08713081094687976
W38199,0.0041298672059055285,0.04392149029428908
W38200,0.07604265668945867,-0.19971130864952408
W38201,0.082198369403442,-0.1756608643136285
W38202,0.037804707518398276,-0.1404523159503417
W38203,-0.0012918865436276706,-0.018930773874145233
W38204,0.06294263468443313,-0.1574564075571829
W38205,-0.049845204529956645,0.16596207094522952
W38206,0.06377504602113349,-0.17797842821357893
W38207,0.022237979968993182,0.02494086935943397
W38208,-0.046849001193473426,0.1290331615526464
W38209,0.07695677795003672,-0.1282553281194552
W38210,-0.0018002092921760337,0.16404261810118223
W38211,0.12259555983790188,-0.17627216255933506
W38212,-0.058593249776039774,0.15208594758542715
W38213,-0.06845353152914849,0.11008980526140087
W38214,-0.0052342741866663245,0.1687896164539293
W38215,-0.01721113576162436,0.11199332810314072
W38217,0.1502623381075134,-0.2603733392395839
W38218,-0.008109613186898068,0.16344392138902086
W38219,0.02055652000991941,-0.05379612191064741
W38220,0.10630815486419587,-0.13716649301102182
W38221,-0.0015806085206155715,0.14362246121318994
W38222,-0.024978605008308036,0.0027214427401508045
W38223,-0.013508216552874618,0.009132588985173827
W38224,0.0006726634156026901,-0.013557191710339509
W38225,-0.08325574579805357,0.1737586734606191
W38226,-0.07992207159074194,0.15820615151676906
W38227,0.013261316009997451,0.11679266554368527
W38228,-0.09050073137326903,0.1684293471528078
W38229,0.017886816951965027,-0.032680177306592666
W38230,0.15340697600220463,-0.19692221557494127
W38231,0.09317909906085654,-0.18586300174289655
W38232,-0.017519458843584503,0.08085553586135324
W38233,0.12130508884974274,-0.18284727454445843
W38234,0.0952830617956447,-0.14754953372454843
W38235,-0.004995688816028966,0.17374772257276927
W38236,-0.7367809610766478,-0.2986288673713661
W38237,0.004706703790512326,0.0701655987476143
W38238,0.04767704909518464,-0.12101863399999845
W38239,0.07806669024658322,-0.2046094283388474
W38240,0.022339749475096784,-0.014087164062181386
W38241,0.020875703747134794,-0.01242691580746601
W38242,0.041238309109359474,-0.11001846029898078
W38243,0.0729816169898148,-0.1484236313459475
W38244,-0.07389802580098252,0.14483429231468675
W38245,0.01991765508097961,-0.007558869892481288
W38246,-0.025156148050110152,0.10975945255753515
W38247,0.07865985232145775,-0.09636457663332365
W38248,0.048686909058633245,-0.12386829103687665
W38249,0.017858004045712687,0.06274090199995552
W38250,0.010871932234992065,0.03033022454020849
W38251,0.10204772496573654,-0.1806335420044651
W38252,-0.0031734518914142426,0.16146333207903868
W38253,-0.001866767764821855,0.0791466167834393
W38254,0.04865406321345148,-0.13098669024936271
W38255,-0.0056287478541678275,-0.01062485264578499
W38256,0.04419777602308273,-0.043247747314978345
W38257,-0.005141211522404551,0.12211339386818276
W38258,0.006153118610739269,0.14652670313957003
W38259,0.059097818026301034,-0.16166867006560956
W38260,0.06807457083332172,-0.1851977842399635
W38261,0.04125001717693644,-0.14217055545478693
W38262,0.04456692352481397,-0.14822611913413902
W38263,-0.07814356714001645,0.17655491984801422
W38264,0.17207963783696856,-0.19673329761299901
W38266,0.009116125267376754,-0.008932614806044264
W38267,-0.22806384636610844,0.06686530899092155
W38268,0.04644478114399701,-0.08835395984369256
W38269,-0.0033905999655397777,0.1654517845333918
W38270,0.036112876566694624,-0.12264590414586898
W38271,-0.008413053745451243,0.061852374947859674
W38272,0.08876258731083023,-0.06818930524194178
W38273,0.04690547993128572,-0.17026323315759506
W38274,-0.0014584269814549202,-0.0034795084851084114
W38275,0.06394606371852736,-0.21156782628197499
W38276,0.02537977328411767,-0.09617158019217685
W38277,-0.002076317582551627,0.12548998322761054
W38278,-0.03425321256492963,0.12758973225110276
W38279,-0.04622023162825484,0.13989645709422557
W38280,0.00296755076466514,0.06418143991822185
W38282,0.1094414971071728,-0.12808056187092953
W38283,0.12150361109229131,-0.18538911072329542
W38284,-0.08076171431562468,0.1496723435779081
W38285,-0.07341116626511003,0.15741946147029476
W38286,-0.00784436409197067,0.11053360720029685
W38287,0.06518961089682382,-0.11660749604493867
W38288,0.02499812129493158,-0.07669493111726564
W38289,0.04491461942029585,-0.1538726690053418
W38290,0.010090440104210847,0.09434844878024763
W38291,-0.04523097996328148,0.10224344373859215
W38292,0.02775102447471181,-0.08671398108420572
W38293,0.041037572093209955,-0.15293630679240866
W38294,-0.057860198359924946,0.15602343033458238
W38295,-0.002805547189336993,0.15736385452454696
W38296,-0.026651980279737877,0.14648954505935427
W38297,-0.015786195113134047,0.13049455973279883
W38298,0.001200114534919123,0.1378202251734176
W38299,0.004857466234069266,0.010430849729039605
W38300,-0.0811941242669125,0.15109256894945539
W38301,-0.007952190840868597,0.07099314338591806
W38302,0.026207186492451007,-0.13322155836385988
W38303,-0.06533393116045594,0.13916590068092602
W38304,0.05293653712704449,-0.13543785762934063
W38305,-0.033274488174435575,0.1252686145642626
W38306,-0.006012485621990163,0.08627332248766742
W38307,-0.07144816026193426,0.14308577038385045
W38308,0.052081047696225,-0.13337469836870008
W38309,-0.015575474974361639,0.022907924437849357
W38310,0.0001816139878720047,0.12006177714676383
W38311,0.10550358775189787,-0.16236540747956182
W38313,-0.023253574292715625,0.0024155623981614994
W38314,0.054335917364122355,-0.14082418245285744
W38315,0.01533084519004807,0.1278356491538226
W38316,-0.024592694441215864,0.1383348248243132
W38318,-0.08012725976184894,0.14162874280252638
W38319,-0.04799729951850865,0.1385304205527442
W38320,-0.007212247132756154,0.06972657651748794
W38321,-0.1319865006575898,0.18595608474799866
W38322,0.01804556052896997,0.016814335769438842
W38323,-0.0015138926088565272,-0.003705914754238692
W38324,-0.0576286932942514,0.1395812001432927
W38326,-0.020681786128519796,0.14298466995303338
W38327,-0.013370959919537873,0.13855277103333066
W38328,0.026767651006017773,-0.058182984126510975
W38329,-0.018999291826868978,0.14423830532724527
W38330,0.10904996814676775,0.07943746951153716
W38331,0.06445569578639666,-0.18179748934136902
W38332,-0.049977124125586934,0.13923735022615577
W38333,-0.011081399881470165,0.08406653505092963
W38334,0.07569371603775875,-0.15689375224792113
W38335,0.02384452542541208,-0.08317318448617655
W38336,-0.07749000025457861,0.1744219481404287
W38337,0.05522244012637269,-0.17644726833761004
W38338,0.026307791163959492,-0.13453455399151962
W38339,0.016858971887891087,-0.09120572749196054
W38340,0.000325155023878649,-0.15342543142682483
W38341,0.03666358368447378,-0.17946784938013377
W38342,-0.026529974147943215,0.13960331903941797
W38343,0.05238723393604428,-0.14819218861704403
W38344,-0.007954071271632245,0.1441812000175654
W38345,-0.01751323967855931,0.14651549232563313
W38346,0.022535513777771993,-0.09536465884304872
W38347,0.007314085659673419,-0.05516590758152014
W38348,-0.011262049314220215,0.055397317240184506
W38349,0.012743892011485267,-0.027859909534843293
W38350,-0.008361420687061385,0.15008665157305515
W38351,0.02264438535135943,-0.08339800306224178
W38352,-0.008117080693029773,0.1638735158880466
W38353,0.03916877079147373,-0.15227242127618126
W38354,-0.008798590107692262,0.04226207784166663
W38355,0.019670245192034187,-0.157901086309829
W38356,-0.019307835740071694,0.13802801637953085
W38357,0.022748505505261307,-0.13248976018380865
W38358,-0.03973985650150656,0.07825417468412253
W38359,0.037263436595750654,-0.17138504484214653
W38360,0.09795112595478983,-0.1972128793939464
W38361,0.0390487223816714,-0.17655587800684125
W38362,0.030122170586032046,-0.1318090486072503
W38363,-0.03214897249075666,0.1385050370567428
W38364,0.0495003362020403,-0.19144253308729592
W38365,0.03264465620918091,-0.1375645207496548
W38366,0.03253590320834731,-0.153262062024016
W38367,0.029886611191181463,-0.17339203378583684
W38368,-0.010065639034391394,0.06829450500502589
W38369,0.026801016308953117,-0.1310582190754048
W38370,0.023215705337334535,-0.13804944286323814
W38372,0.024062697733209976,-0.016268829045895005
W38373,0.050802290787102626,-0.19417473369954313
W38374,0.003293732890512159,0.007882043819925655
W38375,0.10524651112634341,-0.3234019672894865
W38376,-0.011299328288902389,0.004850779813793517
W38377,-0.00951067070264651,0.06218771949116568
W38379,0.03534084836311383,-0.17417167152054408
W38380,-0.016012995659129184,0.02658003402048127
W38381,0.02096789814194041,0.1275288099109658
W38382,-0.008413347301389812,0.15478838679070672
W38383,0.008749421657765426,0.10460768417249369
W38384,0.0061663555273535125,-0.020251406200712984
W38385,-0.09914082003501785,0.1505028605234006
W38386,0.028313300857471226,-0.16641569076057883
W38387,0.036542273106067606,-0.17462166129367943
W38388,0.014635643406746226,-0.017532942200415413
W38389,0.005193669007105022,-0.02414252071053498
W38390,-0.017380506462554297,0.1446262073494864
W38391,0.06721372940472209,-0.15763624962981196
W38392,0.0065414101211166515,-0.02796764398082785
W38393,0.06633938171370277,-0.1766468911672184
W38394,0.04262527951548293,-0.14334168263608707
W38395,0.08587854877533373,-0.21170798210929073
W38396,0.01374035472549699,-0.06644090181584363
W38398,-0.03648096799288028,-0.009116085007007979
W38399,0.03276783667995017,-0.1404937208933602
W38400,0.008405597429817422,-0.025238211273951434
W38401,0.001306198833251865,0.17286528026585174
W38402,0.021879621737987517,-0.054862264850451925
W38403,0.000327077138484713,0.16623016302007962
W38404,-0.0027091192108283646,-0.007913986414540972
W38405,0.11357995358201699,-0.14290054603522817
W38406,0.13650558193148699,-0.18308899916790602
W38407,-0.0041597735336534325,0.1602062557493137
W38409,0.0448979065415919,-0.04487679047986202
W38410,-0.05353955160803236,0.15944565933704385
W38411,-0.018240884626685147,0.14833536409362397
W38412,0.04544455453691283,-0.11096365433841787
W38413,0.005980459110454037,0.07455542969422178
W38414,-0.10457676851977747,0.1765973804119276
W38415,0.10394754706071382,-0.1272404200147517
W38416,-0.006862092208582434,0.1616986944444604
W38417,-0.013573382715252129,0.172850804513374
W38418,-0.02292125740863571,0.037509197649900856
W38419,0.03676770350479412,-0.1315770288645304
W38420,0.010497560598552188,0.09204670564878871
W38421,-0.048743918413118745,0.15349955545566538
W38422,0.08681658801914198,-0.08962982282266402
W38423,0.06069632676511051,-0.1569122077430109
W38425,-0.02851804679675723,0.12353780272168184
W38426,0.06661090585357751,-0.18427053461792692
W38427,-0.04940705599581895,0.1514055942654579
W38428,-0.06923688703709044,0.1455919633151003
W38429,0.004635043181709801,0.08392334347305458
W38430,-0.048774087575374464,0.16462109502741604
W38431,-0.0733081964985717,0.1469537784100624
W38433,-0.014596984170712137,0.1436388830713893
W38434,-0.010204025750248646,0.14490497098079214
W38435,-0.08819243438188239,0.14094325737170033
W38436,-0.04690912774590094,0.13061370742592684
W38437,0.06200276762951392,-0.12811146541963334
W38438,-0.06463820957899157,0.13311267179958397
W38439,-0.003028407037932122,-0.006693327363340897
W38440,0.09836423095100177,-0.19180257284012195
W38441,0.016833429870024095,0.13937817456032536
W38443,0.05640481615259913,-0.14643486609269357
W38444,-0.0028334753905915958,0.07544035751567041
W38445,-0.09079165791606597,0.14267602517032005
W38446,-0.09280283296078495,0.15358397019608025
W38447,-0.013662301074143601,0.13116215690629346
W38448,0.11538480528249442,-0.26164505714024694
W38449,0.007131152630441985,-0.02228645621205078
W38450,0.029073401093466646,-0.17566244735781428
W38451,-0.027774103341179024,0.10162999021122461
W38452,0.02430411358379721,-0.17135557940832905
W38453,-0.05215553517290492,0.09540431763143552
W38454,0.012253190899459875,-0.10666226866178173
W38455,0.03472576181113871,-0.16244582292039061
W38456,-0.010245472497508798,0.07067367579740891
W38457,-0.0049562629500568035,0.1491770919765924
W38458,0.011527872325398317,-0.17059139387575767
W38459,0.027578811522317708,-0.10628368835950096
W38460,-0.0866293956566183,0.14524221189059458
W38461,-0.02279196758354217,0.057347552692953295
W38462,-0.01965814616571958,0.13962127510429642
W38463,0.05173559855976483,-0.13779518401071794
W38464,0.08855973459758489,-0.12237472158365895
W38465,0.039688336094396176,-0.07459671366039561
W38466,-0.01437089926630761,-0.03295259557864198
W38467,-0.012650087872913333,0.06557707163630798
W38468,0.01083725932180013,-0.10210562125962651
W38469,0.004035132205375764,-0.13980805473367566
W38470,-0.0800073341486749,0.1439465045593304
W38471,-0.019922588894797675,0.03464409046584723
W38474,0.004748397558908097,-0.015936201475667763
W38475,-0.017108184739014383,0.12194644790052946
W38477,0.006252505964400466,-0.12897124014995845
W38478,0.009826848615837264,-0.013054812196469682
W38480,0.05081705386750435,-0.12615060091566532
W38481,0.0072843820600313625,0.018709754871144398
W38482,0.01803757010814919,-0.09786105793284422
W38483,0.019366592445213295,-0.16290778131322742
W38484,0.05043408492878852,-0.19546620145092353
W38485,-0.0235556097626406,0.03789788041228124
W38486,0.07889833691989791,-0.29117821498123464
W38487,-0.635337000932251,-0.2558740755893041
W38488,0.07573921313233463,-0.15255546861464944
W38489,-0.030360785566044032,0.118842325366176
W38491,-0.07270806100466337,0.131535736742851
W38492,0.06517764659028764,-0.21311503456919917
W38493,0.032034692460581084,-0.14526332652386195
W38494,-0.051896322351936815,0.12548774668246823
W38495,-0.03541576987603645,0.12814199411707067
W38496,-0.014699307346660856,0.06419638567193138
W38497,-0.01599289894119322,0.053216456929319235
W38498,-0.02292801709002665,0.16008207939569458
W38500,0.04400038639694401,-0.18985214847546242
W38501,0.08327376844184205,-0.15614271172017816
W38502,0.026396180257881124,-0.13671513248934
W38503,0.05312444194190032,-0.14409274588401416
W38505,0.10596816331437554,-0.16366123564696447
W38506,-0.09504290554871934,0.15257146627645266
W38507,0.03801297073210227,-0.1981568547175891
W38509,-0.09075566648628326,0.1400560752124263
W38510,0.052504884136471766,-0.23693303619131262
W38512,-0.00021039256880356637,0.07874721298091189
W38515,0.010825120083750424,-0.16501995363578825
W38516,0.008002634771139881,-0.09906949215856191
W38517,0.011868862111151056,-0.08920389458189683
W38519,-0.027938649874223797,0.1207564892627289
W38521,0.014913423057720733,-0.15146716603880156
W38522,0.007040736430120956,-0.1722041163131633
W38523,-0.02295722549442897,-0.001158015797888177
W38524,-0.036641566388344024,-0.012934677866660083
W38525,-0.03140165489439998,0.11314329784773873
W38526,-0.018804292838723948,0.1320754504489947
W38527,0.04986850826998857,-0.2525482926333897
W38528,0.10659661765090858,-0.16352748648912335
W38529,0.024759175252893225,-0.018012128620516363
W38530,-0.0777272981134932,0.13610793309719438
W38531,-0.0819740746969863,0.13204317254697376
W38532,-0.03335059388431748,0.0922241161730835
W38533,0.01852563215035557,-0.1486417754435749
W38534,0.0437576629146858,-0.20351137564504312
W38535,-0.026228769258306285,0.14503641384758484
W38536,0.10366785028368833,0.08225873663160231
W38537,0.017604401566747814,-0.1092534989911233
W38538,0.022079107970819464,-0.1682853913375356
W38539,-0.0005151572243150622,0.10913628860814444
W38540,-0.07749031264251716,0.13299826106322266
W38541,0.0063737850876278875,-0.010042639060644341
W38543,0.06890815549886378,-0.16756764343612232
W38544,0.13374322927058854,-0.17994783293512956
W38545,0.012946441015984043,-0.16399347059030614
W38546,0.028695765271015184,-0.07113273403865213
W38547,0.016480875146184393,-0.09155108586224565
W38548,0.006531809090099278,-0.020754521180142805
W38549,-0.012943930855228302,0.02276382780412142
W38550,-0.005418152283956635,0.025125701954187313
W38551,-0.006641267126741023,0.03076774784244484
W38552,0.05140299583448368,-0.12830127258766885
W38553,0.014713984872258282,-0.1624427222778923
W38554,0.007412167565959412,-0.106639244940929
W38555,-0.010969896500686428,-0.17081536580765275
W38556,-0.014277719361581752,0.10542747330024028
W38558,0.0032327414002223005,-0.16800975004957097
W38559,0.013738928374510417,-0.06567069729985163
W38560,0.08990366120258104,-0.18224792934151673
W38561,-0.008069767106201598,0.030417762252566597
W38563,-0.00012191801186050267,-0.1738973435769547
W38564,-0.02705018118438897,0.1193665576502898
W38565,-0.0895378686189,0.1384304026016172
W38567,-0.284169736137559,0.12246712711027022
W38568,-0.0002492039920469914,0.13260940216017392
W38569,0.010651475899241883,-0.0894335518922131
W38570,-0.021086587346968503,0.13415389107760836
W38571,-0.017268568265719028,0.09622758346955114
W38572,0.008386113980796573,-0.16001955191061734
W38573,0.014244085456208228,-0.16832123667069396
W38575,0.012778915180415977,-0.07078881762587587
W38576,-0.004551110324317559,0.09388494463613314
W38577,0.023059277536325834,-0.15003681866303725
W38578,-0.032635315722593004,0.11849694911676796
W38579,-0.02589195989809358,0.059488289058102106
W38580,-0.03247817962199565,0.09178180989141309
W38581,-0.0862910713239043,0.1554927856133924
W38582,0.01746917120450838,-0.16856360507647192
W38583,-0.08252012419767593,-0.023418412302421726
W38584,0.042073755507051475,-0.15518515743072833
W38585,-0.10328212951358562,0.1639476429478946
W38586,0.005452175953671211,-0.013516427712301252
W38587,-0.05321192293006516,0.13387310656442516
W38588,-0.0252916072558023,0.09292801424837412
W38589,-0.003862879119453434,0.024289113204443935
W38590,-0.005613211600598075,-0.008793179148868041
W38591,-0.012094799084936585,0.05720225626909317
W38592,-0.01994245752542573,0.13719539808381973
W38593,0.13849787795549875,-0.19368384331704222
W38594,-0.09497698935482767,0.18292700244457208
W38595,0.1436592674319215,-0.18173606605976889
W38596,-0.00914170794808978,0.06265609702199541
W38597,0.06355811725102514,-0.17954892756702404
W38598,-0.01459330939975414,0.010877562574371672
W38599,0.10903747305324006,-0.17987237699309233
W38601,-0.001678536514502947,0.15804356700750355
W38602,-0.08444569212938814,0.15491224284369096
W38603,0.016495115090022303,0.13654320309922272
W38604,0.11272693897729764,-0.20401755504588423
W38605,-0.07084494626857739,0.14533375179189778
W38606,-0.004006533746202126,-0.007107842156302396
W38607,0.022208733487318673,-0.07924552756522221
W38608,0.04623331113968597,-0.1166659251431144
W38609,0.003485908345458399,0.15384034655416587
W38610,-0.00622500364072366,0.08879292727837053
W38611,-0.002872917808689325,0.05259709323060827
W38612,0.010251362683855073,0.10191795206239994
W38613,0.0021707134877550615,0.14227969085768508
W38614,0.007799817845767333,0.007611478134920649
W38615,0.03348431350437017,-0.11278541730697639
W38616,-0.032486446659301685,0.08606444435962655
W38617,-0.08680371757921075,0.15816214081679741
W38618,-0.02433022956771439,0.1336894337730336
W38619,-0.0040233143851353525,0.08650416792830713
W38620,-0.029625314474205463,0.13784440558710756
W38622,0.03382094606292711,-0.11750987004715205
W38623,0.029371523760957793,-0.09918873069119981
W38624,-0.04593361761716149,-0.0120038515593389
W38625,-0.002646938864958827,0.1309245861876087
W38626,0.022208070078160887,-0.0072240359597607415
W38627,-0.026857262211996316,0.1259348444284486
W38628,-0.012161737257970468,0.15297279173369271
W38629,0.003286509591966489,-0.1741011084427382
W38630,0.017788330064757107,-0.06927026029704604
W38631,0.03601939235674614,-0.1937227463839599
W38632,-0.01957289777906448,0.12136924407434634
W38633,-0.016354700296156197,0.00942892615953211
W38634,-0.10018567190719838,0.15288520357229082
W38636,-0.019928764942053576,0.1304811730234352
W38637,0.010386569792712777,-0.1052067555157044
W38638,-0.08663044837973619,0.14394955268071583
W38640,-0.010524760848103762,0.060012635582131116
W38643,-0.0007900108084817875,0.034732615830978066
W38644,-0.008951263244350206,0.05666316498243627
W38645,-0.010578606017686714,0.11028289093653496
W38646,0.06406589415028448,-0.33559704602930607
W38647,-0.0718389883142389,0.12038406075750592
W38648,0.005789906315681351,-0.017847982282400254
W38649,-0.008276904139732198,0.13672605333201393
W38650,0.028579906674924188,-0.16970261949962356
W38651,-0.028608609324548524,0.1255683242049047
W38652,-0.00752323958194858,0.06455308160672195
W38653,-0.04855786189032115,0.09077887017171249
W38654,-0.08012647687683096,0.1304619266144124
W38655,-0.0006622562353139096,0.022477545952788905
W38656,0.02961962713754747,-0.08376157012345734
W38657,0.10547343426301263,-0.14220879454152818
W38659,-0.06777079358796388,0.12573708963379385
W38660,0.01975031257540041,-0.17446059334933267
W38662,0.008297603538290413,0.033898942302491984
W38663,-0.020090411281619126,0.03931837615946521
W38664,0.09313585905314659,-0.28486517410803375
W38666,0.04718150544579445,-0.12714443023380223
W38668,0.015453155412851149,-0.14037772828541853
W38669,0.0013237369127659755,-0.1771035918675042
W38670,-0.07412802149477685,0.0014570755260011328
W38672,0.05190849702744769,-0.19784965334926852
W38673,-0.11261878512513003,0.18075239067615748
W38674,0.021143473660252914,-0.12235589104987975
W38675,-0.0008521506720702436,0.028702198020381833
W38676,-0.0038039006013360433,0.12431213074102368
W38677,-0.08773859233796769,0.14133824529984998
W38678,-0.027361857878338475,0.11986749581733065
W38679,0.026239052716683933,-0.17293558131541018
W38680,0.02019696828375344,-0.11509839981567542
W38681,-0.02869826285366227,0.14911085229869314
W38682,0.008548819793124558,-0.022582423248212656
W38683,-0.06323079365749756,0.14865344700812616
W38684,0.026626103555890627,-0.13586244191138308
W38685,0.025095539210291888,-0.07454128398166689
W38686,0.020390406483959053,-0.0934908700601699
W38687,0.05820067321959083,-0.16521445479919872
W38688,0.07966934758512663,-0.16208511981485269
W38689,-0.09384371963605856,0.17547456104669684
W38690,0.010490374615410141,-0.022968379014489546
W38691,0.08986773389481531,-0.1623536516023484
W38692,-0.018447282711139722,0.14336267163178082
W38693,-0.10070909707754133,0.1781827835189391
W38694,0.032677410390237714,-0.08188238035900758
W38695,-0.0019793858169591906,-0.011545001415061325
W38697,0.03894079967232092,-0.0528978611980056
W38698,0.012140262907276113,-0.05967977875645591
W38699,-0.012599140046869288,0.04677691645447702
W38700,0.047567080761892436,-0.1554717836084535
W38701,-0.012883593497347587,0.1291359371976478
W38702,-0.06486278823066242,0.12929910376357
W38703,-0.00915811246875972,0.11337650344132631
W38704,0.10626412500444107,-0.16686423675897152
W38705,0.027737721662532088,-0.07009317796705575
W38707,-0.08691145627153313,-0.07109112506040993
W38709,-0.02168743568920229,0.1285309568223265
W38710,0.0373767506497834,-0.18940374750067163
W38711,0.0014072323188808497,0.06903175452048252
W38712,0.024731527488637328,-0.04535433536256957
W38713,-0.07641421335848078,0.15247743721388698
W38714,-0.015313378943638257,0.09997338114296997
W38715,0.013461884711467547,-0.09778094224727125
W38716,-0.07753175206712788,0.12848729604318995
W38717,0.05478568098545985,-0.2588528499577777
W38718,-0.004757305624518688,0.05321779747581797
W38719,-0.06547546053205322,0.12902797293085064
W38720,0.06477847590632316,-0.1336609473290011
W38721,-0.025031018004348433,0.1250338209170179
W38722,-0.013837747924253723,0.10903640340359762
W38723,-0.02486735088377103,0.12710116742574357
W38724,-0.02772002368796949,0.12510230426060193
W38726,-0.0103797815478873,0.03542209662766235
W38727,0.06019769312945865,-0.15412934508631762
W38728,-0.0034774219562462194,0.1746444488230876
W38729,-0.021396954190200178,-0.001983170575997375
W38730,-0.0553114344547886,0.12017816009796034
W38732,0.012113400688935953,-0.10073569282553807
W38733,0.014290510444636799,-0.07697038637884948
W38734,-0.017386476392145023,0.11189616936890225
W38735,0.034203419853273576,-0.12355004216099658
W38736,0.12160562690472555,-0.18356712020852065
W38737,-0.004162110366268311,-0.17769527056527804
W38738,0.00791462217330807,-0.16584194590889578
W38739,-0.042699646090821886,0.08557005173373622
W38740,0.014673676041811776,-0.15265492065674494
W38741,0.021875286499480385,-0.06407957192958634
W38742,-0.02895899520268506,0.05687184463479606
W38744,-0.0035246794050233857,0.060181055721397675
W38745,-0.04986452149402645,0.09493084519871167
W38747,-0.001877499116150168,0.05674446001369489
W38748,-0.06296711745399587,0.11862122442210235
W38750,0.0016396778595923309,0.09426997468302094
W38751,0.009764727389119909,0.08118731972249363
W38752,-0.007727825084245209,0.15164934877295957
W38753,-0.12052410950193503,0.15476240345630893
W38754,0.007872721613283916,-0.1413836651037977
W38755,-0.07717125003032413,0.1334203174166116
W38756,0.0069840482433884505,-0.1813827927174927
W38757,-0.017925451153328217,0.15268575415136942
W38758,-0.6489189768812363,-0.2519538386819198
W38759,-0.03341125572969361,0.0858868708115467
W38760,-0.5848300525690759,-0.22107326981264347
W38761,-0.026461615948699602,0.09151338081398923
W38765,-0.006542302202830129,0.15399756790003633
W38767,0.04477543696216604,-0.1879780611041606
W38768,0.11068229968872761,-0.19428042294730358
W38769,-0.09183339476996454,0.1509930905818792
W38770,0.017156938836828915,-0.1395847264256432
W38771,0.04306699997930104,-0.17775883502829118
W38772,-0.020085470331131915,0.13308233822658314
W38773,0.014760601791021476,-0.13876444653898878
W38774,0.022984386497708228,-0.15043489615111486
W38775,0.008992815859303347,-0.01799157123952491
W38776,0.011547004923816153,0.01772219356320279
W38777,0.034009048280296876,-0.1636692634038677
W38778,-0.007229314501423943,0.058281872786751725
W38779,0.0025553380466496116,-0.0087065649345051
W38781,0.017383841613204897,-0.04465958533147754
W38782,-0.031280967939043586,0.14012964704989792
W38783,0.02831296274718831,-0.1265437749547938
W38784,0.026029965715229992,-0.13569283958325365
W38785,-0.07088081358107998,0.1607755440272805
W38786,0.02131800422902727,0.11031190543428772
W38788,-0.10947064469303251,0.02361631486616256
W38789,-0.001096405070238255,0.15372352707722808
W38790,-0.0767310380587408,0.17513431977323246
W38791,0.036863237003974134,-0.09332780827276407
W38793,-0.023254820724061872,0.1364548314626318
W38794,-0.032709416796945695,0.08714437362126778
W38795,0.008833525158962853,-0.04273157332460445
W38796,0.10383006445757557,-0.13186240550939674
W38797,-0.0006037245547567151,0.16897925285690013
W38798,0.05229690255869372,-0.1459329696071797
W38799,0.005838593194827959,0.06044372304071266
W38800,0.11906776236976632,-0.17021984183564318
W38801,-0.09336301959864896,-0.004914424229012211
W38802,-0.17422780762932857,0.0978421816503427
W38803,-0.0692597740669796,0.15710126661125498
W38804,0.05772950742693165,-0.19887728208019642
W38805,0.05687882142033283,0.05942834579617505
W38806,0.06230109396784899,-0.07629632282958972
W38807,-0.10295306986705982,0.19194185921381304
W38808,-0.06836770075386658,0.16444191887767803
W38809,-0.0005532701480746178,0.06252384488002867
W38810,0.14750710150444227,-0.16471186568526155
W38811,0.0006112340745647619,0.07394697463008838
W38812,-0.07902689626247557,0.15802566770530307
W38813,-0.08507887858954008,0.16685033531468574
W38814,0.059269706545184805,-0.11424154981512671
W38815,0.07405418299900672,-0.1113392756897599
W38816,-0.014225860341717233,0.13958287631415078
W38818,0.08207120647973727,-0.12088951058805644
W38819,-0.11473384376301411,0.19175598010060058
W38820,0.04109488146044859,-0.07557686143878103
W38821,0.030834973103868,-0.10775908367140948
W38822,-0.018648171594743287,0.0914763728533974
W38823,-0.007485119724256485,0.09071363820568074
W38824,-0.6281995691600682,-0.25492773807634367
W38825,-0.002113067386383614,0.1618628842760804
W38826,-0.039130616885256445,-0.0036048517124943197
W38827,0.04456632114562886,-0.1526994582568511
W38828,-0.0050054196550107745,0.14938100453714764
W38829,-0.024685439683009548,0.15481552639944324
W38830,-0.04023849482910705,0.003611570271183403
W38831,-0.05817107834690359,-0.017967771235366543
W38832,-0.08596815270887626,0.17670050106271631
W38833,-0.00711022722946151,0.1475841666148171
W38834,-0.06996082718382408,0.13514948739033986
W38836,0.013256543402213923,-0.03547429008262225
W38837,0.03159618987276517,-0.1009985381639528
W38838,-0.05329834809267421,0.15970184391602643
W38839,-0.010476718655325184,-0.01600264913561751
W38840,-0.08265858361371917,0.1551161182303202
W38841,-0.06997800171418765,0.1727672723464358
W38843,0.045033454915147424,-0.08812088025030128
W38845,-0.008948205208570948,0.06007332268246619
W38846,0.05465776122886513,-0.20138978066041524
W38847,0.006201578205659364,0.17993134546311726
W38848,0.027512751299516598,-0.036818261070270655
W38849,0.08123735591361891,-0.11784848112835068
W38850,-0.05792302616195604,0.1318759594003157
W38851,-0.008548321648225693,0.07033312629899055
W38852,-0.09894662369662628,0.1596714379611823
W38853,-0.08834870305912249,0.16861822357527229
W38854,-0.027166222934975434,-0.03468665031130952
W38855,0.007360129063975302,0.13333108994114576
W38858,-0.09310043702178555,0.18068412701335398
W38859,0.029255961532013028,-0.0510756111155925
W38860,0.06433628933359217,-0.21018428452706803
W38861,-0.06821387945622433,0.15572078279055068
W38862,0.09717542489758113,-0.15494919791275158
W38863,-0.0072097356824553215,0.132337227246815
W38864,0.01915860721750699,-0.04525015259222408
W38865,-0.007807228078663822,0.13071068955574927
W38866,-0.014381149784778346,0.04694159028447662
W38867,-0.00022694380870732332,0.06198613976058065
W38868,0.0013301834289936598,0.06422572269805474
W38869,-0.015457485167056235,0.13640014374526344
W38870,0.06083192585921453,-0.20242874038788636
W38871,0.004286178833520433,-0.02797725476670577
W38872,0.012072936958380907,0.08421640428741185
W38873,0.002223140563104829,-0.01227264780459519
W38874,0.01210266163655068,-0.0209895781592392
W38875,-0.03384518665810382,0.11164250739556478
W38876,0.0780150655975466,-0.19262899039861445
W38877,0.07188342697043015,-0.18798615492730225
W38878,0.006779846130906432,-3.0175634104171154e-05
W38879,0.035328073160116935,-0.1239419896305698
W38880,0.0010883961530964792,0.14463334402222255
W38881,0.03139453898777861,0.1480404955533116
W38882,-0.01666106119115382,0.14998374304091464
W38883,0.1203865197412455,-0.18196688735486483
W38884,0.04803761317541195,0.16380063649866947
W38886,0.0612212233850212,-0.13019568091642278
W38887,0.10104927384259206,-0.15801554556476013
W38889,0.09121935869834873,-0.21364427500632263
W38890,-0.07905502975380417,0.15761601346181717
W38891,0.008487147403466027,-0.019682112951628063
W38892,0.11979809195180335,-0.34709501775561613
W38893,-0.0850821113020287,0.16478764612960595
W38894,0.09926561853610341,-0.18059035125956832
W38895,-0.0366476741974208,0.1179298394908683
W38896,-0.03921566257409751,0.012130144371293542
W38897,-0.016662266131331427,0.07444366887648302
W38899,-0.6357701515713482,-0.2613218678196291
W38900,-0.02049570374934058,0.0064622398441250214
W38901,0.06260455035378985,0.057152137846946
W38902,0.013912400669734733,0.11326320558817801
W38903,-0.0067477519538224635,0.09362014819428427
W38904,-0.03547298828134154,0.1293533845976739
W38905,0.14304653090552874,-0.14169768977459735
W38906,0.006821709090123806,-0.022246624287445275
W38907,-0.09874419366524122,0.18354176132447272
W38908,0.010249438495971088,0.06774863041788251
W38909,-0.08160192947994391,0.16786559756380914
W38910,0.003968016197530743,-0.025392522435284434
W38911,-0.030420398583080883,0.11175001975739215
W38912,-0.013198646607815714,0.1437437874050478
W38913,-0.054469887203401415,0.16040187401266687
W38914,-0.10640369079188833,0.18420667306438684
W38915,0.10114785368100113,-0.1356350713116642
W38916,-0.0010515169497231946,-0.020556457014835047
W38917,-0.002920376239986557,0.14895550485126588
W38918,0.02111547867658623,0.13592330888002507
W38919,0.08535545428243864,-0.1565316752610168
W38920,0.10978381252391654,-0.22332401721241038
W38921,-0.016796884193990162,0.14861431001672784
W38922,-0.09853188043841958,0.180489272555006
W38923,0.0005068851304023783,0.07116761013240791
W38924,-0.05481712817501271,0.14377556522110915
W38925,0.07907709196142275,-0.12928980529788808
W38926,-0.013411070669958306,0.029063912266448465
W38927,-0.045017732743046386,0.1539229976560812
W38928,0.009779728884023937,0.0812049344123541
W38929,0.005216773147314955,0.06883539393135217
W38930,0.006754282908055323,0.058069114939411665
W38931,-0.005413290010461961,0.043050792684320015
W38932,0.011748697124354456,-0.06609465121090435
W38933,0.04868882543582786,-0.17721574114974148
W38934,0.0037775902754059332,-0.014956192238552476
W38935,-0.002235724420235889,0.1531951556940855
W38937,0.02535814801468373,-0.07013441456743887
W38938,-0.010006162420763322,-0.014731702838331886
W38939,-0.002896900917100362,0.05850684058110543
W38940,0.006894627555015601,-0.018811444062378273
W38941,-0.007014368203844454,0.06474529630126016
W38942,0.0527315920066232,-0.13532541757414074
W38943,0.08720285023120788,-0.14695628619057063
W38944,-0.010984783811732,0.011445236006459162
W38945,0.008377803793233688,-0.035646016460703596
W38947,-0.065911764043431,0.008348250004368849
W38948,0.057606135440652455,-0.11242656009048914
W38949,-0.0063114343336847945,0.1479193921549343
W38950,-0.09801495501454825,0.17647444073299076
W38951,-0.022739349342134996,0.13372253859406938
W38952,0.007200744821888049,0.07830033478877917
W38953,-0.018743301282047712,0.05887126188415312
W38954,-0.001386824335497187,0.14124077271292015
W38955,0.0157276915691305,-0.020264665499936732
W38956,-0.08702311638168693,0.1627579519026428
W38957,-0.0028225633767918336,0.06232541761304672
W38958,-0.053211025323468046,0.10578676182474071
W38959,-0.06738399825506192,0.15716333501918014
W38960,-0.065818764467225,0.1164502797377483
W38961,0.04072572915288595,-0.0973481717473063
W38962,0.004570813750512168,0.15652512927378717
W38963,-0.016328583337213556,0.03941551006774425
W38964,-0.0032992923175470252,-0.019490083668401402
W38965,-0.05975194848099903,0.1469666100868374
W38966,0.03634051859516266,-0.08963974790514981
W38967,0.0698901882526415,-0.22135276657439126
W38968,-0.02744453604652428,-0.009298201712030352
W38969,-0.007331798379962682,-0.02653429699550897
W38970,0.028732814448275003,-0.0871873530622677
W38971,-0.00818148820451208,-0.00971351532535964
W38972,0.002715820114705502,0.14517458564882665
W38973,0.025418808879712467,-0.00358732290122471
W38974,0.05381173672702105,-0.10855184084284591
W38975,-0.0680276970229948,0.030496334876112984
W38976,0.08156612950183628,-0.2117562779543541
W38977,0.07682176630699952,-0.199656036213111
W38978,0.05398006116576535,-0.14081664351698103
W38979,-0.02737459162697123,0.14457332352762853
W38980,-0.10120762502963729,0.19234086989696472
W38981,0.014747552650344869,0.12412526416374355
W38982,0.10867745482727653,-0.17788404182690087
W38983,0.07096272088834304,-0.13714607459635922
W38985,0.025800284546006674,-0.06751444354242908
W38987,-0.0014824211429731733,0.07898089401221452
W38989,0.060598484001607084,-0.11603728482149861
W38990,0.011292682915876234,-0.017478735276175876
W38991,-0.02311301928893367,0.003964526218813862
W38992,0.01757570842832609,-0.03327540773208121
W38993,-0.10862249185613182,0.1873769370433731
W38994,0.08786995671507289,-0.14912314499392748
W38996,0.030020209313248176,-0.1172903286736312
W38997,0.014046010999306847,-0.02787628294374756
W38998,-0.013395853153526724,0.04761175052238014
W38999,-0.04214000533774055,-0.010548035283682016
W39000,-0.07612191303324109,0.11967646962722742
W39001,0.0004849571263717334,0.1470689249901549
W39002,-0.006916575720452922,0.06399008399485794
W39003,-0.10706749726688276,0.16953461157904376
W39004,-0.07971380078914224,0.16873486755088873
W39005,0.07857834746249821,-0.20322161693000285
W39006,-0.004022501394304145,0.14658673701186534
W39007,-0.008202632120680948,0.15428411953487403
W39008,-0.029470268171228053,0.0028604450492837508
W39009,0.06931503140869275,-0.18786320243571814
W39010,0.08113286874110866,-0.15361168803921246
W39011,0.17969364195273205,0.10946940181173022
W39012,-0.09788494490299357,0.15726399866084254
W39013,0.0285805071195825,0.13386576585398446
W39015,0.02090858337294003,-0.07082194614153559
W39017,-0.0013802430049137126,0.15131221941032708
W39018,0.002031106581246344,0.07370551843567598
W39019,-0.0063772159830137445,0.15117235005257054
W39020,-0.00286796103199639,0.15926895036831026
W39021,0.03636413562412,-0.13360891998168595
W39022,0.005123850996865543,-0.006671650168613487
W39023,-0.08617641139008783,0.3267932299725833
W39024,-0.05790211856936434,0.13698834786630754
W39025,-0.013614066070627462,0.10176075286100067
W39026,0.009017552391969611,0.11371368470794853
W39027,-0.011619325550794368,0.1414196268718964
W39028,0.01757392145505102,-0.07406384728207178
W39029,-0.0016800259823890815,0.15003892151801876
W39030,0.02289165419054292,0.02361015406694496
W39031,0.04946457701471501,-0.13296447852870977
W39032,0.014253709834977524,-0.03142575203151528
W39033,0.011890014549356372,-0.003814990773130596
W39034,-0.006836920599105633,0.07282202575172407
W39035,-0.0019508051378177495,0.07850595813069379
W39036,0.02135037540270667,-0.08013090524252788
W39037,-0.07726799398962216,0.14199131525856756
W39038,-0.09981010904138846,0.15894707809264677
W39039,0.005002566716459109,-0.014130127365614847
W39040,0.06285713302189762,-0.12831827062848533
W39041,-0.07760104811512046,0.009029098884556795
W39042,0.00812394196740017,-0.019501754236416875
W39043,-0.020859308624736658,0.10115554580344531
W39044,-0.012243311113748599,0.07153260084892002
W39045,0.02565835253917943,-0.10317376728454966
W39047,-0.0027215064330479077,0.06914595662250106
W39048,-0.03731111312202063,0.010932130127329602
W39050,-0.010251515558825725,0.06457386630119615
W39051,0.03406493587408466,-0.15769422508496295
W39052,-0.6496832977830714,-0.2632714550328277
W39053,-0.11334495843222915,0.1691375822304073
W39054,-0.05824143341423549,0.14545418980728744
W39055,0.027387637807718433,-0.09870962546282577
W39056,0.005057449991666484,0.06785333617049245
W39057,0.032984025839338585,-0.0808034483322104
W39058,0.054460148290472056,-0.17219864092425413
W39059,0.002119733477440887,0.09516822464846257
W39060,-0.08987821823664106,0.16310943689336557
W39061,-0.10854038009794159,0.17117698287745436
W39062,0.00758200481975097,-0.02096702379620592
W39064,-0.002864694496006181,0.0656259179984768
W39065,-0.07721191685338351,0.16862070218217362
W39066,-0.0028224050982771326,0.15510190407815314
W39067,0.02113905004991813,-0.07993880129644457
W39068,0.004266402743046538,-0.01118716076297526
W39069,0.05617271507833617,-0.1457690464885279
W39070,-0.0029579355917949933,-0.012946499117915159
W39071,0.05320827701366915,-0.09402748178417258
W39073,-0.029967969293659767,0.11072123272454101
W39074,-0.0021846714500262858,0.16088665492311444
W39075,-0.023149480191950365,0.08968620919788882
W39076,0.07050941081023815,-0.1511849155946503
W39077,0.09208550685153194,-0.23172238140724097
W39078,-0.053753697574737476,0.1389570020108614
W39079,0.014495904624126824,0.008206074808963317
W39081,-0.0014125410139645116,0.004036104796189578
W39082,0.011044529176992366,-0.015030884008930415
W39083,-0.011391173609614941,0.05567658977963822
W39084,0.0019167259052562814,0.10157164046438606
W39085,0.024900337378906744,-0.10976574370800928
W39087,0.008169245500939129,-0.02691733030250523
W39088,-0.08146940571372133,0.16712868546281873
W39089,0.032429118996349676,0.14506938575203432
W39090,-0.03284844366737984,0.14394757327638383
W39091,0.002503741664263074,-0.011873884113942697
W39092,-0.007607611722684975,0.12950542991397704
W39093,0.004997769917897481,-0.0164859684171481
W39094,-0.08168158125298797,0.15005562377988904
W39095,-0.08494437240987449,-0.0037618497511015593
W39096,0.026525622724711356,0.07647468418003465
W39097,0.040248603691407044,-0.09769919136795531
W39098,-0.005749079673777366,0.030465758452493566
W39099,0.03649478997021638,-0.17891226266298446
W39100,-0.012147387516273764,0.13631712620318062
W39101,-0.06663474216191934,0.1259291438451972
W39103,-0.022137898777608606,0.1279748918387513
W39104,0.045904274382458456,-0.08763598088361603
W39105,0.005042502930909823,-0.04093665529770434
W39106,-0.003673746891405878,0.07594742965136836
W39107,0.012477788431408694,-0.0048862257264530185
W39109,-0.004827477340027818,0.11565547791181655
W39110,0.012512021172244033,-0.02282064941760297
W39111,0.008979896964513267,0.04224786252249654
W39112,0.12646493925356916,-0.15008239156255654
W39113,-0.008188836129070235,0.13160177663866154
W39114,-0.0028831934366112455,0.15335334289790217
W39115,-0.10149593270643652,0.1695646474378884
W39116,0.01272227191867206,0.09763790481768413
W39117,-0.09684124238310386,0.16004140117975352
W39118,-0.00822617342411916,0.15558790594589966
W39119,0.030929963147628622,-0.1083663646410506
W39120,0.07915010201359313,-0.20621550152656296
W39121,-0.0050744428257673635,0.04979330667196238
W39122,-0.10884794927029579,0.1787976987295731
W39123,-0.027882646012301636,-0.03946754682145097
W39124,-0.642968656890947,-0.2645119550349739
W39125,-0.001061312660853386,0.12311349483824971
W39126,-0.019510988628498732,0.05936980601566793
W39127,0.04756132475107501,-0.09251779489932557
W39128,-0.06811331858463104,0.1432601920021953
W39129,0.0011087233718694261,0.11674235790487997
W39130,-0.0007027679904334035,0.05865916295213024
W39131,-0.04400233148424471,0.13032447018424076
W39134,-0.02350015944282027,0.09523282345325032
W39135,-0.006078117883985347,0.13959019366233671
W39137,-0.07878733579194824,0.13971381677832953
W39138,-0.07458577351712939,0.1473487373317056
W39139,-0.005116666649599667,0.05451692489842168
W39140,-0.11203940378689597,0.1585050234247949
W39141,-0.13247569940372064,0.18120075995475993
W39142,0.01984541629996867,-0.0744538852973089
W39143,0.04727711618253623,-0.15617428337423409
W39144,-0.014679971554549424,0.13920081460815095
W39145,0.013956426455309798,-0.00036577756878361604
W39146,-0.0026007152302552792,-0.015185030035912775
W39148,0.01488079464779924,-0.035006478819688505
W39149,0.0019316031493327366,0.1471354314675893
W39150,0.04843739988907455,-0.1740001979472147
W39151,-0.6249281486233959,-0.25062287867006877
W39152,-0.00041014144174117656,-0.012527339912347422
W39153,-0.055192607903358025,0.09814134553658221
W39154,0.038650918659286965,-0.15272826183768368
W39155,-0.00764489109693203,0.13187274002524982
W39156,0.00498551900482968,0.15847122027572497
W39157,-0.05955314467785748,0.009502875642384
W39158,-0.034172833379663335,0.11016940517338168
W39159,-0.03519696276953302,0.0076374981777080535
W39160,-0.007162487347994803,0.07463543093858123
W39161,0.002045847224262597,0.06333033445311784
W39162,-0.05316261518580127,0.1473471254185081
W39163,-0.10846885298269589,0.1843984134856383
W39164,0.042729113545856824,-0.14393675268749548
W39165,0.0007479609792162118,0.1720495560673059
W39166,-0.0027146572850699196,-0.009444666430959908
W39167,-0.08374306635779528,0.12091598405980883
W39168,0.06846477603626218,-0.15800065035789285
