cell_id,dim1,dim2
W31105,0.92475078899731,0.7260692379204604
W31106,-6.194206984190306,-1.4709786035880923
W31107,7.334096276385862,3.529426495465054
W31108,-7.020986885504984,-3.2820490431721243
W31109,7.461508322005185,3.3571378872330078
W31110,-5.619420839626592,-2.802554617550376
W31111,5.486463439291482,3.1032430363960115
W31113,1.1861583196822156,-0.17438237714993204
W31114,3.899911269632832,2.3067707107016493
W31115,7.84470358075125,2.228717801996429
W31116,7.400137421008571,1.4260298962601112
W31117,-1.6203291697421156,0.7479831232626455
W31118,-6.650181615841506,-2.225299933982504
W31119,-4.391719575214087,-0.4812640637006249
W31120,7.398705331804112,3.0032717118319217
W31121,0.8108109627865722,0.04178540584357661
W31122,6.191391961858194,3.7566910499896555
W31123,7.5532387612050975,3.1563869150736537
W31124,8.477275276442429,2.182744221971659
W31125,-0.7153254117914708,2.1365786335674057
W31126,4.865419396209961,2.438248724032057
W31127,-3.319893401404536,0.6162793416155486
W31128,-0.8864604569404396,1.6929525529442628
W31129,-2.243723690915629,-0.7332235972730502
W31130,-5.21583011200358,-2.007289042253277
W31131,-6.653856800520006,-3.2442904239766954
W31132,6.903942528464468,1.7068367868484504
W31133,-3.229465032016398,0.2021514725341448
W31134,-1.3796075008642943,0.041318700391102026
W31136,6.780294424542608,3.237007825422973
W31137,7.367645169424147,2.489736508105622
W31138,5.302038982548879,3.2746448868403104
W31139,5.103869188919235,1.3781393918424067
W31140,5.291360309889689,2.8856294675199874
W31141,-5.201048646011585,-0.1728438560162894
W31142,8.917623548188379,1.562342302235533
W31143,7.7697322786308,3.451281101108179
W31144,4.684915863399012,2.6134821939236192
W31145,-5.920260195123311,-4.030418527925035
W31146,5.65465753035831,2.0336479129561953
W31147,7.331111410169004,3.2449053118267335
W31148,-7.265007816473661,-1.4479028080240934
W31150,-1.9576108622972384,0.6346829819081033
W31151,7.215510169829395,3.930191635912845
W31152,-6.532571266022025,-1.2031534564917585
W31153,5.69712350540022,3.0212203954396966
W31154,6.775382227007619,2.6764574479063006
W31155,0.1483817429295116,-0.06482603505780726
W31156,7.90451714323548,2.073496135800071
W31157,-2.864774272530027,-0.18681551196997123
W31158,-6.530255051826065,-3.771831129911508
W31159,4.0564506566757625,1.6375796229476167
W31160,-2.6410914945909862,1.9034624960771693
W31161,7.050937420661648,2.6961454931823554
W31162,5.782413951051583,1.114791266595952
W31163,5.872718102485203,2.970723082398242
W31164,-6.218303779274127,-1.417899904056625
W31165,8.098886305107957,2.415141930078359
W31166,-6.251996646048843,-0.4010226367077721
W31167,8.058794017973677,2.3126382866178408
W31168,-7.6134983629080315,-1.1329870082744435
W31169,-5.8747255426083385,-0.23015797962967502
W31170,-7.441975839211178,-1.7608097703522119
W31171,0.7475014705585169,0.7078239144244645
W31172,3.613936919807862,2.1495213774361877
W31173,0.4565928736716036,0.7059364717252572
W31174,-3.0895745867950026,-0.25714446029866667
W31175,-2.1474095361982677,0.6347646617032723
W31176,2.759488982104154,1.2351912689832776
W31177,4.399764785234301,1.9583759610508764
W31178,4.935723596788354,1.5257919403939597
W31179,-6.206022869556397,-3.4689804165188947
W31180,6.963668386818399,1.9090955560105622
W31181,-5.709939259204897,-4.083559804819211
W31182,-5.870934686642576,-4.159179914895658
W31183,6.258512712143759,3.014134656286563
W31184,8.102856003674527,2.421592035737159
W31185,6.65020040607214,1.5686077007549328
W31186,-5.061034296415452,0.2303410398073353
W31187,-4.10684408524757,0.1907297609924918
W31188,-3.3707182661263424,0.43356997561444566
W31189,-5.967644127003213,-3.4980440540507303
W31190,6.154405534181826,0.82249375104906
W31191,0.8857358647849679,0.8212319044604787
W31192,0.8373211855927403,0.7642174819075594
W31193,5.994344248099748,2.023490597966203
W31194,3.5506654279228878,0.8087526447667741
W31195,8.061432995302,2.5344030770048835
W31196,3.9134992398446573,1.373745155316135
W31197,-3.8922267998418483,0.17922510267790062
W31198,7.173084083169772,1.7198838385443354
W31199,-0.3519542433111723,0.08901951689585645
W31200,3.458478004760174,1.226171741207937
W31201,1.1818469405997172,0.0875907897426164
W31202,-4.807089610996713,-0.5985347436936519
W31203,-5.6680887831638165,-2.1734549017341123
W31204,-3.0197670098666496,-0.3101209745078357
W31205,7.04398284432167,1.7922964187694854
W31206,6.769218227584932,3.747360644682256
W31207,-7.194800946610203,-1.3305167150332746
W31209,8.638364229417178,2.5298601840917505
W31210,-5.68602852008228,-1.4797133614404745
W31211,-6.612431271907245,-1.928819948531933
W31212,6.212022238812698,0.22435891032947267
W31213,3.837622415072966,0.769346507782124
W31214,8.540261490004136,0.9707485835640427
W31215,5.4434459162592015,0.48814407641750984
W31217,6.884941463280171,3.5940909340709286
W31218,-5.708309412941752,-1.7824840334109562
W31219,-3.239347231171986,-0.28129522861101697
W31220,8.68298137140368,1.4046116261900012
W31221,0.2942425908724226,-0.035238114691976435
W31222,6.554896784381126,3.028253677928419
W31223,-3.3718962575249756,0.6736643117306261
W31224,0.7848841687040625,0.8767447551519797
W31225,7.69079862836313,1.7179896968676798
W31226,-5.508950491274083,-4.558180548396704
W31228,-2.073929765841626,-0.637890295873626
W31229,5.043644064083327,3.0548524780852224
W31230,4.554213488164351,2.146801495853463
W31231,8.25173132186727,0.7839382256239452
W31232,6.85925150565565,1.8436799848660788
W31233,7.765932521229424,1.504459255393878
W31234,7.600955024849442,1.767409780446035
W31236,5.898564579170321,0.23265398174835789
W31237,-5.6453164179005535,-1.0313255402657722
W31238,5.370886969256122,2.6639522687775186
W31239,-6.410024373542715,-1.2410341792931012
W31240,5.3424634991030135,3.0949389876129145
W31241,7.492088014571677,1.6543484299456748
W31242,-5.073963263855321,-3.788182554459715
W31243,8.325559702680845,2.2532379263731466
W31244,-3.3695282180757795,-1.5058156657968447
W31245,-5.175656932522296,-3.681495453209219
W31246,8.313731053261568,0.9889342532614552
W31247,7.438703613458,3.0491940375141366
W31248,6.624222346983223,3.7566204020154643
W31249,-5.528213587391673,-0.7897597732595624
W31250,7.024144115145165,0.706552603971367
W31251,-5.667090113584157,-4.682387704706276
W31252,-5.558157890843006,-1.0837111214581767
W31253,-3.9478625735599557,-1.8254704109019106
W31254,-7.400436607147695,-0.8720450614345304
W31255,7.009127879662591,3.0379739756419823
W31256,-4.976622178563307,-1.9707773914625795
W31257,1.029853632548974,-0.12734811806498922
W31259,-4.2147978589201545,-0.09474405894955183
W31260,-2.9481250879694274,-1.200007574749101
W31262,5.816218401364616,-0.12004207669298787
W31263,-3.9263552993107087,-1.9157165110415257
W31264,-5.074407046774146,-3.30478602893515
W31265,-6.254869137862783,-0.8871476621560824
W31266,-5.817792573690594,-4.1768731402438
W31267,-2.358706820620424,-0.17417694001878
W31268,0.15411671444589686,0.4873485514851486
W31269,5.267081116725713,0.08465169110912524
W31270,-4.789970088046541,-3.8105578545101886
W31271,6.2340196101956264,0.03858305078257389
W31272,-5.289889542954607,-3.469707475055239
W31273,-5.205393258645022,-3.056777776537303
W31274,-3.935847886407541,-0.1480001236809316
W31275,-5.347558025758055,-4.412877687117476
W31276,-0.24484738785786844,1.750886968742788
W31277,0.23910633529013042,-0.06888098152914751
W31278,-6.177310930901857,-0.7484528086797412
W31279,0.19920980251080622,1.0448262622545128
W31280,7.872303289264788,1.5046811258269626
W31281,-5.809553809078251,-0.6104210574619789
W31282,-4.988446888118449,-1.746994065584189
W31283,6.796520726363184,2.396883774853166
W31284,5.826263364799608,0.3300077929362055
W31285,-4.258559882844032,-1.5528120100667513
W31286,-4.033693068573986,-1.8961642842610393
W31287,-0.2509769108263081,1.5172060741822941
W31288,1.1548390946596057,0.021982380290678942
W31289,6.4945800140074645,1.407199249834416
W31290,-5.577653988404064,-2.06535771918039
W31291,6.909686344711825,3.270897340312484
W31292,5.740469616921158,2.454364129785416
W31293,-6.306894182350365,-3.4815214313042597
W31294,6.009491126014825,0.3900295709043281
W31295,-5.652217993176972,-1.713946527550041
W31296,-5.96187105317973,-2.0050330565751495
W31297,0.4222629105526225,-0.23702694223898876
W31298,8.086407361531853,2.4563518250634595
W31299,-7.259008229774852,-2.1862968911631464
W31300,-0.6176745520735705,0.4032507721729143
W31301,-4.071523028181987,0.32362377411870435
W31302,7.256620849526548,3.6940022997740534
W31303,5.523139229281709,1.088012350747329
W31305,-4.938488705696362,-3.949521693696119
W31306,-7.121862847072897,-3.3006319781767015
W31307,-6.378083084882023,-0.7847445770163947
W31309,5.691455266071694,1.5166297973129859
W31310,6.294487846920465,3.4606454052980875
W31311,-5.023531596880094,-0.014615956277266511
W31312,-1.6165478577426766,0.8125411142659011
W31313,-0.43034655424647844,-0.022940515133789134
W31314,-0.7307221936955285,1.2683750347519804
W31315,3.918241389702412,1.9182626251373647
W31316,7.5726391373148045,2.1419041884134487
W31317,7.689854341147487,3.579257084844988
W31318,7.486052834008559,3.798050498953223
W31319,-6.70298606542806,-2.014532576392371
W31321,3.8659899656692795,2.2731273779262344
W31322,6.446931199496586,3.1879530448746585
W31323,5.213094429470253,2.9655240803725382
W31324,-0.6630416869301131,1.2883414164467129
W31325,7.239237885143559,1.1634135464588744
W31326,7.3025099657242745,2.6215404729511533
W31327,-7.1650001376172,-2.131803732175602
W31328,6.241753060144559,3.7053390040457126
W31329,-7.395902218603594,-2.246439579316413
W31330,-7.266196036899534,-1.8260625567836486
W31331,1.3103967060735138,0.31564457577407296
W31332,-5.243196952522187,-3.9461531609441685
W31333,6.13061740813855,2.655260421406182
W31334,6.5727941149965865,2.8458985138002504
W31335,-3.411816659737287,0.362458493233177
W31336,-7.298663754183181,-2.2428112665513016
W31337,7.151646769803044,3.952004316500814
W31338,-6.948241540929548,-2.550782234431752
W31339,-7.099914676516392,-0.9644631300874075
W31340,5.810858200573424,3.0059637644307036
W31341,-6.424828008928179,-3.370407016921183
W31342,-6.508341844839681,-3.9199812480504517
W31343,-7.56273466966386,-1.3741905914956758
W31345,6.013544018775105,3.174146735010551
W31346,5.547015396275478,2.536872805417304
W31347,-5.3391260621326175,-1.0467134477294522
W31348,6.247709137528171,1.1239850768804023
W31349,3.734876862559785,1.98752334543695
W31350,-6.346684188160292,-4.498975367471211
W31351,-7.239148319166912,-1.6249282246693757
W31353,7.659404255632042,3.40286277931618
W31354,-1.3129452900356557,0.4980049658866624
W31355,-6.9865282210480375,-2.0276949121308148
W31356,5.702144804015982,2.2309375100907722
W31357,6.9532804442942915,2.774412565680274
W31358,2.86878839984756,1.022696552653957
W31359,-5.9152737739750485,-0.9664301056087613
W31360,5.669515849453744,3.66583633958548
W31361,-5.548320885933922,-4.054476114874118
W31362,-6.167444638538476,-0.9074638418830403
W31363,-5.74389280642694,-3.0361847632311396
W31364,1.287823898787686,0.8480160976719688
W31365,-5.099678884324991,-0.05193104407247754
W31366,-5.643912887284743,-3.8393665146630513
W31367,-6.6003509453597955,-0.6670482117591889
W31368,6.473421236950121,3.7376644829626944
W31369,7.388516579427932,0.8198452323721086
W31370,7.896155210665537,2.3121557042506478
W31371,-4.3242328530749905,0.1499730996026442
W31372,8.204089793521419,2.5029604850289995
W31373,-2.4336295160578665,0.6878566978154985
W31374,7.35980350131227,1.9139486400049273
W31375,5.468153268853019,2.8796216867129
W31376,-3.794584223106856,0.4339369940418769
W31377,-0.22485217093623425,0.16769495548736718
W31378,7.51357393354016,0.8130086515978123
W31379,-2.2056856625749393,-0.19913999089794476
W31380,5.645385923569411,0.910961204824298
W31381,-5.7694758015924945,-0.34562566272803524
W31382,6.338054550376803,3.3634214884034876
W31383,-2.8473121009691584,-0.4049421272573848
W31386,-5.961437984420462,-3.882293696752169
W31387,7.447036330930607,1.500152885951314
W31388,-2.1300405163420275,-0.48318629975023686
W31389,5.467897994609447,1.777759517547491
W31390,5.51277463012365,0.9809917016464181
W31391,7.688884849064703,1.297976780376425
W31392,-4.283426510055011,-1.3654862843949505
W31393,-4.751246596393956,-0.44925242655732917
W31394,7.801256116796919,1.7482878241714166
W31395,-5.76502116943703,-0.3267716851782722
W31396,-5.193641360190272,-4.2715841915834964
W31397,-0.20478567960009186,0.019954042245737734
W31398,-5.489870935493386,-0.9005722772530217
W31399,-5.2576440646713785,-1.029236039889718
W31401,7.08073324040892,2.40454953753619
W31402,-5.135996400987739,-0.6820437746380602
W31403,-5.02503250374837,0.3096232807205352
W31405,-3.437042681894633,-1.401667787016662
W31406,6.061228111245418,0.6244814560017706
W31407,-0.2999793774201356,1.1905058413369383
W31409,-5.560112242010024,-0.8442328284984872
W31410,5.642544762533144,1.9107384841777268
W31411,-5.5652633126916555,-2.0796390628632535
W31413,5.293716669368133,3.0713816032754706
W31414,6.693568342871823,2.2109978494928937
W31415,5.507557349316005,0.7492274163146073
W31416,6.371646303346285,1.430373838739737
W31418,7.182753056538867,2.1337051893313643
W31419,5.679604519887538,1.0354642959660179
W31420,8.746893922441451,1.4977100671638415
W31421,-5.839998001935987,-4.390716327201998
W31422,-6.597099084858873,-1.4170504571357636
W31423,7.538562621616566,1.3966130789068032
W31424,5.179926221430169,1.3386114235524298
W31425,-5.649508052761489,-3.7275787085758068
W31426,5.230487455311696,1.0920133159811218
W31427,6.09949285837735,0.15298939900902347
W31428,5.41394735733904,1.6639838314964763
W31429,8.782569552883006,1.6741720036504288
W31430,0.7163282310533009,0.2736860170750819
W31431,7.5688873484230585,0.682991294377822
W31432,-5.432820313940069,-2.6313773458231196
W31433,-0.48375638646619473,1.9738309130567038
W31434,7.024387850930264,1.4126668336406698
W31436,-5.712525225380808,-1.202247554339824
W31437,1.3057772553833047,-0.01139878989842803
W31439,-1.1039316499836176,1.4925136451761256
W31440,7.413097606300225,3.5994385790538135
W31441,6.973899099651205,0.5410671407739996
W31442,7.004679515443239,0.9475090538142316
W31443,0.18185066478226294,-0.035084924756524666
W31444,7.412871286970458,0.5925895013322495
W31445,-2.6491729143475755,1.9237455772124945
W31446,5.769651796777654,0.8343231177017995
W31447,5.766370915832089,1.8350892741019567
W31448,-6.3095447732033785,-1.8705458478935597
W31451,-3.9404258339597793,-1.5705786013404173
W31452,8.369887279177709,1.18755149222977
W31453,4.858032806683608,0.3302426848003125
W31454,-4.130841111559047,-1.6748635577923554
W31455,8.628446233932346,1.0866190874956876
W31456,6.055539438483522,1.8313316257965508
W31457,-1.0281160480505036,0.08835259677272649
W31458,-0.5709036129520426,1.1707365979051234
W31459,-1.3390787134835385,0.2686039782072989
W31460,-5.065446505235846,-1.8115194564950436
W31461,7.12028968102812,0.5896513047237683
W31462,5.9155050997214795,0.23345242757186496
W31463,8.010664440061346,0.7110500449212233
W31464,-5.617867557299884,-0.41588407099291747
W31465,-5.382806314221335,-1.7801408822691656
W31466,-6.27494232645562,-1.3918382428296987
W31467,7.260410888292243,1.5545790885726798
W31468,-4.613768008512413,-0.9131418596917084
W31469,-5.122394576834004,-3.8104551600118426
W31470,6.587103170678482,1.9645648111735567
W31471,-6.480746423585335,-0.5065868806096686
W31472,-5.190384026749716,-3.65986899063477
W31473,-5.934391547282342,-0.981094289050767
W31474,-5.951887576377754,-4.896326963042605
W31475,-5.744620957376733,-0.9883402097105807
W31476,-0.6429675853707488,2.091760156947959
W31477,-2.9831168907677315,-0.03339283990647054
W31478,-4.984715992118355,-2.0019258060438156
W31479,5.745044463654523,0.4670341740214167
W31480,1.009385416270101,0.02945850696992913
W31481,7.437011754677891,0.6913381756102909
W31483,-2.6540655385825414,1.8026256966129315
W31484,-5.98687994246484,-0.4637930775093844
W31485,6.465352073863549,0.4310218881421071
W31486,6.239043044466727,0.6090380358083317
W31487,-5.342973941251055,-1.2673697141591054
W31489,-7.205484555214992,-1.285618047607935
W31491,-3.0586907142965503,0.17460597276422032
W31492,6.3730930063441695,3.2625345135551007
W31493,-2.2814911295195066,-0.47127848985271353
W31494,-6.346872382357776,-2.4263197867007715
W31495,-3.482582330665586,0.23866726738719704
W31497,0.818980674522706,-0.10837052779048334
W31498,-3.149847897664688,-0.17343706624494928
W31499,4.677296393924012,2.3294598666820643
W31500,7.383643276019444,1.7186403540260524
W31501,-6.698889563480867,-1.2270315861019445
W31502,-2.7289110479943375,-0.5900842996564729
W31503,-6.613237759445198,-3.4345529761895897
W31504,-7.304408848309903,-2.451320591897299
W31505,0.49017397535200546,0.35122771914104683
W31506,1.7838441403716572,0.5496578520337244
W31507,1.6789155756696241,0.9515654900564245
W31508,4.851571420239926,1.8234483889795856
W31509,-6.6955411751072775,-1.0016044408422162
W31510,-6.312619757978178,-0.44251540183629334
W31511,-4.665444263975248,0.35167664498067486
W31512,2.497087900261205,1.2089206766758878
W31513,5.801597688515939,3.435107429094778
W31514,0.8622552896777923,0.7687740592144576
W31515,-5.886289073533615,-0.01882164247364391
W31516,8.647133930617262,1.637050563625999
W31517,-4.459171065437043,-2.367706630891726
W31518,-6.061085524100195,-0.37563718662547035
W31519,-2.1050300201879035,-0.7222716309011898
W31520,-3.2906087809739057,0.5633474449726048
W31521,5.259425738172556,3.1386343729446122
W31522,-6.313964453015564,-0.1613927714758582
W31523,8.112147033536065,1.287292520459125
W31524,-4.791670984072745,0.16328233154123878
W31525,7.266658419500816,1.1012184296592733
W31526,1.3017717118025365,0.08979916491614823
W31527,1.5384902136934282,0.28375027308087
W31528,-6.023291364834161,-0.3326838155845059
W31529,5.132182637579185,2.990228053254522
W31530,-7.343845380160491,-0.8848716391782999
W31532,-5.186955144313391,-3.452180579315479
W31533,-1.0697165668663058,-0.36687037554092455
W31534,-0.7997462165795541,2.2186249615129396
W31535,-2.130694135740546,0.10234722073594342
W31536,7.167521732524074,1.3901195931368828
W31537,-2.5318667393471497,-0.2307792825146364
W31538,-5.952212832854644,-0.5909636029118691
W31539,-2.384636377876002,-0.8297476480521623
W31540,-5.464069006317124,-1.7891384642006125
W31541,6.545183839587405,0.6734245305287555
W31542,-5.457450610711143,-1.6676730080001365
W31543,3.9967059281434056,0.9859077899871399
W31544,-5.9827955436195,-0.4514561620066267
W31545,-1.62094672607303,0.41451489316078727
W31546,-6.085728129852028,-4.845052164365381
W31548,-2.5310468696925295,-0.7944975391188797
W31549,-4.972537540999315,-0.7074110902336666
W31550,8.223680933496485,1.637305450527347
W31551,6.504818576570319,0.7912038425836693
W31552,-5.0062918993769285,-0.8000350997223554
W31553,0.32514827041901306,0.0752284465412382
W31554,5.879554055043666,1.7201460458823596
W31555,3.6878240638349613,0.8669939067568103
W31556,-4.701810870477008,-1.3653969439902622
W31558,-4.900659541337301,-2.272954735928861
W31559,-5.393055736104375,-0.9906798182486748
W31560,0.9454849066695613,0.23077386320267695
W31562,-0.9981433996872745,0.3266022956925811
W31563,4.822286783228624,2.226985174075141
W31564,-4.741506242462659,-2.878269909654647
W31565,6.458543547480478,0.9511448863406535
W31566,-5.225095790465655,-1.9173837718341513
W31567,-5.365300992785476,-0.7875837783218602
W31568,-5.009821882674498,-2.6732824860885067
W31569,0.8397651263553658,-0.120833937630644
W31570,0.5753489418434554,0.5963638893273432
W31571,-6.395821484589158,-4.640567430642982
W31572,4.91948548094024,1.4406397829883681
W31573,3.7735968405317184,0.9732938135162524
W31575,2.202996198921355,0.43708756599194265
W31576,5.603932022674593,1.0219424426387174
W31577,-6.633420802738522,-3.8826546182280026
W31578,8.323962542904894,1.6044169935397772
W31580,-4.711679158501215,-0.5316057340654492
W31581,-3.787084919032965,0.22219642878087956
W31583,-0.7332135499282743,0.8513179793273553
W31586,6.3640398786788595,3.625740391322838
W31587,-0.567481772128594,0.5827995809437997
W31588,-6.778254104948392,-4.603232781610849
W31590,-7.2972633029050815,-0.816533442237139
W31591,-7.4971103403656345,-1.2340380477591095
W31593,6.627656721221119,3.625538347985835
W31594,6.379775271760546,1.6194733293877426
W31595,-5.624384070377058,-3.6402782902167217
W31596,-5.887691323113515,-4.924417729115225
W31597,-7.4259205448340735,-1.3260552446657117
W31598,7.216114180961389,2.325444379568566
W31599,-6.526918032243015,-4.062999755734626
W31600,-0.7008108411217453,0.08048653823054974
W31601,-6.324325150615395,-3.4563924043546823
W31602,-4.385998373288456,0.0709974388613163
W31603,-5.153690014638814,-4.358513799740238
W31604,1.8065125654971204,0.5050386564428226
W31605,4.713075059346457,2.2201401930614537
W31606,-6.785241865799517,-1.9154748586919286
W31607,-2.934402025912739,0.7408824029861096
W31608,-7.34042988728626,-1.1637786130584327
W31609,-7.030201504346715,-3.4770541467028884
W31611,-5.979538613604796,-1.0513481933171869
W31613,-0.06396871012821466,0.5682452274300731
W31614,-0.17685611385513597,0.17514836820354815
W31615,-0.8352257163959935,-0.11116130273498724
W31617,-6.178508373782157,-4.874356591976413
W31618,8.292698082255162,0.9396698209841869
W31620,-2.4876590432553995,-0.23280545116857734
W31621,-0.3557597588224577,0.007942414818326615
W31622,-5.660128407155471,-3.118669003026714
W31623,-6.601467789981306,-0.9063567941081547
W31624,-5.8076821467910555,-3.609733824249625
W31625,-6.642905444581209,-4.5489809631405675
W31626,3.6350961669542694,0.9733249496846735
W31628,-5.530513670632067,-4.549119235687803
W31629,5.027916913815158,0.9239394388301998
W31630,-5.883219133369725,-2.6029684070646457
W31631,-7.0702121734841334,-0.703653978879222
W31632,-6.657958208599803,-4.536198429530915
W31634,7.932056619378597,1.1321800552748693
W31635,8.432974131824956,1.4820023591481402
W31636,7.888798609327819,0.7952922235918454
W31638,-4.951318016199907,-1.22107155826747
W31639,-5.065668085486804,0.27784899571943306
W31640,3.9482295998802988,1.317199481765278
W31641,4.751037223675232,1.6165618574172385
W31642,-1.5122308588993194,-0.3298249929300668
W31644,-5.557195108285075,-1.5661151721778148
W31645,0.7847473937574875,0.47866598483779227
W31646,-5.343737125665221,-0.6825341286862284
W31648,-5.321524143814283,-4.469302295314025
W31649,7.556563425609504,2.082632169038186
W31650,6.652884334703233,0.6897628913052759
W31651,-1.1405828391014228,-0.42257738074235346
W31652,-0.787492948149215,2.0188057566611004
W31653,7.01240118878967,0.6974216192465629
W31654,6.353017811607567,0.8515376838297614
W31655,-6.105820216857035,-0.4722415133860619
W31656,-6.267759419333979,-0.48315039300687185
W31657,-2.0152972096245483,0.7876995668216572
W31658,0.9633193600987134,0.13630997346134652
W31659,1.1256637066201494,0.2716883183739182
W31660,-5.414792287064432,-1.1218081908699375
W31661,1.119276025168781,-0.08498583933793784
W31662,5.562009987147082,1.0425438465547094
W31663,-5.965319493199526,-4.9462041303572155
W31664,-5.795261557579705,-1.6568348013285443
W31665,-5.98381811693479,-0.3839597674645901
W31666,7.0286532976317995,0.7978607627574618
W31667,-4.748076579300295,-1.8884075881025717
W31668,6.188380427631937,0.748543205690232
W31669,0.19751482671137124,-0.06179318982373947
W31670,-4.758845900573738,0.16114832047953315
W31674,-4.660689443754084,-2.7022199766916013
W31676,6.4927910750282845,2.267623655902739
W31678,-6.318995325874134,-2.658124355895807
W31681,-1.1802548348324144,0.40198041614147556
W31682,-2.8077280182234374,0.24860892372929017
W31683,-6.970957453422202,-3.7474209029115477
W31684,-1.384668875047298,0.6127339456972357
W31685,0.16012548995356374,1.1212648717158455
W31686,-6.232992216506717,-4.62423311301782
W31687,-7.111968107506494,-0.6173015289700701
W31689,5.5164866886426775,3.2632836251548487
W31690,-6.258247964857758,-4.756377825457169
W31691,6.925874912126679,1.7383459792611597
W31692,1.7375524716022543,0.3789180205390792
W31693,-0.7557787183859884,2.240024460867175
W31695,6.1331459371181625,1.8083309614682908
W31696,-6.436198041341233,-0.49647772724164374
W31697,-1.8046701651718762,-0.24049708587267604
W31698,5.707729918341759,2.720040619026164
W31699,6.022355143709967,1.8499295306184393
W31700,8.36491540224107,1.8764315484631455
W31701,-5.6752019338442645,-4.7980887691863
W31702,-5.883642225222863,-0.9706281345530853
W31703,-5.899077547992026,-4.858796910550548
W31704,1.9402193280505484,0.4498000470608649
W31705,-6.672394162483373,-1.1843438011652088
W31706,3.667206993907067,1.0176427991224835
W31707,-6.253031558423757,-0.799127835929105
W31708,-5.718098454517403,-2.4302019632676095
W31711,-5.095017768251513,-3.549600461076178
W31712,-3.1045098361004895,-1.137907046813351
W31713,-5.989074830838989,-3.3037818752559844
W31714,-4.920642045053303,-0.6417336225039312
W31715,-1.479427415542224,0.5199613193049106
W31716,-5.05438523921285,-1.4867422484813215
W31717,8.69672355102363,1.1889871245797858
W31718,6.749545420418894,0.7129471694638002
W31719,5.108290688032937,0.9287716729355775
W31720,0.6749372579587417,-0.10483608901497535
W31721,-7.286447652537531,-3.1855658185405047
W31722,-3.114365044841576,0.44058120784457766
W31723,1.2887216745303487,0.26947344423375813
W31724,-1.4089094251304404,-0.24155679022431414
W31725,0.28929026554118314,-0.17908052791541212
W31726,-5.0951552140767555,-1.5899108120252297
W31727,-4.915826478996209,0.19934493671359077
W31728,7.159099178930656,0.6932138670945078
W31729,-6.648671234619058,-2.9923524803881514
W31730,-5.946659544374776,-3.0123771034307603
W31731,0.9517679268817077,-0.04479033865325514
W31732,-2.5620332443053866,-0.9990814952844512
W31733,-5.258244080726148,-1.4373657246146163
W31734,-4.169753305402145,-1.6894776553506068
W31735,6.778907622681091,0.784169968052422
W31736,4.634407339145157,1.6359040013978803
W31737,-5.687527398548059,-0.1838547754608663
W31738,-2.1900341474065175,-0.4969775640283323
W31739,-5.291394077072447,-3.936080365757324
W31740,-5.329250546697202,-4.453638732391141
W31741,-3.3624456702229835,0.14826789324823403
W31742,8.793772548820984,1.490833247580293
W31743,-5.691105871483319,-1.3085533037303887
W31744,-1.6852147530593238,0.7301365735005021
W31745,-3.2873113099959426,-0.18348954264540449
W31746,-1.5877910480145214,-0.44470614209635906
W31748,-5.7986906515311,-4.896897984189065
W31749,-2.600326887414987,0.7414778429957998
W31750,-5.9584810591073065,-0.20295485518546008
W31751,-5.7920843043539785,-4.811024100984926
W31752,1.8001661142220344,0.4319078401168893
W31755,4.544080602485136,0.5699069000209601
W31756,-3.5492756217324333,-0.4194441417742374
W31758,-5.242282268246368,-0.5577908962210106
W31760,-5.545056970921789,-2.3047668957108645
W31761,6.005259713917083,1.131890652772964
W31762,-5.986488851882449,-0.3060330083117058
W31764,-6.076245058479017,-0.7306394307680135
W31765,-5.558420078063286,-0.8108847808609705
W31767,-5.985669650753467,-3.183107658688366
W31768,6.453709228139396,2.1213260760874495
W31771,-0.7709806015471687,0.18054059679792456
W31773,-1.8940417814181247,-0.20746269214607566
W31775,8.812693073788765,1.5405889083383362
W31777,6.887027255301775,3.398751044872676
W31778,1.3115740876514483,0.07920911518407817
W31779,1.5834317046144242,0.4783293902590127
W31780,7.309453689007169,1.1205474047286863
W31781,8.344912890779733,1.8787474492761922
W31782,-6.220287170389994,-0.4057462575112253
W31783,4.507364948611844,2.3816550567534915
W31785,-6.402498674455477,-4.441478750983039
W31786,7.500447182596072,1.8175325335616548
W31787,-3.5150282653869818,-0.8242716625129892
W31788,3.5923555013972184,0.8675079983249252
W31789,-4.7613103261189,-1.300855708597293
W31791,-2.7831174131413356,-0.28210959841581357
W31792,-2.9851609032721953,-0.2374741835394462
W31793,-1.6069363909756733,0.3590254649304223
W31794,-1.2474181859876983,0.21509527754416843
W31795,1.478006057843301,0.24957012572159407
W31796,1.0696673380294288,-0.05884212953189789
W31797,3.7903365317922937,1.3490648394220301
W31798,-6.072139756438305,-0.7541078956539987
W31799,-6.262353900621869,-1.1567280375132023
W31801,-5.992653357052253,-0.39812889250590133
W31802,-5.013782386873868,-0.871915370125558
W31803,6.779509711349731,0.4185707958756063
W31804,-4.950897616117567,-0.006782845098152158
W31805,-0.05969151756873282,0.24150239008908064
W31806,5.88846932989314,1.8140517077210456
W31807,-3.070060462218184,-1.1997820683696567
W31808,-7.030740557224964,-3.669441552107044
W31809,-5.022864305181148,-1.4304627286091076
W31811,-1.2632811571649154,0.7178453142298964
W31812,-4.422614024221335,-0.557004318067633
W31813,-5.319258809784552,-1.7465495140788687
W31814,6.82067683216295,0.46041194861670287
W31816,-4.081858069619447,-0.9033339511832122
W31817,-5.129827046075159,-1.543698076953772
W31818,7.246694127925203,0.8071521866476035
W31819,8.118003990552824,0.8215209751654043
W31820,-5.322218080268522,-4.435655949589717
W31821,-5.149908206479471,-1.7031197295442904
W31822,-1.9481290584697848,-0.4756455265098259
W31823,-5.276843222064999,-4.306214506531991
W31824,-7.564482330850191,-0.8659701907611272
W31825,-5.282343932563143,0.09190926728980985
W31826,-4.816008217984583,-3.7032652727494586
W31827,5.747204137177546,0.3229570261099217
W31828,-5.1688463490553795,-1.2294969289080802
W31829,-0.9485149877067818,-0.03444113556614255
W31830,-2.805116215895112,-0.3812889406991011
W31831,7.202096946124255,1.3904177490718788
W31832,7.605798899219775,2.0893601432758917
W31834,7.100464235756056,0.6298836570312161
W31835,4.614017873279791,0.8035324454231261
W31836,-5.344104549090582,0.14554744949437717
W31837,-3.9200747865165555,-1.7848733691286063
W31838,6.923377669442765,0.6857071934710164
W31839,5.864488214343304,1.2928891659004587
W31840,-6.240993077430192,-4.797898186930918
W31841,1.5919407722060048,0.4612987517915903
W31842,-3.995555623464805,-1.5887672593909208
W31845,-5.160214501889654,-1.2098482276431408
W31846,4.9433380533655225,1.1777981003605087
W31847,5.932226069099309,0.7521305222042995
W31849,8.181151775400386,1.4340938895129909
W31850,5.608279131236766,1.1570093753225656
W31851,7.980612815403694,0.8101433630416257
W31854,-2.279508822151236,-0.7066921030103701
W31855,6.5720336801927,1.1848984448142936
W31856,-4.753225962391868,-2.6415219665031295
W31857,-5.583845335330588,-0.5246264054850797
W31858,6.989144904189617,1.1345994625704685
W31859,-1.1332895492156017,0.33552070884784435
W31860,-1.5364082388482871,0.6306703979374509
W31861,-4.924067232208142,-3.393253564686711
W31864,-6.388742912414392,-0.8767387593769081
W31865,-5.696877535807997,-0.29015754076595374
W31866,-5.601276841302174,-0.6566885395487665
W31868,-4.840100639217342,-0.9785212694871503
W31870,-3.8598976829073925,-0.06374353913464503
W31871,-5.9127899156098005,-4.854095233182639
W31872,-7.292290941490042,-1.0169760075919982
W36865,0.20762241974803106,0.20644837081616357
W36866,-6.921441670070351,-1.8771980174898664
W36867,0.1560822907799232,0.9306006897087826
W36868,-7.54770163361431,-1.4893934106782305
W36869,8.616101415479012,2.5899703280490933
W36871,5.879675907910249,3.676409668769128
W36873,-7.29002414091582,-0.626200266358876
W36874,-5.88880865056258,-0.9385063059570089
W36875,-6.362866302448305,-4.2743530555638065
W36876,7.950803824690681,2.2637772038536976
W36877,-4.057520071851153,0.32150346281476844
W36878,6.534989740117085,2.5000780659289985
W36879,-6.542502689323365,-1.5837986068863497
W36881,6.738720702139922,2.905250102174227
W36882,3.239367151891423,1.072290339190527
W36883,7.122334744502514,2.51330199754065
W36885,-6.03384964245981,-3.549256113139703
W36886,-1.7061809264077166,0.3503981412072544
W36887,0.2396498558461769,0.6598765838377968
W36889,8.673446135836096,2.612480525563207
W36890,-0.6212082589379875,1.918436121067887
W36891,-6.9113754233738005,-1.7372736192064882
W36892,-7.340756955043366,-1.6418947026857746
W36893,-0.372199694245052,1.3837034767214158
W36894,4.93079418440883,2.0759342046730493
W36895,-5.424816720165286,-3.0128732305400727
W36897,8.300242128178633,1.8618522339900831
W36898,5.7886131895295225,3.2296608367304214
W36899,-3.6864319957514864,0.4187823415952344
W36900,5.459452171405062,1.9239142689612905
W36901,6.681324289386693,2.3422868940819632
W36902,5.545954547923496,1.6854612178270922
W36903,-5.748697829417787,-1.0839660802246684
W36905,6.996352227310733,2.658835688005291
W36906,7.277287326552265,2.7056376103731257
W36907,-5.474865237019312,-2.8984588426248443
W36908,-5.626162710353258,-4.021926732811123
W36909,-0.04172272138801916,1.1516756734160476
W36910,-5.677262273091833,-4.343430543692888
W36911,-6.551448962585817,-4.0704230117730695
W36912,-4.557439707337149,0.28208821961700686
W36913,6.9843458821012705,2.6798103527195276
W36914,-6.223338717045613,-1.3969358446696396
W36915,-0.7579827007083025,1.4608695791438573
W36916,-4.936673752844994,-2.6134220121073737
W36917,-6.040014196086223,-1.8337075118190487
W36918,-5.138916737351346,-4.26391750820309
W36919,5.373759098773124,1.3922530725263018
W36920,-6.303723536032625,-1.7661981884411542
W36921,-4.9938329875628735,-4.1686071732854195
W36922,4.992336190144943,0.7695694859662462
W36923,7.950117743244191,2.8244411847006057
W36924,-6.153914850909292,-0.424630043190626
W36925,-6.63467122053848,-0.8403027200973895
W36926,-6.531782904544017,-1.7452817863959662
W36927,4.256836278781863,1.1720086858338423
W36928,-4.435870781510972,0.10333624353241014
W36929,0.7179090059362908,0.6402671339117809
W36930,-5.310123306320068,-4.4012706371639805
W36931,2.091145527701355,0.6905551836731835
W36932,-6.017964303605239,-4.1606153011475975
W36933,-6.561597662644808,-3.494233709425876
W36934,-1.4872865159124604,0.4502515819888561
W36935,1.2804470662067824,-0.17310773138376795
W36936,-6.134336699999719,-0.6932446429411148
W36939,-5.169177187305237,-3.093949360793841
W36940,-5.2599155672176545,-4.272052097575626
W36941,-6.392429569077342,-1.536983004162626
W36942,-5.68624725501594,-1.3229746061486607
W36943,8.162796873880653,1.9225202283883187
W36944,1.5370900111055135,0.6651132241054808
W36945,0.9040442879133311,-0.09557757951952764
W36946,-4.785775647358517,-0.19448048192090212
W36947,-5.3385194696710885,-2.2671686478622353
W36948,-5.639529207057549,-4.3967544398700635
W36949,7.877437672175971,2.339701064060177
W36950,8.584433441618883,1.812070388686597
W36951,5.617083588736575,0.7638600477668049
W36952,6.601098174867859,1.1061239832980765
W36953,4.956291845541489,0.8742803539303078
W36954,8.610225511610484,1.4312803426808896
W36955,-4.9155352777297425,0.2397787685042656
W36956,-5.182978577125261,-1.164393215554942
W36957,-6.286862392310019,-1.9783723943611315
W36958,-6.144142881211395,-4.563969621230888
W36959,8.651949099700188,2.1933206349518444
W36960,4.99394463842016,2.0502211704568163
W36961,-6.583242260063578,-2.620752132272651
W36962,-7.367932051888388,-1.6864410988947762
W36963,-7.148228085274291,-3.084845527068315
W36964,-7.104050477669806,-0.44741706364629524
W36966,-7.108098558572444,-3.506315769446336
W36967,8.696630194724985,2.5834734752065307
W36969,-0.7289963114303527,2.090131196448626
W36970,-6.146788849717985,-4.319884577060488
W36971,-6.070991429317281,-1.6652933619371886
W36972,-3.599629333796481,0.08228033724312042
W36973,-2.398654645766768,0.6451209493944682
W36974,5.220461503989365,2.0449353695417396
W36975,-7.066326909750439,-2.5346002214150065
W36976,1.1116897820572806,-0.1702126127989239
W36978,8.260799413285211,1.767751927191051
W36979,-6.145403087560053,-1.7400249186283305
W36980,-4.071803462967218,-2.0860405859448354
W36981,-0.7698169699223619,2.0739010508054148
W36982,-4.202406541492146,-0.4894231209620959
W36983,4.35306159032981,1.4773231038613894
W36984,-7.714286959601016,-1.060880041090826
W36985,5.449401895416873,1.596380858878595
W36987,-2.678796196266725,-0.32002224866722134
W36990,-5.984022641567867,-2.417511617558812
W36991,-4.902769327999263,-0.2544866679181616
W36992,6.249412309011333,3.6091864843096215
W36993,8.488967602152249,1.422469481675317
W36994,-5.328556702533418,-4.3510036085240085
W36995,8.530398773127805,0.9205066436231965
W36996,4.72110175348555,1.1360210198809022
W36997,8.481446162187698,1.5859520878097801
W36998,2.62155875698664,0.6432837531116984
W36999,-4.580322403829984,0.4134569469778035
W37000,-7.668804402798732,-1.0257418693883043
W37001,-5.4087989380034225,-0.5176513712661026
W37003,-0.05566806021927253,1.299031910561601
W37004,-5.418187081889118,-4.199992609656777
W37005,-5.05027256046773,0.03375870033874351
W37006,0.9168397264105996,-0.09615281300762266
W37008,6.620406578003608,3.050708803044913
W37009,-5.248538967764712,-0.3202552235209789
W37010,0.5045786408359311,0.029191325246011913
W37011,6.7253969425093185,0.04832410507144954
W37012,-3.523176154224565,-1.5814644637481856
W37013,-4.88972313511705,-3.8445265392277967
W37014,7.988737594244079,2.6961116616536804
W37015,-4.0934083106981065,-0.06992336551871439
W37016,-4.925471105854677,-2.8709211018790213
W37017,4.465764660776901,1.540425837363882
W37018,8.55110903919592,0.9708788734385343
W37019,6.707120226851851,0.29449865496115346
W37020,8.390291254195427,0.9360512804662126
W37022,-0.4562588113775135,1.6307957781484637
W37023,7.93906932466327,2.481774435982127
W37024,6.892163080511939,3.101513895467028
W37025,-5.161845958323273,-1.2997289498778601
W37026,-0.987602479605589,-0.006167704521016656
W37027,5.506370924139445,0.4657021823649323
W37028,-6.033132236995485,-1.3669136151261367
W37029,0.4024035298473319,0.6719870039724863
W37030,5.416383113036381,1.7877844321979564
W37031,5.469482877810021,1.0879224442835362
W37032,-5.705318076118179,-0.4943159213692481
W37034,-0.7219596048937917,2.1901647625871523
W37035,1.2823762774983496,0.07801615152199999
W37036,5.728199959615726,1.225809945032333
W37037,4.556991640718609,1.5692918399505638
W37039,7.361560711796472,2.1066050866738935
W37040,-5.538199151925951,-3.5049034435083946
W37041,7.06304223425702,0.5946865506998628
W37042,7.314039429884398,1.5774547342423648
W37043,-5.909214530606966,-3.811035717560864
W37044,-5.765431163169317,-3.699645231143251
W37045,-7.14183407479075,-1.9319426083908862
W37046,-5.830560257085978,-1.3334715308882945
W37047,-5.751962703185678,-2.0444334364987897
W37048,-5.157677981494159,-1.3136888436047736
W37049,4.97647318263241,0.9669779142376832
W37050,0.8232222509362247,-0.1452141167639708
W37051,5.485784478027135,1.7430346355262951
W37052,7.29592511285876,2.6240760982389104
W37053,0.40433002964440773,0.7078680512284704
W37054,8.888443107049943,1.7313197178014446
W37055,-6.04188649072093,-1.4936641524165555
W37056,7.3795488036712005,1.3380977036188828
W37057,-5.995710773197341,-4.0346338353617055
W37058,-7.341280894575812,-1.9637056281286496
W37059,5.426831940871856,2.1101909527400644
W37060,-7.286101971000477,-2.0879110774764107
W37061,4.373561605106088,1.629352570010242
W37063,-3.0659206691468737,0.526812039101147
W37065,6.984884306519801,4.006430291436084
W37066,3.431266805048568,1.027420179407798
W37067,8.497088663294063,1.9913933798671042
W37068,6.1491738887434595,2.8024589121841816
W37069,-7.2151857466498415,-1.2051480213249217
W37070,-3.2446433818902087,0.6655673786566473
W37072,0.4042776917078507,0.2231625035692264
W37073,-6.077545260426195,-1.9237739744405522
W37074,-6.618532454029018,-2.7746428085808996
W37075,-7.232258111512404,-1.3116094757164998
W37077,-2.505299931788138,-0.25596029399537196
W37078,-2.675545292877826,0.640667724902625
W37079,4.511520561333419,1.1067112098867709
W37080,-5.5716950240590934,-4.568470081344047
W37081,-5.771131223363081,-1.4367129123352864
W37082,-6.310631247875379,-3.9531345939291014
W37083,7.272076441959078,2.2842148129725177
W37084,7.034886276821714,2.8626076109483702
W37085,-4.101454328886437,-0.11467186341096247
W37086,4.496391694144746,1.7314776388155746
W37087,7.051404891392178,0.3716157340676522
W37088,7.205212328971726,2.9704742561464204
W37089,-5.820549831013225,-4.264853990808051
W37090,-3.297622442141994,0.745977229703978
W37091,-1.1073076355018736,-0.30543420185339065
W37092,0.090522903129926,-0.020146176960816668
W37093,0.3101332195417348,0.07398877547564595
W37094,-5.7910368495304425,-4.081934668889048
W37095,3.5641917571328827,1.5861663563358093
W37096,-5.647343245103633,-1.4245723943647746
W37097,-1.4843914897060568,0.2817417952504357
W37098,-6.070076188901109,-1.4010176634181293
W37099,7.840523245347111,2.943318911340971
W37100,-6.051333103935182,-4.249912020777286
W37101,-4.020881471362423,0.18415074182673544
W37102,-5.784991865937857,-1.140855969708313
W37103,7.963481646707028,3.281858681364799
W37104,-5.289869571388124,-2.1870884905642374
W37105,-5.907842232994174,-4.182018213432833
W37106,7.9269703313586595,2.238517269582638
W37107,-2.6516462526912123,1.9168608670238203
W37108,0.519777023715104,0.053235323953502785
W37109,0.8626647020660896,-0.026711855810045267
W37110,5.428801384891927,0.9775429256225584
W37111,-5.807441522472202,-2.436583004566969
W37112,7.671224298694949,1.1212476558436157
W37113,5.577012381211309,1.4302926295318101
W37114,-5.719412478229432,-1.2934204027962883
W37115,1.1826587149841694,0.2001771050669515
W37116,-5.921580521201843,-1.8409485203493416
W37117,-1.6760257979753097,0.4671916613402681
W37118,-4.7917943201003315,-0.11994285013496674
W37119,5.64708330217833,1.2467555596044946
W37120,6.741814110960641,1.178361539866962
W37121,7.152625540755278,2.4324064374506387
W37122,-6.005314248909085,-1.241045416754872
W37123,-5.521749805712735,-4.026914702441125
W37124,-5.176599965957328,-2.817977225276842
W37125,8.684329814770209,2.084864017262272
W37127,8.618752512310778,1.3740327479272645
W37128,-4.314051215308491,-0.8388012459054075
W37130,6.440429469100936,1.9523692853387296
W37131,5.94187124504754,0.9376202471232763
W37132,-5.619805225273158,-4.583806973418367
W37133,-5.6582738246933655,-4.491847163802684
W37134,2.8783142513071662,0.8265046857967855
W37135,8.76448492173,2.2022634651848354
W37137,-4.375381307682554,-0.6046228424542063
W37138,-5.929841062468061,-3.5824672648611275
W37139,7.163866315918001,2.547206570400479
W37140,-0.08574230317591028,1.1279801721695395
W37141,6.030139484422528,0.568948861235722
W37142,-6.046922938649039,-0.86638238482365
W37143,7.361286209094729,1.072916521983575
W37144,4.550069066276513,1.8993675353139847
W37145,5.5376993295815815,1.228027934012331
W37146,8.895952486798256,1.6021547438416872
W37147,0.7413191740236128,-0.21206563061303588
W37148,-5.2648418581147345,-3.5213386192944234
W37150,-2.6138698117386814,-0.42312264968591123
W37151,7.736692349340447,1.3777767039043256
W37152,5.398173422548839,0.7925999381192579
W37153,0.9935168931352039,0.5535594392086226
W37154,4.919145057093037,2.6120983616255993
W37156,6.744903125425574,2.629722946622729
W37157,-6.8933661416515335,-1.809089876311786
W37158,7.493017931676986,2.8555550510513252
W37159,8.11030931070525,3.095802200818017
W37161,1.180393867337285,0.6157063662648332
W37162,8.57317353372055,2.5988875295052907
W37163,0.8308422772199362,-0.1058668780851293
W37164,5.071407441838378,1.4754611401965612
W37165,6.387215620763077,2.765735676604122
W37166,6.117325208516187,2.015575391989033
W37167,-5.196749400184511,-0.5650652634942063
W37168,6.001392881030387,3.610852942139725
W37169,-5.816746950069939,-3.8975177066032245
W37170,-5.956701115527572,-1.7179743807426227
W37171,5.8213731591413165,1.4763545341499338
W37172,-6.100584104777647,-1.4233554189795425
W37173,7.2617221174377695,1.839875010448826
W37174,7.2383932902634465,2.3510276864470354
W37175,-5.787953097599863,-4.582563240245614
W37176,-7.672322493307034,-1.1443277137503876
W37177,-4.74081896378627,-0.2604720161009239
W37178,4.766964303068912,1.0765061666239644
W37179,-4.682869768589914,-3.6829591997185274
W37180,-5.409172065858355,-1.5776473960960586
W37181,-4.790095592070035,-3.7622557214519334
W37182,-0.8946361138841207,2.021306654625605
W37183,1.0982429763360149,0.10557008260785268
W37184,0.08902600569406152,0.5008337728277111
W37185,-5.566811222997968,-0.9411044227112045
W37186,-4.8076530545408875,0.30180202512331883
W37187,5.547249336079667,0.7762600536465767
W37188,0.18019134177043014,1.183667554229347
W37190,6.072846120652,1.5459113606173724
W37191,-4.699968430968721,-0.11469406902021614
W37192,-6.5080730735977514,-1.5938760539648207
W37193,6.97566708582385,2.6915283412837767
W37194,6.07445303192946,-0.06068333490978318
W37195,8.411865201711958,0.8072340858332384
W37196,-5.133877551601987,-3.3986257622654494
W37197,6.842797941190529,0.2986074991852717
W37198,3.4190138140784403,1.2606940898656314
W37199,6.665689172374697,2.4289497574448173
W37200,-6.719706627945938,-4.236278623603209
W37201,-5.043479391255427,-0.3820553083498069
W37202,5.372234113604811,0.07378816004975451
W37203,-1.1706183181966834,0.5346052949149662
W37204,-4.816006944727501,-4.165603195146445
W37205,-5.046403382502441,-1.735865771245139
W37206,-5.124915278319412,-3.6415960851639917
W37207,-7.47475109083852,-1.560685891955849
W37208,7.415935805912896,1.741033384375766
W37209,-4.773769838002608,-1.1915240729514593
W37210,-4.705510694656015,-1.7020239908788926
W37211,-0.9035575927763662,0.007447464897773225
W37212,-1.4552098461843976,-0.40415726788044515
W37213,0.41168010943161426,0.04843872718725878
W37215,7.363139340331013,2.613234081447731
W37216,5.161050650969838,1.3869144330051144
W37217,6.301702821500068,0.5208394238924441
W37218,-4.868859274654235,-3.7842007718767325
W37219,6.789194962071904,0.5330195787307013
W37220,7.7774221876217515,0.6579010824742234
W37221,5.466471659499607,0.8881465137741045
W37223,8.327276196402849,0.9572310730653969
W37224,-4.712550648300555,-1.6821556040335823
W37225,-6.265673951957808,-1.5517286632875424
W37226,-0.5911538536313061,2.1731188170235503
W37227,7.204971929084631,0.7481717013057589
W37228,1.067209276255181,0.3470450329975116
W37229,-0.1451197820528208,0.47536222411443474
W37230,-5.420894449653167,-4.176608430583119
W37231,7.544362003154655,0.95604629256634
W37232,-4.817125517361846,0.32865831738952117
W37233,5.694030915413794,0.9537707088349866
W37234,6.289493145740662,0.5702624242286911
W37235,-5.018779807830806,-3.7311397196248928
W37236,2.3706533494000923,0.7573572905543463
W37237,-5.118599547721477,-1.3699604560414202
W37238,0.5446884610960433,0.7071225236038723
W37239,8.17879328836134,1.421253793452382
W37240,-4.740860717090968,-0.6477681787011308
W37241,8.566876034737405,1.1138059000363425
W37242,-4.743789202822298,-1.1320290090369125
W37243,7.355473244246085,0.4197217952879807
W37244,-5.4349945606753405,-3.435370243420621
W37245,5.393564565709416,1.201762187704666
W37246,5.356776405167345,0.7584868215475018
W37247,-0.1883611390720198,1.3441811684184848
W37248,2.9730681573652427,0.7093411720163678
W37249,-6.99891443601405,-0.9603143241723362
W37250,8.140999236307806,3.1523174302157297
W37251,5.802020747039862,3.6093191736644092
W37252,-0.7411972036834689,0.3964981971856956
W37253,6.5263539416087335,3.554219672423069
W37258,-7.26517876361577,-0.6793892324596688
W37259,5.376146220465409,3.183196667277786
W37260,2.1321625054340583,-0.14729335912948488
W37261,-0.7091805030657735,1.3987492294506172
W37262,4.826090608559938,2.6731967614857606
W37264,6.185324969918344,3.7508571851091124
W37265,6.018452089151526,3.58701654214699
W37266,6.819645399752784,3.613277215371203
W37267,-6.724944354003762,-4.462719837999387
W37268,0.9066539797498531,0.7624149162373587
W37269,7.182000261203676,3.9521777253381822
W37270,-6.802348238182842,-3.742776629571531
W37273,-3.22427105198228,-0.30981129830863813
W37274,-1.9498084980734918,0.5713348524246007
W37275,7.417576130604589,3.5445062234593996
W37276,6.444611180071563,3.4167831064644796
W37277,-7.5243612148526084,-1.5024875486655507
W37278,-2.7901132330932974,0.6640915629433173
W37279,-1.6890942996957707,0.4244759344542414
W37280,-6.732789047585579,-4.473246450858187
W37281,-7.002507739959239,-3.8977747556524918
W37282,7.3991891043825735,2.1163483670029084
W37283,-6.496146603110087,-1.6029313678421966
W37284,7.646920348698983,1.597915894899955
W37285,6.665728144964234,3.671447454408137
W37286,-7.518564265998391,-1.1394225951723909
W37288,-7.425073429746821,-0.95936807444256
W37289,-0.8226391164397774,2.167723947525273
W37290,-6.042512298498293,-4.927934904412127
W37291,-1.916448236814538,-0.36941810042902856
W37292,7.103388238588294,1.5976990059508116
W37293,7.56531563033864,2.0670918328223236
W37294,5.737323174792838,3.3296257736339157
W37295,0.6543198318885715,0.8836700443605315
W37296,-6.841710466383543,-4.229671606322701
W37297,-7.416391098616906,-0.7882528138149895
W37298,5.951538983508127,1.0206966304065126
W37300,-4.5582561497673275,-1.0815481866931371
W37301,7.222122135002101,1.7855596647918348
W37302,-7.011193176309068,-0.5623643020611659
W37303,-7.254698936099247,-0.7859609631193035
W37304,-7.564689971228453,-1.184714920196557
W37305,-7.124008893982658,-3.1693236437180907
W37306,7.3977659812219025,2.9596573170251834
W37307,8.016559032631498,1.9853308875183193
W37308,-5.043604907349462,-1.3154954955947018
W37309,2.215528682921791,0.6089116964889069
W37310,0.2947373940258143,-0.02416798528860614
W37311,0.49318260158646515,0.08568234141351158
W37312,-4.258654283581324,0.40838258916492925
W37313,5.898310139817029,3.620298078403319
W37314,3.8586422066217705,1.2037014995583195
W37315,-4.891203421100316,-0.7782670792784951
W37317,1.6881748808929653,-0.12913684921803933
W37318,8.080310699535497,0.9538137326094663
W37319,-0.7825953304248985,1.8724263910279642
W37320,1.3072898340758745,0.8477170664321314
W37322,-5.712710663253077,-4.7103617807761315
W37323,5.338053947609781,1.227015996565837
W37324,-5.973057374553669,-1.0377682883635404
W37325,6.156973089017776,0.7992550440304702
W37326,-5.507481564782434,-1.7937536879767975
W37327,-0.9631273236512842,1.4670177909193163
W37328,0.6037646972408071,1.0461890854748572
W37330,-6.2687179776729645,-2.623247627663152
W37331,0.17699687481635115,-0.021084121909861066
W37332,-5.201300958753086,-0.3880890920893429
W37334,-0.7376909076298267,1.3380018355743832
W37335,-6.131653473964756,-0.26190975397089067
W37336,5.727341380954129,3.28818489644279
W37337,-7.109557677873999,-1.4528277524028672
W37338,7.513587534687417,2.771890419117388
W37339,6.576633834299781,1.0393278640202441
W37341,-5.873470539677356,-4.566654552658338
W37342,6.039017546659942,3.493998515822657
W37344,6.1395251713410115,2.406895089152173
W37345,6.622465071321265,3.70532640269334
W37346,6.977159637246211,3.515154539958992
W37347,2.9332016926314055,1.2180608045417358
W37348,-6.881552426890333,-3.7575293441386917
W37349,-1.3811593098587494,0.5314262868640265
W37350,-6.372424225434704,-0.6150893318525849
W37353,6.561090520253435,3.7920752877380743
W37354,-3.193136429637468,-0.14094257291795204
W37355,1.1133345545223696,0.6140685431892849
W37356,0.5768325675879222,0.36932392499136474
W37357,-7.058877934983115,-2.563770338181698
W37358,-6.733288675037647,-0.7045173169942155
W37361,5.929286740250059,3.688365715132018
W37362,-3.1617660536492163,-0.5929522667153341
W37363,-6.230684079284635,-0.47629866520257313
W37364,6.487371707190699,1.3791887655606998
W37365,8.056746466262279,1.3665417443757704
W37366,5.805906984451561,3.611712519075201
W37367,-7.236670584676021,-1.3296045076628764
W37369,5.469088049312746,3.304256293466441
W37371,7.852791619716372,0.869535421608956
W37372,-4.857519640003347,0.3984701568976594
W37373,-5.825536046069128,-0.4619862871218747
W37374,4.606895954467154,1.8791585267410122
W37375,0.891955324074438,-0.052702488390681236
W37376,-7.345326878760726,-1.0233264297670357
W37377,6.608050418850608,3.8272302131850426
W37378,7.632683816125572,1.4952245764848826
W37379,-5.790419611219469,-1.1858573979801037
W37380,7.634749276666354,2.3330173843629862
W37381,7.573613765293925,1.5245603785205921
W37382,0.5311881059831925,-0.03600289771397785
W37384,-7.2939823782767705,-0.655609051024846
W37385,-7.801172750931482,-1.1866954926760542
W37386,6.943803759792599,2.13210245450182
W37387,6.161551436752629,0.5619507547025876
W37388,-1.9227338704130188,0.8781160020442083
W37389,6.76009606511667,0.5480558261041117
W37390,-5.781499090574574,-3.5634385416427925
W37391,6.122715860630281,3.6929619021206714
W37392,-4.558462174769551,-0.3960786788834806
W37393,5.8945911709756995,1.9780204883756856
W37394,-1.8116108600496608,0.6972968347267984
W37395,4.199138172905946,0.769644552410391
W37396,6.728301717841018,1.4028295242624313
W37397,0.4915913652130847,-0.02342238045252546
W37398,1.918516661702455,0.5570148437438043
W37399,-5.3794002619734504,-4.558044645789459
W37401,-7.058511011919384,-3.571928922276423
W37402,-5.751089269220745,-3.061621168531418
W37403,5.928143600124636,1.699389624364667
W37405,-6.43390338603434,-3.0024970682667975
W37406,7.303506465797024,1.0426156383028289
W37407,7.993554606380652,1.5164909855649968
W37409,4.093560500080451,2.2298889262319737
W37410,7.498112140914067,1.752427724778313
W37411,6.301076393512422,1.553651340144508
W37412,-4.958146221120893,-0.6881616449958124
W37413,7.7525424847671385,2.2386741234301697
W37414,5.017721161445021,2.8547409542860787
W37415,5.693715572556159,2.3156808760945697
W37417,-6.515000040701806,-4.404887078698307
W37418,-3.561750502325018,0.5848364107702241
W37419,-5.4530201960169284,-1.5115544762187132
W37420,8.874199681083189,1.643193757349663
W37421,7.7056802568386935,0.7161249258919522
W37422,7.233446615884458,3.5377151587201565
W37424,-6.294725230606164,-4.293906280312481
W37425,-0.24692314832831447,0.7036808196632033
W37426,6.282048649347951,1.6704068205311111
W37427,0.36827583541979575,-0.1134770701815595
W37428,4.891095373598537,1.2973372215964565
W37429,6.758368316423004,0.9289091511651
W37430,-4.9810485338286705,0.3521106453498159
W37431,-6.575518831689933,-1.9020588739130706
W37432,-6.954731987139807,-1.5349616256313559
W37433,7.26011145697479,2.120263905387785
W37434,-4.501887242041727,-1.5686444213698827
W37435,3.626425131984818,1.6220056218114813
W37436,-1.8587816924348401,0.45949268394666076
W37437,6.9233117005952645,2.2077132789043077
W37442,3.1017675803937563,1.430404118707085
W37443,-7.405853285621118,-1.842998215013068
W37446,2.1361075002559784,1.0070254483506176
W37449,-1.3001733570079175,0.41282678793127925
W37450,4.68607370105992,2.404919641533067
W37451,0.9931071311964692,-0.22553275916089643
W37452,-1.7097169128189122,-0.25097896992888313
W37453,5.554174787183692,3.3192723285623424
W37454,-6.4841164267102105,-0.7860032750994447
W37455,3.8209479019295967,2.2399039758419304
W37456,-7.080130076741822,-3.434328343737177
W37457,-7.2897164107411205,-3.2128732809059377
W37458,-7.50782685928492,-0.9652798775281266
W37459,6.9112803153146505,2.1386005547613527
W37460,-5.299849207532457,-4.404374973955671
W37461,0.6891318429834098,0.768565187903103
W37462,6.694943630730524,3.884429006026494
W37463,-7.432925293922757,-1.781181424331128
W37465,6.5028825590629,3.768794153966154
W37466,-6.390841594322017,-2.3861692276763016
W37467,-6.714799476078403,-0.666532673695989
W37468,-0.9681639826296684,1.7120820070374263
W37469,-5.275629033545272,-3.85249862873762
W37470,-6.30502917740797,-3.066635893164126
W37471,-1.3477387544826906,0.4775437810144304
W37473,6.990812116031055,3.696464288080028
W37474,5.89705538238095,1.1007313458828196
W37475,-3.0945667173481812,0.34664632343569823
W37476,-5.471051790505912,-4.180312485287569
W37477,6.549990557421758,1.0008346901166914
W37478,-4.6975237853044,-2.085401499049639
W37479,2.8063650751782814,1.0692081514465182
W37480,-6.837870738050618,-0.8060227390710942
W37481,-7.7344362297421,-0.9042765993981353
W37482,4.8017896771908894,1.7702698398894632
W37483,-1.274686515257869,1.2454804931954968
W37484,0.630993560362128,-0.056205587544434644
W37485,6.737677317013807,0.5985383535808128
W37486,7.233796617257579,0.9919911469443116
W37487,7.920251917146152,1.5566403865091183
W37488,-7.031795088748506,-1.8577679770628752
W37489,2.0357657318474347,1.038065012762349
W37490,-0.8138770337528914,2.115198511797074
W37491,-5.718856726696015,-1.3784383464044028
W37492,6.918570153917034,0.5446988417792253
W37493,7.183873507379687,1.4267356693363753
W37494,-6.140969935115688,-2.1878355240216436
W37496,-5.709777560472988,-0.07985216948553903
W37497,-0.4279840125515823,1.4963572432512955
W37498,6.7476416540838065,3.5750010684051503
W37499,-5.898228306438473,-0.2538073433517176
W37500,-5.339062439321337,-0.9383769294135297
W37501,4.711146992148396,1.1495614009230422
W37502,7.673833161480282,1.2303821699506934
W37503,-2.6445733971279504,1.926391116485029
W37504,-6.61884366675052,-3.888010451971115
W37505,5.0098598416960565,2.451979474096285
W37506,0.7069119719219329,-0.10797881057673464
W37507,8.346364020450523,1.001393908160612
W37508,-6.2045470007620755,-0.5946305486184426
W37509,-5.411509207828761,-1.3325613838981738
W37510,1.8241476740945957,0.6302509761198636
W37511,4.787212425520856,2.489020265469505
W37512,6.231283792971374,2.1456487891135203
W37514,-5.703672846879131,-0.33861510602785333
W37515,1.7761409709669551,0.43384059163056365
W37516,2.3765927759682337,0.5572266510573842
W37517,6.8414952169803085,0.684057326710856
W37518,-2.61298066642181,0.6585962492453544
W37519,-5.9799379330418985,-4.198679602836592
W37520,6.466482278402787,2.140041379374729
W37521,-6.3308537998273735,-2.6163548949862423
W37522,6.845616480695269,3.1765726675223664
W37523,6.400524955833769,1.5696836913953363
W37524,-3.550147567639362,-0.07850586466525644
W37525,-6.080438810073792,-4.736528425768913
W37526,-0.32711024068529965,0.9830654264919284
W37527,3.4347838450817605,1.2916985891642392
W37528,-7.14769048893872,-1.757452766330158
W37529,5.832103895551344,2.4241797773978546
W37530,-3.5832379121064366,-0.47177495957363985
W37531,0.8878489525122651,-0.12081978485500115
W37532,-6.0270115721728565,-0.6472596071146963
W37534,6.932460512706411,2.3013342233532685
W37535,-6.050518986284668,-3.7905521551996486
W37537,6.445154226442556,3.8506855288559727
W37538,4.031854070707857,1.6905866876646183
W37539,8.607992915023567,2.5308082619941628
W37540,7.086536587383526,3.532969917756213
W37541,7.2088917269925386,3.6079166474572353
W37542,6.533371825956209,3.5791445386884297
W37545,4.073671471084336,2.562219410680545
W37546,-7.102108810002185,-0.664450359192071
W37548,6.582751238996993,2.1274228231753765
W37549,5.284278595733522,1.6550263139811243
W37551,-5.413387000600067,-3.0735446201719197
W37552,-7.447809969460113,-1.9396403001458569
W37553,-7.646661280867344,-1.088872179219463
W37554,6.428429824635729,3.4622819721782916
W37555,5.583832961787838,1.2598455498478165
W37557,1.0059209159703082,0.5133583891252725
W37558,-2.0005998655356385,-0.17010260172181857
W37561,6.321537460633478,3.5122205643098563
W37562,-5.2468166890886385,-2.6433263455712197
W37563,6.849738872355649,1.2214494484140035
W37564,-5.5386483628053105,-0.7569795500397166
W37565,7.005114826019498,1.9610183287486629
W37566,6.1243626252257535,3.5193337136432
W37567,-2.8502213463063115,-0.4046841214235464
W37568,-6.613649114721398,-4.494400460992071
W37569,-7.04930733601192,-3.506416719523808
W37570,-6.374073194526711,-3.9639866383213977
W37572,-1.62188568230629,-0.11679454354884335
W37573,6.375755145594094,1.1186506282005066
W37574,7.711344442687299,1.4790252380841356
W37575,3.3527512283837027,1.5934926024465814
W37577,6.7735578899899105,3.7211492147161285
W37578,-6.599470179590938,-1.1015454568152483
W37579,-5.1346153084998,-2.4465648860655693
W37580,-5.216379322862246,-3.6875194611376125
W37581,-4.095984869707868,-0.1997002848464715
W37582,-5.997593178252116,-0.5165790152058177
W37583,5.542532031052884,3.3281751790570064
W37584,0.7515117198450427,0.7303971839816037
W37585,-7.333466272834774,-0.756291998054995
W37586,8.62491109074324,1.3947036283482792
W37587,-5.451553708850313,-1.0466634697442851
W37588,-6.135325472196099,-0.8022332401384531
W37589,-5.699591861866812,-1.6432569823962464
W37591,6.340221309168342,2.1537159149357037
W37593,-6.6636890595748435,-3.69733522144168
W37594,-6.1735522169925625,-0.4201730075173979
W37595,-2.114613119679488,-0.4422806495199629
W37596,-4.277629976147934,-0.6351668454881046
W37597,-5.5602853628415705,-4.079129159287873
W37599,-0.6913279214844524,2.13903986792556
W37601,-7.125531866224005,-1.194647228325272
W37602,5.010820481554904,1.4128848673093124
W37603,3.779911842700479,0.8769651011837529
W37604,-4.8666817468595225,-0.7809344816415653
W37605,6.604923798007621,1.1468036710541525
W37606,3.9666699285573728,1.938517485526932
W37607,5.396184628418813,3.2946125905751926
W37608,-4.462583832307167,-1.6865196637410116
W37609,1.0324964380242803,1.1089557888837849
W37610,0.5320866972555346,-0.1155114670352923
W37611,-5.928356994179767,-0.7031231522509922
W37612,5.334835155610228,0.5123041446711855
W37613,-6.126032163502281,-0.5976491567051304
W37614,7.123170574330616,1.1436353105340562
W37615,-5.621406574496302,-4.388608743478175
W37617,1.318023410322697,0.16972634561612418
W37618,-6.28680911027267,-2.693351058191878
W37619,-0.6723010799831212,1.980976858065979
W37620,6.807783790805753,1.6130836220521518
W37621,6.288643892505131,2.200147741429721
W37622,6.744494001386691,2.099239441678265
W37624,-6.604319605078385,-0.9697170098930918
W37625,-0.40625326741152645,-0.10589875838654621
W37627,-0.7496805540673868,2.0373226494511174
W37628,-0.46033221808038766,0.8299670161977114
W37629,-6.138582963196475,-0.4652363499913227
W37630,8.018045265988903,1.4715352475945067
W37631,7.989993941491743,1.9018699406790591
W37633,5.933709466661808,3.368104521926092
W37634,6.142715643276263,3.6715381891052083
W37635,4.138390222361776,2.2316679929444194
W37642,0.2630319055391549,0.15894460785853545
W37644,-1.1615823048867626,1.1349379950508898
W37650,1.6593787673691398,-0.07133023363895503
W37651,8.644919461427666,2.4159042162263624
W37653,-2.6458134736889316,0.12688046396221161
W37654,-7.3504188951042195,-1.0157799044069682
W37657,-5.529060766677047,-2.089110673424714
W37658,3.6139390164541823,1.702226644161907
W37660,-7.065621026211308,-1.7726585293285777
W37661,6.53592332442794,3.087940833585204
W37663,-6.3803315728162175,-4.096354814612124
W37664,-6.890035260108923,-1.1953897001416225
W37665,5.806372123692382,1.640190086726692
W37666,0.8907600097876776,0.31280748387614654
W37667,-6.41002458486627,-0.8898081920201573
W37668,5.063298148423162,2.334997330499724
W37669,-6.70286581453345,-1.3580749460689867
W37670,6.806338121622094,2.8025102871084613
W37673,-6.001517047714408,-3.811545447259458
W37674,-0.5158453651701258,0.47407335893199
W37675,6.424434377655006,2.9496614859280514
W37676,-3.2438095423614635,0.38651457178825854
W37680,-7.060979430349139,-1.443039188762684
W37682,6.829946492832426,2.767839679764178
W37683,8.532953614769463,2.746526160247046
W37684,-4.235742582452827,-0.3860846683449244
W37685,-4.975313116147711,-0.13143906096089875
W37686,1.1089953742493888,0.7448598927457413
W37687,-5.947652403168823,-2.786113251397084
W37689,-7.205437777167405,-1.788036133242322
W37691,7.6059028620962525,3.451125418126275
W37692,7.427755005461118,2.8741367980427515
W37693,8.539457568125082,2.636391831204475
W37694,-7.157052511519826,-0.9971690160969675
W37696,-6.411785422279611,-4.026497613007378
W37698,-0.9713014306190546,1.7964338106432767
W37699,7.876599450261988,3.168037230425931
W37700,-6.922605628581656,-1.2598336173808837
W37701,-6.683027069350164,-1.5817687224635701
W37702,-5.027112045429368,-1.873836575552774
W37704,-3.299058903598443,0.601600600383949
W37706,-7.4451469487829565,-1.449856571406363
W37707,-5.998447564195159,-3.252964889844392
W37708,7.303431267832905,1.9420937639460376
W37709,0.43673627248398433,0.23048325899840647
W37710,7.7730217589962844,3.0048840611073953
W37711,-5.521857424427605,-4.367167646851863
W37712,-3.910659180224379,0.5626447017689737
W37713,2.1518848073815837,0.635539536685525
W37714,7.8181258367463,2.630911597824385
W37715,-6.301628902923391,-1.928627775877363
W37716,-4.490896296591843,-0.6729340979470646
W37717,-6.279176946980837,-3.8935654136653106
W37718,5.531535443028279,1.3058834485063004
W37719,-1.8001460446023339,0.376187949178774
W37720,7.005581501043139,2.6607052298726748
W37721,-5.056816535139424,0.269660705369235
W37722,-6.033446414798309,-0.5703198066069595
W37723,0.26358154580694926,0.46706265758432913
W37724,4.0601651804996575,1.4359948174956936
W37725,5.5234331769888865,1.953846431600671
W37726,8.651271187537755,1.944475495988442
W37728,-5.839557997573932,-2.0737432279405037
W37729,0.35364833514728644,0.28385701049536455
W37730,7.702577620809208,2.7978206026385615
W37731,-6.158164511855667,-4.354879228062125
W37737,5.907785015837785,3.1977829363109
W37738,3.0525789585986614,0.8621159885827019
W37739,-4.080064572348987,0.21386579154901708
W37745,5.708310924198943,1.9119078252091877
W37746,7.068216116175034,2.594290985644728
W37747,7.093598556070609,2.726583090868957
W37748,-5.545387784873953,-3.3925875107314982
W37753,8.601491729077857,2.680788147833512
W37754,-6.91937848161226,-3.872370595943024
W37756,-5.394203974583447,-0.4262910512834663
W37758,-5.808831474535076,-4.164865351660622
W37759,8.20962997858533,1.3914932463441492
W37761,3.897436377866593,1.5473556811538547
W37762,-0.710052459564025,0.13294506464428404
W37763,-1.2313388437667068,0.40368734388453703
W37764,-4.99033404122303,-2.2765844247245357
W37765,5.256597091848,1.0469587965992677
W37766,-5.33907354984794,-3.758632698249118
W37769,5.643824057982172,2.959488827992318
W37770,-6.802347344443001,-0.5892518815048484
W37771,7.864291214996179,3.1484013851068164
W37772,-7.090735627648813,-1.6125605360741575
W37776,2.2208711825929712,0.06823188833008502
W37777,-6.017102132543065,-1.608517211644635
W37778,-0.23388283869592494,1.5122315107107505
W37779,8.597580899906308,1.4044123301395668
W37780,-3.1934390773274353,-0.35033384725145783
W37781,5.507102541558413,2.2231380320058975
W37782,4.995361255687017,2.7789143104047245
W37786,6.099731898907759,2.4151155024821582
W37788,-6.506743440723338,-1.7691120298677467
W37790,7.3655695269655,1.4060258475432994
W37793,-3.90763545171567,-0.011802170254691855
W37794,-6.094431598823823,-4.7547124591696885
W37795,3.622869399507003,1.3396656726223222
W37796,-6.8965853683171705,-1.6589569466446243
W37797,-5.706548518539069,-4.028713037802638
W37798,5.5282165626862865,2.2839115768911635
W37799,-2.6986781681093652,-0.9701610592590454
W37800,-6.435298721198209,-1.689292180857559
W37801,-0.9185355238573574,0.8651576938125857
W37803,-5.7923566786793135,-3.635522532639138
W37804,7.224882181913384,2.1301115980864895
W37805,-7.273558936777828,-1.4143304597493136
W37806,0.46145411024873817,0.5394278368544305
W37807,-5.135169620655669,-1.1374931678049567
W37809,-6.352541150220206,-0.35074603059151416
W37811,7.387302519862449,2.4566301228240173
W37812,4.650746569072087,2.23161659437088
W37813,-6.823439076349454,-1.650840331065156
W37817,5.629091169986515,1.142887340267238
W37818,-5.938716438971289,-4.821380846947858
W37819,5.405187787872586,1.8017396476115821
W37820,3.9449730109244387,1.3261811479491323
W37821,-2.6661097464534307,1.9250628902597233
W37822,-7.076729297013439,-1.316330715961872
W37825,-7.156396225985103,-2.3942259022384125
W37826,-7.696573071361384,-0.9339806790853253
W37828,-6.653239622385287,-3.9674857597277318
W37830,2.0363656071460543,-0.13087991697402884
W37833,7.778613653770224,3.295188736701356
W37835,-5.635815466077913,-0.015776108595205698
W37838,1.8389508289141494,-0.13862978057137476
W37841,7.782396917196236,2.772981400624142
W37842,-6.098485494835258,-2.223406926736627
W37843,-1.7633454122583363,0.7172957450719806
W37844,-0.6766568475960217,1.2722279008400414
W37847,1.7151066515046376,-0.1815563424776451
W37848,1.7800447393582124,-0.1600898111205358
W37849,-6.426032624439522,-3.939925014758785
W37850,-6.726699986350854,-1.4748273082302592
W37851,6.042998189990323,3.2745792239364766
W37852,6.59167094540706,3.027231156902912
W37853,-5.1449799234120395,-0.3608743499857887
W37854,-0.5025879082835154,0.7372172022062117
W37857,-0.8973236405994854,0.11171346655933606
W37858,7.28367969886633,2.719114679128597
W37859,5.184534196976479,2.0830447862206514
W37860,-0.8195791813474879,2.0622329237650936
W37861,-5.96450914246974,-4.257291560739617
W37863,-5.52988106513318,-4.503098748641848
W37864,7.229870354038092,1.0930437945821296
W37865,7.147298221135125,2.769976428484418
W37866,-6.000285960986391,-4.324036981636387
W37867,1.5626202240012481,0.7154412417808533
W37868,-5.336608915536653,-2.277714849030735
W37870,-2.71082721426952,-1.2168394933520337
W37872,-3.8946892869410843,-0.45779575988173365
W37873,5.490983301934405,1.7270076901743756
W37874,5.598844812182534,1.5158953996367737
W37875,6.572300768678463,2.7102472752204636
W37876,6.338895798778619,2.881106839630394
W37878,8.127280816306358,1.1762985971983528
W37879,-2.663328638906032,1.9119933347391622
W37880,-6.636038630766013,-1.4366270374496088
W37881,6.829958168314249,2.73602792160803
W37882,-6.540271340560578,-1.677294567478542
W37883,-5.3567332528716936,-3.283823251505618
W37885,-0.4096838703050639,0.48449125925202263
W37886,-5.909555876795522,-1.9439663977494734
W37887,6.2479255261395465,2.8660164615200707
W37888,7.046832147359341,3.838372554435774
W37889,-6.187949709927245,-1.3024140475644597
W37890,0.887634711799678,0.6335483882962946
W37891,1.3277627301569204,0.07999311373124345
W37892,-2.136137052446768,0.6272086324993624
W37893,6.950723659208507,2.5309730885355903
W37894,-6.62737901477405,-1.8124525430483025
W37895,-5.376439440545979,-3.747777380300077
W37896,6.736863365202385,2.6180111853031156
W37898,-5.802532259274804,-2.008471152390984
W37899,7.900124657382695,2.599721711794628
W37900,6.235294071211426,3.1542359959847226
W37901,8.532019734104402,2.3124986088439994
W37902,-5.6964151211194505,-4.049153377922373
W37903,1.5307880563757985,0.49400413434799345
W37904,7.808733005744192,2.2462549191466326
W37906,-3.339324075370842,0.0996599056775551
W37907,0.06332238212061875,0.1433158531875584
W37908,2.211063794712339,0.1069471502952284
W37909,1.4924793568103618,0.0816268412237427
W37910,-3.779557929560532,0.3987262186834244
W37913,1.3310665384752927,0.16344564535094838
W37914,0.8622458069378622,0.34336932260349307
W37915,6.208939773199883,2.78359749206941
W37916,0.15128420108028723,0.02167180667929819
W37917,5.484664219559168,0.7192501644629965
W37918,5.28725725340343,1.0456669280064257
W37919,8.501627197588636,0.9435138903974158
W37921,-6.576995440566995,-0.5424272368471342
W37922,-6.18228177986763,-2.703888505930266
W37923,5.315727018687016,1.881293957711627
W37924,2.3706270000615772,1.0980961857038407
W37929,-7.061958394125751,-2.7327963225917338
W37935,5.5851456095623835,3.473264115035667
W37937,5.617637326655091,3.1763617524946293
W37938,7.531114860935501,3.3176866208541442
W37939,-5.871732980058238,-4.16687146719594
W37940,4.622244034147548,2.1270566857083604
W37941,-3.5996796359391,0.549347817335165
W37942,-5.946963143781951,-2.104715508049362
W37943,-0.7523680290778955,0.43222699668895836
W37945,-1.5756668653926729,-0.4502373834910428
W37946,-6.86573201744103,-1.5484551815361256
W37948,-6.627289890466001,-1.8380410070573303
W37951,-0.11383072832549773,1.0296035323073947
W37952,2.266439911806942,-0.21964501112281384
W37953,-5.6820831122501305,-3.9656188880247414
W37954,-6.1941574748091845,-2.3687720008224336
W37955,7.81462311956356,3.2113833308115955
W37956,-6.00465096553073,-4.0890843938052015
W37957,-5.548454845955888,-3.2343294217821534
W37959,6.286145056498187,2.3575548350694473
W37960,7.425941110987698,2.7454768425885736
W37961,-0.7441752977797815,2.0140127124240923
W37962,-6.2307690937426665,-3.5529455511267436
W37963,-5.266204100451924,-3.183334721997067
W37964,5.92852247796962,2.167567589650355
W37965,4.62189225490574,2.4579564157658385
W37967,1.82308631916606,-0.13883691239524512
W37969,7.094344317879001,2.1452265297104187
W37970,-1.69709500741282,0.14322046509532024
W37971,0.9442710079379689,0.6593589268704091
W37972,-4.660595621934206,0.4412325424676712
W37974,-6.1134846190456456,-3.75539964517763
W37975,-7.166504862760377,-1.6737888750422376
W37977,-4.5374364662433155,-1.651044015137902
W37978,7.5589958484080455,3.1020957396845925
W37979,0.29338211264483965,0.546233891985706
W37980,8.324291861198674,1.8273801317940175
W37982,-6.944357172628889,-1.4886502032025484
W37983,1.7912286585471675,-0.12814398244697472
W37984,-3.393990760267145,-0.32630725294643087
W37985,8.48943675334533,2.2536321783748807
W37986,7.137352037587131,2.5324068360021514
W37988,7.471740260481416,2.6301682019440396
W37989,-1.648606526907727,0.44788083645308885
W37990,-6.7126790130583665,-1.5179818331179173
W37991,8.650416626870676,2.4770122260750336
W37992,-5.197174100874158,-1.7669058185162905
W37993,-4.527346811320629,-2.3094874216958083
W37994,8.453761520417936,2.827386731128733
W37995,-6.4819400744181825,-2.906243370367117
W37996,-6.028325907595971,-3.9820647813646297
W37997,-6.437171767550317,-1.131386087652919
W38000,-0.0030917854687880384,1.1014880605330997
W38001,-5.5768309535091385,-1.8819441024131556
W38002,-5.374848986206317,-4.36712590723285
W38003,8.337877705344706,2.2391789819170356
W38004,-0.6819185016090399,2.2842749590154976
W38005,5.492383238873531,1.7098915220773245
W38006,4.316058559756028,1.3377221573377422
W38008,-5.401732723911496,-2.3176715513666775
W38009,-4.431189409983828,-1.265708624086255
W38010,5.3573387358035,2.006208425350515
W38011,-6.770662186947392,-2.1024522632008678
W38012,5.401143097544228,1.137479005699492
W38013,3.6736605809699747,0.9750483397923562
W38014,-5.753548989467543,-4.46463733699105
W38017,6.9371024504260745,3.72124084597412
W38018,-7.094427223282954,-2.954656025682167
W38019,1.567448754838637,0.7369214727202072
W38020,0.6955133705115225,-0.17949810112870965
W38021,-4.121780762109511,0.5983970792599447
W38022,-7.283740168070633,-1.3285881482807813
W38023,7.116772296696695,3.853021019179215
W38025,5.85848607074281,3.5415285704117316
W38026,-7.506642276725626,-1.063231647887554
W38027,-7.167060292025473,-2.1912447482097717
W38030,-1.4402884933407922,0.5837284114482244
W38031,5.61034744194486,2.5574227013347213
W38032,4.881234834270849,2.6061441629945525
W38033,7.124697820558919,3.9187721515265617
W38034,6.579580787603159,3.6481405912306832
W38035,0.4741222948424672,-0.06771832641831751
W38036,-1.1746491067021314,1.3335048371140343
W38037,3.4116468749368054,1.2660402221837377
W38039,-6.39232325795557,-4.469738753638532
W38040,5.8435585106671635,3.5219046192582066
W38041,-7.018928045870063,-0.5836280587752587
W38042,5.863790064658948,3.317114502694267
W38043,5.776676459640423,3.310704497911751
W38045,3.7897137839537702,1.3376609608811136
W38046,-7.509646746608253,-1.217717754738121
W38047,-7.150009616219278,-1.799953489481631
W38048,6.881623428272047,3.8558270712413214
W38049,-4.817678403960007,0.3877009508077393
W38050,3.082134195096551,1.6874749136258664
W38051,7.513415905317985,1.4792011802624638
W38052,-5.712396056500446,-3.7119677355886393
W38053,-6.38521564945052,-3.7722194410663192
W38054,0.5871572404342251,0.8854875586969899
W38055,6.444569207383444,3.6161176311475405
W38056,-3.029056368005332,0.7339919752439231
W38057,6.451621610350154,3.776875522661805
W38058,-6.683639703434795,-0.9825564144871696
W38059,0.9148628421959302,0.6501930868654271
W38060,5.826626645583693,1.5647296441009089
W38061,-3.5912251712703545,-0.16067554322765526
W38062,-3.809937903949009,-0.1349626907230013
W38063,7.0434554856395035,3.636501105469749
W38064,0.6989694931826496,0.5946570753624518
W38065,7.415134350276585,3.1021750328594204
W38066,6.09025595176318,1.9082052887378278
W38067,0.8306741081289335,0.3782496935116532
W38068,-5.091143962671685,-0.726222543720611
W38069,3.9355923329431155,1.4008250755016252
W38070,-5.260036389985487,-3.4285063484212808
W38071,-0.6885500135870041,1.2774427637861463
W38072,-3.142777018670036,-0.08674767684923794
W38073,5.125927462172848,3.030359558551099
W38074,7.188219316028118,2.002179303776167
W38075,5.352630528580606,3.264676775216872
W38076,2.8104003859208304,0.9215416275384604
W38077,8.189119118487879,1.6085312681971382
W38078,-5.708737609207055,-4.643097298478396
W38079,7.511234639402849,2.6074794616671646
W38080,5.507332152806009,3.303917533882865
W38081,4.42627886450956,2.2860069212570653
W38082,3.1632597065415755,1.2322311177911836
W38083,1.0391481283476416,0.5874425170051489
W38084,5.403819117279666,2.7588203356344776
W38085,-6.347622044483593,-3.7013725160288873
W38086,7.1810721726990785,2.0686140471843424
W38087,-4.842879340627062,0.28425816353381655
W38088,-2.83286213355055,-0.23525481860781822
W38090,6.09098464057446,3.164176878600948
W38091,7.021705150142007,3.812086636382518
W38092,-2.1472111794796027,0.6306651791879919
W38093,2.544346476091788,0.6750500652369805
W38094,-3.9522257013720736,-0.38052684136449594
W38095,-6.940972928315244,-3.2504488254211115
W38096,0.6330515709615123,0.9036682825229505
W38097,-3.07530642967203,-0.8818454997952413
W38098,-5.7471203224350775,-1.4293644358150523
W38100,-6.475304930913139,-0.9985798224142685
W38101,-5.345480435122959,-0.8783262294543002
W38102,7.082453095438698,1.9202434795205305
W38103,-5.2369478871211665,-3.651892528171712
W38104,0.6455340628919682,-0.13730985553366168
W38105,-6.666918917416162,-1.4967671928853967
W38106,-4.499092430419427,0.07520051672012322
W38107,-6.816405243415849,-1.340526838551423
W38108,2.717347471791268,0.7572908719324015
W38109,-7.13573437044774,-1.0848695216567428
W38110,-5.593574809106377,-4.687477261741691
W38111,6.57737299154026,1.9974082928956618
W38112,-3.3178343262887178,-0.2526520178489329
W38113,-5.524028765513043,-4.598104239815679
W38114,-4.226521487896515,-1.8260485689505221
W38115,-5.704643325814413,-0.14898397736046537
W38116,4.892683265365073,1.4859774950330842
W38117,-1.6905110576341853,0.5279976759120699
W38118,6.181239484744026,2.3859939525190987
W38119,6.8740422250813165,3.84724129128946
W38121,-3.8798274424182724,0.6010392296732222
W38123,7.270813626313214,1.951070007451324
W38124,6.569776995673063,1.4253466215299462
W38125,5.559537811090244,1.517469465678833
W38126,6.162795148456019,0.7349147705364569
W38127,5.758593901174528,2.1674527538818764
W38128,-7.703441517325455,-1.1358867806767639
W38129,0.10105283828111546,0.2167257958848437
W38130,-5.774073659439876,-1.548300846584714
W38131,-5.640022704707424,-4.932855346779104
W38132,4.994073972621765,1.2510175117189646
W38133,5.271041744587726,1.768373634163768
W38134,1.3689901987145356,0.8491692131630466
W38135,0.68131438271097,0.7523992341006719
W38136,5.962610990764312,3.594314472207983
W38137,6.091030293000257,2.086766867640588
W38138,5.703781292830619,1.291305622544483
W38140,-6.043530123436966,-1.1107301608764384
W38141,-5.169286763288095,-0.8445567324321017
W38142,8.056158421461488,1.2042155800071397
W38143,1.1514904187848558,0.08244940639816362
W38144,7.306353316599178,3.7666700367604897
W38145,5.781711808957038,1.1733625660650246
W38146,7.56200774076826,2.0726031500125903
W38147,8.45745733932878,1.136417194178378
W38148,-5.20397170616364,-4.262555648937037
W38149,0.46255207880910343,0.021070663577658764
W38150,5.6829768830371545,0.1781408321467979
W38151,7.978883282362496,1.1856066566261998
W38152,0.8770664002579984,0.011856421143710093
W38153,5.194916716116328,2.674919316231438
W38154,6.318134830718578,1.328160869213243
W38155,7.248802717687674,2.0075451567622364
W38156,5.327863621437567,1.0812906723126305
W38157,-2.3177660073469,-0.8598746973689465
W38158,8.764483188277078,1.6445602056661566
W38159,-2.0210523970902172,-0.5217987768460387
W38161,-5.8602542264833195,-1.5058099430554832
W38162,6.33069768664898,1.1867838887870223
W38163,8.144371281271388,1.1630768006795484
W38164,8.694272056520072,0.9881225828263518
W38165,5.919599103826546,0.4729728067825416
W38166,5.99046716905115,0.7690791370471646
W38167,-5.526879017828873,-1.2859973858991538
W38168,-7.190741293950288,-1.5150437085188089
W38169,-6.351342961145487,-3.98173835938617
W38170,-0.4478580390685038,1.7818418257271385
W38171,-5.910937382160184,-0.9162794046634948
W38172,-6.087075247009143,-1.3289910036181392
W38173,6.46042887477285,1.0127012180239023
W38175,7.870109469808934,2.191433705984182
W38176,4.071452497326669,2.0868429040241643
W38177,7.622711848658206,1.575952074388797
W38180,-5.364571622207088,-4.06753635375644
W38181,7.972419382038976,0.9290597526195665
W38182,-4.801064505934415,-1.4461370306110801
W38183,6.301654150404629,2.2741421011007836
W38184,-6.8637901928835685,-2.6761605788681444
W38185,6.514746831348262,1.9715933279851359
W38186,6.047224901592581,1.1518380928341079
W38187,7.05192888452995,1.9221267734391536
W38188,7.7284177851277365,0.6639936266142105
W38189,-5.168435237206132,-4.4124780733838636
W38190,5.870625816045454,2.0077804933165058
W38191,-1.0502855192946217,0.3125624414148933
W38192,7.222024984059512,1.7916414296429732
W38193,-1.6274202070932289,-0.02983416999962017
W38194,-5.9076485983036084,-1.4911235859335936
W38195,-5.80324433852102,-3.4087881542960115
W38196,-6.039830809877566,-0.576842757978651
W38197,-2.986183339565793,-0.29581685747099756
W38198,3.8256000040838782,0.9261097235063988
W38199,-1.913289942814958,0.6733339565389472
W38200,7.684301310674783,2.144075853330777
W38201,6.928456773130784,2.107278466060527
W38202,6.442802120549244,1.2262889445240726
W38203,0.6085734939834095,0.4224020371898837
W38204,7.590698798315971,2.486473475909809
W38205,-7.0418683684782755,-2.648026368861489
W38206,7.3707539197803555,2.4255593472761747
W38207,-0.5278826474512355,0.5229085067122363
W38208,-5.609097617852537,-2.7736075797734396
W38209,5.636481477829087,3.2673528283737983
W38210,-7.408967921063789,-1.1873699185042441
W38211,7.374458278720847,3.8092624065853116
W38212,-6.808762993739071,-3.238009408143326
W38213,-6.502093214145109,-3.8385462955927023
W38214,-7.50536054299172,-1.0036719665416856
W38215,-7.4235486562076325,-1.8538625614987028
W38217,7.919702398949901,3.3485290345615093
W38218,-7.399498745328059,-1.4971935437067172
W38219,3.3815775954378164,1.2669825031486914
W38220,5.57712504108482,3.179696503670059
W38221,-7.1004507172965425,-1.357475843130198
W38222,-0.6437226245102372,1.4265443903446868
W38223,-0.6837693433993046,1.6251575922239647
W38224,1.2631116983814648,0.7438182428008914
W38225,-6.737922956150552,-4.081695014675083
W38226,-5.840999325254517,-3.74013459244668
W38227,-5.0235819453889565,0.17442258133463998
W38228,-6.45245180900678,-4.488978478506863
W38229,1.5260616547410581,0.3617068015388202
W38230,7.646198645180282,3.183402477288506
W38231,7.3787507705438795,2.772854544520799
W38232,-7.2573828908849585,-2.216678296426561
W38233,7.055767635177474,3.508335480773386
W38234,6.216241100824911,3.528786871803434
W38235,-7.275821894616407,-0.7672216853143484
W38237,-3.1090087805241073,-0.33892300742230824
W38238,5.857475208947261,2.1622728589374964
W38239,8.313039749325666,1.952786742696197
W38240,2.504939081607695,1.5562150148443081
W38241,0.3678186894017251,0.814709264349708
W38242,5.721476819489215,2.0532521546162985
W38243,6.400968205119912,2.4483005522579675
W38244,-5.581344683446284,-3.5429906619606224
W38245,1.186466904286846,0.22493952493808034
W38246,-6.48673497119679,-2.422885623960365
W38247,4.856672064118617,2.8552936281699246
W38248,5.967151383572043,2.237131015516116
W38249,-3.3955057369826265,-0.042790983749219254
W38250,-1.5194998604689636,0.5325850659888353
W38251,6.763523060871921,3.2540543076419044
W38252,-6.847382748307653,-0.5975470644519476
W38253,-3.7959111415364206,-0.18891061622985686
W38254,6.061715936485443,1.7710138400980675
W38255,0.9314637904271674,0.9973421449188559
W38256,4.116458094759543,1.7499421838499611
W38257,-5.517770313068769,-0.29189451939317257
W38258,-6.17825319840226,-0.3885311248325421
W38259,6.9741665091508125,2.2271179334045925
W38260,7.074723724783233,2.1524693380928213
W38261,5.977089709627151,1.816837073398239
W38262,7.514262321838224,1.5191881151403799
W38263,-6.618948737502771,-3.9178466659022635
W38264,7.219170368952697,3.549200153017147
W38266,1.2424927486887583,0.8794132905633828
W38267,-2.647698473826026,1.9013798721676094
W38268,4.474401191565926,2.2657627764512434
W38269,-7.278782258113479,-0.6799691550883447
W38270,5.8048197442810014,1.865234930301704
W38271,-3.2957492167448175,0.02087893936371454
W38272,3.6968425796202387,2.2477562416314902
W38273,7.2506718641010615,1.6326410408179568
W38274,-0.11723200095132177,0.03121982237897713
W38275,8.197463051309821,1.3427373133552705
W38276,4.185471494724432,1.0720435087905529
W38277,-5.360216005658186,-0.4728887317197926
W38278,-5.22127400510505,-2.038207937690257
W38279,-5.6363165818281304,-2.743684084041218
W38280,-3.2068321947247185,-0.1448883619853049
W38282,5.938696980455284,3.7598541329971695
W38283,7.506178612315098,3.6538096780729554
W38284,-5.5680562421210995,-3.6776945680345285
W38285,-6.470349601066481,-3.7369768510185755
W38286,-4.897377900881374,-0.38817362656608717
W38287,5.239084515329328,2.813521044857241
W38288,3.7083175695618844,1.1659953070595122
W38289,6.968010359779769,1.6707915071704513
W38290,-4.803636909508904,0.22692097973159378
W38291,-6.105702878416204,-2.2117028064463997
W38292,4.036916027122598,1.135547730774667
W38293,6.455278882728927,1.2693107770688674
W38294,-6.386619508986025,-3.358737099900528
W38295,-6.131664051402675,-0.7183054318766854
W38296,-6.077187113834216,-1.678064878706029
W38297,-6.033965942473921,-1.4214105981371012
W38298,-5.6375386314600915,-0.3846444573997298
W38299,-0.8396328685195673,0.06271541330842831
W38300,-5.24017890895835,-3.759643361493557
W38301,-2.513909039311227,-0.46901992926379754
W38302,6.155453765376756,0.7091127266453099
W38303,-5.548681586833261,-3.200047878828124
W38304,6.324011822238635,1.810115529120953
W38305,-4.1498818153389765,-0.6554276985713888
W38306,-4.3690067360037546,-0.6928309791339389
W38307,-6.110966666903609,-3.6019440203229314
W38308,5.916464558430204,2.0175624864263275
W38309,-0.19657559249321369,1.0846991901663257
W38310,-5.300396947446309,0.14173711873747707
W38311,7.012542661631535,3.474490224130388
W38313,-0.5938369692513771,0.7588854347812692
W38314,6.023082631829614,2.1293873133423413
W38315,-5.108326278995352,-0.9087553118169419
W38316,-5.675079964986233,-1.841980811730857
W38318,-4.933728304254349,-3.64621599817485
W38319,-5.969005726805278,-2.8853461431372414
W38320,-3.4611765485054358,0.5228095395861803
W38321,-5.9970936895134255,-4.8708922032073065
W38322,-1.4783439903781488,0.09869931915621935
W38323,0.3715423878941753,-0.1788957554011548
W38324,-5.336766988305668,-2.896441310138112
W38326,-5.973516872545996,-1.5033330046037734
W38327,-5.687463798119987,-1.161314462544116
W38328,3.1048762444459785,1.6352382082592107
W38329,-5.961580637531365,-1.5416939536217475
W38330,-1.4330508626030378,0.5978418702814072
W38331,7.180227824191832,2.0491112599933996
W38332,-5.347840919404729,-2.8484365549729826
W38333,-5.038404686758723,-0.8983311049927061
W38334,6.506609079876528,3.1991423786124282
W38335,3.93876651735996,1.3818466502584361
W38336,-6.786430273153409,-4.1114090551286395
W38337,7.5059840753380955,2.0708666658490023
W38338,6.27236592304279,1.0477363436674016
W38339,4.754979368768024,0.9645963087741163
W38340,7.144923990094016,0.35352717322954913
W38341,7.378893756529808,0.5376641807359821
W38342,-5.447705461343532,-1.8468547076617017
W38343,7.134301251594476,1.8435364198418895
W38344,-7.703984454178023,-0.9682829007307425
W38345,-5.917716886538299,-1.9194927570423812
W38346,5.666104369838502,1.252267989438111
W38347,2.3060277213650076,0.45638154180671553
W38348,-2.6805610605789236,-0.8853123925255405
W38349,1.0193366341189731,0.5978513073574736
W38350,-4.851416697103357,-1.0674306402078835
W38351,4.15406656283435,1.0929157673944727
W38352,-7.204664047321143,-0.8737214874191666
W38353,6.640142820265018,1.2438875790150887
W38354,-2.6117315893914377,-1.0110450060892413
W38355,6.201098309198085,0.2696075041976603
W38356,-5.168823152380382,-1.282877171507745
W38357,5.74972112643301,0.4440349475717791
W38358,-2.9038462925366835,-1.2038526489863548
W38359,7.104046401578858,0.9649825695477375
W38360,7.8775073561767694,2.5711913749683344
W38361,7.345992202938577,1.068058034986085
W38362,5.565984027663157,1.1744536213314705
W38363,-5.425080238743279,-1.7785084274896699
W38364,8.372134899762171,1.0233467660408326
W38365,5.736722717318971,0.7780282510525683
W38366,6.260765146123961,1.056119303643215
W38367,7.289691186695523,0.8011078343735066
W38368,-3.3548124787601563,0.44953895606818545
W38369,5.621577002699409,0.8828046138881721
W38370,7.019797596685625,0.41343471129852133
W38372,0.5073300671636035,0.5789545085238013
W38373,8.47477789110479,1.2014645131720563
W38374,-0.06954229652259816,0.060846276379472326
W38375,8.83896466845293,1.7445656379247267
W38376,-0.6897026766622468,1.1592560960844107
W38377,-2.66297725808045,-0.9691174464686313
W38379,7.054243031226593,0.6523215923119036
W38380,-0.5641936056519218,-0.05596778263175301
W38381,-5.103590934519329,-1.240499757391605
W38382,-5.9619341874453475,-0.9536405332895311
W38383,-6.27268337281983,-0.5751899090996073
W38384,0.3620191153701089,0.03813658442174101
W38385,-5.142614921248169,-4.151038233556718
W38386,7.053474361585298,0.7386848650185572
W38387,7.430681479315396,0.6830846847326325
W38388,0.9271820412653189,-0.051120926224342354
W38389,1.922019964032077,0.41352532869625186
W38390,-5.84287884504056,-1.251883073464822
W38391,6.386352781191403,2.0942656198904683
W38392,1.6786127906372408,0.41525512845855117
W38393,7.685244386766519,2.1434592328102786
W38394,6.428637510686713,1.4708773041442087
W38395,8.249033174914063,2.143008099091237
W38396,6.118955650960942,0.6506318639032036
W38398,-0.5397271613358164,1.6565817933670777
W38399,6.451978425740798,0.787494942446249
W38400,1.464078207203476,0.17773586353716223
W38401,-6.888361956370976,-0.6415849111011129
W38402,3.507534797137021,1.9564842542660719
W38403,-7.184597141104028,-0.7719935811506994
W38404,0.4624152020702691,0.888203649695593
W38405,6.086702881327574,3.6828845433368325
W38406,7.213767316700218,3.922718754845521
W38407,-7.062887659067586,-1.3262836907525986
W38409,4.044040701231267,2.240261524556702
W38410,-6.810102799954303,-3.0046562605949516
W38411,-7.07920860862321,-1.5786942481860944
W38412,5.432015863352262,1.9375042201452275
W38413,-3.460791829546086,-0.16027418046677902
W38414,-6.217051793399295,-4.508806663683291
W38415,5.529388996997377,2.9165087838346313
W38416,-6.668699843104822,-1.0449119626872405
W38417,-7.46694739907964,-1.585911505127009
W38418,-2.545498881462331,0.598732254196156
W38419,5.580058300802976,1.5568528447465104
W38420,-4.700492869598115,0.4181005689630425
W38421,-6.292739795042661,-3.5942998131957666
W38422,5.3374274535822845,3.2593340675680076
W38423,6.805159603328576,2.043743180847907
W38425,-5.468989217566493,-2.094697075475344
W38426,7.342210663888941,2.1100799463437414
W38427,-6.556074043976537,-2.964675177883555
W38428,-6.472174709128543,-3.6969807401737453
W38429,-4.45267967676398,-0.01035102637982835
W38430,-6.822320140809938,-2.6996709387130453
W38431,-5.559545514441821,-3.5207671381989565
W38433,-6.251048077474356,-1.5070988872795044
W38434,-5.745124571763612,-0.8944880513956863
W38435,-4.78915150558654,-3.8645751139514064
W38436,-4.9689215824960815,-2.4158415690436583
W38437,5.691112833954788,2.5724834784017854
W38438,-5.270720852283142,-3.3336372335218893
W38439,0.10019627158390991,0.7191298763073578
W38440,7.670612654029667,2.7593002129416817
W38441,-6.49148518622692,-1.3180659282255665
W38443,6.728048221812307,2.78364027968862
W38444,-3.261008536488787,-0.7683426887189339
W38445,-5.057787990142844,-4.234476510793978
W38446,-5.714633726574474,-4.7799105539169435
W38447,-7.010753924445019,-1.7342383142476103
W38448,8.565348789823037,2.677042765789491
W38449,1.1758047252870576,0.4040177047900472
W38450,6.6018658918989015,-0.19970884487716348
W38451,-3.810530593170246,-1.9172836006726317
W38452,6.545273276741451,0.4664734054577016
W38453,-4.695230897711145,-3.0495968058276333
W38454,5.761267825620604,0.465538954378237
W38455,7.404407101157295,0.8553656843945268
W38456,-3.7879978140990556,0.47480564140666587
W38457,-6.088108082440939,-0.9999338374525277
W38458,6.6104455960124096,-0.28539013589342144
W38459,6.012324594533471,1.251645649684385
W38460,-4.634958016627013,-3.7682961667947055
W38461,-4.658040728026605,-2.372312991369971
W38462,-5.1002166141303515,-1.4572394018175998
W38463,6.273548051462436,2.2115918381879824
W38464,6.123495184512286,3.159862065662719
W38465,4.412230717886185,1.9680310059796546
W38466,0.6862450571489405,-0.06947254419025042
W38467,-2.4480627360810776,-0.8848975736596693
W38468,6.408641896117926,-0.149552299709567
W38469,6.705519390770291,-0.016586313802385767
W38470,-5.234932337874652,-4.155722636812449
W38471,-1.4889161039579448,0.12105277660498143
W38474,0.8337169084958207,0.2759517803579918
W38475,-4.746275183186512,-1.1830303312114647
W38477,5.645690834749713,0.6665062244848186
W38478,0.8070746150914877,-0.18745227637666445
W38480,5.7304512035290465,2.0707077734810926
W38481,-1.2411506091409357,0.11310399529044161
W38482,5.058163103286924,0.398039052344602
W38483,6.3930530467307305,0.3136921936459945
W38484,8.213354982146038,0.8554980049272689
W38485,-2.0233618894778944,-0.30863763488900653
W38486,8.697300142957891,1.3382260349447892
W38488,6.532224588921194,2.8695705613455877
W38489,-4.491824650067851,-1.4928462116320265
W38491,-4.907794515472877,-3.701490252236402
W38492,8.52956020453912,1.5790175885690052
W38493,5.6181922075066435,0.9587150754866515
W38494,-5.106822650928115,-3.000916416971204
W38495,-5.890975663193501,-2.1428004460816523
W38496,-3.2322922940635848,0.5816596411248505
W38497,-1.7367220699440284,-0.16559139905383294
W38498,-6.373202367861093,-1.614444928678602
W38500,8.2902370945446,0.6438485242796513
W38501,7.104535882535748,2.394708900679173
W38502,6.745940583596087,0.8198745769109542
W38503,6.656519510931925,1.8145861745030152
W38505,6.511464757935516,3.283004275646362
W38506,-4.867875203816596,-4.109811240573788
W38507,8.287517166408136,0.7733319078952204
W38509,-4.703444810194267,-3.7666296742539593
W38510,8.282493771863939,0.7485325131908129
W38512,-4.200807622028813,0.16479477317605173
W38515,6.453373446549799,-0.11185132497972282
W38516,5.426860869732789,-0.0736322315728601
W38517,5.641654375164012,-0.14109763414643117
W38519,-4.768615253263896,-1.621411402682718
W38521,6.482242661041298,-0.3362337276707918
W38522,6.600688830518963,-0.27526212643990455
W38523,-0.2944118961810856,1.6283395698538548
W38524,-0.8317720234967115,2.257421475561261
W38525,-4.3976138259963,-1.7827167610966315
W38526,-4.965259705502535,-1.4558978016187705
W38527,8.548240747771635,1.1111867339408927
W38528,6.7380479879920046,3.4623804056293235
W38529,0.7709943753742201,0.09117578171221588
W38530,-4.7141023121542345,-3.812219774693906
W38531,-4.615980672209901,-3.821860069425903
W38532,-3.9590322731657186,-1.811796139655995
W38533,6.067401821756654,-0.03205399186943323
W38534,8.271026196583565,0.8223376855833707
W38535,-5.98411737723413,-1.5226959509400912
W38536,-1.3642104709218366,0.5710341027070861
W38537,5.795597083772507,0.029385845824233196
W38538,6.214749203118061,0.006458074048083728
W38539,-4.412992026251531,-1.6259304018652831
W38540,-4.613801095948165,-3.7382273859833623
W38541,0.584810428678109,0.9246859682743908
W38543,7.11390042725346,2.239747653216517
W38544,6.478845354083555,3.697353204362095
W38545,6.065989934373714,-0.02525399760661716
W38546,1.3090572339726947,-0.10599662522628006
W38547,5.243149340567803,-0.1711569334196825
W38548,1.60915243497545,0.23048850215818
W38549,-0.20785513696029168,1.2554267211641215
W38550,-0.34035836568268696,0.21420623657620214
W38551,-0.5660081252280597,0.08194266316434762
W38552,5.50496611768139,1.9832786592569247
W38553,6.806321969445408,-0.23150529330843114
W38554,5.5828528933440245,-0.20517745602853135
W38555,6.623769135306471,-0.30467148937608585
W38556,-4.793624087843452,-1.5443094898196918
W38558,6.520497706242069,-0.26332649725668883
W38559,2.3853887371146483,0.6117881373990675
W38560,7.529135055111132,2.6576252357319223
W38561,-0.47103124037895333,-0.0023732744200065784
W38563,6.566453263501417,-0.24243427335730605
W38564,-4.336372513634124,-1.7967133665601644
W38565,-4.819563702621505,-4.009088980319745
W38567,-2.6639984989687338,1.8922843041459407
W38568,-5.597562524057683,-0.2571613621035421
W38569,5.688957795994631,-0.19060782514667285
W38570,-4.890502620258341,-1.5230666128277477
W38571,-4.278314206422075,-1.4590004406844193
W38572,6.299539145997626,-0.32376790492229396
W38573,6.6916486669949675,-0.2207729101302797
W38575,4.4442329207394895,1.2007613033751792
W38576,-4.783434766142095,-0.5577068682108716
W38577,5.871809307257405,0.5992120790586813
W38578,-4.611372478629994,-1.906815186303947
W38579,-2.5886312685610178,-1.0117196838494387
W38580,-4.625923515780527,-2.6191473500545284
W38581,-4.9977492229484675,-4.101708224349758
W38582,6.83140152609298,0.07728273427702237
W38583,-0.6290651472669476,2.123346818215688
W38584,6.532712305479552,1.4432979576166856
W38585,-5.58696483591991,-4.738267376869878
W38586,1.7348035180615933,0.3726852957975009
W38587,-5.430494786935381,-3.1124287656142813
W38588,-4.218030711150474,-0.5460123518180895
W38589,-1.3070911512766095,0.26520989526499045
W38590,0.24302541364348912,-0.012167619208657042
W38591,-2.7903403104900715,-0.5868412679883814
W38592,-5.712397872047655,-1.7331580988114905
W38593,7.357710576101475,3.7215039456921373
W38594,-6.466400684156276,-3.795017829100871
W38595,7.106688903180577,3.8733752388282814
W38596,-2.4372251253812496,0.0706041975318573
W38597,7.947638007012266,2.186000582836033
W38598,-0.06627482433675323,0.8109464663181718
W38599,7.086381345536202,3.2114408923070568
W38601,-6.858419378795097,-0.5735433684829792
W38602,-5.407798408982078,-4.284270557508594
W38603,-6.01102075968768,0.015445813662223161
W38604,7.870577627521077,2.9009849418867466
W38605,-6.035113719725876,-3.8481127296786117
W38606,0.04127019489243181,1.0774545870692793
W38607,3.585436328534498,1.0704967963562375
W38608,5.636081499758064,1.8709800514869441
W38609,-6.6303629202285785,-0.48734755123607026
W38610,-4.195269303951884,-0.046554498734443665
W38611,-2.4344787162565353,-0.26963783726078633
W38612,-4.996292742132136,-0.2292872849934677
W38613,-7.601059788483336,-0.845979778362346
W38614,0.05041765738130511,0.14950515146113388
W38615,5.634812774738173,1.7418522765747453
W38616,-2.952968490911477,-1.0480325641922814
W38617,-6.191979958861801,-3.9771508163483293
W38618,-5.021483053459321,-1.6860172542522844
W38619,-4.200372864452375,-0.36328039101330156
W38620,-5.677855674987548,-2.0270052690272973
W38622,5.300729064131327,1.6060077754275726
W38623,5.217894568807341,1.3010989027489939
W38624,-0.4128867589219108,1.7401543987376626
W38625,-5.989369938488713,-0.9205796492505617
W38626,1.1743335680420268,-0.10709170448887015
W38627,-4.892508710214216,-1.6031218960125737
W38628,-5.505826250430035,-1.2347613957608086
W38629,6.735068846605362,-0.11502377451632062
W38630,1.3971578570057765,-0.1564324965503867
W38631,7.842036208834612,0.7075303821460179
W38632,-6.215301234373435,-1.866636563098234
W38633,-0.1096228257212237,0.3969779404657571
W38634,-4.967879953336766,-4.205258012103624
W38636,-4.831035101818385,-1.5112864898443656
W38637,5.9715216249481875,-0.250318053623445
W38638,-4.774982474751598,-3.926510784221768
W38640,-2.3450718125615313,-0.15390405264454693
W38643,-0.9880065592717345,0.22862746462938976
W38644,-2.4594624070129854,-0.9026318354307735
W38645,-4.5862773127384155,-1.11407939162391
W38646,8.57421048000728,0.9884971081352438
W38647,-4.678945793308004,-3.895551074314724
W38648,0.462012712203811,0.008502998063897937
W38649,-6.690408417312034,-1.2310396819797482
W38650,7.161657716568939,0.05251839933258571
W38651,-5.9624418255145315,-1.5170655172460188
W38652,-2.807781435781958,-0.818481330193731
W38653,-4.167149938388416,-1.9400665817536757
W38654,-4.810627492706413,-3.88826945832714
W38655,-1.4429664431320388,-0.3646299783311568
W38656,4.234881527421093,1.638717622497675
W38657,7.42227596621998,2.3712046800989564
W38659,-4.664745342134812,-3.612757917729632
W38660,6.390314923702809,0.05807898407804536
W38662,-1.082333152394141,0.2625063822469209
W38663,-1.9477213406153921,-0.3644621319071083
W38664,8.803040613660945,1.737387478262924
W38666,6.30370932442095,2.1832812858465167
W38668,5.8474291922106,0.18914758281498223
W38669,6.528706919064024,-0.14612627122720018
W38670,-0.7340747358349561,2.0494639924831146
W38672,8.365772899456083,1.3742371262461661
W38673,-5.935034260540072,-4.598598478692057
W38674,6.265793127083364,0.6872525497360581
W38675,-2.257139211147143,0.4716295716881265
W38676,-5.20621598989855,-0.5059904540940537
W38677,-4.7680667732919595,-3.837241717396876
W38678,-4.887084278245822,-1.4899228885987184
W38679,6.977671782182838,0.5042437695163652
W38680,6.2366532106370824,0.5048139089558332
W38681,-6.119052148922814,-1.5304785230182962
W38682,0.564994600754417,-0.05435960803017283
W38683,-5.211370926288209,-3.6658229899820833
W38684,6.17936187986986,0.7608709567716792
W38685,3.916267927386554,1.1002054015621303
W38686,4.311088389612328,0.9016946274109094
W38687,7.01241875024862,1.8380989014431186
W38688,7.153154173193134,2.4268018316871856
W38689,-6.251480959084668,-4.204296741845596
W38690,1.3469584681063669,0.6172181374107892
W38691,6.810763049337829,3.1794447703698574
W38692,-6.1765751901494435,-1.069200092441813
W38693,-6.050277015589446,-4.347903500202272
W38694,4.487057714686724,1.9495669978300543
W38695,0.8675994605252303,0.5998882539784542
W38697,3.8097651255825764,1.9189382054799098
W38698,2.3903021199177283,0.7253257662635682
W38699,-2.5138273096546992,-0.7424486059000804
W38700,5.742788297099029,1.3178299144438792
W38701,-5.000113718548005,-1.2746594056078446
W38702,-5.21677521514048,-3.269140657049033
W38703,-5.143620310548831,-0.7918794574984115
W38704,7.106873441560121,3.53198855380498
W38705,4.33195315117774,1.6015409664562976
W38707,-0.09965556887436466,1.3175375538007403
W38709,-4.9220071130125325,-1.442603094567202
W38710,8.348602063244796,0.7278695831500157
W38711,-2.7380326887648407,-0.4089642472221397
W38712,3.834139027428176,1.9625345479035472
W38713,-5.357349959498948,-3.8585187566895955
W38714,-4.531653158957642,-1.3047342730577345
W38715,5.898386895637892,-0.24005907237388446
W38716,-4.790440418988878,-4.035928646449763
W38717,8.639293732410437,0.9668677154211248
W38718,-2.3223267422928475,-0.3978717328532591
W38719,-5.19694789527855,-3.7776977028968535
W38720,6.086010565829067,2.8058621311134075
W38721,-4.7723274737518695,-1.5863559708270234
W38722,-4.631390197444579,-1.5093109694717843
W38723,-4.95212572141876,-1.6785657424390985
W38724,-4.730570471065485,-1.6235933475321913
W38726,-1.5872611608494038,-0.6021214387106743
W38727,6.9552675186940895,2.401469323997064
W38728,-7.270721674173772,-0.7604092812012108
W38729,0.051889385537705106,1.1811219062422544
W38730,-4.533904039496495,-3.455773638786006
W38732,5.460647461775547,-0.20146608243897707
W38733,2.9840713265179124,0.6322560680529055
W38734,-4.8050199229584045,-1.4117086711927935
W38735,5.426615496304923,1.3741957359950954
W38736,7.263687227460818,3.4155231032448863
W38737,6.517468083722102,-0.35464849184729497
W38738,6.49251616778138,-0.27740734006844486
W38739,-4.180477781025559,-1.9049796196039863
W38740,6.112142471235781,0.0021515803432751914
W38741,4.994708645647381,-0.1058890285098626
W38742,-3.081689263433766,-0.18078301527822702
W38744,-2.7275019883956815,-0.6210486557978412
W38745,-4.4134748813642934,-1.95227932443187
W38747,-2.024263739700025,-0.7224317712222801
W38748,-4.243368289002446,-2.133300490057844
W38750,-4.740119297257094,0.0995696239117166
W38751,-3.6551138308145066,-0.30760021562649353
W38752,-6.952673970808059,-1.3460460294963932
W38753,-4.8832531509402415,-4.0870227001247965
W38754,6.32967368075144,-0.2940494368048703
W38755,-4.637048697752759,-3.8932598447152964
W38756,6.697542930086369,-0.2586288364484855
W38757,-5.20387065671407,-1.3920398396634301
W38759,-5.11194047092644,-2.754932504107246
W38761,-3.9706335425627715,-1.733478620558771
W38765,-5.875599058578625,-0.9080044969299025
W38767,7.796553339232435,1.0163058361585386
W38768,7.917444686268396,2.6431968062931928
W38769,-5.10213658208731,-3.9451108403999253
W38770,6.340074753641091,-0.3597612227587346
W38771,7.535278898559349,0.7700265911866777
W38772,-4.88170731137405,-1.378672306743193
W38773,5.944497445733774,0.02466038133207953
W38774,5.951936174346764,0.17065063429523106
W38775,0.8374179150253208,-0.055406820871981406
W38776,-2.1044573125307267,-0.05623079428921347
W38777,6.994448370011641,0.8897883071159624
W38778,-2.4480009016086917,-0.4135535360815254
W38779,0.381398053386911,0.6075964025154938
W38781,3.1043703125560067,1.0658374621634075
W38782,-5.734551004135838,-2.1636830367316864
W38783,6.254206639136723,0.6922156963386673
W38784,6.567967049959408,0.5275200104878406
W38785,-6.689559278278884,-4.117767165663882
W38786,-7.60339059819155,-1.0129977146204685
W38788,-0.5838727969268566,2.1728406939795666
W38789,-7.108886835358983,-0.8243447051547
W38790,-7.00119101945685,-3.8286006567593254
W38791,3.756565741212845,2.230656777753327
W38793,-6.6071043026849265,-1.5148995856659624
W38794,-2.398089990084127,-0.9537796259976126
W38795,1.2364421887590333,-0.11141181859843433
W38796,5.667080381125671,3.2890444303631265
W38797,-6.960953896824367,-0.5298686865746786
W38798,6.474232376819388,1.9341657897893043
W38799,-2.5853809461410946,-0.04296437869932269
W38800,6.82584251056988,3.7305232626838145
W38801,-0.6888756600414748,2.116911803905442
W38802,-0.7385838880414549,2.133412033521716
W38803,-6.736565106125375,-4.08069267043438
W38804,7.874137396116085,1.6801084678960767
W38805,-1.3511906881273386,0.5098527378896234
W38806,4.908922628697985,2.901281641979822
W38807,-6.549257132057067,-4.466510882801381
W38808,-6.865732817483993,-3.981012541077476
W38809,-2.4752889212836626,0.021522672572443204
W38810,6.799459210713538,3.5801883769222793
W38811,-3.5723173829506085,0.225459455044216
W38812,-6.226570774032546,-4.261980332003538
W38813,-6.286305457726168,-4.64493653529686
W38814,5.633074532245817,2.766631587928722
W38815,5.2534265294466715,3.2058514065176644
W38816,-7.234786729698685,-1.5725539130513921
W38818,5.574526889034245,3.3517231962758305
W38819,-6.314346679629271,-4.628518409840986
W38820,4.049617672824263,1.7050730992376122
W38821,4.985345964719716,1.6226592350839772
W38822,-4.14948440920047,0.19110810308036297
W38823,-7.464991608554867,-1.3987185685984482
W38825,-7.354444302265932,-1.0532516992117442
W38826,-0.6139114163541226,2.005770930476889
W38827,7.49609004667813,1.649904034987112
W38828,-5.927206083345121,-1.2414245912337867
W38829,-7.290889192698472,-2.153468051638683
W38830,-0.8275359060250564,1.7167814625335507
W38831,-0.49115691783740223,1.8718063870906039
W38832,-6.7258509992738436,-4.303829363714531
W38833,-7.136225009443096,-0.7811317783879436
W38834,-4.956208174619986,-3.3299603699205518
W38836,1.630151514508039,0.7595832670655785
W38837,5.127837945870195,1.5473938614352512
W38838,-6.019436070637646,-3.416528120204505
W38839,0.9102935401486892,1.0708489197556568
W38840,-5.925240884650094,-4.163115371382073
W38841,-6.955693781207336,-3.7899193868197494
W38843,3.9938994756155077,2.276816998877087
W38845,-2.0582109092741554,-0.4467297313066157
W38846,7.64576230884291,1.7334340905568109
W38847,-7.111554591524677,-0.5785388291903081
W38848,0.9162358862733893,-0.2384798107050999
W38849,5.559225132971203,3.344232291199796
W38850,-4.88189555161143,-2.8397737295626095
W38851,-3.6837336178896396,0.21263930124330505
W38852,-5.605116299106531,-4.628286431566528
W38853,-6.212566041009403,-4.650348819276519
W38854,1.2354025072656964,0.7645830846027555
W38855,-5.291147937050358,0.32704613074340416
W38858,-6.7238150988547725,-4.249412874254918
W38859,1.534285755054541,0.5473330867055256
W38860,7.877841982608129,1.8874688902043042
W38861,-6.473649279547184,-3.879426447081498
W38862,6.69802285454685,3.4238826670758327
W38863,-6.202439883272065,-3.046219797919522
W38864,1.9725049276805644,0.9839882047131869
W38865,-6.48127289133788,-1.1724384503236494
W38866,-0.6732559873226289,0.13289892406338286
W38867,-2.668713312057579,-0.46813884238224446
W38868,-4.155751308393012,-0.0277936523121092
W38869,-6.934897694696451,-1.3779950081160706
W38870,7.898861337779504,1.8243466152985859
W38871,1.4988397436290977,0.6129503851258165
W38872,-3.695876005544356,-0.32410351826182177
W38873,0.8209633143752554,0.7278473143786078
W38874,1.515937797296745,0.42646032925453753
W38875,-5.035851280046287,-1.8731522394303797
W38876,7.750650300042006,2.6262361033245063
W38877,7.655633267297818,1.4709802599705528
W38878,0.4454017014627464,-0.1534622557304408
W38879,6.066461563111467,1.514440597375254
W38880,-6.418247038821278,-0.25177599511509596
W38881,-6.897522974041188,-0.49544247789045165
W38882,-7.039982002733663,-1.4295904241619979
W38883,7.287685595911112,3.6363567850136955
W38884,-6.8385377076234075,-0.4274686501248332
W38886,5.937825166469258,3.13207592165991
W38887,6.8624303839290395,3.5722613886024606
W38889,8.365222934123544,2.5464351162160845
W38890,-6.292753371647479,-4.4578837977266526
W38891,0.6455782950753545,-0.1579296176631964
W38892,8.790437045224683,1.9577667078253371
W38893,-6.52062039568656,-4.477085698226728
W38894,6.326550472594509,2.798413851680914
W38895,-6.398582529532497,-1.7739106366271513
W38896,-0.5091863037499205,1.76361687613479
W38897,-3.886547232050888,0.22832276425271553
W38900,-0.7944058985838256,2.169626513265429
W38901,-1.4133634838556306,0.5857425958857817
W38902,-5.315467541946366,0.25751117218851394
W38903,-5.1124785477144945,0.23437158084624163
W38904,-6.9316191493216675,-3.503395061567472
W38905,6.728977575870262,3.6180543419262747
W38906,0.3071154334941518,0.6554343115013909
W38907,-6.384378390243566,-4.691985570491139
W38908,-3.541386312604611,-0.03141369094390782
W38909,-6.221267940029727,-4.606257003101452
W38910,1.2278348916869306,0.16818870789741788
W38911,-4.124470021561533,0.2821356294340315
W38912,-7.39272507464319,-1.0185099636548733
W38913,-6.98837524863952,-3.4207710998137246
W38914,-6.180394393292173,-4.808597528406931
W38915,5.757048996630468,3.31496707804066
W38916,0.9025156237615414,0.10361022228986799
W38917,-6.483609213735832,-0.7427022146541522
W38918,-6.31218487392746,-0.8401656649641646
W38919,6.1351164297338165,2.783242809133625
W38920,8.334690682138515,2.9164919794218545
W38921,-7.249104679282454,-1.109089635912118
W38922,-6.355045926214471,-4.188027736671418
W38923,-3.5289815249474388,0.01142918594004184
W38924,-6.259257327211488,-2.761776670845529
W38925,5.670672837973807,3.131295434941261
W38926,-2.0099393896932427,0.713128122486541
W38927,-7.030220612947251,-3.136894150752287
W38928,-3.742207173750009,0.35494053946828946
W38929,-3.236183401973369,-0.31339411698835395
W38930,-2.3663787332873123,-0.15851108931148591
W38931,-2.1744406842295976,-0.28516670818321654
W38932,4.001722111723575,1.138167824878181
W38933,7.197811046903473,1.4597759075302668
W38934,0.43574993191901606,-0.16807001484891612
W38935,-6.780126804572211,-0.6457218461034655
W38937,3.372281809240225,1.4163619941351462
W38938,0.46008451262910544,1.0064244974985874
W38939,-2.9166128552677817,-0.1637547291125222
W38940,0.9002017981412543,0.23968362150695482
W38941,-3.4906680935928316,0.6216426415667518
W38942,6.186307474200412,2.1073473805696423
W38943,6.022645617150414,3.411707886481528
W38944,-0.6443355746183497,-0.09862511752111723
W38945,1.53258969221119,0.16729310472581488
W38947,-0.6260240059496869,2.0105374454359524
W38948,6.319273472755414,2.514722253427704
W38949,-6.477913414037358,-0.9480028480884097
W38950,-6.4796887299055514,-4.51970012211133
W38951,-6.535787678114474,-2.0159538943932005
W38952,-3.6301246554948223,0.08515611046453025
W38953,-2.4261906958394834,-0.7256076466557496
W38954,-7.408342429937376,-1.287318366972119
W38955,0.5189015524705527,0.48480545726968566
W38956,-6.2634329696885995,-4.471865266762931
W38957,-2.965141642952189,-0.028256498970167382
W38958,-6.816918947026484,-3.201755698824612
W38959,-6.670776800305357,-3.8546939224574825
W38960,-4.187651587650491,0.10586295027547767
W38961,4.783163219492488,2.1102579795334706
W38962,-6.978021701047724,-0.5666591696270692
W38963,-0.9031174443349868,-0.21407480055245004
W38964,0.46782514322946195,0.2537426872946875
W38965,-6.472115639694528,-3.839396568383261
W38966,3.763311382613039,1.410795505434096
W38967,8.052446263194462,1.832105925242093
W38968,-0.41143219730913033,1.960087058679364
W38969,1.0491687839119337,0.16674757225423265
W38970,5.004881454464281,1.716920443571309
W38971,0.258804698940236,0.9794343723875726
W38972,-6.0457000193526165,-0.1610768799499684
W38973,0.635204124756743,0.3177049718163349
W38974,5.798397102872691,2.553369774893342
W38975,-0.9626082383679613,1.6849437028946224
W38976,8.321791925266306,2.0250307260157694
W38977,7.700662797190954,2.240591947387212
W38978,6.1387643190274455,2.4543458207340008
W38979,-5.947312970290968,-1.8425797470050267
W38980,-6.439454670556847,-4.641463273353478
W38981,-5.579516952233364,-0.3458021257347739
W38982,6.823150758581387,3.111772112548298
W38983,6.378925037744096,2.8214868578377708
W38985,3.7921225213620877,1.7773900651023733
W38987,-5.599532833739743,-0.26534637634968344
W38989,6.026583908719814,2.8666598102769143
W38990,0.8965300561859564,0.5705544532766227
W38991,-0.5117124279411608,2.197712585182315
W38992,1.8757141911436868,0.9603672131065958
W38993,-6.336507078253928,-4.742685212849844
W38994,6.76398928494527,3.2533161390372998
W38996,5.9706907608169,1.3706884658275988
W38997,1.9204197272240295,0.6147929294493221
W38998,-0.2910232599882343,0.43707086810870216
W38999,-0.8735415061807769,1.7169455355213263
W39000,-6.638928430023943,-3.7958716211885624
W39001,-7.241817826614594,-0.8899973481227645
W39002,-3.598726916536059,0.09786089078146427
W39003,-5.830464720267019,-4.726089139957465
W39004,-6.665615909558528,-4.33628161109582
W39005,7.843543790130725,2.071328064788824
W39006,-7.000210031461088,-0.7515247038762911
W39007,-5.770188344103495,-1.55752216865971
W39008,-0.3186260444477416,1.6450207891349922
W39009,7.609132948313421,2.3444431358997946
W39010,6.303872629930252,2.9972806448967253
W39011,-1.5037440474973187,0.5214237391977486
W39012,-5.369323117935977,-4.381651899778874
W39013,-6.071492090282049,-0.4193906833629041
W39015,3.416961261210119,0.9684977349858206
W39017,-7.093607778268867,-0.6221435958517336
W39018,-2.872019880639336,-0.3949008105840846
W39019,-6.0576272991607905,-0.8609239299883681
W39020,-5.968313472405321,-0.50389869726592
W39021,6.331456253180914,1.5517131690118824
W39022,0.4726549413351525,0.1641349899462007
W39023,-6.998475782631622,-3.5455119971057165
W39024,-5.952169565304514,-3.1972257251376495
W39025,-7.414671759892212,-1.53596792995368
W39026,-5.274449602591706,-0.16675960992654426
W39027,-5.380578952179157,-1.067305414590182
W39028,3.647382497700834,1.257146876286919
W39029,-6.059911697206796,-0.5483764851206937
W39030,-1.2782673337083894,-0.06279952785524616
W39031,6.239288222512776,1.8881536401626273
W39032,1.4084723373233803,0.10739061775829446
W39033,0.7436407143866556,-0.07658973211416362
W39034,-3.948000983867183,0.227754922500575
W39035,-3.488474622986138,-0.12947010013927931
W39036,3.634859346218218,1.079342418879701
W39037,-5.649575123304364,-3.664389178656498
W39038,-5.525107726271894,-4.7591648952569345
W39039,1.2228692909402794,0.515232777643034
W39040,5.78989857073164,2.352954251014068
W39041,-0.807790988398992,2.0372331372242645
W39042,1.288843221452414,-0.1566023757256834
W39043,-4.6138709867250975,-0.5913463221914075
W39044,-4.681825859261668,-0.40331958475906043
W39045,4.973118442832943,1.4615785844352642
W39047,-2.967956355579413,-0.47336772705686736
W39048,-0.731513639390028,1.934617366409849
W39050,-3.637499164007463,0.41250126290269234
W39051,6.79826933541072,0.9805273598507205
W39053,-5.706290073833062,-4.6542580336028845
W39054,-6.330807560145211,-3.2093286177878024
W39055,4.855178328980829,1.5397402487173222
W39056,-2.9553053363701136,-0.09153847642044437
W39057,3.7221070559725384,1.3515555028064472
W39058,7.234938290955072,1.2709513397903502
W39059,-4.928858647548576,0.4081021444519635
W39060,-5.46465539847466,-4.381699450608757
W39061,-5.956770939819731,-4.858678474238101
W39062,1.4578750144975907,0.5183555924551544
W39064,-3.18093821798234,-0.09915288722851935
W39065,-6.78186852560952,-4.143219634771767
W39066,-7.037971839803564,-0.7915716004112754
W39067,3.8273729794557245,0.9479138149797091
W39068,0.4135962681831999,0.6647715718727775
W39069,6.005650479211973,1.8473693853466688
W39070,0.41461454522185087,0.7193663380575162
W39071,4.77378762204043,2.245962156594897
W39073,-6.839982835805571,-2.680065551306241
W39074,-7.106024122176193,-0.7032906823867742
W39075,-4.2018316092835635,0.22463215980831477
W39076,6.3539316539485675,2.333598145301261
W39077,8.555290189517407,2.1574322489290054
W39078,-5.977235353722011,-3.3363716747868217
W39079,0.44626580032257074,0.6079189448619788
W39081,0.3910418770952199,-0.13055104973160137
W39082,0.3730131427738331,0.36744559940299387
W39083,-2.5910384138994287,-0.6778243467476933
W39084,-4.737065780386247,-0.17463960711400495
W39085,5.025489423423283,1.4169534657602816
W39087,1.5607908308308047,0.40128160494063725
W39088,-6.691190485946105,-4.442262348981628
W39089,-6.247607179623767,-0.5866424221907602
W39090,-6.323255459063804,-2.1857673744094352
W39091,0.004729576102998113,-0.06181076806263914
W39092,-4.9015442802631854,-1.3213289024485064
W39093,0.47148110715189595,0.025292180472471514
W39094,-5.32829677200857,-4.3106460676092855
W39095,-1.0104493344369536,1.7967679184243912
W39096,-3.051381005965746,-0.12985947050190957
W39097,5.293722813548901,1.4312352727631135
W39098,-1.156273551065902,-0.25594709640335744
W39099,7.259655529492717,1.039999392200958
W39100,-5.564937623898232,-0.6667730867428155
W39101,-6.3810009355783235,-3.9750682047416794
W39103,-6.519738018772166,-2.1608592478730073
W39104,4.241309754401262,2.1342267847188094
W39105,0.9728721931244335,-0.1362969582748266
W39106,-3.983110318845985,-0.1564649736639306
W39107,1.0160439414215632,-0.032962670093774585
W39109,-4.974081931271623,-0.9308781770588376
W39110,1.4679427496947515,0.2788799607684175
W39111,-1.8487175958540731,0.13331914972337477
W39112,6.148041273486279,3.49384815949803
W39113,-4.935969412989916,-0.8595519004360777
W39114,-5.685944206882231,-0.6675933063287327
W39115,-5.270625711938053,-4.315376751491806
W39116,-4.858411490145177,0.24828600308805035
W39117,-5.63527681114277,-4.839572718803219
W39118,-5.446977888570518,-1.3477420918955836
W39119,5.666691495857901,1.3830787416854646
W39120,7.821420954591372,1.9757658736801142
W39121,-0.6368116034397658,-0.23975163727722107
W39122,-6.104559533227477,-4.7297227466737795
W39123,-0.3561176369896376,1.8027330103109567
W39125,-4.7952734633336105,-0.5295401287765757
W39126,-2.541432616267727,-0.763511745186339
W39127,4.9006537424409125,2.445183407439956
W39128,-6.14563918228883,-3.6707191772623067
W39129,-7.151426019349691,-0.8422948647973357
W39130,-2.343438817740023,-0.04472899530657544
W39131,-5.437137114944151,-2.9126975556242236
W39134,-4.101901728298246,-0.8511407522056949
W39135,-5.700919894470892,-0.7314588018192533
W39137,-5.623471768748559,-4.4776168991169465
W39138,-6.2149373121790745,-4.224172009825738
W39139,-2.7339659876956004,0.5861903277669689
W39140,-5.870818785534443,-4.5280264553355005
W39141,-5.613790542434389,-4.578477181937113
W39142,3.6809469820616503,1.1259440106972787
W39143,6.631801889125448,1.7103755695944627
W39144,-6.912034774720464,-1.3968133162653333
W39145,1.7661128125280137,0.4091492502813979
W39146,0.45371341045751673,-0.0048248977994041565
W39148,2.093828989985931,0.3983398103522551
W39149,-6.32699685446255,-0.6171259172298326
W39150,7.458893403538492,1.5183789374821794
W39152,0.5309772047008644,0.6001609152546323
W39153,-4.727400579766969,-3.0038679908426364
W39154,6.6222525992387355,1.4917997248964416
W39155,-5.90907099388815,-0.624191448424942
W39156,-5.901822295553794,-0.5345654688792946
W39157,-0.8165463683662098,1.8985447539131823
W39158,-4.089148854954309,0.02480565797878102
W39159,-0.8502898796666023,1.268795624303828
W39160,-3.5204147237060033,0.24983349306596234
W39161,-3.329493822020462,-0.11071027725052644
W39162,-6.704473079306821,-3.0262789352689663
W39163,-6.062344581320927,-4.780626098577825
W39164,6.340799558052019,1.3846379988016093
W39165,-6.3127292143157145,-0.5104657426966309
W39166,0.3849330957466681,-0.14448631018917693
W39167,-6.617062300819657,-3.1959204319745336
W39168,6.396454721872718,2.114410659639816
