cell_id,dim1,dim2
W31105,0.01831971521831405,0.014763857474980643
W31106,-0.12267202456635853,-0.028432769111956985
W31107,0.14494114198003993,0.06979767623553157
W31108,-0.13949349147908102,-0.06405590814107234
W31109,0.147911240483871,0.06557764856896685
W31110,-0.10525130808615528,-0.04733024949176576
W31111,0.10797896203522586,0.06112448805236828
W31113,0.02865159750425897,-0.0026241941005310148
W31114,0.07725101083514056,0.04669750533496509
W31115,0.15575101612416536,0.04402309986835448
W31116,0.14360481440039355,0.027981813035615515
W31117,-0.03252180537356312,0.012090326751340072
W31118,-0.12863026350389625,-0.04057828975712736
W31119,-0.08539979016078211,-0.009942731951237476
W31120,0.14590862040622543,0.059163583733111945
W31121,0.016095442740533317,0.0013035463148328103
W31122,0.1228255615936833,0.07587058822676913
W31123,0.1488629119120805,0.06224300110757423
W31124,0.16863344721005663,0.04351150368161735
W31125,-0.013576203692655758,0.04422357054784039
W31126,0.09595829958989299,0.04807185691031628
W31127,-0.06474646595341634,0.012831721059871964
W31128,-0.017136336928472506,0.0324341088320086
W31129,-0.04462391732831513,-0.013600668619388278
W31130,-0.10380695119194384,-0.039663771450987324
W31131,-0.13038003485305646,-0.06126703685355506
W31132,0.13679647726410937,0.03420441020876886
W31133,-0.06022968544733465,0.0033014179893592144
W31134,-0.03237535507258142,-0.00422299442543476
W31136,0.1341236099579016,0.06295152411874574
W31137,0.1449731181605048,0.050416228099869474
W31138,0.10315723283892424,0.0653121543430779
W31139,0.09727518368785218,0.02495774143401686
W31140,0.104315506966617,0.05607010849927855
W31141,-0.10405092775988886,-0.004009918163747817
W31142,0.17993247156251171,0.031600714243253794
W31143,0.15545409730756904,0.06876746340303894
W31144,0.09138335670230131,0.05202061235142469
W31145,-0.11735574568096972,-0.07920777929409156
W31146,0.11176515659863907,0.04051068429277035
W31147,0.1447408520714842,0.06247264541094346
W31148,-0.14310961989876045,-0.028285556643648496
W31150,-0.04223652844760035,0.008846930196297767
W31151,0.14393395573286766,0.08277750000242204
W31152,-0.12782726513418202,-0.022644978323840447
W31153,0.11299381303329177,0.05925059252473191
W31154,0.13282045473771575,0.05171484611951367
W31155,0.0022979847390132637,-0.003399054074334256
W31156,0.15699455056523015,0.04112052555741264
W31157,-0.056784038747181076,-0.0028232797530769013
W31158,-0.12825356408753372,-0.07236257054369308
W31159,0.08019715510526186,0.03253583973368695
W31160,-0.05742273029128124,0.02801956730145343
W31161,0.13988746275087885,0.051526177753963814
W31162,0.11578588902696357,0.021783538642003237
W31163,0.1152987607313894,0.059568913908253765
W31164,-0.12282470903446188,-0.02616153404508955
W31165,0.16104175465883558,0.049162051534036674
W31166,-0.12456685525461922,-0.007899736043092312
W31167,0.16022294057494854,0.04697405656153775
W31168,-0.15238699270107786,-0.022823184719586644
W31169,-0.11924034120412619,-0.006140171950887313
W31170,-0.14756662606796467,-0.03532574788275988
W31171,0.01491541511106836,0.01434511140675686
W31172,0.0670111594340116,0.041193369297436534
W31173,0.008585977050500666,0.013012742858134215
W31174,-0.061971680904109816,-0.004566088396083672
W31175,-0.04481882303323873,0.011142304736038638
W31176,0.05231866322893497,0.021034647256474182
W31177,0.08694364719207928,0.03851367134137366
W31178,0.09312211788523782,0.02924989817662059
W31179,-0.12254711479053006,-0.06611716644102199
W31180,0.13831483078793294,0.03810589797252234
W31181,-0.11123014851952878,-0.08008666375561767
W31182,-0.11598423096418271,-0.08210293135586139
W31183,0.12444337805224617,0.05935720611145158
W31184,0.1593228793145886,0.044025057366652964
W31185,0.1312162031988762,0.03196126916225663
W31186,-0.10039918034064424,0.004895607911153575
W31187,-0.08152690324953679,0.0043354757336628615
W31188,-0.06465545988777663,0.008395876260925287
W31189,-0.11554340100169119,-0.06432360897026211
W31190,0.12202886140457021,0.01640073549590678
W31191,0.01803169439697811,0.017594517032614235
W31192,0.016461525698445206,0.015578109638285795
W31193,0.11874629273098729,0.040167999365882306
W31194,0.0697744850541736,0.012278047442617304
W31195,0.16015728126275572,0.05025851678598097
W31196,0.07600179568735416,0.026179608261884448
W31197,-0.07789456344714259,0.003498008469044527
W31198,0.1414798528391687,0.03363050602419024
W31199,-0.008979525704202651,0.0013123737043552284
W31200,0.06706252182476749,0.022583938746843807
W31201,0.023546542515782677,0.0021038017274885774
W31202,-0.1009150407104277,-0.014083268888978985
W31203,-0.11165775532779011,-0.043970154946847126
W31204,-0.06049725791038638,-0.0063327660903967405
W31205,0.13913539944221456,0.03458265221724455
W31206,0.1339431527512756,0.07576280799403765
W31207,-0.1417794806365951,-0.02634881822094916
W31209,0.17239188635387337,0.05087852947621467
W31210,-0.11233261049057451,-0.028918266106026682
W31211,-0.13019025920931349,-0.0383654337829664
W31212,0.1242251152447907,0.005324575035697138
W31213,0.07593590867052866,0.011678896462278623
W31214,0.16895120113772996,0.018841533780548897
W31215,0.10483367576906892,0.011422818539140369
W31217,0.1365102656373208,0.07154200822892944
W31218,-0.1132061816279477,-0.035779064764793776
W31219,-0.06430787606742039,-0.005406217078097126
W31220,0.17159168109681855,0.02618183045561063
W31221,0.005608232821291129,-0.0021850159424407754
W31222,0.12980649965324642,0.06029000611444515
W31223,-0.060741034238817444,0.01458696212154183
W31224,0.014869078509973694,0.016916451400682854
W31225,0.1523000679729024,0.03434541138960613
W31226,-0.10833757304032171,-0.0903977852813266
W31228,-0.038542439243904866,-0.015165817438416294
W31229,0.09862772627336855,0.05967438925845582
W31230,0.08945299470058171,0.04195798685580724
W31231,0.16205629082440448,0.01517167780290526
W31232,0.13620792760873873,0.03648044228986508
W31233,0.15184974699001821,0.029706253119735595
W31234,0.14918376123431215,0.03473840511418368
W31236,0.1127275744230464,0.004330543744231099
W31237,-0.11117924833399521,-0.021087680390666736
W31238,0.10691005162841173,0.05069685108868443
W31239,-0.12596080824040606,-0.024594547465241298
W31240,0.10538106051497831,0.05990705700909038
W31241,0.14814429640796892,0.032898418175046934
W31242,-0.10030544509736054,-0.07546207791052534
W31243,0.16540286004311924,0.044123090067622446
W31244,-0.06595712790589177,-0.034323207141080725
W31245,-0.10108550972955832,-0.06597402467138895
W31246,0.16514563816983033,0.019751680100775812
W31247,0.1469935815140209,0.0606878136680635
W31248,0.13097729562510096,0.07499389029886805
W31249,-0.10979363043894617,-0.015646539912424286
W31250,0.13829144057852708,0.014279857044948044
W31251,-0.11100100281765263,-0.09283268813737319
W31252,-0.11106293445681527,-0.021715850690712225
W31253,-0.0783699060698703,-0.03583538354314444
W31254,-0.14732992581171286,-0.016056657071452138
W31255,0.1388487543220084,0.05785076595220851
W31256,-0.09875936727880792,-0.03881791173670058
W31257,0.021065842489929737,-0.002683440380044766
W31259,-0.08447902986565513,-0.0031896196768822723
W31260,-0.06133208760372268,-0.02698380315371791
W31262,0.11127209337758134,-0.0002641025578475632
W31263,-0.07429121528881016,-0.03747617547993607
W31264,-0.09813260015576795,-0.06098187658016229
W31265,-0.12357521080739767,-0.018351656476888797
W31266,-0.11555765140092827,-0.08248414759857668
W31267,-0.04605346232019437,-0.0035506845914869915
W31268,0.0020352473163479053,0.009315330235754411
W31269,0.10036183277591874,0.002057375968758762
W31270,-0.09457717360157256,-0.07495399522756661
W31271,0.12458640256799743,0.0016776869672400904
W31272,-0.10228485026349421,-0.0636331479295281
W31273,-0.10202813451760318,-0.05936118341486627
W31274,-0.07697817436890086,-0.003022283072167952
W31275,-0.10470199350115728,-0.08663984753843032
W31276,-0.004215250510238059,0.03416246877957075
W31277,0.009629843669051478,0.00032076858100865045
W31278,-0.12277612151639794,-0.01470425731669277
W31279,0.005809898828686366,0.020216487303088736
W31280,0.15517425106028374,0.029165744600135365
W31281,-0.11538272116158173,-0.012121029364313156
W31282,-0.09924191988748639,-0.03411493343884026
W31283,0.13433566694954635,0.04500496261457348
W31284,0.11418586175810455,0.007765864813111508
W31285,-0.08385544309819738,-0.03018303613626058
W31286,-0.08202294690288973,-0.03881059901547701
W31287,-0.00456688960580233,0.029417498240357696
W31288,0.023646647065048834,9.218440594862725e-05
W31289,0.11916497385278901,0.024505453525870333
W31290,-0.1124042010370029,-0.04022315901639004
W31291,0.1362178015502787,0.06400889966315636
W31292,0.10994984487894632,0.04698885497389334
W31293,-0.12386263213696788,-0.06656986415628267
W31294,0.11870530462839336,0.007716488368093367
W31295,-0.11259551934314133,-0.033376550613592446
W31296,-0.11762051540159434,-0.04027213202707644
W31297,0.007678186758491915,-0.0029691748770115994
W31298,0.1606575947098268,0.0486845355580542
W31299,-0.14260762294102683,-0.044363736913150195
W31300,-0.010690407209707983,0.008442644334420895
W31301,-0.08173749702146342,0.006809469846559103
W31302,0.14138167240302416,0.0734777926449758
W31303,0.0995456650808603,0.020907139410671054
W31305,-0.09823272859791017,-0.07663694206108354
W31306,-0.14248903963738987,-0.06487676670266421
W31307,-0.1272917691049979,-0.01532884405234421
W31309,0.11269668380793041,0.029857116954143465
W31310,0.12601279355194372,0.06824429177022599
W31311,-0.09840338657221712,-0.00035477524223911905
W31312,-0.030452674453428526,0.011419429355429554
W31313,-0.008810222082791407,-8.336317948331895e-05
W31314,-0.009503975305446517,0.023124215426337788
W31315,0.07688096924997986,0.03890209331640266
W31316,0.14881579038858195,0.04121858176708327
W31317,0.15166392403861234,0.07093207631332037
W31318,0.1496760091513071,0.07568793388963448
W31319,-0.13187656036644632,-0.04021341966442702
W31321,0.07792219052027116,0.04608062763973663
W31322,0.12805355792536868,0.06372205560733964
W31323,0.1027962351599318,0.057931232918490096
W31324,-0.006169061799782343,0.024908268034720127
W31325,0.14305188569429594,0.023525767077771934
W31326,0.144353943750787,0.052518291810850125
W31327,-0.14130459183838404,-0.04123757140222219
W31328,0.12407445078552172,0.07334219187562858
W31329,-0.14600664281389938,-0.044720384445619404
W31330,-0.14175331463731727,-0.03546227931520423
W31331,0.026149626382476625,0.007707929843015228
W31332,-0.10405391771090886,-0.07852293546039665
W31333,0.12110812179044525,0.050169099004463834
W31334,0.13052153523742668,0.056857757019220835
W31335,-0.07661969246516978,-0.006558385430399226
W31336,-0.143754050317386,-0.04579014443448383
W31337,0.1417340764038756,0.07991902890105311
W31338,-0.13719469274920076,-0.0511794013019
W31339,-0.14011708644196869,-0.018905365639178388
W31340,0.11527407788828098,0.059315332210191085
W31341,-0.1196951752732895,-0.0615481320473176
W31342,-0.12807896482041617,-0.07716023833922325
W31343,-0.15072746137104787,-0.027994602104020164
W31345,0.1196155890550545,0.06260746990463709
W31346,0.10967271348864333,0.050418510820447
W31347,-0.10460875281955917,-0.021216087503318215
W31348,0.1243683702562867,0.023554525486980636
W31349,0.07214025678791154,0.038196995578192526
W31350,-0.12639051803896062,-0.08748945838289006
W31351,-0.14325444942602494,-0.031515645014219905
W31353,0.15347285018161058,0.06281847827533646
W31354,-0.02500003676095266,0.011124784215440248
W31355,-0.13830010549588614,-0.039826470585985936
W31356,0.11239402656144513,0.04481069447015208
W31357,0.1379588845180245,0.05470818843260269
W31358,0.05360268638702619,0.018989664582914845
W31359,-0.11713182151832191,-0.01894124193096698
W31360,0.11140870637811504,0.07299201770013723
W31361,-0.11045734199322318,-0.07937847584240838
W31362,-0.12104938151996976,-0.018605732254524606
W31363,-0.11302629447594645,-0.058645874794799525
W31364,0.02661940945920305,0.017617679243619008
W31365,-0.10027251085271005,-0.0014639401293251222
W31366,-0.10772242096165245,-0.06890962812743126
W31367,-0.13080086579866282,-0.013353042043200107
W31368,0.12835094240049758,0.07520370377165277
W31369,0.1468545104819531,0.01686754767205465
W31370,0.15582988761054664,0.044394470158603774
W31371,-0.08872527034898324,-0.0044109783912463455
W31372,0.1608614245948892,0.04823073180265516
W31373,-0.04751579276540419,0.009204118446577099
W31374,0.146397337481653,0.03862722530793774
W31375,0.10821634532228527,0.056903596166072545
W31376,-0.07481629258773233,0.008944176222082606
W31377,-0.005522049514540549,0.0036758354637643808
W31378,0.14623848028306485,0.016479196295719808
W31379,-0.042270431013099866,-0.0025782180127720145
W31380,0.11164546166447072,0.018025511404180298
W31381,-0.11410209104276298,-0.006401386575514147
W31382,0.12545454935611497,0.06779401501544231
W31383,-0.05600537315137597,-0.0075278974596985765
W31386,-0.11759232675759772,-0.0764889154819278
W31387,0.14740235702694163,0.02937587888960376
W31388,-0.04289733486288087,-0.009258951610907567
W31389,0.10760916598269793,0.036401136950132466
W31390,0.10951508516543512,0.018992602110635883
W31391,0.1455214957223484,0.02510998225891263
W31392,-0.0842209112782373,-0.026571795579915774
W31393,-0.09367428513347631,-0.009126876469899287
W31394,0.15432774032199933,0.03525377137404622
W31395,-0.1162977327184601,-0.008371826856488367
W31396,-0.1023733586201996,-0.0853993022504346
W31397,-0.0042081014620615744,-0.003803461419467809
W31398,-0.10886146948116637,-0.018253760712086148
W31399,-0.10380905482608738,-0.02008245373859607
W31401,0.1407856657475448,0.04810343070289804
W31402,-0.1022630992762555,-0.013417387304893514
W31403,-0.09830941998375033,0.006117912774804636
W31405,-0.06804606103175029,-0.02607815887831407
W31406,0.11764034434202451,0.013920343974702064
W31407,-0.008331881407925333,0.023158647136534562
W31409,-0.110041949591002,-0.016967286201990197
W31410,0.11135106046833677,0.03755376488898984
W31411,-0.10960078042389276,-0.041615643716482686
W31413,0.10389407937644675,0.06055316445030706
W31414,0.1260969998783265,0.04185051089994145
W31415,0.10875124482243173,0.014968278694752613
W31416,0.12539418132664612,0.028972223503394054
W31418,0.14108186713528736,0.041720718568526854
W31419,0.11249712629782227,0.020615249472746046
W31420,0.1742611870154715,0.030108688921704603
W31421,-0.11493668571774114,-0.08786439020761494
W31422,-0.13024795095570604,-0.02702551659658635
W31423,0.14880085358462333,0.026525334594613658
W31424,0.1008890376089654,0.025607769969447476
W31425,-0.1133645016309449,-0.07311546696593202
W31426,0.10353501918949445,0.02054131469476915
W31427,0.1194049006392696,0.0038352430958518715
W31428,0.10713884321449169,0.033158842015718386
W31429,0.17413686427864725,0.032933102829664045
W31430,0.016658943795549302,0.0044181118406393565
W31431,0.14917289951520044,0.0135406241411368
W31432,-0.10724925101869168,-0.04968989053469806
W31433,-0.005060581470440845,0.037685271657002424
W31434,0.13897436354935228,0.028086555484658788
W31436,-0.11349588123140053,-0.02344721750247992
W31437,0.02802724620110268,0.00097877257294012
W31439,-0.022806293682951496,0.02954851315261756
W31440,0.14809859136495104,0.07115259271400781
W31441,0.13845844232841095,0.011218768361787205
W31442,0.13861379442532132,0.019473901963390994
W31443,0.0015958852920749365,-0.001370882554452445
W31444,0.14491815795953975,0.012249562410296075
W31445,-0.05741389007066185,0.028554748166391045
W31446,0.10975978999487908,0.015255753604435264
W31447,0.11466027530432839,0.036212931053918374
W31448,-0.12504107571822012,-0.0376413773774285
W31451,-0.07764560736156352,-0.028777007410344193
W31452,0.16624577171562044,0.0235391332913572
W31453,0.09151039264808296,0.007008158796662502
W31454,-0.08153044338664214,-0.03218665750302971
W31455,0.17084280345968283,0.02068847819656503
W31456,0.119880178413234,0.035912910812890816
W31457,-0.02082864222673672,0.0005787069337825349
W31458,-0.01126082073884015,0.02316634682619843
W31459,-0.026444320010460372,0.004496772184666586
W31460,-0.10177278808783739,-0.03598528410446819
W31461,0.14087622890813853,0.011827959965426476
W31462,0.11699571990946564,0.005062570443349686
W31463,0.15641897179738606,0.012959705402940686
W31464,-0.11056039896889858,-0.007653783839296578
W31465,-0.10724108276439509,-0.034418752573183824
W31466,-0.12411263327746977,-0.02779008657806248
W31467,0.14333303778945525,0.03089824478441179
W31468,-0.09038679852516805,-0.018039580390108487
W31469,-0.10154972481995837,-0.0752559806530824
W31470,0.13162760794648373,0.038680128225511284
W31471,-0.12752387609706917,-0.00883382114886666
W31472,-0.10355157438964968,-0.07186864005700228
W31473,-0.11469736560005703,-0.021504192939938105
W31474,-0.11758185596586623,-0.09833872541345766
W31475,-0.11302205882266672,-0.019584198333727893
W31476,-0.01071709466552156,0.04327631888283905
W31477,-0.05703075110981897,-0.0005737694497075167
W31478,-0.09829271263072903,-0.0402699420479441
W31479,0.11344823564633316,0.009822100870188906
W31480,0.019731301415777447,0.003183967458040065
W31481,0.14801765548876566,0.013596701313339274
W31483,-0.06854411944913172,0.006622413034547114
W31484,-0.11849606291506332,-0.007823333093109813
W31485,0.12810589449564871,0.00931571045162879
W31486,0.12222108356639501,0.013363320831211143
W31487,-0.10646698138064174,-0.024673524121900606
W31489,-0.14163169778998855,-0.025459794024241266
W31491,-0.05911458356859197,0.0031778908135423607
W31492,0.12594574291072366,0.06211217725263854
W31493,-0.04598916764176641,-0.0072567537752530895
W31494,-0.12509116686203967,-0.04753224204835681
W31495,-0.06300097112405954,0.005864311314473315
W31497,0.017046238676876505,-0.0016083480955506942
W31498,-0.06201804494178049,-0.0032489382070899015
W31499,0.09241169403403032,0.0448890349657839
W31500,0.14680914274332985,0.03454113783361715
W31501,-0.13213051603478562,-0.02416868125919266
W31502,-0.054304258488892594,-0.010721105822222085
W31503,-0.1281394369989066,-0.06563565810356085
W31504,-0.14503924494262901,-0.04937237696490233
W31505,0.009423733653580691,0.007174522866371223
W31506,0.03668322013404621,0.011154154737548777
W31507,0.03512856641785988,0.021832222628478472
W31508,0.09621368508692724,0.03699734766659687
W31509,-0.13031308944702885,-0.02151273841052359
W31510,-0.12457985010354095,-0.00890466006212107
W31511,-0.08732444595149884,0.00570902724559365
W31512,0.046354506576437304,0.025538602041718275
W31513,0.11495013972751246,0.0683500967875113
W31514,0.015615311102599472,0.014282127492331462
W31515,-0.11621147112643039,0.0003981832823537878
W31516,0.17202199931915546,0.03385070677664744
W31517,-0.083213992289105,-0.04961162191328495
W31518,-0.12024556633262178,-0.005981234248769449
W31519,-0.04201279282259619,-0.01608169814300238
W31520,-0.06358723290165355,0.011568961690795377
W31521,0.0995575258000622,0.060961492062862346
W31522,-0.12487187263106111,-0.0029453871278051183
W31523,0.16044817877262466,0.02466598559366674
W31524,-0.09489295873778016,7.127372784634218e-07
W31525,0.1438614228756481,0.022315875020209472
W31526,0.025235018458459945,0.0019085777272136463
W31527,0.03196558891286359,0.006583888079775529
W31528,-0.1193489477078163,-0.006775977641475053
W31529,0.10117880414650589,0.059603249562063455
W31530,-0.14463064522299643,-0.017434475983874948
W31532,-0.10232748769644426,-0.06734800994388175
W31533,-0.02274348811479237,-0.011010118574830637
W31534,-0.01625384557748452,0.046140245158086464
W31535,-0.041771638394735855,0.00015370977413918106
W31536,0.141983741028617,0.02739912299486425
W31537,-0.05613312153190122,-0.006581548393965756
W31538,-0.11747745716739486,-0.011470690790005712
W31539,-0.053922388199017575,-0.01891130378539194
W31540,-0.10853954363509728,-0.03622849330863859
W31541,0.12926821786060674,0.013532039849060158
W31542,-0.1087589817603269,-0.03224054305655111
W31543,0.0816124695825016,0.018859602184081198
W31544,-0.11895256345317595,-0.008802615410572
W31545,-0.03382142136293837,0.006779454797125602
W31546,-0.1213398814046955,-0.09749041376647292
W31548,-0.05047178609617898,-0.014443607275107039
W31549,-0.09807251426080535,-0.014173098974706564
W31550,0.16238557539706716,0.03161023567653597
W31551,0.12953864018620798,0.01608821387416431
W31552,-0.09742118174958632,-0.018779123153046088
W31553,0.005246429799275638,0.0031654149350972055
W31554,0.11653022406373338,0.03378468902514103
W31555,0.07122007469342932,0.010192345806294339
W31556,-0.09186533128025931,-0.026443320003433808
W31558,-0.0950377387969894,-0.04335827052404062
W31559,-0.10719270711231697,-0.01881819314575417
W31560,0.01902408383778672,0.005006628988060402
W31562,-0.022915767497044767,0.0037054736973469644
W31563,0.09583516400265008,0.04413627588006297
W31564,-0.0931207227890608,-0.05613442706816811
W31565,0.12729095415385197,0.01847224719145789
W31566,-0.10271624309109857,-0.03811136080481674
W31567,-0.10583494255283503,-0.015960594747154194
W31568,-0.09920223501022811,-0.05229117123802287
W31569,0.016494600181236496,-0.0023288680841255824
W31570,0.010774798053321087,0.01112850943185864
W31571,-0.12437196756348495,-0.0902574622768025
W31572,0.09790998617520544,0.028189634549070818
W31573,0.07647003621729258,0.017765239087177625
W31575,0.04183798997897596,0.008383322374860398
W31576,0.11086484630082168,0.020079842426886624
W31577,-0.1310926850621559,-0.07676291310330836
W31578,0.1625718451210245,0.03147989720101985
W31580,-0.09263110981691354,-0.010765994571822406
W31581,-0.07362783179323384,0.0037494777789345264
W31583,-0.011295611381847384,0.016705603616397273
W31586,0.12508524799208703,0.07180170314905714
W31587,-0.010335796616860907,0.012298021631398433
W31588,-0.13575410574426783,-0.0925498600599607
W31590,-0.14487365552847137,-0.015605389931744968
W31591,-0.14697451993231309,-0.023796023980033897
W31593,0.13143965494956203,0.07154206162013912
W31594,0.1256333641273579,0.03298693885339483
W31595,-0.11110719611594326,-0.0717891808807538
W31596,-0.11585293415009026,-0.09930806166628996
W31597,-0.14549739169948214,-0.026279394381398296
W31598,0.14240964005217568,0.04613361637386873
W31599,-0.129468690797003,-0.08087170970391576
W31600,-0.012776529436291437,-0.0027291858720809277
W31601,-0.11871116290891778,-0.06439641647024139
W31602,-0.08978158020426596,-0.00029181595101549987
W31603,-0.10156489303259553,-0.08678151679195652
W31604,0.034969436151300486,0.01016509931744762
W31605,0.0878348039350123,0.04354541408464321
W31606,-0.1300881790137008,-0.037593356709748255
W31607,-0.05249764851811905,0.014297927421095489
W31608,-0.14177566097636748,-0.022672346529947443
W31609,-0.13995437068340405,-0.06833454975108666
W31611,-0.11824042773503068,-0.021284515818124013
W31613,0.006724540811216129,0.012175834919936191
W31614,-0.002162974045725918,0.0033256090906637467
W31615,-0.019593627045125298,-0.0052895406942526585
W31617,-0.12194199776020467,-0.09696978266189347
W31618,0.16413627259070412,0.01835608456713922
W31620,-0.05376000546712255,-0.004713397365424917
W31621,-0.01529923260774129,0.001402636790075908
W31622,-0.1127305499891373,-0.06068481729718699
W31623,-0.13057510112411477,-0.01851832866524107
W31624,-0.11358659974383548,-0.06992420157872892
W31625,-0.13106612944396398,-0.08955812112031322
W31626,0.07201891787824344,0.01839096532487131
W31628,-0.10709083170538353,-0.09022972273030014
W31629,0.09904166595783848,0.017658245812966534
W31630,-0.11728810482700139,-0.049483418116678446
W31631,-0.13955839171675127,-0.01336307135378279
W31632,-0.1330086452658069,-0.09001928281375313
W31634,0.15616094555148596,0.022971212067118107
W31635,0.1673095561667749,0.02960176633572147
W31636,0.15531197350666154,0.015915881890956118
W31638,-0.09747827217164287,-0.02295353536973079
W31639,-0.10233883541752473,0.004977442733763221
W31640,0.07867123931896752,0.025587737963816522
W31641,0.09371396734507656,0.0333931382082274
W31642,-0.0263368928015371,-0.004225009003135749
W31644,-0.11041290831024483,-0.03005916389024419
W31645,0.015404900915961854,0.009337801262211523
W31646,-0.10552725355560023,-0.018121501913173358
W31648,-0.10435406588724833,-0.08964292169614363
W31649,0.1476103403765551,0.0404995468305954
W31650,0.13239764291447592,0.013398118616536081
W31651,-0.018398086953768142,-0.008305617421793044
W31652,-0.016011312923558816,0.047404087952357
W31653,0.1378829891485905,0.013353795393478403
W31654,0.125570665820494,0.017267834478927387
W31655,-0.12044872298700211,-0.00871425251974284
W31656,-0.1245341995531026,-0.009124447986022915
W31657,-0.045107447367159006,0.013054419585144937
W31658,0.020612280736181342,0.0029040673356504287
W31659,0.021246441853333135,0.005770801801698603
W31660,-0.10774623448734469,-0.02196903256623171
W31661,0.02153078455814029,-0.0005154297188506923
W31662,0.11012154906700247,0.02042868687623796
W31663,-0.11883244752893463,-0.10055734521581587
W31664,-0.1159504495470096,-0.033515036958703795
W31665,-0.119227133866466,-0.007288179101583099
W31666,0.13932460697088211,0.016906743693757546
W31667,-0.09419989763139831,-0.03772474833545794
W31668,0.1145605278253239,0.013861406506991995
W31669,0.0036010702164964107,-0.0018577566375322064
W31670,-0.09168526819603262,0.0028543265935379453
W31674,-0.08325034710016381,-0.041675267583552465
W31676,0.12767178911207971,0.04373817521468024
W31678,-0.1234426941947091,-0.0505824094897481
W31681,-0.02632380211725664,0.007890394541906732
W31682,-0.04819265927999658,0.003704071710104501
W31683,-0.139226286083859,-0.0732609247839351
W31684,-0.027020745580314257,0.014242460798033119
W31685,0.0031845482487134424,0.021196919221976546
W31686,-0.12203309206693126,-0.09089641871919203
W31687,-0.14084249119629383,-0.01085104534003608
W31689,0.10866940463464314,0.06479011922740235
W31690,-0.1245757683847698,-0.09521069544763856
W31691,0.13677845707649608,0.034115025550051144
W31692,0.0384421640059315,0.007522704089595774
W31693,-0.014996215877132442,0.04814244547974966
W31695,0.1159063731048581,0.03397519413941622
W31696,-0.1262533682096267,-0.010044144899650968
W31697,-0.036082351568276314,-0.004076510273668322
W31698,0.11257838203195406,0.05324120435342496
W31699,0.11950044335163605,0.03700169493336701
W31700,0.16344904447012137,0.0363143185670917
W31701,-0.1107563042140228,-0.09579801792759839
W31702,-0.1172785034441693,-0.019115884434923493
W31703,-0.11674333038348225,-0.09754184273768404
W31704,0.03812337622467884,0.008902408142133245
W31705,-0.13201087936227254,-0.02258007154945209
W31706,0.07340556432269922,0.02037150777984542
W31707,-0.1241449584751104,-0.01534280626657397
W31708,-0.11120697670172472,-0.0454942791809478
W31711,-0.10096575172239222,-0.069260043258492
W31712,-0.06058031408802951,-0.023719620492552027
W31713,-0.11320108572779394,-0.06053722962135524
W31714,-0.09823360841616464,-0.013515638720447868
W31715,-0.02949853763988725,0.011160609901566556
W31716,-0.10055417928587966,-0.02921644600719728
W31717,0.17245194066994174,0.022197451419385856
W31718,0.13347162426458167,0.014688330624483348
W31719,0.09886049708260575,0.014445619394698328
W31720,0.013795364785514186,-0.0025688219468098256
W31721,-0.14542042529045482,-0.06216062458770159
W31722,-0.06048324877923196,0.00962946201906814
W31723,0.02613662498549177,0.00622325983022525
W31724,-0.030181222753591655,-0.005378427233235715
W31725,0.005977743503690169,-0.0033879318893754247
W31726,-0.10163412535145774,-0.03138431234176979
W31727,-0.09419410878588995,0.00327847072126914
W31728,0.14165816929836492,0.013735541576702525
W31729,-0.12883420596686962,-0.05760090926230465
W31730,-0.11589161286640029,-0.057370886464182785
W31731,0.019369060260659907,-0.0012755093372264958
W31732,-0.04927587906889888,-0.021219044876301114
W31733,-0.10469365527011339,-0.027842363470077975
W31734,-0.08340651318739921,-0.032452138022423735
W31735,0.13366283052415004,0.015866851369037347
W31736,0.09241647523621122,0.031245142466388216
W31737,-0.11123462085729403,-0.004211705528682393
W31738,-0.04827950659155464,-0.0124030319982518
W31739,-0.10554217092291207,-0.07734645689581952
W31740,-0.10413821996891634,-0.08752593962024391
W31741,-0.0650536811392695,0.0022944185680697305
W31742,0.17531533294363244,0.029616050893355863
W31743,-0.11298221761121005,-0.02517878850817494
W31744,-0.032064284423371954,0.012170841303087323
W31745,-0.06533353647132709,-0.0035627304315261677
W31746,-0.023593354298328147,-0.007030366995476179
W31748,-0.11377742379845748,-0.09863927465950872
W31749,-0.048840677095248565,0.01537173182484591
W31750,-0.11775449730349162,-0.002744342972496904
W31751,-0.11500564747199685,-0.09590178138385005
W31752,0.0333711273042836,0.008579608214828735
W31755,0.08968872268823881,0.014259239125591988
W31756,-0.06793238706047697,-0.008272809894757288
W31758,-0.10371113869561518,-0.011640100886003113
W31760,-0.10916924008212558,-0.046135338410097974
W31761,0.11504375067436852,0.02167970080376867
W31762,-0.11917662638084503,-0.006092521161442216
W31764,-0.12074507050541261,-0.01479930233147225
W31765,-0.11040458921437474,-0.016049190375927305
W31767,-0.10298761808127281,-0.04825007231456787
W31768,0.12682142719082198,0.04254188691907513
W31771,-0.017468702007005628,0.003972163142909697
W31773,-0.04052159907061157,-0.0033297213658716224
W31775,0.1758651049748843,0.031136291855100456
W31777,0.1366110249489311,0.06532690006458915
W31778,0.027878042149570566,0.0030445505732229314
W31779,0.03194783840112934,0.011072103973646955
W31780,0.14506035359775118,0.02319180084540277
W31781,0.16537073857590848,0.038231937822464236
W31782,-0.12455999358585605,-0.008666049378576776
W31783,0.08783361025526443,0.047731301414497704
W31785,-0.1279973413616573,-0.08643014410964933
W31786,0.14900027245966063,0.03571127232100796
W31787,-0.06327185077777946,-0.012834088722100165
W31788,0.07126923215239016,0.013530019468374404
W31789,-0.09142427033051201,-0.024508487962828767
W31791,-0.05545149499100142,-0.005081896649883802
W31792,-0.05777912494338909,-0.004786040794587119
W31793,-0.035641456402287684,0.0035484623877473915
W31794,-0.02464939736429125,0.0031690540306353455
W31795,0.029709984292789073,0.00499449052060787
W31796,0.02142163210759181,-0.0011637066657339495
W31797,0.07744836623293602,0.025659005717693983
W31798,-0.12056840639285553,-0.014988469215643238
W31799,-0.12324937457507351,-0.022912783013771816
W31801,-0.11837453805545593,-0.007530011622930067
W31802,-0.09976932757742873,-0.016713060703829698
W31803,0.13479743570837166,0.008312489168109805
W31804,-0.09934346381191998,-0.0008687074751421189
W31805,-0.0010464531322264574,0.005718040784324362
W31806,0.11663418011412129,0.03528620161520692
W31807,-0.06506010777559565,-0.024797200155664084
W31808,-0.13776295079601303,-0.07197456348781345
W31809,-0.10005079923362488,-0.028225486965374903
W31811,-0.024325345987272932,0.013386034285526292
W31812,-0.0886536959396299,-0.012415784458050009
W31813,-0.10432089708811917,-0.03533252885445003
W31814,0.13451251659010394,0.009468316048247606
W31816,-0.07720134380935273,-0.018104932220740933
W31817,-0.10126435554083976,-0.030351543730639998
W31818,0.14342871398646317,0.016620136908091797
W31819,0.16008193544195534,0.015474751409525355
W31820,-0.10423335370457376,-0.08875950793936438
W31821,-0.10304806491984438,-0.03398469234036624
W31822,-0.03804559761046635,-0.009967827458008937
W31823,-0.1037075538313302,-0.0857833252005171
W31824,-0.14787338934181282,-0.017263027903243
W31825,-0.10608063358329453,0.00098819386054611
W31826,-0.09547917502019969,-0.07242870781383354
W31827,0.11313442210936447,0.006207018541516822
W31828,-0.1026085383561487,-0.02437005854242315
W31829,-0.018068374663103497,-0.001497965111412012
W31830,-0.0554895818637961,-0.007643466155724433
W31831,0.14269421010672648,0.027371859588615703
W31832,0.15007604341527844,0.04062668399776811
W31834,0.13703898929258318,0.009975559392956473
W31835,0.0915070705665869,0.014307697253189469
W31836,-0.10647889173526996,0.003018447323666405
W31837,-0.07746113727371635,-0.0344776660759108
W31838,0.13688302497118107,0.013119394928802632
W31839,0.1163074494380553,0.025805070811877242
W31840,-0.1251136282519783,-0.0966649958545682
W31841,0.031656123721025636,0.00962071457002241
W31842,-0.08363914871464556,-0.031632332125249824
W31845,-0.10260225141870909,-0.02335318039966907
W31846,0.09779467105671842,0.022546620187921414
W31847,0.11423801941918933,0.014555672738956506
W31849,0.16176742201966923,0.027905155986031493
W31850,0.11123690317166783,0.021854494457990925
W31851,0.15751639912289256,0.015839203328047946
W31854,-0.04557610964075577,-0.014067917661192935
W31855,0.12986752941638374,0.023010903064163497
W31856,-0.09388733023562322,-0.04789120775492655
W31857,-0.11192749007109606,-0.011603478903762782
W31858,0.1318984747937194,0.02281592756450132
W31859,-0.021472792184993553,0.005901325749449335
W31860,-0.031206310156959977,0.012038525527355824
W31861,-0.0956567674795022,-0.0672099001117629
W31864,-0.1251907660300724,-0.018351799729977147
W31865,-0.11271076683793604,-0.004518998261523127
W31866,-0.11016776061857865,-0.012557598495048979
W31868,-0.09456119144878306,-0.019091455050611758
W31870,-0.07091243601870836,-0.00033764439575454254
W31871,-0.11686888593232868,-0.09541182410363179
W31872,-0.1443987469858341,-0.020367391273476622
W36865,0.004120082914399691,0.00523707783435355
W36866,-0.1318228201925167,-0.03678990772498024
W36867,0.0026193691794624487,0.018364964211735963
W36868,-0.1497084395893198,-0.029848569470084668
W36869,0.17151578655980768,0.05213067997979556
W36871,0.11596478565319855,0.07465537700222478
W36873,-0.1454520792076863,-0.011025561759492188
W36874,-0.11718777883281047,-0.019126568802632977
W36875,-0.12387151585429329,-0.08535145864250776
W36876,0.15600946224787626,0.04256196982903621
W36877,-0.08337509349289378,0.00030565756564756555
W36878,0.12875519784857092,0.04907672121972684
W36879,-0.12595852620415973,-0.029886274083343076
W36881,0.13271519543847007,0.05764212362452175
W36882,0.06437923926706852,0.01911569432118864
W36883,0.14158803111305598,0.048073628388353086
W36885,-0.1200451201394061,-0.0698575342895747
W36886,-0.0369688243874403,0.005023405447599881
W36887,0.0037656266385581315,0.013537296994075684
W36889,0.1722349217068403,0.05305008480059004
W36890,-0.011195348776711701,0.038577237560196494
W36891,-0.13621213279492975,-0.03474893553031258
W36892,-0.1458133022672937,-0.03321962830007238
W36893,-0.005889972324753032,0.024462572977747038
W36894,0.09696518176913017,0.039855790557536734
W36895,-0.1032374075443573,-0.05315429492476524
W36897,0.16349295639537084,0.037924386974293345
W36898,0.11487571113526297,0.06280606390480342
W36899,-0.06979265038357178,0.007922450697597458
W36900,0.10717704060244912,0.03844818012357431
W36901,0.13171622723643991,0.04546006655405148
W36902,0.10994504368475982,0.03346395227860628
W36903,-0.11376836877224955,-0.021222488027987457
W36905,0.13919520185846515,0.05226280560286704
W36906,0.14422148744685842,0.05228520388462048
W36907,-0.10633390747934052,-0.05695685039651315
W36908,-0.11067404383701991,-0.07963839774508107
W36909,0.0021106907224953636,0.02104549044657978
W36910,-0.11173696784436372,-0.08448303070729574
W36911,-0.1281887860584728,-0.0813029786332119
W36912,-0.08858208718952366,0.004857466087137682
W36913,0.1384480054306985,0.052857663766439994
W36914,-0.12216115580859453,-0.02744083614099147
W36915,-0.015508767175447758,0.028144235441926017
W36916,-0.09611069129304549,-0.05100416805078328
W36917,-0.12004936016781469,-0.03670108326421383
W36918,-0.09747026362440957,-0.06967789812356108
W36919,0.10532934788891206,0.02682752418719749
W36920,-0.12400946123938478,-0.03392304081003729
W36921,-0.09865266898858345,-0.08345640159446573
W36922,0.09762103070462048,0.012069728063001627
W36923,0.15774438534954272,0.05636715307555723
W36924,-0.12294230769617881,-0.008591307496678142
W36925,-0.1309400861739574,-0.016472791817867885
W36926,-0.12457442999921288,-0.03137722135394933
W36927,0.08509484895723274,0.021479503446421504
W36928,-0.08887260586138467,0.00010132692169806001
W36929,0.013772043022369194,0.013892420952203813
W36930,-0.10475936717729065,-0.08732634325562977
W36931,0.03967361746818081,0.014340925853627692
W36932,-0.11919278193151969,-0.08095072816248211
W36933,-0.12873064843928325,-0.06874415280930768
W36934,-0.03041409489050688,0.00765473029273956
W36935,0.029625325160278878,-0.0013273551108228922
W36936,-0.12193448157195852,-0.013676658385165245
W36939,-0.10268647344968937,-0.05932065718566403
W36940,-0.10418613165946027,-0.08524177928460332
W36941,-0.12554639351495342,-0.029967464947138447
W36942,-0.11335973073901333,-0.026106436543911194
W36943,0.16115959238624894,0.03755385566467733
W36944,0.03202353481913956,0.012837852551525262
W36945,0.018041056531746202,-0.0017553179225951313
W36946,-0.09372697447172239,-0.004768386057177047
W36947,-0.10620138277291283,-0.043394694060397275
W36948,-0.11081769292160926,-0.08681157224335886
W36949,0.1565115750944191,0.0460710225336513
W36950,0.17044066488699772,0.03690223713187338
W36951,0.11184736992187827,0.01448915896535341
W36952,0.13101353072447028,0.022551216970132234
W36953,0.09833223741826855,0.01639296857279757
W36954,0.16891841915437286,0.027406382670272993
W36955,-0.09654006239524555,0.0051811770921639235
W36956,-0.10308922307432956,-0.022522435122016227
W36957,-0.12430680358351442,-0.03874878672692527
W36958,-0.12199119646088412,-0.08922922997782327
W36959,0.17174664137589157,0.04336436446319271
W36960,0.09855660239916256,0.040748608962690065
W36961,-0.1290500130784671,-0.05149735119897932
W36962,-0.14350519736988362,-0.033606339055015345
W36963,-0.1385034422649242,-0.05875974905511883
W36964,-0.13980768194344773,-0.009067445840799533
W36966,-0.12441482434191525,-0.059741331713051654
W36967,0.17386247447358866,0.05184263891485265
W36969,-0.014021825127534181,0.04357765586102459
W36970,-0.12215093538658298,-0.08572255887821455
W36971,-0.12101507103830704,-0.0339350507996045
W36972,-0.07058519284977273,0.0005654230751336547
W36973,-0.04984055960815697,0.011555500258466212
W36974,0.1028155559761546,0.041775986301292894
W36975,-0.1387446081065764,-0.05068472235336493
W36976,0.022365139173709657,-0.0036359384808362974
W36978,0.16152980141958034,0.034079347180211744
W36979,-0.119047716192401,-0.03289220150870639
W36980,-0.07675412602666667,-0.044964408421036516
W36981,-0.015767105110777217,0.03890815668119453
W36982,-0.08047220338039696,-0.0091331081244423
W36983,0.08620967799748658,0.02865793416017158
W36984,-0.14482188031749063,-0.019574968519985393
W36985,0.10799575636736564,0.03166955904032149
W36987,-0.05282348711519388,-0.006179436534501678
W36990,-0.11786245568007826,-0.04838043153337913
W36991,-0.097983844428567,-0.005924214953552726
W36992,0.12344692373545958,0.07226630888101178
W36993,0.16450941856941564,0.027722963409022344
W36994,-0.10531348304146108,-0.08602561735307464
W36995,0.1692023035721607,0.0184446581666812
W36996,0.09380653870181635,0.021383286707980675
W36997,0.1680045483460773,0.03205012712693431
W36998,0.05690595926699793,0.010873572298381979
W36999,-0.0874913053499434,0.0067043321650730806
W37000,-0.1507202372207287,-0.02007416502865437
W37001,-0.10816884703270545,-0.01018888075397874
W37003,-0.0027415209541324435,0.023846201562226225
W37004,-0.10812299851274162,-0.08249765525350085
W37005,-0.10076985868172708,0.00036827264722358305
W37006,0.018861180735285907,-0.002591664457125055
W37008,0.13039202459438948,0.06099557618864185
W37009,-0.10470998615732982,-0.009320875684949619
W37010,0.011371331862974537,0.0009249580327133132
W37011,0.13452686759368832,0.0019068980132691288
W37012,-0.07128813976599845,-0.03263514385717724
W37013,-0.09692236174820515,-0.0755123764255618
W37014,0.15794004945678333,0.052292519524817636
W37015,-0.08216039924937871,-0.0044335552483718114
W37016,-0.09202922670567121,-0.047403285938507456
W37017,0.08818844667084637,0.031106643880026603
W37018,0.16857740712294014,0.018819119457730564
W37019,0.13353089413565608,0.007395981481229563
W37020,0.16585223019801176,0.01879218253190124
W37022,-0.010495057691207106,0.030923741119549635
W37023,0.15713585099852997,0.04815709148094329
W37024,0.1367017977685919,0.06148449090425816
W37025,-0.10249019473372176,-0.02542346953158267
W37026,-0.023692073102369,-0.0036210418832500666
W37027,0.1068609741715849,0.00883480401007396
W37028,-0.11979593420258967,-0.02691109794529145
W37029,0.007610421881246091,0.013231084403477462
W37030,0.1060843371877492,0.037177927305447785
W37031,0.10827997185351733,0.02263470958715356
W37032,-0.11302357906302504,-0.009597297185034551
W37034,-0.01430137841044187,0.056367327906079616
W37035,0.02545901794659857,0.0012787886996701767
W37036,0.11467439171339816,0.023278796771530375
W37037,0.08749075776404118,0.02912723866368199
W37039,0.14603543243458286,0.04141985383918186
W37040,-0.11017261851430042,-0.06914468199875991
W37041,0.13965285061191265,0.012829501942666216
W37042,0.1429082722039959,0.029276402009618792
W37043,-0.11485081574243795,-0.0739290106629035
W37044,-0.1041661880217902,-0.06398564010818579
W37045,-0.12859417307884102,-0.031600041810528674
W37046,-0.11573657894699461,-0.02604227022072666
W37047,-0.11479071000926326,-0.040876986507299394
W37048,-0.10281855569001758,-0.025104234601518283
W37049,0.0991905245892846,0.018458760004184182
W37050,0.016247871094497775,-0.0030509525221823304
W37051,0.10839024218781605,0.03439339790159942
W37052,0.14500989874431244,0.05165954336453034
W37053,0.00889648417577755,0.013424149334992327
W37054,0.17743441303978394,0.03482904006687324
W37055,-0.12047547736013028,-0.03085564519074886
W37056,0.14606306060195698,0.025964249595520232
W37057,-0.11722997740380302,-0.07812275009498185
W37058,-0.14566100751944355,-0.03773861669187763
W37059,0.10807883172578041,0.039048676123929996
W37060,-0.13901856444820188,-0.03976038534751809
W37061,0.08487142349997973,0.029789137550278132
W37063,-0.06159080189947843,0.009150824495274362
W37065,0.13746229386997627,0.08207750203080759
W37066,0.06731441841293462,0.020189488474635402
W37067,0.1685836204614512,0.04002057819410752
W37068,0.11685298217742256,0.05510270568875369
W37069,-0.14173310996781335,-0.023040656618622094
W37070,-0.0627139059890901,0.012676564639109515
W37072,0.009665114955832577,0.004827417599904052
W37073,-0.12133008563951307,-0.038215893616438824
W37074,-0.12212295258555358,-0.04683667638015008
W37075,-0.14252865100192313,-0.025529569958659983
W37077,-0.05109099903218059,-0.004475035439115073
W37078,-0.0530887379673717,0.011049762001736576
W37079,0.0895013404516193,0.023232598440096598
W37080,-0.11057477917030617,-0.09120650684142355
W37081,-0.11526113447072182,-0.028839663618521364
W37082,-0.12438741888567569,-0.0767415497088978
W37083,0.14362059256356555,0.044724396851411295
W37084,0.13953371227807335,0.05658815240911436
W37085,-0.08791027690785057,-0.01670238584139517
W37086,0.08919542721069525,0.033771661945061364
W37087,0.13775641059199673,0.008344854015723883
W37088,0.1434654180908463,0.058806656398796134
W37089,-0.11127682574559652,-0.08260961529930815
W37090,-0.06088756780566733,0.015130793644346881
W37091,-0.026539040263778218,-0.009227576124905297
W37092,0.0008446969442687984,-0.0004623412530609472
W37093,0.005283500491391288,0.002835384434514482
W37094,-0.11459012428180108,-0.08044029734669922
W37095,0.0646284746208368,0.028119398830575067
W37096,-0.11076495662577363,-0.028124988076198888
W37097,-0.03130760070796298,0.0030791770914896034
W37098,-0.12009659295196033,-0.02757103900633231
W37099,0.15563537057375365,0.05864792516976734
W37100,-0.12033686286271457,-0.08351454906625545
W37101,-0.0792899547455294,0.0035471975461041838
W37102,-0.11458616821995511,-0.022777428294721486
W37103,0.15943506384294293,0.06492199036477969
W37104,-0.1029913234191904,-0.042072033209310696
W37105,-0.11683450601485802,-0.08231988340956306
W37106,0.15748669530123208,0.044702547293924685
W37107,-0.05766299176496065,0.028317839818069433
W37108,0.010604454044839886,0.0013507015046464595
W37109,0.01710864536471997,0.0025889104704013505
W37110,0.10831150118353242,0.017958067542764973
W37111,-0.1147266811252384,-0.04870222669797453
W37112,0.15103048925817267,0.02307138323469745
W37113,0.11140397196331524,0.028329893980823882
W37114,-0.11326996465062247,-0.024909731144890992
W37115,0.02442819679271448,0.004186142333397385
W37116,-0.11831956817206549,-0.03638009434383682
W37117,-0.03518822789338513,0.00879264202807259
W37118,-0.09434861594662634,-0.002942460239941547
W37119,0.11305003192220894,0.024820353601238354
W37120,0.13379911929985205,0.023287696801975247
W37121,0.14158149570099454,0.04639983210923756
W37122,-0.12157984200204518,-0.02451166367051873
W37123,-0.10956570262762749,-0.07890412920217375
W37124,-0.10045072424475708,-0.053790432276828476
W37125,0.17317718668525725,0.041666008922969754
W37127,0.1686816714544762,0.02743429623943773
W37128,-0.08361124650278554,-0.016923856608687303
W37130,0.12738908819731293,0.03869434531959698
W37131,0.12024724300712697,0.02128076433999978
W37132,-0.11173753196402773,-0.09177072282246874
W37133,-0.11202143569631998,-0.08954898837250812
W37134,0.05781395764372329,0.017267852331101126
W37135,0.17507652685002997,0.04497628936859947
W37137,-0.0875966843992513,-0.01423849483723314
W37138,-0.11887670492670306,-0.07001881753098388
W37139,0.14163521981756713,0.0499431560885699
W37140,-0.0017025309892444863,0.022011522569615142
W37141,0.115827242784064,0.011355214605637045
W37142,-0.11929008366493922,-0.017347097516005026
W37143,0.14567820278769472,0.02153125457480276
W37144,0.09104273891614544,0.03639437478144827
W37145,0.10925701411695532,0.024535921130745764
W37146,0.1778090121350157,0.032360297578135334
W37147,0.014982557921297282,-0.005198314621715083
W37148,-0.09959538464357412,-0.06499530301631867
W37150,-0.05264394982024583,-0.0077798779766661864
W37151,0.15277030144642423,0.02689278077974037
W37152,0.10616755809464686,0.015311169846080774
W37153,0.02077314399670113,0.007382069970950128
W37154,0.09661182581270358,0.051142492941347886
W37156,0.13249971723050377,0.052394156316855595
W37157,-0.13638418087646784,-0.036895026672008134
W37158,0.1478857072885181,0.05684281361816393
W37159,0.16153734311606358,0.05793224537731199
W37161,0.02501414401356901,0.009950208048325864
W37162,0.16990335062332124,0.05065034676043388
W37163,0.01792315372528661,0.0001672381202214005
W37164,0.10064397610020069,0.028431670863063935
W37165,0.1267573538343852,0.05460791570605007
W37166,0.12093596443128576,0.040505970875748684
W37167,-0.10391871315839395,-0.01188246821986037
W37168,0.11862603498935644,0.07219639689198494
W37169,-0.1156056347996113,-0.07699021337359793
W37170,-0.11805298454322137,-0.03406587031972016
W37171,0.11548886638257087,0.03027252132579054
W37172,-0.12101916661779086,-0.028431663277926632
W37173,0.1421350734753544,0.0335008090284951
W37174,0.14299874515794567,0.04671806742066629
W37175,-0.11562018060787638,-0.09147905579925475
W37176,-0.15091700291967122,-0.022070925084109447
W37177,-0.09663341923087906,-0.0066229537814383585
W37178,0.09484101045417896,0.020736242375465005
W37179,-0.09210611103797511,-0.06932360199935822
W37180,-0.10921251152040183,-0.030291384588223676
W37181,-0.09430148492409773,-0.07369267581828359
W37182,-0.020899709085647228,0.03997956130640357
W37183,0.02244563330761963,0.0033162241598131293
W37184,0.0014417425040844515,0.010166088669479875
W37185,-0.11046870005765268,-0.018168810308924196
W37186,-0.0910642781545543,0.0051177734517810925
W37187,0.10930449914816114,0.015872135969677646
W37188,0.0035318846799145607,0.023480185585032193
W37190,0.12142205070969148,0.03191736856898233
W37191,-0.0939955763814299,-0.0036076256342155648
W37192,-0.1281147072061237,-0.031544965772990284
W37193,0.13789275538423598,0.05333627890331808
W37194,0.1177109960447658,-0.000789117212928375
W37195,0.16580488442628102,0.01444679493249152
W37196,-0.10131013460357052,-0.06607137048229378
W37197,0.13673129664623235,0.006957512928520489
W37198,0.06583869221468439,0.024931380247398466
W37199,0.13226707434204352,0.046926076948853444
W37200,-0.13123663765359334,-0.0823204408133883
W37201,-0.10010967864074681,-0.008843885588384486
W37202,0.10439100931381362,0.003379491563358903
W37203,-0.024503254901836944,0.0097833171416013
W37204,-0.09421054112164579,-0.08331172669152115
W37205,-0.10024430083445425,-0.034867828135580474
W37206,-0.09933121849598618,-0.06601988349387358
W37207,-0.14820879667632614,-0.0316064272086274
W37208,0.1461644400619371,0.03470373983572188
W37209,-0.09468229278630728,-0.023070591076211608
W37210,-0.09309716364109381,-0.0335073446799675
W37211,-0.017753556226478652,-0.0002381373618162441
W37212,-0.032890545201086134,-0.008435884976258615
W37213,0.009473568764766996,0.0016377065572505084
W37215,0.1457303507226364,0.04859264891736607
W37216,0.1033895413803659,0.026913431521436593
W37217,0.12141370768739639,0.01151283958692169
W37218,-0.09666137656150572,-0.07390137287966275
W37219,0.1289724551700644,0.01110532948269895
W37220,0.15367341876169635,0.013599257208772954
W37221,0.10878612806324155,0.01888766176353224
W37223,0.16361784387495543,0.018887156656710986
W37224,-0.09484448330392645,-0.03350971802497055
W37225,-0.12489823722737327,-0.0313126738755617
W37226,-0.01050235912023865,0.04522874702561011
W37227,0.14258631398771632,0.015217516047706325
W37228,0.021499674827340984,0.0060679623624171975
W37229,-0.0018043374583934615,0.010040424825039657
W37230,-0.10799782014049572,-0.08298058656998636
W37231,0.14934372358298204,0.0158281488126769
W37232,-0.0933905220089411,0.006572992106680272
W37233,0.1133122203271085,0.018912939453640514
W37234,0.1235093958468348,0.011380759484309574
W37235,-0.09909743241573547,-0.07161308332056611
W37236,0.046119053117995926,0.016710440595612438
W37237,-0.10094518164713942,-0.026575361990577476
W37238,0.005712624033632384,0.012654178247777294
W37239,0.15969849661783966,0.02845915927529629
W37240,-0.09248828117033882,-0.012983371432421129
W37241,0.1698168627742253,0.02265010209951424
W37242,-0.09299661792277406,-0.0219440482575396
W37243,0.1455100333473267,0.00828093663261234
W37244,-0.10637767044650115,-0.06776499944812066
W37245,0.10526034872314667,0.02430549349761866
W37246,0.1055986712536202,0.014269015893403406
W37247,-0.004082066600895563,0.025451707831211683
W37248,0.057025216908762645,0.013617674764774677
W37249,-0.13266188182308306,-0.019942266243527372
W37250,0.16097396820354057,0.06107456833952138
W37251,0.11537294870070632,0.07172819862476115
W37252,-0.013403409959553811,0.008073165611400828
W37253,0.12307322747381359,0.061518012764827344
W37258,-0.14405791818125013,-0.012408122134594447
W37259,0.10579967480857001,0.0627251893237375
W37260,0.04598762273035177,-0.0019627401669696128
W37261,-0.005933898438553426,0.028152501888916593
W37262,0.09437131020450544,0.05228553653571376
W37264,0.12244381229705234,0.07241295713618232
W37265,0.119852897807276,0.07203771476958139
W37266,0.13269715794500542,0.0738747647985392
W37267,-0.13459370734203402,-0.08963245238710547
W37268,0.017878375389116897,0.01691630444284119
W37269,0.14214974647026968,0.08049935063776156
W37270,-0.13567298419233312,-0.07262421213008337
W37273,-0.06411217958571351,-0.006229192850627507
W37274,-0.04175615396891763,0.009973103434673577
W37275,0.14804227365613212,0.06967992779395342
W37276,0.12796753693555796,0.06720072247367874
W37277,-0.14930730445509544,-0.02778531182909009
W37278,-0.056220460435697145,0.011052263295381379
W37279,-0.0369100018421819,0.006494529213026699
W37280,-0.13327634119494228,-0.08934546329155565
W37281,-0.13524790590025002,-0.07611705106741443
W37282,0.14612352707287965,0.04116425051809949
W37283,-0.12843717620549722,-0.03128945632660597
W37284,0.15128276775238847,0.031006000251902692
W37285,0.13283904532891544,0.07286048390701638
W37286,-0.14888660385715552,-0.022535583348019472
W37288,-0.14636637906822145,-0.01889174391166583
W37289,-0.0175997356215969,0.046012340959469725
W37290,-0.12051121412559676,-0.09955127532140147
W37291,-0.03810739236964407,-0.008264077151407282
W37292,0.13971803739530111,0.03106929031016844
W37293,0.14891496024515913,0.0410299083223633
W37294,0.11326295589944621,0.06604206984616154
W37295,0.014035839777493618,0.017386333122453385
W37296,-0.13693306879772482,-0.08428752752958465
W37297,-0.14422875834889987,-0.014868646325251866
W37298,0.1182217640415061,0.020985316144754636
W37300,-0.08971788271213238,-0.021446955115189743
W37301,0.14238353542577356,0.03518506550177856
W37302,-0.13861657757299733,-0.009917484116447602
W37303,-0.14403823544259703,-0.014820690625783992
W37304,-0.1509582331596379,-0.024257601989446653
W37305,-0.12850726651569228,-0.05165111181899793
W37306,0.1460476254296946,0.05924226900961554
W37307,0.15933954059665154,0.03914385966037325
W37308,-0.10040093653806158,-0.026070285958147085
W37309,0.045083327846224805,0.011814895075627876
W37310,0.0036669297569248784,0.0010481529946977384
W37311,0.00959681685968165,0.0015980901909191415
W37312,-0.09196964710252739,0.002152600573811309
W37313,0.1173571202147973,0.07243187551091063
W37314,0.07653639336743095,0.023471777296668113
W37315,-0.09720253387827905,-0.016552471841057823
W37317,0.03688320256389893,-0.002045421957339045
W37318,0.15943759469886576,0.01896806805068378
W37319,-0.016894572560598443,0.034632306512461866
W37320,0.025802614765521308,0.017606985323511046
W37322,-0.1125456955760993,-0.09398275693613688
W37323,0.1054267414520988,0.02404563842623103
W37324,-0.11834004411130028,-0.021404268670535468
W37325,0.11716078708073173,0.01482624136591205
W37326,-0.10913204172328918,-0.035232900948691394
W37327,-0.019360693331980643,0.0280906795959471
W37328,0.01112131355492756,0.01934779912420521
W37330,-0.12341249216466232,-0.05147429311616653
W37331,0.003778132266929196,0.0003337030084293374
W37332,-0.10301326725429884,-0.008921467583611523
W37334,-0.014660645814031696,0.02551196503953836
W37335,-0.12249343286220836,-0.005133495865501714
W37336,0.11303522155599163,0.06456991706382123
W37337,-0.14020543490720686,-0.02848962332931052
W37338,0.14839282778808188,0.055506401974074665
W37339,0.12966602749703693,0.020139537890363123
W37341,-0.11564847040688822,-0.08969787109938535
W37342,0.11841215773443142,0.06911833822279312
W37344,0.12187456377619982,0.046855087787116716
W37345,0.1305784535491148,0.07368508600913043
W37346,0.13894440678694744,0.06888988641458337
W37347,0.0596461690688362,0.02632516392978001
W37348,-0.1356611332551971,-0.07217737020662307
W37349,-0.027045973284947098,0.01154947984842768
W37350,-0.1262610970639799,-0.011945843366617694
W37353,0.13057677939729118,0.07521848934637029
W37354,-0.06442413774686918,-0.0018751339581590928
W37355,0.021981754910162028,0.012831716828561199
W37356,0.011080586684769517,0.007693227524251137
W37357,-0.13896758280962127,-0.0512311273211588
W37358,-0.13110506831452626,-0.012759230409125978
W37361,0.11391022237898747,0.07468381894574001
W37362,-0.061947069949252496,-0.011488937138729255
W37363,-0.12333709695612338,-0.008647653458741043
W37364,0.12865926949997658,0.026463191325437146
W37365,0.1591573637139746,0.027177170555560418
W37366,0.11383448708621301,0.07289446401668569
W37367,-0.1428390136832471,-0.02686774189206592
W37369,0.1080108877607911,0.06424421090681297
W37371,0.15456350155124352,0.01769063385386226
W37372,-0.09343077658672087,0.007112157471875029
W37373,-0.115596772956436,-0.008549537323056104
W37374,0.09093984644299988,0.03676368104324632
W37375,0.017706338373525674,-0.0014010444938694323
W37376,-0.14551612075105877,-0.02029530821845348
W37377,0.13378685458782785,0.07187413005691928
W37378,0.15203871130933272,0.029545837821450413
W37379,-0.1149078267491023,-0.02332430319283878
W37380,0.15006232577939746,0.047654260822917266
W37381,0.14928073387036747,0.03029080293983987
W37382,0.009922019588572832,-0.0010599547031254063
W37384,-0.14496107675748005,-0.010947309707059682
W37385,-0.15424437700395807,-0.023382680535688715
W37386,0.1373173809519644,0.04229329815178064
W37387,0.12054396210184153,0.011710201107281795
W37388,-0.06772385541098293,-0.013793814705157986
W37389,0.1329143767018517,0.011049438503852945
W37390,-0.11464087383896064,-0.06957764874913658
W37391,0.12142370917468592,0.0743385459749679
W37392,-0.08997464970762588,-0.008313065313371315
W37393,0.11677360964359211,0.03955231067326555
W37394,-0.03787784080257795,0.01166103672801311
W37395,0.08141178716626395,0.013822182756663092
W37396,0.1328148702171222,0.027357101224990056
W37397,0.00998503002451682,-0.0005189099576114162
W37398,0.03755205531642865,0.009794390349728427
W37399,-0.1064468514219037,-0.09116293605541011
W37401,-0.1415498971030508,-0.07017077192348146
W37402,-0.09763446368543767,-0.045120099829005465
W37403,0.11789313338104039,0.03316693787519089
W37405,-0.12623047530815018,-0.06070979777425071
W37406,0.1452060154220309,0.02086173855186378
W37407,0.1578352943185166,0.029891178955173178
W37409,0.08111923693520809,0.044544348099102606
W37410,0.14832201503876766,0.034584664759671965
W37411,0.12450269891022216,0.031387273632447435
W37412,-0.09870264072016473,-0.014257082989802312
W37413,0.1533261588530435,0.04476705490605601
W37414,0.09859114471302906,0.056826265313338425
W37415,0.11268356801713567,0.04621434436933551
W37417,-0.12742506879561422,-0.08397203724640874
W37418,-0.06848560509912875,0.011204537531278777
W37419,-0.10863661209794782,-0.030025404016731944
W37420,0.17671422456354,0.03207333469218682
W37421,0.1519487229519671,0.013279284841278818
W37422,0.14352351504320454,0.06845522966930497
W37424,-0.12457412084582692,-0.08577649602109094
W37425,-0.005279549891794401,0.01497889562097159
W37426,0.12459202657630414,0.032882848200287425
W37427,0.00578135141618555,0.0005580650749859837
W37428,0.09673916627952113,0.025620660962785927
W37429,0.1341072827070049,0.018263560528025663
W37430,-0.09797361683586578,0.007922993867815198
W37431,-0.12997923140187947,-0.0376114949031093
W37432,-0.13741680148166152,-0.030477296779558443
W37433,0.14423540582676267,0.04220473551660284
W37434,-0.08757141217837475,-0.03378212481352639
W37435,0.07180531766133602,0.03234229002107906
W37436,-0.04089731202163626,0.004739813238770535
W37437,0.1363615142142021,0.04495115415704701
W37442,0.05862069998697449,0.03129860293285908
W37443,-0.145803036533599,-0.03621539523318785
W37446,0.039947302850611,0.01785021942468178
W37449,-0.024903912865545212,0.008094645311009398
W37450,0.09240938340923865,0.04848516287909489
W37451,0.019192647384075893,-0.004380962534202797
W37452,-0.03428683322118259,-0.004280491287953931
W37453,0.10983722756448207,0.06559969701247718
W37454,-0.12885086072201224,-0.015692021361001604
W37455,0.07566222023156237,0.04502319247451939
W37456,-0.13917488610162101,-0.06750363266730373
W37457,-0.14040063516702844,-0.0594931093586028
W37458,-0.14861138339212082,-0.018448956443814137
W37459,0.13594838746268056,0.04219660785654421
W37460,-0.10406637607025603,-0.08823245713934837
W37461,0.013276199062331495,0.014839392480798186
W37462,0.13285918959684576,0.08074487549011258
W37463,-0.14647313982573004,-0.03436329111949153
W37465,0.12819546208472166,0.074748929929596
W37466,-0.12380229043646487,-0.046124858283981225
W37467,-0.1326285936475861,-0.012825863937588555
W37468,-0.02147277960899089,0.03151382224454223
W37469,-0.10566698877999783,-0.07481799581754842
W37470,-0.11982256585514373,-0.05662523532904561
W37471,-0.02623377890886831,0.010103302320986529
W37473,0.13823763871847383,0.07199806053686503
W37474,0.11241032900545583,0.021097436184749137
W37475,-0.06018485582308631,0.006679663123495342
W37476,-0.10771744418394609,-0.08178964683711595
W37477,0.12984108445222545,0.020476180634402222
W37478,-0.09284075938923937,-0.0426838069739959
W37479,0.05133886194721816,0.01999750480647402
W37480,-0.13523141455776008,-0.01579879115288272
W37481,-0.15329458757549677,-0.016737208395917982
W37482,0.09510446048829359,0.03595838537377609
W37483,-0.024708162479220027,0.022449645534328336
W37484,0.012171623736830488,-0.0017487643346340814
W37485,0.12831519436441888,0.012483612238307035
W37486,0.1431426208158629,0.020035741333538432
W37487,0.156126229647253,0.03054210716437123
W37488,-0.13562503848026497,-0.037160100205775606
W37489,0.03984163438628994,0.022625488883737915
W37490,-0.017302410987416444,0.04303761958032423
W37491,-0.11411576082189703,-0.02691629619660195
W37492,0.13633522694891614,0.010989179213495591
W37493,0.14233716252665685,0.028506988446762617
W37494,-0.11583668471840447,-0.04044480964690446
W37496,-0.11671181542519705,-0.007190563477314344
W37497,-0.003723712561638464,0.029740183481804617
W37498,0.13377178409718019,0.06935689045206186
W37499,-0.11881604774541339,-0.0075230905009570255
W37500,-0.10578662903015744,-0.018024550502156813
W37501,0.09329354699107956,0.02267945234200531
W37502,0.15174203796119493,0.024268571892619183
W37503,-0.05733146452293228,0.028519084628863888
W37504,-0.13132595620797155,-0.07660115958503481
W37505,0.09856163039796204,0.04781748908283769
W37506,0.01568324731331577,-0.001312745478287987
W37507,0.16473453346902608,0.0206284431910083
W37508,-0.12674322403063537,-0.0084851855708067
W37509,-0.10702710269892732,-0.02637618528839336
W37510,0.036087536378496016,0.012897394398559695
W37511,0.09484904846310158,0.048863676925650516
W37512,0.12340894518280067,0.042648722120896966
W37514,-0.11326299859195774,-0.006347922766486867
W37515,0.035602298507248324,0.009027558035852897
W37516,0.04719143717403072,0.011059075355702153
W37517,0.13064373339654337,0.012016024172416576
W37518,-0.05248109556383254,0.012542727778277871
W37519,-0.1184212877453196,-0.08156933594537565
W37520,0.1271418570977135,0.04345056004211194
W37521,-0.1246172594768432,-0.05026107704775484
W37522,0.13536915567236146,0.061907058821171375
W37523,0.12727214614896726,0.031269188326314756
W37524,-0.06865518690164855,-0.00231957417193941
W37525,-0.12043251680984184,-0.09424221300437577
W37526,-0.007075232667642645,0.019207640864131695
W37527,0.06577661259040675,0.025848058470323648
W37528,-0.14056249761200756,-0.03855266252369376
W37529,0.1156077108643525,0.04830852950237361
W37530,-0.06947884456563244,-0.009950012832077259
W37531,0.018952306533305138,-0.001818505849179153
W37532,-0.11856998629397457,-0.01311823184559023
W37534,0.13609372069210218,0.045748530504379874
W37535,-0.12018236297897651,-0.07439728063317891
W37537,0.127219402753943,0.07715088909897082
W37538,0.07980867838451004,0.03388168900903556
W37539,0.1714581687054173,0.050720601007145705
W37540,0.14106517388660644,0.06962870639731808
W37541,0.143258260848859,0.07060581757498402
W37542,0.129262741471052,0.0708350288743703
W37545,0.07936781421255745,0.051412391275879564
W37546,-0.13789194989654183,-0.010872088656854656
W37548,0.1298067005677309,0.042862341783063286
W37549,0.10328930763946279,0.03353325103775926
W37551,-0.10735019388141252,-0.06006171966969045
W37552,-0.14705260024468478,-0.03720404896044167
W37553,-0.1459311765631671,-0.01987113889464392
W37554,0.12770080094821676,0.06787355905880192
W37555,0.11099064580119494,0.02589376755731178
W37557,0.020093312800560967,0.009437277691372986
W37558,-0.04054408465875075,-0.0019073151323754924
W37561,0.12488297112931236,0.06965866118738587
W37562,-0.09882371318704496,-0.04506959386863751
W37563,0.13534134572558898,0.02387992249377316
W37564,-0.1094219949080328,-0.01378986479480071
W37565,0.13844830168331787,0.037668260963504514
W37566,0.12121742749574581,0.06965901811584874
W37567,-0.053359725591486315,-0.006121815972456998
W37568,-0.13164853809930357,-0.08930906455172824
W37569,-0.13630615736089133,-0.06565379229141445
W37570,-0.12654671839922688,-0.07820561383181429
W37572,-0.031316597389076634,-0.002270660978812879
W37573,0.12632051375116993,0.023092546272461725
W37574,0.15315601761411787,0.02897818711710704
W37575,0.0664996924726659,0.03230563982354607
W37577,0.1341935700638443,0.0741860246195005
W37578,-0.13061240962448076,-0.021949458593767332
W37579,-0.10050235287534004,-0.04608600363560922
W37580,-0.10298251564045947,-0.07271084493730529
W37581,-0.07954548430617425,-0.004384684949323624
W37582,-0.11859654024440519,-0.008939144500443051
W37583,0.10919715167901806,0.06549287048819072
W37584,0.013844630088113773,0.013553663567881373
W37585,-0.14564940988642192,-0.014429256660458165
W37586,0.17159341377875145,0.02813357668114471
W37587,-0.10813841899705234,-0.021681626361012896
W37588,-0.12082652352391064,-0.015497961826356354
W37589,-0.11254502132484526,-0.03315659863811361
W37591,0.1245250309178471,0.04282427915006617
W37593,-0.13092250475020034,-0.07230186477204688
W37594,-0.12158859674601083,-0.008475964777713925
W37595,-0.04534818290507106,-0.007580122841344473
W37596,-0.0844499713724917,-0.013022672303853169
W37597,-0.11053833867062707,-0.08090590098623979
W37599,-0.012937346422319038,0.04411782087142415
W37601,-0.1392026835968114,-0.022719398141006816
W37602,0.09878406085148266,0.028142813912566008
W37603,0.07607805010646064,0.012424697248190543
W37604,-0.09980055006509912,-0.016832316182165324
W37605,0.13219701255326824,0.022769550403485047
W37606,0.0787775154010781,0.039214418893995226
W37607,0.1056921901244395,0.06564390347510303
W37608,-0.08716672713709674,-0.032810608536691634
W37609,0.020846131687948306,0.022306037972399675
W37610,0.011304357218828751,-0.002046623062567505
W37611,-0.11740290322704242,-0.014053327216395602
W37612,0.10287843506926658,0.011619796011034822
W37613,-0.12055686204789036,-0.011535739807913665
W37614,0.14087398310866198,0.02353109592024285
W37615,-0.11122437120227903,-0.0864354917639462
W37617,0.02689612184438045,0.004356722852485107
W37618,-0.12312653134437687,-0.05243343125972271
W37619,-0.012509611827145621,0.040000978103787686
W37620,0.13436554076524587,0.03239995557499163
W37621,0.1230663569944808,0.043725719725195095
W37622,0.12623443100452605,0.038664096243122774
W37624,-0.1306818043030371,-0.01941977375929673
W37625,-0.006189457991869139,-0.004460005092916084
W37627,-0.014041643168508516,0.03966498391194139
W37628,-0.008548883986802388,0.015287935153878888
W37629,-0.12220936710576286,-0.009027937637269884
W37630,0.15974118157906064,0.029046298723866163
W37631,0.1587263073021695,0.0379271841631148
W37633,0.11838088651106592,0.06618361314551967
W37634,0.12240431302397174,0.07333030950023053
W37635,0.0808015428320059,0.044182984872476905
W37642,0.005288797224361278,0.0020432860456505763
W37644,-0.02406788363451246,0.020958474383500254
W37650,0.04065023996321381,0.0001786234293505165
W37651,0.16853098192890764,0.050005445826786656
W37653,-0.049662369638340524,0.002276258736565571
W37654,-0.14646246460535028,-0.02005787851228552
W37657,-0.10819129616814152,-0.040245965123499386
W37658,0.06272214232516903,0.03251235381899434
W37660,-0.13603199704691948,-0.03240763439391076
W37661,0.12984790242367533,0.06132505907264464
W37663,-0.12416003562909483,-0.08104192430572209
W37664,-0.1350575857819588,-0.022708772139893096
W37665,0.11409756058901036,0.032268412676166945
W37666,0.017357690523932823,0.008973276981699349
W37667,-0.12743026355920337,-0.01855278213370734
W37668,0.0990326888804986,0.04704126501074764
W37669,-0.12800936294474288,-0.027036632757571368
W37670,0.13426782732465278,0.05513849309407652
W37673,-0.1180860930058794,-0.07506989710808187
W37674,-0.009789808942397194,0.010201774568910119
W37675,0.12303145649968235,0.057898466486057946
W37676,-0.06492774647619981,0.005405225163846455
W37680,-0.1352341650591264,-0.026162304821091477
W37682,0.13391974155066502,0.0545639041436638
W37683,0.16934019203342657,0.05457520121256738
W37684,-0.08080133015480578,-0.007493270894311154
W37685,-0.09932486148319324,-0.003394947537389557
W37686,0.021747050605984343,0.015441227144425272
W37687,-0.11425115429000668,-0.05426754931520085
W37689,-0.14005426220207223,-0.03568859914342586
W37691,0.15150521293796393,0.06849874857184098
W37692,0.14706536986575997,0.05606890110186557
W37693,0.16894061133640761,0.05239948939095285
W37694,-0.14099055856320836,-0.019916228833616666
W37696,-0.1203816528352581,-0.07398286817782702
W37698,-0.021763589913820408,0.03380888823193008
W37699,0.1574615655709987,0.062256741998553675
W37700,-0.13688291330725924,-0.025302693551560413
W37701,-0.13191241059756054,-0.032014585929911056
W37702,-0.09942859907160809,-0.03769351340420675
W37704,-0.06450894315224853,0.01146170976528165
W37706,-0.14824629538288495,-0.029180607842019396
W37707,-0.10532787857358288,-0.049561244521854286
W37708,0.14454036281679736,0.037133167984582924
W37709,0.008655719166270672,0.0063423686946868455
W37710,0.15475924075954092,0.05834015071493039
W37711,-0.1105701923200203,-0.08646482568958629
W37712,-0.07587446437155733,0.01031031605523342
W37713,0.04324609924105298,0.013041131852949875
W37714,0.15472917333365044,0.051406180822949704
W37715,-0.1247053638875204,-0.03797699662716673
W37716,-0.09374088510822598,-0.019098362642275563
W37717,-0.12466986112189492,-0.07681471359427333
W37718,0.10937799950286785,0.026322884668121195
W37719,-0.04135199024143409,0.0015830915018952918
W37720,0.13913935396550745,0.05276793698864824
W37721,-0.09962132088732989,0.0062173092973129805
W37722,-0.11977839268845997,-0.01186267642700245
W37723,0.005399091287002045,0.009512123066264436
W37724,0.08135156901823444,0.028784732025338333
W37725,0.10832410717332389,0.039543274647393975
W37726,0.16549906136917442,0.03640984716159042
W37728,-0.11445517788523828,-0.04124953331059651
W37729,0.006087848066155961,0.004430471154149946
W37730,0.15273874027327103,0.05484561021801737
W37731,-0.12167456353557898,-0.08656959875503846
W37737,0.11702513377928118,0.061398217894434726
W37738,0.0550045809132385,0.015677223457799126
W37739,-0.08161135060399306,0.003704663028443998
W37745,0.11434115714117588,0.03830862741046537
W37746,0.13968967441616167,0.05165345599548985
W37747,0.14086697410230067,0.05402931026963164
W37748,-0.110138930671789,-0.06697341520557512
W37753,0.17142169817947167,0.0543067342381122
W37754,-0.13786835005370218,-0.07659891224033048
W37756,-0.10758423074796326,-0.00915409434234604
W37758,-0.11563019379667153,-0.08247394288411006
W37759,0.16022101240338119,0.027449224657469184
W37761,0.07728401889810568,0.03083389184395215
W37762,-0.014398757647368109,0.002342355778762747
W37763,-0.025222653509427935,0.005892991852010435
W37764,-0.0974015958057402,-0.04420255525965754
W37765,0.10374379119195892,0.02254249360920261
W37766,-0.10633579668378064,-0.07465116208408168
W37769,0.10910672954993246,0.0567664367342127
W37770,-0.1347594207591394,-0.01058770858858605
W37771,0.15618894141319506,0.062261559254931584
W37772,-0.14014783802957556,-0.0319664162260587
W37776,0.05071909843718762,0.00785934159655288
W37777,-0.11878346846595816,-0.031741766542869
W37778,-0.004185152897544477,0.028510230035167745
W37779,0.16647784617132413,0.027541421663784694
W37780,-0.06323500074800989,-0.006424395827394786
W37781,0.10901584041849954,0.04377510430720867
W37782,0.09831988323797354,0.055036027767836906
W37786,0.1161246690760023,0.04633524781591413
W37788,-0.12511587173997085,-0.0343654896934257
W37790,0.14577948416730355,0.02822267068018703
W37793,-0.07885488575655684,-0.0012228439168646829
W37794,-0.12020391139684504,-0.09509508080280206
W37795,0.06969587540800644,0.02605094047824824
W37796,-0.1361296333842776,-0.032294694603589504
W37797,-0.10783676772830116,-0.07500120659911043
W37798,0.10955189494494022,0.04554819454230935
W37799,-0.05913478642152513,-0.01599987895051633
W37800,-0.12715076541889167,-0.03375765187582557
W37801,-0.012221908202538516,0.014297499597481406
W37803,-0.11132114531078174,-0.06788287741044224
W37804,0.14288401000646478,0.04067879548860158
W37805,-0.1437282863332103,-0.02770910535386182
W37806,0.008369131867108604,0.01179104145652781
W37807,-0.10492202949394759,-0.02213414531094445
W37809,-0.12663044933494652,-0.006340925052233667
W37811,0.140867219828383,0.046182732393563325
W37812,0.08985523980620719,0.04298365204352023
W37813,-0.13155090271751793,-0.032112074667379295
W37817,0.11203516052430841,0.02342840676902721
W37818,-0.11724604669963963,-0.09597655876093758
W37819,0.10707231509206387,0.038027191405752815
W37820,0.07852728236227906,0.026849644499296173
W37821,-0.05785911172781767,0.028384069106478293
W37822,-0.1368380055971967,-0.02553143195764862
W37825,-0.14062742522371624,-0.045530664852146144
W37826,-0.15279314748114986,-0.017961750201091715
W37828,-0.13027863207238888,-0.07863421840782474
W37830,0.048233733253188284,-0.0010889558355681244
W37833,0.15460876801696605,0.0659243569118908
W37835,-0.1100685110918099,-0.00021967424007778767
W37838,0.041595903194909904,-0.0019005432605550953
W37841,0.1540258549855124,0.05475681912801759
W37842,-0.11664968016092171,-0.04427309020931505
W37843,-0.03754591552606294,0.01092948442402389
W37844,-0.005247395497182151,0.02507580646027007
W37847,0.039081312285254736,-0.003072249340622334
W37848,0.03953046121528438,-0.002718827148811506
W37849,-0.12605606109151885,-0.07787564817377475
W37850,-0.13410746311789548,-0.029238539772343506
W37851,0.11965466159183329,0.0639901608885769
W37852,0.13033155109353728,0.059940997793449274
W37853,-0.10309794070433922,-0.007502240625944872
W37854,-0.019000059346954406,0.013645005743021186
W37857,-0.020554166383516433,0.0006481950327854301
W37858,0.14415195828257335,0.05416920884939945
W37859,0.10453955923421132,0.03764252639078053
W37860,-0.01781038206525818,0.03933135626324082
W37861,-0.11758330869631044,-0.08330412459015725
W37863,-0.108749506531612,-0.08963084183559047
W37864,0.14336787968307219,0.021848566001225693
W37865,0.13634217664333878,0.05255180830988545
W37866,-0.1185170146550928,-0.0862573257322364
W37867,0.030650753294060428,0.013290783887010634
W37868,-0.10189839226286582,-0.042516968249632005
W37870,-0.06082152387532627,-0.030570064116645115
W37872,-0.07591525948054513,-0.010230213322223014
W37873,0.10896884362152745,0.03305344755335046
W37874,0.11230937339680182,0.031684791464381044
W37875,0.12390186346508837,0.05220824274607867
W37876,0.12600342606099246,0.05684136468369826
W37878,0.1603038810619477,0.025546768678941772
W37879,-0.057797866967755365,0.028266752085463535
W37880,-0.13004497650245456,-0.027833990903142612
W37881,0.13509825910277848,0.05406882846392317
W37882,-0.12739580486193494,-0.032927380092293096
W37883,-0.1000055566016537,-0.056053026468907786
W37885,-0.008228251296006924,0.00949168027333449
W37886,-0.11777564117426245,-0.03814521077573421
W37887,0.12515069206423446,0.05648672439370415
W37888,0.13874220476704946,0.07779315178731146
W37889,-0.12306572755044118,-0.025695885280789022
W37890,0.017728165034200095,0.013435963435751427
W37891,0.028847764810845587,0.002774364563922752
W37892,-0.043140423362844134,0.010689520466131084
W37893,0.1317186372222288,0.046302563805528045
W37894,-0.1311967642893278,-0.03638373149563903
W37895,-0.10371082330724869,-0.06886753181446377
W37896,0.13288541813191465,0.05087217439888039
W37898,-0.11093411415830567,-0.03895702454757336
W37899,0.14991954145653785,0.04727024542468753
W37900,0.12279941668054989,0.0626008273025965
W37901,0.169274091726444,0.04592979756001605
W37902,-0.11320991616882245,-0.0794317332950275
W37903,0.03002743140339286,0.010691856271342602
W37904,0.15513242475932879,0.044399707520474785
W37906,-0.06508671436888348,0.0014306288616134457
W37907,0.0005791604340026655,0.0006936148239575559
W37908,0.044922519907191746,0.0025413567726347143
W37909,0.03640160817673658,0.0027169952877677712
W37910,-0.07417720023376378,0.007520236623747873
W37913,0.027884936691551763,0.005599189150236516
W37914,0.018346483388819012,0.004553398401677789
W37915,0.12158941086747498,0.0553234501672234
W37916,0.003164364029784613,0.0025012291454004107
W37917,0.10829789281932153,0.013898937985803146
W37918,0.10586134328664298,0.02091562300885167
W37919,0.16686504743110667,0.019526518854161786
W37921,-0.1306297237656983,-0.009813348873972247
W37922,-0.12393573525407357,-0.052684345491965774
W37923,0.10488567540001051,0.037675056219011335
W37924,0.04444531646310246,0.020211492909584874
W37929,-0.13787117455475742,-0.0524930461899455
W37935,0.10984548573219591,0.0699297132025082
W37937,0.110784716741561,0.06269113708359952
W37938,0.1496697681369528,0.06429424308149502
W37939,-0.11651741018248814,-0.08249800009645006
W37940,0.09130120238893692,0.041748445416202484
W37941,-0.07039341625738445,0.01112074056712892
W37942,-0.11266587039996893,-0.04122409078690239
W37943,-0.014166940659059662,0.010132003149539581
W37945,-0.030434100530765562,-0.01430284630507735
W37946,-0.13386232507007087,-0.029515482878764925
W37948,-0.1307221241429855,-0.037332174240700046
W37951,-0.002873714415616064,0.02006006333045869
W37952,0.04813644399705629,-0.0035846192059698174
W37953,-0.11038015689786343,-0.07670591498563284
W37954,-0.12308020615652741,-0.04727262369714762
W37955,0.15532524319982938,0.06335254687223953
W37956,-0.11846626020000803,-0.07894799388033524
W37957,-0.11067177887972726,-0.062359830274368255
W37959,0.1251662276951359,0.047119056685056226
W37960,0.1444507054699517,0.05225450002657866
W37961,-0.016160787951656715,0.03784774970501046
W37962,-0.12350184615689803,-0.06753575654997748
W37963,-0.10251610385774851,-0.06260056017621035
W37964,0.11725804756615878,0.043016139260045334
W37965,0.09059532532396915,0.04841203972050708
W37967,0.03848711588100789,-0.002558038546680581
W37969,0.14070014593081648,0.04052635383586642
W37970,-0.037986882631097646,0.0017780529894030706
W37971,0.019039759937500955,0.013609283794381165
W37972,-0.0888521635813907,0.007729858180371198
W37974,-0.11874417737975852,-0.07290703598026486
W37975,-0.141950195504144,-0.03462296789973303
W37977,-0.0886214123624685,-0.031003701511927242
W37978,0.14923907710452086,0.06176856239133084
W37979,0.0051836160600983085,0.010525119131798927
W37980,0.16487833176974598,0.037286702606756414
W37982,-0.13668146658360392,-0.029280426826388192
W37983,0.05072968480108906,0.0013722170289717961
W37984,-0.0672273087573759,-0.00661683276654261
W37985,0.16829766551671235,0.04433246064489725
W37986,0.1419410873818329,0.049859675947966274
W37988,0.14739783034494183,0.051255428305204555
W37989,-0.0357119078457408,0.0072582593490760905
W37990,-0.1324699976393329,-0.02972401416243244
W37991,0.17260660053480026,0.04924508164897764
W37992,-0.10261598386232834,-0.03505816632579941
W37993,-0.09045345848588106,-0.04542686406091322
W37994,0.16679747670851341,0.056367944625901494
W37995,-0.12702248721186138,-0.05587880829608942
W37996,-0.11890368781614129,-0.07702992305674077
W37997,-0.12772877042283876,-0.02189941682257484
W38000,-0.0006406019289037063,0.022073408118210493
W38001,-0.11061306500113213,-0.03795302810036082
W38002,-0.10594966037139734,-0.08659173558264543
W38003,0.16272851369418628,0.04167092925881349
W38004,-0.01306152855146008,0.04934943954262319
W38005,0.10871573666623677,0.03471173924747756
W38006,0.08595567788955238,0.02568446877074168
W38008,-0.10617321919550797,-0.04686078339495837
W38009,-0.09094810632825702,-0.028394239283301457
W38010,0.10448390592948101,0.03939610678221414
W38011,-0.133408443310443,-0.04037502326018631
W38012,0.10704425624707666,0.022241182872121103
W38013,0.07429063030504723,0.01903811542612697
W38014,-0.11460467362099945,-0.0880064589567193
W38017,0.136808888894753,0.07392044090391942
W38018,-0.13786595872461124,-0.0567661826503448
W38019,0.030763750456960674,0.016824688920072172
W38020,0.015494615307555035,-0.002775828765000484
W38021,-0.08198439269693596,0.011902499192150721
W38022,-0.14288782016694665,-0.025296026636672977
W38023,0.14070663467403016,0.0795440403412437
W38025,0.11595007366354244,0.06866356371201414
W38026,-0.14678208581743024,-0.01951477787299854
W38027,-0.14121020707426513,-0.04370199649546028
W38030,-0.03017514611741345,0.010782604008378115
W38031,0.11140329421713786,0.050676064569990624
W38032,0.0964035122779077,0.051655690336485184
W38033,0.14058373809960198,0.07933907367166193
W38034,0.12929871942732293,0.07162608295144969
W38035,0.009236494769963627,-0.00044560313184526727
W38036,-0.024353590853998304,0.02583937247450728
W38037,0.06415454886974893,0.022942205873015493
W38039,-0.1276475181829722,-0.08754987789171749
W38040,0.11553366751584145,0.06989288132919977
W38041,-0.13912208882726834,-0.010797994293378882
W38042,0.1154199315709357,0.06538569178995725
W38043,0.11385501475205834,0.06502452486942072
W38045,0.07508063860947246,0.02617538532128859
W38046,-0.14976452486568714,-0.0243754711125389
W38047,-0.14154204047888794,-0.03684280705935421
W38048,0.13498597063278917,0.07807392286353809
W38049,-0.09167013190275129,0.006753382687637237
W38050,0.05875080841490211,0.0332139926298015
W38051,0.14784629668834576,0.029056381475356868
W38052,-0.11227093369570096,-0.07358968233332516
W38053,-0.12689323218269913,-0.07438968625512928
W38054,0.01069477905636407,0.016267139152319185
W38055,0.1273692401069817,0.07192904586361677
W38056,-0.06029224219308878,0.01342576524521608
W38057,0.12772973663057563,0.07543264402267152
W38058,-0.13007857175032225,-0.018775267319964158
W38059,0.018196941401185423,0.013010453912321711
W38060,0.11418425273496455,0.03057578139595536
W38061,-0.07027722835264347,-0.0029132359869403408
W38062,-0.07448051555951725,-0.0027681249725344482
W38063,0.14006869804233718,0.07229480756512882
W38064,0.014645364008774498,0.010637102196504473
W38065,0.1462259880467289,0.060927310538531676
W38066,0.12006976523727263,0.037769383040637206
W38067,0.018274960946509357,0.0056957884251885894
W38068,-0.10185364453521899,-0.015182113218059679
W38069,0.07751208137394278,0.02832003249668667
W38070,-0.10363179743325104,-0.06686140157113936
W38071,-0.009685856517153235,0.02378946662220466
W38072,-0.06050781526805443,-0.0007053254229569323
W38073,0.10013864436316564,0.06021993243087921
W38074,0.1419888587652093,0.04002196683397472
W38075,0.10511335319298722,0.06470762823614673
W38076,0.05171197127765819,0.017470862973339912
W38077,0.16240754518449935,0.03139067983075725
W38078,-0.1129645100083291,-0.0922463345936534
W38079,0.14813675129850512,0.05015136671995181
W38080,0.10816552920076997,0.06535512299629959
W38081,0.08555423625347286,0.04599748588149364
W38082,0.054719125975981386,0.02224676729955905
W38083,0.02030616398554372,0.011243270161216536
W38084,0.10697883546119559,0.05392702806267722
W38085,-0.12499518646927192,-0.07317528906616917
W38086,0.14230211076187954,0.04167417967323272
W38087,-0.09412369199981437,0.005650534304466382
W38088,-0.05228722660715606,-0.0023616165345653867
W38090,0.1208193776521853,0.06182720194990064
W38091,0.13879892886573522,0.0790380627142089
W38092,-0.04697398559372879,0.009393256493600007
W38093,0.05291913380263821,0.013522728676412948
W38094,-0.07610772144440378,-0.006789086750614111
W38095,-0.13663529342238576,-0.06440911742157335
W38096,0.0118762709273505,0.01831656063529175
W38097,-0.06269188370894564,-0.016951063027029548
W38098,-0.1140943394223957,-0.027861350991781393
W38100,-0.12823462423315565,-0.01947852677820545
W38101,-0.10616887040831993,-0.017275353240622092
W38102,0.13964357041785572,0.037704568815788056
W38103,-0.10323289235941692,-0.07148415810223469
W38104,0.013185661891476182,-0.002531527692606922
W38105,-0.13103452558271902,-0.02936707705535841
W38106,-0.08903951980640747,0.0017739983591929442
W38107,-0.13461849652110938,-0.026633380663749706
W38108,0.05444876752530119,0.014880395897699907
W38109,-0.14109434668086446,-0.021631907801175125
W38110,-0.1079248578167251,-0.09636600632017077
W38111,0.12308439059986735,0.037815253253682415
W38112,-0.06965910821605568,-0.004748359895504924
W38113,-0.10941682899580325,-0.09138903612049405
W38114,-0.08151745669337301,-0.035016970161443096
W38115,-0.11126501708145543,-0.0010279174967358093
W38116,0.09637261556456411,0.02959806542573743
W38117,-0.036719741367006335,0.008833214450105487
W38118,0.12206946270788684,0.046272081659707386
W38119,0.1359137710691345,0.07626365261644405
W38121,-0.07706391658919763,0.011839849879666402
W38123,0.14400526102144362,0.03856076746250154
W38124,0.12993890016974483,0.028769801371074204
W38125,0.11015058832674234,0.030298781111040035
W38126,0.12168825755078941,0.013468076734659775
W38127,0.11376541258041808,0.043279729780774295
W38128,-0.15096658809126243,-0.02153399641268125
W38129,-0.0005205426819399137,0.004343438647200826
W38130,-0.11232012926208712,-0.03058176336156222
W38131,-0.11036052936528779,-0.09903569661519658
W38132,0.09887436865925318,0.023857898279006976
W38133,0.10316428209920248,0.034730622218246826
W38134,0.02786812431387015,0.018235420062593637
W38135,0.012904008377576827,0.014338567148707038
W38136,0.11773421000497777,0.07179677714070437
W38137,0.12071438352461093,0.04128621378024466
W38138,0.11318542213141762,0.025736779176637022
W38140,-0.11947430554111736,-0.022037206806532848
W38141,-0.10363011450796224,-0.018477571789351523
W38142,0.1506793892054699,0.023155953364234042
W38143,0.021185901668184404,0.0016595878184292518
W38144,0.14602752154685578,0.07501232781473297
W38145,0.11428176683825632,0.023656648045674668
W38146,0.14460751421632637,0.03968855730703098
W38147,0.1675478660445392,0.022999235061148742
W38148,-0.10293567198415471,-0.08511064308703674
W38149,0.0062446642101421,0.002173812405813657
W38150,0.11165997623226044,0.003428482415216608
W38151,0.15728076177294775,0.02396952625299214
W38152,0.01756415133583041,0.00044598421320084594
W38153,0.1024519326332021,0.05345747452740058
W38154,0.12427924608188841,0.026096018658986784
W38155,0.1437979265040157,0.039264832647342755
W38156,0.10624545430006135,0.021205090506516158
W38157,-0.04506953238826866,-0.019760764177410458
W38158,0.17266137495869532,0.03204019546522202
W38159,-0.04151876476752137,-0.010020305813723951
W38161,-0.11644121502033827,-0.03006493009919139
W38162,0.12650674907965304,0.024592848519695162
W38163,0.1613888091739495,0.02349410501768392
W38164,0.17255932933977597,0.018187912579915644
W38165,0.11693102465733703,0.009350921385906315
W38166,0.11851730446205606,0.015569481402649046
W38167,-0.10978266445122337,-0.025977248088084257
W38168,-0.1425444028391085,-0.030046751702056267
W38169,-0.1265761648992594,-0.07811179505172461
W38170,-0.008769014420698142,0.03513935165508939
W38171,-0.11720139882197282,-0.017822113448310608
W38172,-0.12076809216783044,-0.02539550547830432
W38173,0.12796951750771424,0.021195080035160338
W38175,0.15584506668451925,0.043106909902124936
W38176,0.08034031119927315,0.042358944933609616
W38177,0.15177766242165674,0.03125681480015863
W38180,-0.10546586740130823,-0.0804695341741267
W38181,0.15741343475742334,0.01797050798668717
W38182,-0.09578730210649881,-0.027747562469124805
W38183,0.1241277722797998,0.04513001828475984
W38184,-0.13488053849066703,-0.05235348125514202
W38185,0.1292812069281554,0.039450093519670076
W38186,0.11934820702058035,0.0234756029316386
W38187,0.13896107640494795,0.03778670971208706
W38188,0.1527736462238385,0.013238844807533231
W38189,-0.10226160303625695,-0.08784814803537963
W38190,0.11578504253451463,0.04020067140422246
W38191,-0.02129847665693592,0.0074508047632837
W38192,0.14214417112867936,0.036459934612100973
W38193,-0.03018426285452379,-0.0010174810426979049
W38194,-0.11662053449888754,-0.02855207395956742
W38195,-0.11571698424316397,-0.06644460828209461
W38196,-0.12021831680629776,-0.011191761444811342
W38197,-0.059678083471427675,-0.00574999079944022
W38198,0.07624232223798971,0.01637325086898344
W38199,-0.040448598919090105,0.012483732121795005
W38200,0.15177777324170738,0.04220289552276956
W38201,0.13686929981220583,0.04162416522961965
W38202,0.1276889294990567,0.023701114320002277
W38203,0.012108808144115472,0.009067302666281318
W38204,0.15006122803208471,0.04806088317490398
W38205,-0.1385130729793725,-0.053998610306624575
W38206,0.14680536359666502,0.047874700881811165
W38207,-0.00973246290454014,0.011320254960017179
W38208,-0.11039739327104156,-0.053282914055022446
W38209,0.11181353600944065,0.06496770550424526
W38210,-0.14745116205002534,-0.022966788096104418
W38211,0.1481090241554265,0.07642460165537279
W38212,-0.13418726251140237,-0.06396216993514461
W38213,-0.12281143823410949,-0.07170199710284712
W38214,-0.1508460739921098,-0.01916494731394135
W38215,-0.14619484932619822,-0.03596091706675313
W38217,0.1549084071178517,0.06577556302398332
W38218,-0.14748192040710562,-0.03020099880725425
W38219,0.06290611634366783,0.02426396882775447
W38220,0.11015052166717923,0.06222580257985627
W38221,-0.13847336122394882,-0.025700666001427414
W38222,-0.011747054370033637,0.027816923658196907
W38223,-0.013083429187775544,0.028637648684451563
W38224,0.024694115731689923,0.014299513006930359
W38225,-0.1332108407027256,-0.08131271724561158
W38226,-0.11471039680692979,-0.0729724831588956
W38227,-0.10056196001240751,0.0029604116530474855
W38228,-0.1283269319466119,-0.08920647638511284
W38229,0.030080312986858683,0.005957963038548334
W38230,0.15241306351826417,0.06318867527881185
W38231,0.14224579634344955,0.05371562819209995
W38232,-0.13992323149337824,-0.04225951640201631
W38233,0.14013452884883235,0.0673490551694622
W38234,0.12270375180785957,0.06971921731355953
W38235,-0.14444126172433794,-0.01495433390182284
W38237,-0.05782728901312807,-0.004265260027861768
W38238,0.11636359126675738,0.04315299379021469
W38239,0.1650944455942081,0.03931109544211336
W38240,0.04228550235439176,0.027410611079629287
W38241,0.007221312490192416,0.015950238950372585
W38242,0.09084357706199703,0.03282744976825332
W38243,0.12645928111992275,0.04809444985335535
W38244,-0.11040664870817812,-0.07016008077229582
W38245,0.02334005847164068,0.004947908243002031
W38246,-0.1250237244558473,-0.04736723495495749
W38247,0.09321425858688749,0.05606349556392331
W38248,0.1189439491025331,0.04459582383121138
W38249,-0.06133164640164424,0.0001300792317253175
W38250,-0.031132338592331717,0.009011285560016988
W38251,0.13412138231168033,0.06367898778837254
W38252,-0.13496438246980402,-0.011423604346853487
W38253,-0.07429368251921291,-0.0042832640004705795
W38254,0.12061274459981434,0.03578290599137592
W38255,0.018950742290618466,0.02112609746415547
W38256,0.0811505900736676,0.03539662693919877
W38257,-0.11162385700955535,-0.0077952933372573835
W38258,-0.1224888270773164,-0.005992265967550217
W38259,0.13701404262527309,0.045459339471550626
W38260,0.13886054969225214,0.042489061829350465
W38261,0.11835746016986624,0.036469497142478415
W38262,0.14887484631135653,0.030268026829031704
W38263,-0.13045797042459747,-0.07696152088471776
W38264,0.14251143325578344,0.07022863968443468
W38266,0.024322701116139826,0.017487060580890623
W38267,-0.05757946014669287,0.02794071231705571
W38268,0.08357303967536683,0.04189857931283027
W38269,-0.14622389389885793,-0.011887164529245507
W38270,0.11098485297889639,0.035887436261375194
W38271,-0.06360603842879314,6.525087772988466e-05
W38272,0.07043112647908775,0.04437377072202863
W38273,0.14341398157750032,0.03190969219210079
W38274,-0.0011987153599979283,-0.0024247304159432
W38275,0.1606899557656253,0.026117692681509323
W38276,0.08325025069767499,0.02007100365197742
W38277,-0.10731513268746201,-0.009798621814567553
W38278,-0.10342458232629174,-0.03997557388375587
W38279,-0.11102379137381833,-0.051864866881181096
W38280,-0.06276777763315841,-0.0030517401643887915
W38282,0.11751577803755556,0.07505714892588337
W38283,0.15053042431146882,0.07246616681701812
W38284,-0.11007511302674099,-0.07308751462537973
W38285,-0.12835530835334105,-0.07393100441508002
W38286,-0.09570489716185984,-0.00860473662068353
W38287,0.10377657579333957,0.05443449960014976
W38288,0.07285608306769265,0.023326084443245316
W38289,0.13706228453123195,0.032251125330937956
W38290,-0.09454508259837555,0.004612475157024034
W38291,-0.11371756062382195,-0.042248604700719665
W38292,0.08085134488144335,0.021944423648531483
W38293,0.12767272265538404,0.024255664654671973
W38294,-0.12576394852066372,-0.06645200966392531
W38295,-0.12227190946269131,-0.014490085858826888
W38296,-0.12153112961375372,-0.03284567800056261
W38297,-0.11917190566768648,-0.02798758709367553
W38298,-0.11172221729843297,-0.007612105839443154
W38299,-0.017311346806232825,0.0007344172808223353
W38300,-0.10345391909542583,-0.07455745326382555
W38301,-0.051421138142503015,-0.009724891554862095
W38302,0.10478041188759271,0.014389527065539694
W38303,-0.10597885273799461,-0.057766546664321794
W38304,0.1251752031980249,0.03644992470542224
W38305,-0.08471124342166243,-0.015514199770418275
W38306,-0.08547265448601848,-0.013951464983361774
W38307,-0.12032410624433935,-0.06974922514840509
W38308,0.1171705609900745,0.04016100382099446
W38309,-0.00694589773467667,0.020069344749210894
W38310,-0.10622536577232186,0.002670807050092534
W38311,0.13908193437716992,0.06861442709691543
W38313,-0.011441020901987219,0.012909393904727848
W38314,0.11934433332353142,0.042280346565125214
W38315,-0.10230637409852794,-0.01736477938068643
W38316,-0.11300232176779794,-0.036852314973670405
W38318,-0.09731533584857682,-0.07201026399173413
W38319,-0.11674915784762066,-0.054992051535514556
W38320,-0.06690947930261695,0.010142738084391437
W38321,-0.11951841921687624,-0.09796448001680658
W38322,-0.03405893104787696,-0.0031803391960249037
W38323,0.007307548458728345,-0.003838487849219989
W38324,-0.10439767478425177,-0.05607167652965665
W38326,-0.118702379225397,-0.02979062204091678
W38327,-0.11260597701856226,-0.023353123159722183
W38328,0.057932873808311185,0.030678266491803777
W38329,-0.1180404251904878,-0.03159721911759368
W38330,-0.028364932552956953,0.013839027927533533
W38331,0.14127376367327968,0.039389205968073014
W38332,-0.10540944114307253,-0.05615299193417919
W38333,-0.09915424122790546,-0.018551123130462165
W38334,0.1287652427969025,0.06390293842405867
W38335,0.07799843015348105,0.027120490553305714
W38336,-0.13486130832359683,-0.08158490975792057
W38337,0.14937289261133962,0.041429560720904
W38338,0.12476917219057815,0.021249000254063094
W38339,0.09404395522605737,0.01846715231935516
W38340,0.1417998352955755,0.007341517422954998
W38341,0.14689518436312404,0.010929870220910241
W38342,-0.10790159051463932,-0.03730503378193226
W38343,0.14050113031077568,0.037323415267521844
W38344,-0.14742646258837733,-0.020197590690008028
W38345,-0.11794729188286629,-0.0377369310251158
W38346,0.1122345522610228,0.025495386241229576
W38347,0.047044932971518814,0.00879322828069594
W38348,-0.0565063217432198,-0.01755901343784101
W38349,0.021000265116707932,0.012719071847128581
W38350,-0.09725455740924559,-0.021111876294026978
W38351,0.0840728337188031,0.021323160925129436
W38352,-0.1418360216693449,-0.016292209775237803
W38353,0.13179560738804288,0.023817764317206364
W38354,-0.0532175077482587,-0.017533991800027175
W38355,0.12383766391293144,0.005871967154848591
W38356,-0.10162657413882994,-0.023919207684881646
W38357,0.11446689803046169,0.00885612081776719
W38358,-0.05720137789350288,-0.029576410654607355
W38359,0.1407281473471355,0.019979287897463657
W38360,0.15647411927504454,0.05028384072602287
W38361,0.14562015904666942,0.021162160076373594
W38362,0.11051219092879426,0.022582368549928854
W38363,-0.10872572832106571,-0.035064180880435766
W38364,0.1652757572309264,0.02091191991037728
W38365,0.11593938184028438,0.015480544308461209
W38366,0.1248442137694861,0.021148390799279018
W38367,0.1449007560851178,0.015899781990149194
W38368,-0.06439534502052509,0.008901807863037453
W38369,0.11085650590771423,0.01662796121199183
W38370,0.13878066238930462,0.008628747897492765
W38372,0.010032700492564788,0.010811774168538332
W38373,0.16043198327022073,0.022893150646932522
W38374,-0.007324978015811449,0.0013059656087238403
W38375,0.17661909823334898,0.036237496533168025
W38376,-0.006540789578637465,0.0210608219006991
W38377,-0.05213848944941198,-0.01953893483773601
W38379,0.13940865762844784,0.01257986397973782
W38380,-0.011408182291557378,-0.0014105625952009167
W38381,-0.10205501478311767,-0.023641879835017657
W38382,-0.1182988685407427,-0.01924998922760691
W38383,-0.12537351693926793,-0.011725531661989176
W38384,0.011830867311868724,0.0025089147076637563
W38385,-0.10139729157808705,-0.08224158270216904
W38386,0.14047301728872263,0.015460559910708048
W38387,0.14744436893704876,0.014221049964372734
W38388,0.018596168920503614,-0.0015552317747444702
W38389,0.03863673474306732,0.00578018221159599
W38390,-0.11584573929030814,-0.025006714487799456
W38391,0.12494877317284886,0.04156795515126512
W38392,0.03280714042297832,0.007961779922038248
W38393,0.15246886574697507,0.042914857009916145
W38394,0.12765091958402472,0.029171523835962918
W38395,0.1642631973408333,0.04374423800599276
W38396,0.12078960490924275,0.013090130721975464
W38398,-0.010618648017724967,0.03262608014650319
W38399,0.12718813835837647,0.015928218228527885
W38400,0.029574530783077566,0.0033995521417646726
W38401,-0.1363367424504312,-0.01307040393393096
W38402,0.06885603984909228,0.038957697217060085
W38403,-0.14148570788565773,-0.014987728861887744
W38404,0.010279188087239736,0.01775002734456575
W38405,0.12105393911035586,0.07456617784452091
W38406,0.14303420658749752,0.07896085222156908
W38407,-0.13803822428025792,-0.025602125161769976
W38409,0.08030007604331442,0.04446131733839579
W38410,-0.1343522267535154,-0.05752766361472481
W38411,-0.13994192381428563,-0.031112106366543824
W38412,0.10782236146930368,0.03792895771466702
W38413,-0.06873215301334985,-0.002722657306633265
W38414,-0.12294587310491163,-0.08939939520848507
W38415,0.10899921397945667,0.05713701574823222
W38416,-0.13243561460565262,-0.02122747222342875
W38417,-0.14879758174699373,-0.03272847326946881
W38418,-0.04505417868728293,0.011812598126323263
W38419,0.11083923752392538,0.029119998836669148
W38420,-0.0905096170270874,0.00857910947382581
W38421,-0.10948293184809899,-0.05485987256768543
W38422,0.10387198999231283,0.0649480600225109
W38423,0.13437955012992445,0.04077756620754091
W38425,-0.10587527266290384,-0.040577558626894446
W38426,0.1404468866431805,0.03891201482818415
W38427,-0.12846160492908618,-0.05750884537616443
W38428,-0.12778161882273859,-0.07113660061030162
W38429,-0.08730846170452135,-0.001741058678311337
W38430,-0.13372507538258924,-0.05363651463590249
W38431,-0.10975271330096413,-0.06768526129476399
W38433,-0.1237641662966574,-0.029735590251189062
W38434,-0.11351378444355692,-0.017780061884550488
W38435,-0.0938457087309863,-0.07585051970992535
W38436,-0.09727535208889623,-0.0473925448560688
W38437,0.11244992673806913,0.050520314601492214
W38438,-0.10487779298993849,-0.06470157683827407
W38439,0.0029670778670105743,0.013979394590790065
W38440,0.15108706529930155,0.05624132201129014
W38441,-0.12933182698586795,-0.02632653318219005
W38443,0.1328709767135713,0.05384960492536008
W38444,-0.06080364995160165,-0.01259515285793106
W38445,-0.0998185108736375,-0.0824921908310664
W38446,-0.1132501810002531,-0.09584112086753584
W38447,-0.13754420025876876,-0.034039470315012664
W38448,0.17058021808187854,0.05391947275256278
W38449,0.023880614074691536,0.009188068068875002
W38450,0.13430107046156123,0.0013351046400040907
W38451,-0.0764527780546554,-0.03714223224116577
W38452,0.13068654911625038,0.010141404384654407
W38453,-0.08949763141639483,-0.058352619595343574
W38454,0.10756243734485324,0.008735912157936962
W38455,0.14668267500305798,0.017054915636760135
W38456,-0.0748142460351761,0.010169071160568548
W38457,-0.12029036746405972,-0.020705429769923896
W38458,0.13244612790908075,-0.006238984499233021
W38459,0.11805454842434164,0.025253999902348192
W38460,-0.09062734435600613,-0.07376198303130266
W38461,-0.08826317344575581,-0.04209220681442046
W38462,-0.10098528050272673,-0.028338317184292836
W38463,0.1241450327094719,0.04378243375279903
W38464,0.12151298900320891,0.06159204023901474
W38465,0.08311810856665376,0.0374526511771988
W38466,0.013665600537848996,-0.000932414839178201
W38467,-0.047865040163850785,-0.022637686412811376
W38468,0.12667714589252912,-0.0013075098497344218
W38469,0.1344658679870925,0.000606366051668869
W38470,-0.10319831275037389,-0.08229189429314587
W38471,-0.03175844458712627,-0.00010053009781692702
W38474,0.016552115311829086,0.005638447667626713
W38475,-0.0930742379389918,-0.02286103654180309
W38477,0.11090071795603826,0.013286966039826533
W38478,0.015913633127611532,-0.0044416721407636054
W38480,0.11267944837203311,0.04238679972659771
W38481,-0.0287962469057304,-0.001059288700131089
W38482,0.09969492704917826,0.009546022352980868
W38483,0.12763795407520662,0.008064830566297867
W38484,0.1622143154911277,0.01701705777200788
W38485,-0.04134976760662136,-0.005705101735896407
W38486,0.17316063597114154,0.02653958358244958
W38488,0.12881548342765464,0.05645591736430488
W38489,-0.08944417712942766,-0.028894495013235787
W38491,-0.09733949054999969,-0.0723117905186945
W38492,0.16866616647680158,0.031999358853151395
W38493,0.11172625358499669,0.018994732183921406
W38494,-0.09977065670313595,-0.05890840908327372
W38495,-0.11584962725785912,-0.04265612217215658
W38496,-0.06490644356372006,0.009804445879210918
W38497,-0.034739690788093205,-0.0022833926799383265
W38498,-0.12610145696525346,-0.03236399561631153
W38500,0.16384998024901334,0.012102165482662224
W38501,0.1403292540903442,0.04575431838679229
W38502,0.13391042128134775,0.016360098476317836
W38503,0.13144533134426933,0.03704124338288693
W38505,0.12831111133218737,0.06499827642595879
W38506,-0.09515126080982354,-0.08182933324739751
W38507,0.16378976772879716,0.01628487670979313
W38509,-0.09340807248907664,-0.07424267457924572
W38510,0.1635013055821613,0.017656576770282952
W38512,-0.08135276038485297,0.0029858371151660385
W38515,0.12983744943399467,0.0012598398985674596
W38516,0.10311753459904924,-0.0004811468344683339
W38517,0.111228459988493,-0.003019996534725917
W38519,-0.09414262037379045,-0.03208150399260296
W38521,0.12844017739340335,-0.008134526167147804
W38522,0.13221259785337938,-0.0074734247943388605
W38523,-0.005737283029670255,0.031258311925246925
W38524,-0.019132539635969597,0.04756547376790484
W38525,-0.08779711992661049,-0.03478533367069517
W38526,-0.09996381829468279,-0.02838359043415971
W38527,0.16869046613377228,0.021262293460809517
W38528,0.13455311137786619,0.06872050424384846
W38529,0.006950724119710568,0.003194962565856389
W38530,-0.09296266859553443,-0.07454400614743026
W38531,-0.08982907264515384,-0.0752586765713751
W38532,-0.07958589403288445,-0.03588721552391089
W38533,0.1208910770568073,-0.00016018718836809085
W38534,0.16333484452508434,0.016362599527281817
W38535,-0.11887639478587964,-0.03011815269620547
W38536,-0.02627279121097129,0.012942207409297527
W38537,0.11188027189344173,0.0014543456965199761
W38538,0.12411484030281095,0.0002976808178143176
W38539,-0.08864867862392106,-0.03149546247768284
W38540,-0.09047905641115256,-0.07298001181769516
W38541,0.010791935457597266,0.017922252642566076
W38543,0.1402903656112208,0.044689482522725366
W38544,0.12835788080417812,0.0735052447428166
W38545,0.11971679796870127,-0.00038183181795868826
W38546,0.026811247505256184,-0.0023124287408300766
W38547,0.09573961419468979,-0.0007394789153824984
W38548,0.031847004589575095,0.004485331858478281
W38549,-0.01301217348160255,0.018390824038221166
W38550,-0.008195334716183769,0.006343916504261761
W38551,-0.012620558398551973,0.0022958638499541418
W38552,0.10843951809065504,0.03999589625478785
W38553,0.13685012903635282,-0.004807895236648569
W38554,0.10775029476616807,-0.002767095945112718
W38555,0.1326786241804633,-0.0071635660493004055
W38556,-0.09579375879668453,-0.030307044946557626
W38558,0.12878308755054302,-0.0031067646717085557
W38559,0.0487924874840106,0.011946199876122589
W38560,0.14835304494636176,0.05248036431754825
W38561,-0.009796193454432464,-0.00022600314020508342
W38563,0.1312106089794376,-0.006328622862706765
W38564,-0.08575016065277512,-0.03545074546627127
W38565,-0.09493021109335853,-0.08015556991245575
W38567,-0.0580924848537124,0.02737688518813645
W38568,-0.11133681342754187,-0.0048995674217733815
W38569,0.10967405546565302,-0.002862268019390184
W38570,-0.09650825439688342,-0.029965241088641587
W38571,-0.08471812951370075,-0.029215575093126223
W38572,0.12275243872322698,-0.006829158590677169
W38573,0.1341738351006709,-0.006196585845999229
W38575,0.08264428502421062,0.021549802716688916
W38576,-0.0883805892084561,-0.010367099795045513
W38577,0.11709479963420327,0.012381388412145582
W38578,-0.09270868280413647,-0.038021937676199435
W38579,-0.05515921789473662,-0.020821154005417793
W38580,-0.08867479941799222,-0.04947859639438196
W38581,-0.09885562035686844,-0.08163777964837145
W38582,0.13633261047754058,0.00215239773841456
W38583,-0.010201286858210918,0.051046654187719004
W38584,0.12964647609848295,0.02887089712755303
W38585,-0.10955722683058866,-0.09478099812330075
W38586,0.03537376634537606,0.0057764728724709336
W38587,-0.10743420597228726,-0.0607954062626249
W38588,-0.08364763551113484,-0.011639922162623535
W38589,-0.02800934524843999,0.004246615242910912
W38590,0.00433551148784631,-0.0006078902155922356
W38591,-0.054697564864258134,-0.010828751002976861
W38592,-0.11196653775373369,-0.03424956156540237
W38593,0.1460800414774155,0.07503826117849291
W38594,-0.12815934469037937,-0.0748089991988391
W38595,0.14001471083331452,0.07861762052668982
W38596,-0.04643362954540089,0.001431140761055028
W38597,0.15665340480505846,0.042831859424133985
W38598,0.001491512171202842,0.015607425238177581
W38599,0.14169238368846493,0.062203839473455466
W38601,-0.13579896612375586,-0.010667337815798185
W38602,-0.10597012473859087,-0.08447706728710282
W38603,-0.1192089995496066,0.0012683947221851096
W38604,0.1555697220309003,0.05778332296979159
W38605,-0.11926234030570747,-0.07636937265223744
W38606,0.0009718071140990211,0.020125834560826266
W38607,0.0708071665357674,0.021303142770797978
W38608,0.11134237969337414,0.036648563306172756
W38609,-0.13201262614825282,-0.008675813025009175
W38610,-0.08238733283989212,-0.0010957661366441896
W38611,-0.04932785256186916,-0.004533586736159347
W38612,-0.09839561060652863,-0.0049344917662562365
W38613,-0.14564609242039633,-0.015372965029452188
W38614,0.0020414601852803247,0.0009231563180528145
W38615,0.11201168753746057,0.03420707434499177
W38616,-0.06320729573949246,-0.02117364793618597
W38617,-0.12275726922096544,-0.07904325425934945
W38618,-0.10036531254471068,-0.033818543933833566
W38619,-0.08383768510296796,-0.007777804462628273
W38620,-0.11247642047231375,-0.040527048002376415
W38622,0.10557413090205678,0.03137291637702549
W38623,0.09912281637824791,0.022975574683284993
W38624,-0.007739092487036552,0.03437745926222253
W38625,-0.11972541897194273,-0.018107054630220217
W38626,0.021611988949464506,-0.0022241215977512174
W38627,-0.09626744707801291,-0.03168385799204904
W38628,-0.10988535928918541,-0.02377956114096055
W38629,0.13557925504123614,-0.0015624805956802404
W38630,0.030067232567719097,-0.002995745050042572
W38631,0.15517242309497348,0.014327698131596964
W38632,-0.12160677166684619,-0.03478710220809891
W38633,-0.001753400053996771,0.00714099069472719
W38634,-0.09699996303339195,-0.08384942997722136
W38636,-0.09726269842648871,-0.029309270919997042
W38637,0.11792710865201299,-0.005916080479210389
W38638,-0.0936555066887807,-0.07790664676479109
W38640,-0.04637186675592705,-0.002491912835965402
W38643,-0.024971302073507142,0.0022850254390433694
W38644,-0.04803757296754318,-0.019002446782326213
W38645,-0.09148912228308663,-0.022270993656466478
W38646,0.16991367993282083,0.01887760627813987
W38647,-0.09161557650778168,-0.07738848445815005
W38648,0.009148904064542362,0.00042821346213329023
W38649,-0.13217755276002657,-0.023469834769215055
W38650,0.14474270653957566,0.0029962995315151834
W38651,-0.11466211046656748,-0.030123721441655
W38652,-0.05556560845202972,-0.016289835362744674
W38653,-0.08222540861257993,-0.03859000497920474
W38654,-0.094662833653678,-0.07725208949924137
W38655,-0.031967740761554155,-0.006196695222910234
W38656,0.0844857424982132,0.03188361998449897
W38657,0.1466611671286968,0.046584985229889256
W38659,-0.09261483003653839,-0.06956363833869936
W38660,0.12745065392577928,0.0020229470123073984
W38662,-0.024267541797168408,0.0034983359074920403
W38663,-0.03901797038395767,-0.006880541585441536
W38664,0.17522769925342782,0.03516298939899203
W38666,0.12553674950421267,0.043641669365983266
W38668,0.11539961747857733,0.0038394163590304703
W38669,0.13045426276075628,-0.003474004392143791
W38670,-0.014469466421998757,0.041656131226355635
W38672,0.1652871552338485,0.027727561065771192
W38673,-0.11767912267465482,-0.09133802107858846
W38674,0.1250263613287324,0.01320424698645543
W38675,-0.04197203846427581,0.010138270040051791
W38676,-0.10463068056938671,-0.010225847199266681
W38677,-0.09336559689182615,-0.07491382014360584
W38678,-0.0962993129709671,-0.02924548050301279
W38679,0.13969240914353753,0.010820647696295345
W38680,0.11935037243402441,0.009011646087442057
W38681,-0.12172230208569601,-0.031041599914137477
W38682,0.011101931590279125,0.0007869326782569654
W38683,-0.1025536931071164,-0.07225448007886043
W38684,0.12211143128028672,0.0156758203812671
W38685,0.0786988984145181,0.020651604650925526
W38686,0.08649430091176633,0.019521856097450566
W38687,0.1376773432675007,0.03695767069173752
W38688,0.1418399642676422,0.04769757093661307
W38689,-0.12470881223810175,-0.08242485764130014
W38690,0.025566500883585853,0.012799643525755232
W38691,0.13603111347429803,0.06295100878715175
W38692,-0.12338494052716893,-0.020711640853598265
W38693,-0.11983766180346991,-0.08428646905932113
W38694,0.0874482236550431,0.03766372628172388
W38695,0.017295965666698693,0.011937555558365412
W38697,0.07529713294750029,0.0379384924324749
W38698,0.0479362645511708,0.014390600268147058
W38699,-0.04935274335587704,-0.015539736697388316
W38700,0.11589194393586023,0.029424195553385227
W38701,-0.10010573204870911,-0.02530273047380359
W38702,-0.09962167929012633,-0.0608967490417911
W38703,-0.1032480383757289,-0.016231213481286647
W38704,0.14139589814310255,0.07009760416282468
W38705,0.07960851441967333,0.028249432397288197
W38707,-0.0013561049962417648,0.022640130081195378
W38709,-0.09704446261509983,-0.028160616769685773
W38710,0.16514211171842322,0.014161359873919541
W38711,-0.05425473032647159,-0.008187150607323342
W38712,0.07501936706394943,0.03953133405987986
W38713,-0.09493191391352905,-0.05967012704796357
W38714,-0.09058360335810152,-0.026558107371704283
W38715,0.11523105203939997,-0.0036779936615782363
W38716,-0.0946997410886002,-0.08050504069348667
W38717,0.17039368338855265,0.01973607070994855
W38718,-0.04494131000055198,-0.0077950117852617455
W38719,-0.10099219541043297,-0.0696778347314445
W38720,0.11984366054676579,0.05464014009658661
W38721,-0.09419127185115712,-0.031219727171356106
W38722,-0.09095418139581513,-0.029165110653618813
W38723,-0.09834304347995339,-0.03309981299542896
W38724,-0.09294388056761513,-0.03250532593291589
W38726,-0.03163147164543844,-0.01308347149649312
W38727,0.13547761182700122,0.0456231594481493
W38728,-0.14470635290354472,-0.01472815456129985
W38729,0.005494138664568963,0.021671386485586606
W38730,-0.09036869710429414,-0.06673966015378567
W38732,0.10395417057831255,-0.00269883798811586
W38733,0.06255602017416458,0.012486228256446586
W38734,-0.09494840224572527,-0.027160749927919534
W38735,0.10832650272876167,0.026470044534003218
W38736,0.1446210667226311,0.06740316315153899
W38737,0.13028087363034024,-0.01007982844823038
W38738,0.12914323224737792,-0.005437406041815271
W38739,-0.08293043519135843,-0.03802614301464111
W38740,0.11872896500736083,0.0008659615183566251
W38741,0.0890922238651841,0.0006192491992622043
W38742,-0.06110117588989603,-0.00432089409216181
W38744,-0.053591188510930185,-0.012598578377346209
W38745,-0.08747642522097823,-0.0400803046632579
W38747,-0.043246157245469055,-0.013686057372334765
W38748,-0.08563419465855265,-0.04369567352706815
W38750,-0.0921703026381168,0.0016938942253978714
W38751,-0.0718329122562848,-0.006039183731982801
W38752,-0.13631949645990346,-0.026392315955837194
W38753,-0.09645752041324106,-0.08136239887637804
W38754,0.122841659445106,-0.007210680198755916
W38755,-0.09073202560899768,-0.07719087182143547
W38756,0.13510014572214446,-0.0015762859327795265
W38757,-0.10342604223079845,-0.02753180486830008
W38759,-0.1006612978450151,-0.05394229314837363
W38761,-0.07930419825160683,-0.032972057145652864
W38765,-0.1168203076342977,-0.016572370718946863
W38767,0.1542359497343713,0.01847431065247854
W38768,0.15679969263582613,0.052041134118605274
W38769,-0.10136426839743536,-0.07785756843564592
W38770,0.12349188218340343,-0.007919906385764001
W38771,0.14886592019561679,0.016023222118961285
W38772,-0.09659326211951107,-0.026722730077019356
W38773,0.11459357710893303,0.0012620876851026995
W38774,0.11533362534291063,0.004319406922717747
W38775,0.017095743174826906,-0.0005666567233267502
W38776,-0.034782261615919026,0.0012355857624986436
W38777,0.13781656910850232,0.01772835561047119
W38778,-0.04770611580401182,-0.009144811632072234
W38779,0.007278300401308636,0.012186116588531666
W38781,0.05786700462997181,0.020175920096357994
W38782,-0.11394802139503789,-0.0427497722197701
W38783,0.1236839583306185,0.013522963627936181
W38784,0.1301734380473894,0.01152390188030665
W38785,-0.13250080154417043,-0.08155682894028568
W38786,-0.13934138856102996,-0.01835123114213847
W38788,-0.010654268719278963,0.044668608824660415
W38789,-0.14004517004235473,-0.016260500157136756
W38790,-0.14013477774900893,-0.07513246225987137
W38791,0.07425620453960556,0.04440959929382993
W38793,-0.13022565256385332,-0.03023504604134302
W38794,-0.05462579154686195,-0.021464117872886542
W38795,0.03028289275379509,0.0008318741509516025
W38796,0.11192267408628123,0.06435774706390082
W38797,-0.13813816119793293,-0.009009738061821702
W38798,0.12717943596634879,0.03813654168272648
W38799,-0.05173934576276965,0.00046845917960386326
W38800,0.13664005902274173,0.07480625505039283
W38801,-0.01277575486449325,0.04349322251355578
W38802,-0.014364978515173593,0.04528298558655907
W38803,-0.13301473009670858,-0.08007351379343611
W38804,0.15640142138587151,0.03289578946912592
W38805,-0.026402697996673632,0.009495259104583136
W38806,0.09665549610090936,0.05724870150089558
W38807,-0.13079055192840425,-0.08732088577850311
W38808,-0.13686893216431298,-0.078490981627747
W38809,-0.04912253204397028,-0.0011288355806237512
W38810,0.13439353812788524,0.07071522804014788
W38811,-0.07025834161686674,0.004130143568800971
W38812,-0.12284673868431446,-0.08417374033345992
W38813,-0.1241943889286721,-0.09393622825703778
W38814,0.11160837267241872,0.054130324372076155
W38815,0.1018584026211449,0.06442201051222975
W38816,-0.14179364163449218,-0.031191859425002775
W38818,0.10970694019351675,0.06696589466236322
W38819,-0.12573359717524607,-0.09169812204075208
W38820,0.07946798245212627,0.034586418490796016
W38821,0.09621541771757623,0.03280458889738661
W38822,-0.08416082380106313,0.0001559886457269433
W38823,-0.1473835900946507,-0.027542401900942974
W38825,-0.1463257585198703,-0.02081923458927349
W38826,-0.012015893237646017,0.03945954616465709
W38827,0.13495104013162132,0.030483761461244162
W38828,-0.11812246194365622,-0.024607969416594717
W38829,-0.14378440587877706,-0.04156615754149534
W38830,-0.01625108770455076,0.03392438134568897
W38831,-0.00754229222360645,0.035086883206802394
W38832,-0.13334590957626727,-0.08492528223293459
W38833,-0.13945177034311537,-0.01584918328155772
W38834,-0.09744772257057736,-0.0652701513137114
W38836,0.0318851560750833,0.015434743678239075
W38837,0.10145296292567854,0.03201175454723099
W38838,-0.11505310717236636,-0.06269817187317411
W38839,0.018093250806940513,0.02166057563019689
W38840,-0.11635713411161956,-0.08060431961923598
W38841,-0.13887978302938236,-0.07393999680188888
W38843,0.08035310016734606,0.04497887879063754
W38845,-0.04028328452114474,-0.008858464045380854
W38846,0.15107806336461227,0.033855566387886914
W38847,-0.1410767974234738,-0.010164762782366946
W38848,0.022057782371749154,-0.003910749814379141
W38849,0.10929598903603362,0.06654756867229747
W38850,-0.09648720606358968,-0.054649179279008905
W38851,-0.07096094361749898,0.003493672018712867
W38852,-0.11064021996964013,-0.09298723423391608
W38853,-0.12315510600190033,-0.09266100053448947
W38854,0.024628421131954056,0.017392926652678876
W38855,-0.10608241803631564,0.005659905578958993
W38858,-0.1345842823156655,-0.08400525503542586
W38859,0.03398409718822793,0.010897592538375665
W38860,0.15577527448666942,0.037024059967075806
W38861,-0.1267902060834622,-0.07480726902546697
W38862,0.1333029182623923,0.06762882928665072
W38863,-0.11952013856844679,-0.058054457124265234
W38864,0.039458040336489766,0.019527936422570585
W38865,-0.12839982226712035,-0.022545684894280275
W38866,-0.017501711268757165,0.00217818564863037
W38867,-0.05336189677302778,-0.009170197252652038
W38868,-0.08195217523070687,-0.0012863538460727614
W38869,-0.13749357746054,-0.026733648650175117
W38870,0.15607409813252082,0.03595449737523522
W38871,0.03002882584920302,0.011997904133599933
W38872,-0.07120070512370878,-0.0069644608656248075
W38873,0.016487162353332988,0.014665176266525765
W38874,0.029335616413693193,0.009155132104630422
W38875,-0.10003443765025107,-0.0365861878410184
W38876,0.15363258654330536,0.05145180396869201
W38877,0.15081384521573357,0.029221035157189032
W38878,0.008664461318072539,-0.002796493502563089
W38879,0.12056449323062952,0.030141631965077013
W38880,-0.1280285351616732,-0.005299776416871123
W38881,-0.134712722627563,-0.010818417851231393
W38882,-0.1380869629759574,-0.028856853129780275
W38883,0.14517236307355266,0.07266941070666855
W38884,-0.13567462161752156,-0.005714010006784449
W38886,0.11761341491169582,0.06178317340784215
W38887,0.1370202291659283,0.07019545674681307
W38889,0.1648335978695593,0.051217747572768535
W38890,-0.12296042927762187,-0.08599898951853559
W38891,0.015275773765472235,-7.766010798126579e-05
W38892,0.17559168357239333,0.04088637698032777
W38893,-0.1299277820793257,-0.0884015007109613
W38894,0.12715524215533125,0.05378923606611156
W38895,-0.12028154181650008,-0.03540922852010712
W38896,-0.00984485531071581,0.033432365042061804
W38897,-0.0751664096047137,0.004448085785448687
W38900,-0.01843116624218852,0.04398058740054074
W38901,-0.027908398837677578,0.012627970867856006
W38902,-0.1018230449853992,0.007943946849853752
W38903,-0.10222672809874822,-0.0021532332504115357
W38904,-0.10919552860900124,-0.049014928956611484
W38905,0.13355543956268515,0.07218356830318008
W38906,0.013516552029327642,0.013820646410416068
W38907,-0.12691560360269247,-0.09420031473627408
W38908,-0.06965056772151267,-0.0007585002456185695
W38909,-0.12360988804667576,-0.09220326808818968
W38910,0.025401225559820516,0.0036824351549065507
W38911,-0.0876616030485373,-0.0033387611050763022
W38912,-0.14067802449260666,-0.02218501433790515
W38913,-0.138599267793166,-0.06700914892550923
W38914,-0.12329648148279344,-0.09674852999463895
W38915,0.11415663216589877,0.0662423226681592
W38916,0.018618574339456958,0.004225986824496901
W38917,-0.12776063955868613,-0.015173121635419966
W38918,-0.12557575664146298,-0.017191899757013483
W38919,0.1209615059275713,0.054498717341998584
W38920,0.16410628270668037,0.058381448450723225
W38921,-0.14202926270867067,-0.024285351491631232
W38922,-0.12620801721678046,-0.08259028083419206
W38923,-0.06861367328824508,-0.0010585410484952728
W38924,-0.12350768503414926,-0.05390614556918778
W38925,0.11183881254386156,0.061892901253580344
W38926,-0.0387096785309885,0.01369795740179474
W38927,-0.13912449073392993,-0.0605222498500027
W38928,-0.07245768939974369,0.006405873694408517
W38929,-0.0627795547554809,-0.006550434676668984
W38930,-0.047053281382209815,-0.002640956362025817
W38931,-0.043603515459836255,-0.004800125848257825
W38932,0.08103793844456154,0.02205704591695482
W38933,0.14232392095906876,0.02870316689959467
W38934,0.008821948409273599,-0.003379846001596696
W38935,-0.13292250847575368,-0.013181448651190763
W38937,0.06480654385447944,0.02782867983755409
W38938,0.009968388611171865,0.02021487419000401
W38939,-0.05498171981442113,-0.0014687127609020341
W38940,0.018310724394971615,0.005173193899640171
W38941,-0.06878695910975884,0.013164908130780927
W38942,0.12260929384276163,0.04171134314599107
W38943,0.11997788848103363,0.06791796178560912
W38944,-0.01175846752183749,-0.004576041405253524
W38945,0.030804885179481833,0.002976759583968757
W38947,-0.010526547322625663,0.03846352351597319
W38948,0.12546155383795068,0.05001312596674196
W38949,-0.12809672446770454,-0.01862762850002023
W38950,-0.12616004752111895,-0.0882454741326885
W38951,-0.12890023471907228,-0.03957991570731251
W38952,-0.07160004472297556,0.0013951111868819705
W38953,-0.050004887132944674,-0.013124877883603933
W38954,-0.14644344432391854,-0.025021740450105464
W38955,0.011580054842924396,0.010531492318794055
W38956,-0.12063439835257712,-0.0867202091408507
W38957,-0.05888317142558108,7.949814254805544e-05
W38958,-0.13289186897290203,-0.06276942697611342
W38959,-0.13167636430446225,-0.07573331470138367
W38960,-0.09096450904413696,-0.010261720077032308
W38961,0.09479633297475237,0.039822764270181533
W38962,-0.1369318973785416,-0.010369874065166965
W38963,-0.022282807569694692,-0.006063952181659316
W38964,0.010039651064513166,0.002944210404054194
W38965,-0.1263857519129954,-0.0729442325527102
W38966,0.07473447622357836,0.02840140763676499
W38967,0.15885611648857825,0.036683369605078904
W38968,-0.006337101651610605,0.03736322763835368
W38969,0.02058722406842762,0.004773758338157752
W38970,0.09825172649104165,0.03364703581418567
W38971,0.0036428934017429773,0.019168779549575996
W38972,-0.11998972488117178,-0.002888264863253333
W38973,0.013175737391094167,0.006669527475442883
W38974,0.11397603666762861,0.05147995869757105
W38975,-0.021512671857706802,0.03144642748703743
W38976,0.16496787960926687,0.040043033572212526
W38977,0.1523076746728047,0.04494662274875829
W38978,0.12061690196451948,0.048883538086250414
W38979,-0.11839058866311541,-0.036118742582789985
W38980,-0.12824245109445265,-0.09262687337619585
W38981,-0.11109835717793053,-0.007598872372469523
W38982,0.1349486220882317,0.060926597039600495
W38983,0.1271568005203545,0.054482777271126076
W38985,0.07569347223130793,0.03379638679151506
W38987,-0.11005841804880323,-0.005686412389882732
W38989,0.11917640090313558,0.055996620670700645
W38990,0.017352424545837495,0.010928430892613337
W38991,-0.00507758560854421,0.04443070275193012
W38992,0.03516877482892323,0.019555385256947114
W38993,-0.1277168720541976,-0.09480245836639557
W38994,0.13404914064832635,0.06342528647360068
W38996,0.11677173720144415,0.026447506348248735
W38997,0.038182520335008616,0.012722649516648296
W38998,-0.009414535805655782,0.00885387738311406
W38999,-0.01859746986666722,0.03002685157060561
W39000,-0.13117240423631124,-0.07382501082019476
W39001,-0.14188263305024054,-0.017241080425266744
W39002,-0.0707557489985144,0.0010076605402423373
W39003,-0.1151103105029275,-0.0942990417539272
W39004,-0.13164106167341125,-0.08645096183803865
W39005,0.15487660708869538,0.04064292276649292
W39006,-0.13744525712502165,-0.014743613457158047
W39007,-0.1148645277955254,-0.030668445745563815
W39008,-0.005826782628097832,0.031819640631259326
W39009,0.15068808708340398,0.04722004495255848
W39010,0.12446690991763257,0.05860094873780912
W39011,-0.031223319858840397,0.009565035118580674
W39012,-0.10384498371919784,-0.08578015265976914
W39013,-0.12105226885937874,-0.008032163732036267
W39015,0.06737152818445752,0.015722386045999362
W39017,-0.13968037760192809,-0.01152550704246041
W39018,-0.058159530097148124,-0.007858414865838761
W39019,-0.12028877930355535,-0.017303605945350763
W39020,-0.11813785655176766,-0.008886301810232674
W39021,0.12522218712573538,0.031323089083635854
W39022,0.008301535582419172,0.006346553576990258
W39023,-0.1398197454722658,-0.06931012581332219
W39024,-0.11680739382331322,-0.06278346089340481
W39025,-0.14653656767359208,-0.03037550785611314
W39026,-0.10443556279850247,-0.0034582169598078617
W39027,-0.10772556332599481,-0.02064124254440226
W39028,0.07164244671791781,0.025296592717173973
W39029,-0.12012359960234649,-0.010646454858741057
W39030,-0.024440573283508626,-0.0006563003059176554
W39031,0.12415987315228176,0.03799151660664873
W39032,0.02911648268504361,0.002803877936021739
W39033,0.014041288432184764,0.0018579850945127318
W39034,-0.0771307395508041,0.004706389366451647
W39035,-0.06906016229580117,-0.0023625568134664965
W39036,0.07174032617068729,0.021444663305113083
W39037,-0.11203415764924916,-0.07256061847766775
W39038,-0.10904652114211173,-0.09486589494652094
W39039,0.024928303274046132,0.01070911811231487
W39040,0.11510480979351774,0.046116223149032805
W39041,-0.017373147659567423,0.04171957292066515
W39042,0.0281885755648431,-0.0017413660053101662
W39043,-0.09468127207710422,-0.01738087500039987
W39044,-0.0938453314001642,-0.009796138760531564
W39045,0.09904083330327391,0.0293520430064651
W39047,-0.05920407114960952,-0.009584273194983685
W39048,-0.01501504905111335,0.03795962595480538
W39050,-0.07128294203761196,0.00852533619358102
W39051,0.1343808650738179,0.01961856835452998
W39053,-0.11210105705585599,-0.09232266433726294
W39054,-0.12308444772214061,-0.06023677516926641
W39055,0.09596732727748397,0.030816329148544673
W39056,-0.05736283690691734,-0.0018341405266916106
W39057,0.07399582126169335,0.026913824390903607
W39058,0.14240970967822122,0.02522823196950566
W39059,-0.097205790947601,0.0092193096106471
W39060,-0.10774833206648442,-0.08660742998325549
W39061,-0.11908260617479992,-0.09744540463361384
W39062,0.029478469551376164,0.009491374949804045
W39064,-0.06208271248722535,-0.001324153117644049
W39065,-0.1346522392395058,-0.0820033965189001
W39066,-0.1359938155600345,-0.013362270746294857
W39067,0.07629886862566959,0.018179197539901656
W39068,0.007422767067324372,0.013128707917442415
W39069,0.11918112412834705,0.03646417719392087
W39070,0.005690441497433469,0.014623413129357407
W39071,0.09457053193739841,0.04355321285530386
W39073,-0.1341396908652931,-0.05227544757734047
W39074,-0.13898014686551602,-0.014564490132553561
W39075,-0.08357726608284134,0.0019042039820709178
W39076,0.1264997983986561,0.045009196772217264
W39077,0.1680201561707263,0.042130776461892845
W39078,-0.11763356657826879,-0.06448479355926363
W39079,0.00905704605919511,0.011988279817312833
W39081,0.0058257077859035855,-0.0022545663419511384
W39082,0.007350349599260532,0.00698360196031224
W39083,-0.05236102991099007,-0.01374049584684228
W39084,-0.09323793670644094,-0.0033771748338009195
W39085,0.09995991123601,0.027877559785344716
W39087,0.030488458331226726,0.00709476865662243
W39088,-0.13385135168827905,-0.08916507952941799
W39089,-0.12408316650333552,-0.011488759767610615
W39090,-0.12608275438415645,-0.043656809912334726
W39091,0.005732772210665642,0.003725910248838239
W39092,-0.09749203482018755,-0.026556297134799556
W39093,0.009997162491480572,0.0011755316100648498
W39094,-0.10228543981321829,-0.07636512949632197
W39095,-0.02318588048401455,0.03351755698009324
W39096,-0.06027947493013378,-0.0016633597758933158
W39097,0.1050430302707051,0.027626849442117282
W39098,-0.02439540876617931,-0.005796643684719998
W39099,0.14407401951653473,0.019913584068009922
W39100,-0.1108030871028182,-0.013530911943233711
W39101,-0.12673713533780645,-0.07867480285591522
W39103,-0.12717026161333386,-0.04242176454494299
W39104,0.08085920963837044,0.04100941074586548
W39105,0.021290409948024995,-0.0016576346075412576
W39106,-0.07895739329046308,-0.003761067675737677
W39107,0.021794576865001032,-0.00032468702389239706
W39109,-0.09956852702381602,-0.018748656131503345
W39110,0.029663070241595372,0.005623737827158635
W39111,-0.05900330593575694,-0.016019070260208063
W39112,0.12155815083464412,0.06889963158837904
W39113,-0.09910765378316393,-0.01723262816724942
W39114,-0.11162134566721009,-0.013008719049684895
W39115,-0.10456751952391719,-0.08572387740943813
W39116,-0.0937274482368126,0.004578346672638127
W39117,-0.11057883204551078,-0.09756744825258641
W39118,-0.10820353181477704,-0.02664805925717441
W39119,0.11013859563574376,0.027870734251868347
W39120,0.15478680986917936,0.039295712032500284
W39121,-0.02852063749048428,-0.008361446219991318
W39122,-0.12161612750104327,-0.09457046825080326
W39123,-0.0064429311326411765,0.034489655718436166
W39125,-0.09342596533013499,-0.010621414001888613
W39126,-0.05259947839873042,-0.013823575104161413
W39127,0.0977556230100228,0.04821636675294608
W39128,-0.12130419342595937,-0.07231471144311136
W39129,-0.14086125977394762,-0.01590733521186284
W39130,-0.047236929983638376,0.0007441841547890153
W39131,-0.10708049321837033,-0.05553717652310454
W39134,-0.08015045098709737,-0.017635181034587118
W39135,-0.11400462463497206,-0.014254590288052316
W39137,-0.11113563707490044,-0.089026003114837
W39138,-0.12308466163866047,-0.08395707399850107
W39139,-0.05390235397766577,0.010336032347845072
W39140,-0.1132322776385563,-0.0889003202679705
W39141,-0.1102286595422524,-0.09048983682825192
W39142,0.07171628644145807,0.021343051126162065
W39143,0.13138865310216669,0.03472039774204084
W39144,-0.13608069233217124,-0.027860874260197465
W39145,0.03581954253264804,0.00794156052826657
W39146,0.008158497872181737,-0.00028541004615390567
W39148,0.03992428368539295,0.006804596104343699
W39149,-0.12649446234890813,-0.012137021931967858
W39150,0.14760405762232373,0.029862437590338933
W39152,0.010080479738861385,0.012860068497395623
W39153,-0.09071199494114435,-0.0570390855371522
W39154,0.12602314236158954,0.026442699906544808
W39155,-0.11579340962528228,-0.011553290897361887
W39156,-0.11643805834549491,-0.010007002849408144
W39157,-0.016571184481441282,0.03784363730233446
W39158,-0.08601671911293592,-0.0066793692388665915
W39159,-0.01733032776504976,0.02100994190942183
W39160,-0.06878733755953602,0.004332438899861517
W39161,-0.06586857503076109,-0.001011954260562847
W39162,-0.13050216479289836,-0.05727410730052639
W39163,-0.11988020547469237,-0.09504576428502333
W39164,0.12532710348208365,0.02661483162015592
W39165,-0.12786749776270656,-0.005646320161454828
W39166,0.007701598532847998,-0.0026609699079548593
W39167,-0.13022588992471443,-0.06284521771413162
W39168,0.1251717488963901,0.04129363261086927
