cell_id,dim1,dim2
W31105,1.1890949777977895,1.1859261347642582
W31106,-5.868130573989145,-1.9588136067255673
W31107,9.403491835961953,5.387030632095218
W31108,-6.265529929453542,-5.71896341424438
W31109,8.876605034797374,4.731475633003316
W31110,-2.047083612741248,-1.9997293271003165
W31111,2.9306007306022814,4.0073212278433505
W31113,3.111445628554688,-0.4845568920104819
W31114,2.06460084187189,3.1753780492050825
W31115,7.918657812796375,0.9938602228645023
W31116,2.7518072609977513,0.8910210217253737
W31117,-1.888690088019232,-3.8823870111133987
W31118,-4.7219676352816515,0.056412064953878384
W31119,-3.2425255852409567,0.36923217127050806
W31120,4.092892761175638,1.7039407163691183
W31121,0.7159299876756485,0.6972294241733845
W31122,5.728248386481551,5.744516069923665
W31123,5.150680732799672,3.053458220091922
W31124,8.490294203776193,0.6874946194832503
W31125,-1.666591032200703,8.894175483231228
W31126,2.1095676921063107,4.0641500078693635
W31127,-1.5490917609334693,-0.6031731242385759
W31128,0.10475358363920972,0.40448214401238397
W31129,-1.5878289153673202,1.3067525864985339
W31130,-6.021335676800425,-1.9371628120114799
W31131,-4.946445875255171,-3.769331923392055
W31132,5.320924368862259,0.3007181237776794
W31133,-1.132089745463139,-1.7329862143931225
W31134,-1.756634123820931,-2.258269665816346
W31136,6.388546600898831,4.026424191515819
W31137,5.443999364077697,3.9141973574952527
W31138,5.360808469500975,6.193455455996458
W31139,4.457724376458425,-2.1554704564048834
W31140,4.5337719948955035,5.237854810895869
W31141,-4.555788003577772,0.16729975197664
W31142,13.12414881826548,1.1867463220394607
W31143,8.508218619363129,3.411215663134023
W31144,2.1684400547421374,3.573391249357929
W31145,-3.0407862490443045,-4.224330134856119
W31146,3.2960600887771165,4.600092362286264
W31147,5.28534432032857,0.5384564899554066
W31148,-5.6942126436877984,-1.2150018784192698
W31150,-1.2585042762437308,-1.62856281859311
W31151,9.772667888356429,5.659358935495335
W31152,-6.565851780906001,1.1381821651819608
W31153,3.735311133500718,4.2882436743318095
W31154,4.85862810192406,2.228049049544295
W31155,0.09902185275360004,0.9610636173113795
W31156,5.392727479312648,0.5866942381120968
W31157,-2.361212872143627,3.881637925157106
W31158,-3.607220771981595,-3.4594754894960955
W31159,2.168124416539852,4.335488260190153
W31160,-2.3188918857458787,-4.5104387909259005
W31161,6.911874309751518,-0.01992298690860929
W31162,3.7791835672942775,0.931021896514935
W31163,4.993794596037342,3.5084464741505044
W31164,-6.719153441284126,0.3189625955715764
W31165,8.886497451865813,0.2053393639940361
W31166,-5.798735863439439,0.7132700087975711
W31167,8.742065757942012,0.15407975469888435
W31168,-9.665824963335925,3.048198672119255
W31169,-6.936409791210645,1.5958901946685242
W31170,-8.239325391183108,1.4985945932519797
W31171,1.0155354750464802,0.7946608461219099
W31172,1.7239573367852297,1.8061906953738034
W31173,1.0379359750021453,0.6306858243108786
W31174,-2.5454491191290947,5.039873593559526
W31175,-1.3385016612466372,-2.0523847998414966
W31176,1.5821353664736555,1.3427407663747961
W31177,1.8214844369526322,5.2241202882036095
W31178,4.04923561359318,-1.9763594002950184
W31179,-4.188728548372707,-3.8475284273569135
W31180,3.420433608024691,0.9831054684757441
W31181,-4.263309648324321,-5.6722970910723305
W31182,-3.466452976981972,-5.054431765124112
W31183,5.0445910403534056,5.1021604389175765
W31184,5.197872147473132,0.055436089686486494
W31185,3.9948134605195516,1.0903536110773586
W31186,-4.013948229877277,1.8222197014711208
W31187,-2.9363466351027685,1.768999327093318
W31188,-1.9538162816993603,0.030725176558248263
W31189,-2.9893853406188837,-2.497139871857617
W31190,5.784791472266114,-1.232496217139026
W31191,1.4286050548459064,0.5217250071652925
W31192,1.2912788443834824,0.9101899047728003
W31193,4.500270993967748,2.8297337292142366
W31194,3.5188070974256367,-2.4421823011158033
W31195,7.3948161529020995,2.496565158767667
W31196,1.26107720173698,3.1281794723894825
W31197,-2.933280389904616,1.8580625086403924
W31198,6.020521413434665,0.9301268582104972
W31199,-0.9634636700832042,-2.0058465837114006
W31200,1.1112028974977903,4.252660824352072
W31201,1.2857017303426042,1.6018969944995525
W31202,-6.037247123126077,-1.1724374661446488
W31203,-5.360049239378185,-2.3038365656815283
W31204,-2.520544041900079,4.980865577632245
W31205,4.685717525096003,0.18589544199754457
W31206,6.755205871268233,5.326848945677145
W31207,-7.709168136453701,0.6198636935076455
W31209,13.081446377456073,1.8818218895521748
W31210,-6.015733926409452,-1.9254428583566028
W31211,-6.422578435674542,-1.5486163282087486
W31212,9.635041037096713,-3.342067493531921
W31213,3.4437897653269776,-1.661128502093476
W31214,6.399316511127878,-0.8737257513631851
W31215,4.541434629151783,-2.8066055394690883
W31217,5.161201139712894,3.101565489243687
W31218,-6.819639733839411,-1.2220633756741117
W31219,-2.3571389589955403,3.786663754679343
W31220,9.76371308424513,0.9581497110006207
W31221,0.6068474836208896,0.8196184888463766
W31222,4.337319575789921,3.02398924551756
W31223,-0.450297507839131,0.7221830978737176
W31224,1.2554498447501237,0.18375031966909924
W31225,5.193279902156323,0.6129679396424663
W31226,-5.111567359694107,-7.547496149541791
W31228,-2.137589236300175,-0.36424262158009435
W31229,2.287208632592117,3.8587376096614423
W31230,2.2149430103398715,4.811896460518199
W31231,5.575889740396557,-0.160446855612807
W31232,5.030172718263582,0.1344574168700603
W31233,4.555497981654126,-0.16234663605180966
W31234,4.573746488202396,0.2299703124167523
W31236,5.611770450247109,-1.6776622870800029
W31237,-7.5252253293763145,1.172686442303073
W31238,3.198561521271466,5.010947230542547
W31239,-5.968454211730266,-1.590983480996496
W31240,3.1394490171830816,4.455293356036317
W31241,4.959664906434919,1.029700789158855
W31242,-3.6095066336839183,-3.8620833614030254
W31243,8.530339857267002,1.341241526057823
W31244,-4.4815222980039415,-2.5693985443234495
W31245,-2.8297151049502944,-2.630342692682526
W31246,6.178052885020574,-0.7990163608088446
W31247,6.730395297049885,2.774147579299401
W31248,4.212271680540219,3.544525631728367
W31249,-6.209405691953213,-1.744170409577946
W31250,4.796949925880995,0.08086749938137043
W31251,-4.533793332194695,-7.605877121412114
W31252,-5.962092738785516,0.5269315664965541
W31253,-4.321249874823771,-2.2519653584986306
W31254,-7.015929906465107,1.787416487603971
W31255,5.104914998090369,0.6544796221611285
W31256,-5.239877424116779,-2.3639847911301923
W31257,1.3506601387764272,1.0443593671022402
W31259,-2.43554276465553,-1.415506849331428
W31260,-4.4148609246725234,-2.4266413967191545
W31262,4.089470414436429,-2.1739016626736634
W31263,-3.104042681609534,-1.2161438859551723
W31264,-3.036008721195999,-2.54199297406691
W31265,-6.441868274660091,-0.9879289235600972
W31266,-4.009941920179124,-6.280444498991133
W31267,-2.63544701008511,3.7981201743493167
W31268,-0.5372720815070356,-0.5085944459765316
W31269,3.718496604625621,-1.6944091030620683
W31270,-2.922251897584292,-3.2180670547234
W31271,9.34466592346327,-3.1836729539739888
W31272,-2.927245620414928,-2.5979426453262287
W31273,-3.752355164217476,-2.612500651506208
W31274,-2.0940090558206665,-1.0822925417939546
W31275,-5.669778430521226,-8.306548731656063
W31276,0.3496472801146301,0.6436457329156445
W31277,2.7174703104891504,-1.1236374334263097
W31278,-5.9783600047817504,-0.3132754953450206
W31279,1.1169895656908069,0.3883318242768566
W31280,5.246598686030098,-0.04725306502513384
W31281,-6.962731053975362,1.1205465137972164
W31282,-4.861402415110448,-2.0668873634723695
W31283,4.600495583007592,0.313532844746219
W31284,5.338443199922461,-2.6079212750934087
W31285,-3.940464230119316,-1.8961382216134401
W31286,-4.870145314813176,-2.9818045154657384
W31287,0.2266027902317275,0.9154974739267728
W31288,1.6132853447396487,-0.6875116251625011
W31289,4.142531783050753,-1.5023661728402757
W31290,-6.196238964124888,-1.4732861833884174
W31291,7.23373020911796,2.9801161485136403
W31292,4.093175551461637,4.259029714832327
W31293,-3.6356162417512596,-2.7221986788035286
W31294,5.949211060078598,-0.8119099320375264
W31295,-5.844772785291467,-1.8135294763011331
W31296,-5.732821687663377,-2.1232887420892426
W31297,1.1845149030636486,0.5277188543617208
W31298,6.887177657028409,1.9625205708653386
W31299,-5.149997911879985,-4.717489845426081
W31300,0.5668196592520373,-0.8345972325646797
W31301,-2.2054138380660184,-1.9472702069762975
W31302,7.656566300072122,3.574765476618017
W31303,2.1498574196403983,0.36872338530872883
W31305,-3.2257865628756344,-2.397308239029469
W31306,-6.65156306161628,-6.271837002242186
W31307,-7.857803025640016,1.1895938451217303
W31309,3.6368272865697246,4.814344034104759
W31310,5.04684704723567,4.676073750437296
W31311,-2.999980471242038,1.3884769704959137
W31312,-1.0700003405659122,-1.7088755263933515
W31313,0.10295003317029845,0.3896421557707151
W31314,1.3105960163742743,0.24482156981358857
W31315,1.7887237260019686,5.059690437616433
W31316,4.339915806783124,0.3498462880123073
W31317,7.496744366813983,4.216351630448523
W31318,8.99231119832422,4.601582608220224
W31319,-5.386502717825667,-1.939147947880501
W31321,2.2939862448506294,3.423831855744757
W31322,3.9307800685721817,2.931354544901038
W31323,3.608265325472232,4.511912625965367
W31324,1.6532758542616752,0.6090185756395421
W31325,3.884928180934078,0.8754543747811385
W31326,4.7354537712931855,0.5456764653701349
W31327,-5.8365103962371245,-2.2100119526772573
W31328,4.133710973066291,3.041065092092815
W31329,-4.590545737697028,-3.204756223057319
W31330,-6.177943261285837,-1.3501438817015707
W31331,1.610971725429833,0.9128661572369393
W31332,-4.247201077518061,-5.300500829753033
W31333,4.30081723231921,1.0233665269127987
W31334,3.868977090291631,2.5345525880564983
W31335,-3.248603030169384,-2.2269564905016135
W31336,-4.59086054622003,-3.40884561334396
W31337,9.448121316842707,5.424136048507621
W31338,-5.042244391002764,-3.5941208565133396
W31339,-7.265352381723168,1.1401923737262414
W31340,3.5517916963810277,4.423613716939807
W31341,-2.962537303512007,-2.459741943738605
W31342,-5.3527583335051325,-5.196488105786848
W31343,-9.578442207037977,3.019291377062464
W31345,4.877082300748039,4.126664407492464
W31346,3.478556600544712,4.500147158897284
W31347,-4.2450266452644865,-0.33918189359376055
W31348,4.599501544257183,0.887897435388444
W31349,1.4087381250310242,2.865180892565581
W31350,-4.331390110825942,-8.27615032652185
W31351,-8.071868987394003,1.3305571552427493
W31353,7.975530485093528,1.4351061457930068
W31354,-6.017537063133583,4.962202674312516
W31355,-4.643397247747901,-1.4304004676254563
W31356,4.431171529889024,4.436355983116052
W31357,4.986410801875557,3.053495093534426
W31358,1.3052717198017774,2.4297420532781535
W31359,-5.4105631413792326,0.9327255125219629
W31360,3.2375511553538314,4.313187582002475
W31361,-4.3103420321378625,-2.5237010966865565
W31362,-9.771187921959825,3.090438848999678
W31363,-3.563970179836671,-2.661003946990225
W31364,1.673118875061923,0.5745895239692529
W31365,-3.0928428404197374,1.0782928149226887
W31366,-2.978483817780781,-2.3774999089024833
W31367,-7.864267730971515,1.126693888395489
W31368,5.780338463989776,5.740946529289772
W31369,5.925442185267047,-0.3647885060665169
W31370,6.89032086194832,-0.01295655035276921
W31371,-2.7654690717932366,-2.2575980975724335
W31372,8.401290949951996,1.339627684228964
W31373,-1.7046960328806848,-2.239344814517011
W31374,5.248416137960783,0.9466870131350169
W31375,3.7708004302496927,4.136022548621571
W31376,-2.2634009773245904,0.29972075339209797
W31377,-0.4137232511884688,-0.34826528229315185
W31378,4.490554168525796,-0.14568917539851217
W31379,-0.6300884533111878,0.609069608929907
W31380,5.531255314220007,-3.018857256363337
W31381,-7.324828919898483,1.3990000259079742
W31382,5.348518275242312,5.893600622563519
W31383,-2.0382982752144003,1.6908219490266327
W31386,-3.6025557251792084,-3.636359109667928
W31387,5.704979268332393,-0.20776917537218376
W31388,-1.5431092708470306,1.0166656366311912
W31389,4.370917963521209,4.132384460071282
W31390,5.70018920171323,-3.2539098403349977
W31391,5.505019437675634,-0.16108547475773546
W31392,-3.658357010231747,-0.5629421568242666
W31393,-3.2564983229348927,1.5150623039867903
W31394,5.745939336823133,0.2571156005826575
W31395,-5.824337724489788,-1.1311356839583742
W31396,-4.3277485107234686,-6.119970117503458
W31397,-0.30325673831267225,-0.8094620694139089
W31398,-5.105416388169342,-1.0681296109647185
W31399,-4.987926757165056,-1.9184443872671608
W31401,4.075414240412347,2.838664143962492
W31402,-4.891843029530242,0.48188669887555013
W31403,-2.821033522186183,1.3001661598216818
W31405,-3.524700520603379,-1.4655311318568682
W31406,5.071646776806283,-2.6251540336710946
W31407,0.006789060945417438,0.2910761988796325
W31409,-6.306308760256157,-0.2535553789472527
W31410,4.228627359254375,3.6438733914466797
W31411,-5.551901949170446,-2.4800125570440033
W31413,3.892174480176389,4.847760664916867
W31414,3.632934168931293,1.4030849139956432
W31415,5.61620953155303,-1.43374515505462
W31416,4.409592332833134,0.46576269732108283
W31418,4.102055782790014,0.6143250874599662
W31419,4.860816038185163,-1.83302424518115
W31420,11.684539294078794,1.1972324369265102
W31421,-3.7245082723793055,-5.22854307016186
W31422,-7.1552880531619465,-0.9181124922300639
W31423,5.600345655149104,-0.14837194965555223
W31424,5.541045993598032,-2.9891301873666927
W31425,-3.6776632304760937,-5.3330323624245
W31426,3.5354066766164696,5.101850204979555
W31427,8.239321209878387,-2.4359558283701817
W31428,3.3169107422899913,4.924954266460959
W31429,10.705235855083158,1.4097634448746026
W31430,1.5603528628373848,1.3129193280714924
W31431,5.602815021260589,-0.08802650652715883
W31432,-3.784458504297256,-1.9141342268652184
W31433,-0.48607453132940825,3.6130084232735555
W31434,5.288025663516349,-0.544926569369636
W31436,-5.700219622215673,-1.808832132230829
W31437,2.211450883838532,0.14586773792406746
W31439,-0.38410354345622083,2.0258595220789575
W31440,8.569456503928222,4.384697197114167
W31441,5.270781594481532,-0.47964551192071647
W31442,5.112806353317455,-0.3000381539461139
W31443,-0.3148345722254702,-0.6283603237959019
W31444,5.6214186870290535,-2.1640402570419885
W31445,-2.3705332975444042,-4.793540288636657
W31446,4.274576730747884,1.4653619471828008
W31447,5.316526266637487,-1.2981834634880522
W31448,-4.970909933407349,-2.493462121080769
W31451,-3.89473855373265,-0.9230833761746182
W31452,7.6990304174502775,0.3249043477267515
W31453,3.516173362963624,-2.3301232186584864
W31454,-3.83489581379232,-1.8095635023346708
W31455,9.867889229145037,1.087095701359413
W31456,5.580601068455138,-2.3662807700008517
W31457,-0.6978559089056379,-1.297200055069755
W31458,-0.15674345168653436,2.0765944457039955
W31459,-5.007465414754858,3.3115603426843743
W31460,-5.6185815705767554,-1.9936745221350878
W31461,5.440080832680898,-0.15056433189098284
W31462,4.762343516825556,-1.7699903178181158
W31463,8.623678906483619,-2.724774736764003
W31464,-8.431956919630645,0.9660379457942171
W31465,-7.718048438374332,-0.8353245587443252
W31466,-5.854154613295945,-2.025461188988715
W31467,6.5240233184183065,0.14589153914320768
W31468,-3.7035592774270873,-0.07419584288088527
W31469,-4.496186996388067,-6.038685198262687
W31470,4.310083579428614,3.4317166617116777
W31471,-9.29816618345665,2.8219718466586317
W31472,-4.611784289236569,-6.242181564178813
W31473,-4.880236565988914,-2.5113837981567326
W31474,-5.059742650197312,-8.238046170130533
W31475,-8.668599997787172,0.26588078739300053
W31476,-1.9148619226432966,10.008298268637045
W31477,-1.1831289706588168,-0.4063239172953599
W31478,-5.24709784013875,-2.5352888872395924
W31479,5.497159571348255,-1.672297474181806
W31480,1.8573021518570973,-1.5888366402696286
W31481,5.775671798493896,0.017283763590136603
W31483,-2.5011997563205965,-2.711777437238606
W31484,-8.521419346704164,1.1754511594658503
W31485,4.959515908406591,-0.11484530985771142
W31486,4.5923132611402835,-2.0458978120464573
W31487,-7.439680330568145,-0.19457732394050659
W31489,-6.787418060048049,-0.23605022590546884
W31491,-2.078551238292991,1.8497734746136072
W31492,3.68248468044345,1.1519463567149775
W31493,-2.5049748817655435,-0.13149797428154167
W31494,-3.9567089071005235,-2.6610146842035474
W31495,-0.4439169496206339,0.321500494343407
W31497,1.310378999348221,0.9645224826723613
W31498,-2.4331429330634036,4.720935419206586
W31499,2.230957853283665,4.710918209438707
W31500,5.160849071815024,0.6912317380454334
W31501,-6.402642657193784,-0.7921389312908892
W31502,-2.099430862606313,2.147946166885539
W31503,-3.072122399159555,-3.0144868124008073
W31504,-6.249967138229043,-5.691586329302729
W31505,0.7144360216181844,0.4378102998138434
W31506,1.6966711392653238,0.7800956841830943
W31507,1.6495312480080666,1.7113608403620328
W31508,2.872950108859192,6.045547743123218
W31509,-5.8476063628713,-1.8229435693684788
W31510,-7.425593582540532,0.022914084990903826
W31511,-1.9824403682938276,1.2117453651251178
W31512,1.5188814948637712,2.000254747662908
W31513,6.83625933439152,4.752173871848318
W31514,0.9580669620346586,0.03472040502168592
W31515,-4.105945421826476,1.6630057690655549
W31516,8.384710335861739,0.9841177565738268
W31517,-4.202001485167932,-1.207989930121608
W31518,-8.299791294554298,1.5128054236540942
W31519,-1.9502411344648942,-0.6147024589148
W31520,-1.352574786666328,0.01130607160116504
W31521,4.054047303401198,4.48029868181143
W31522,-4.994770985700601,0.8305728414132696
W31523,7.954072592525771,0.3709417607930873
W31524,-4.578499427634468,-0.4720963675094295
W31525,6.4665483334713345,0.2829722252515323
W31526,0.5387081179039224,0.8383713126377984
W31527,1.5934249309436084,0.8501688311684079
W31528,-4.775290249214197,0.45219960447119384
W31529,2.6278831188381786,4.818523838414747
W31530,-5.6235341346491925,-0.9697538951700891
W31532,-3.3597978048089328,-4.784733197711623
W31533,-2.4223319551099176,3.1231920033414062
W31534,-1.635805672626928,8.757430803504064
W31535,-1.1383019015577494,-0.7930989339361216
W31536,5.204950418004416,0.45250704974797734
W31537,-5.1963463212320375,-0.8264943957585772
W31538,-7.312544469041202,-0.6200233366736598
W31539,-4.282365710044707,-0.40760797069530075
W31540,-7.69813411704411,-1.69372283484592
W31541,5.752842277768299,-1.1597726625584737
W31542,-7.496744711030841,-0.2773224584735062
W31543,4.907099997350322,-2.4928838972006746
W31544,-6.769697194116811,-1.102758388355521
W31545,-1.663633720494932,-3.532726231975315
W31546,-5.218638392359456,-9.463453928225402
W31548,-1.8149950867358216,1.3092467394070906
W31549,-7.761406848232553,0.31602633314323136
W31550,8.617248393448708,0.22578986054109007
W31551,5.548217135172472,-1.6867988211144507
W31552,-3.5647154669624057,-1.6579093526441124
W31553,0.6951706922272702,0.1133182863747961
W31554,4.780638745805999,-1.9669824963929663
W31555,2.8801613779277306,-0.4604263404809629
W31556,-4.953931406816596,-1.4659211082887413
W31558,-2.5414297592197594,-2.1402851926631956
W31559,-7.3111841355614615,0.26833164207417615
W31560,1.135443469380548,0.5803868140598543
W31562,-1.7219024976329238,-2.400489380979794
W31563,2.9262313823202852,4.227212378487339
W31564,-3.0681270926624715,-1.7929487041849177
W31565,5.109163272126141,-0.29184449803195955
W31566,-4.482944795778887,-2.593730285768877
W31567,-6.816461607872047,0.5952488643885013
W31568,-4.506179067788561,-2.071821600731971
W31569,1.2707464327460944,0.31930878289948067
W31570,1.4331054740385127,0.7009446531613813
W31571,-4.795875841102279,-5.4643463004796535
W31572,4.85776809696158,-2.4975731558575487
W31573,4.212655322066051,-2.5797616723740835
W31575,1.5027699112461974,0.9446311322943923
W31576,5.770152024535969,-2.084641444053928
W31577,-4.067172506050104,-5.547322173483694
W31578,8.261243861026117,1.2481816764503968
W31580,-4.090663163076737,-0.17540423355028073
W31581,-2.584918065402678,2.5604117374347717
W31583,0.730488353609489,-0.02421852896968171
W31586,6.901260517396684,5.065962328452517
W31587,0.5561857202906396,-0.8649226441838648
W31588,-3.7603961905441636,-6.904541624113661
W31590,-7.096054109520662,0.7448955229796101
W31591,-5.3844555093086175,-0.7319601017574682
W31593,6.378822091294148,5.139056305563255
W31594,4.682935528846617,1.3260336448179897
W31595,-3.7949303287084493,-4.77249157303646
W31596,-5.014044133949547,-8.502202578833787
W31597,-7.570486349920194,-0.23958085428469936
W31598,3.9960567422967874,0.6441169534219552
W31599,-3.4931017987753723,-4.8069625499757365
W31600,-1.4211170017996462,-3.5857049968655437
W31601,-3.500593224040123,-3.3110842702481356
W31602,-4.548416232678634,0.401853926000613
W31603,-4.1870352216155915,-5.173999190453492
W31604,1.3910674832323717,0.5539027348976795
W31605,2.15619054146873,4.341771492399804
W31606,-5.6518901877462495,-1.9145703804004603
W31607,-0.04692351686502798,0.09073676017318169
W31608,-6.603982498398357,0.7571126824419954
W31609,-6.395030507734187,-5.951577654767149
W31611,-5.34634120142763,0.8733262893788242
W31613,1.40041634950387,3.4350248814377706
W31614,1.1331546027595985,0.629155246969881
W31615,-1.1894282995395131,-0.13467259606691384
W31617,-4.793057240555751,-6.1402098028112855
W31618,6.526771055894799,-0.13718871829164547
W31620,-3.7155963917289885,0.532602245637995
W31621,-2.1071532786600353,-0.242200302843652
W31622,-4.057440713933161,-2.6867819708314684
W31623,-7.160783173610114,-1.4508136069626005
W31624,-3.0862399208456415,-3.005568801417319
W31625,-3.7951970666927615,-4.585626270095829
W31626,3.7365215282220485,-2.8474965414380824
W31628,-4.339109776124349,-6.454154482239076
W31629,4.028952178631683,-1.655557691726435
W31630,-5.456814296866884,-1.59978429922499
W31631,-6.9061205211952945,0.5348269539738766
W31632,-4.2038785462053125,-6.903171908416384
W31634,6.63801679602441,0.28765145594351516
W31635,5.845025443786396,-0.5665332101663171
W31636,6.148479788034821,-0.4072726054085157
W31638,-6.330610436131128,-0.3443171820990255
W31639,-4.482765651050173,1.3915725013658213
W31640,1.9850656909963096,5.599525809928991
W31641,5.081593957103721,-3.080477083089037
W31642,0.2128894665460812,-0.1789149985829965
W31644,-5.777044651456035,-1.7877201372120601
W31645,1.1013239455660748,0.8417053567814003
W31646,-3.4406313674072506,-2.2261205278675473
W31648,-4.709307351679469,-7.297023483046328
W31649,8.150590083462475,0.2282238009743973
W31650,5.605776757837412,-1.8661042473716158
W31651,1.0846855510269529,0.02114072384767301
W31652,-1.6186905078443423,8.588689121414827
W31653,6.479948485624236,-0.2186892290592356
W31654,4.59274544631382,-1.956310236531332
W31655,-9.491383792257784,2.9726689862470037
W31656,-7.977763379097453,0.4970058355108804
W31657,-1.508737575995609,-1.5565598923118753
W31658,1.565077673346345,1.729601890812101
W31659,0.8220103365253052,0.5715986317006578
W31660,-7.967012600202979,-0.39470424742409965
W31661,1.5426457292947409,0.4444957836241115
W31662,5.651829019060435,-1.5350840773812802
W31663,-5.5428471662998735,-9.634522895579655
W31664,-7.9442352994398675,-1.1549185623691922
W31665,-6.088279182486067,0.7170435435014929
W31666,4.521258035868071,0.5863184913293857
W31667,-5.396504249747034,-2.033003992872382
W31668,3.928481524226111,-1.3925489965519293
W31669,0.004802362515906236,-0.5362708059170176
W31670,-2.4998679637542636,4.956883735093899
W31674,-2.2003923158812513,-2.1948389408533693
W31676,3.965235236839605,2.2341405585135052
W31678,-3.520422386009416,-3.7052269556177704
W31681,-0.9766073919737635,-1.304297728739546
W31682,-0.7497376378254286,0.5647388545781847
W31683,-6.770973501334675,-6.356820077028704
W31684,-6.1603313057938935,5.157444845270058
W31685,1.0540914589577985,0.18247453397617028
W31686,-3.551940799618034,-5.811688589943903
W31687,-6.626827052465458,1.5632432830569145
W31689,4.2349692768693785,5.214561735554863
W31690,-4.948479433930432,-8.50695501303424
W31691,3.900433255828874,1.2510578789835525
W31692,2.5437806768682307,-0.6793340087889542
W31693,-1.8846090160250686,9.872340611776316
W31695,4.306287820452856,1.228169690525081
W31696,-7.341463964764695,-0.15974539215867098
W31697,-2.1449484733187205,2.743161005360601
W31698,4.161610828460348,4.650673479249689
W31699,4.61618313786839,3.059451568751283
W31700,8.851590633202376,1.2252506411829538
W31701,-5.243740017193629,-8.584004113557711
W31702,-7.145900203589302,-0.3904548047225781
W31703,-4.940990202916239,-7.990392370168111
W31704,1.6519227810027481,1.378390748948146
W31705,-6.859778132563129,-2.1799318717887655
W31706,4.363315354833193,-2.896373447900964
W31707,-6.559308420397033,-1.2498662760635724
W31708,-3.410959632095767,-2.2106162324100302
W31711,-3.040477772592701,-3.8729670034459422
W31712,-2.7426233570416194,3.509334368944252
W31713,-2.788332619579725,-2.4226994605231282
W31714,-4.428299783511194,0.9638379585127451
W31715,-5.75423595871791,4.58050363173742
W31716,-5.660703881496485,-1.7815278281487545
W31717,8.721007230999422,0.6247776673300823
W31718,4.931762524484464,-0.676180047711596
W31719,4.762835168563781,-1.8688727688366598
W31720,1.4571755723961188,-0.7311557651038734
W31721,-5.967192345402442,-3.806711868094248
W31722,-2.4889877007604184,2.6060440581399806
W31723,1.3023603554363785,0.9077337592075014
W31724,-2.241087628914251,-0.33232082230587134
W31725,0.6330931630217477,0.4498130092004961
W31726,-5.8551414400541635,-2.1333538870093243
W31727,-2.5063664941351598,1.5622857690579293
W31728,6.164701930315252,0.4258827241288886
W31729,-5.40296582587831,-4.973219412356293
W31730,-5.087443841112575,-2.397272334430599
W31731,0.9159862587585664,1.3281953371483242
W31732,-1.8059957733776377,1.4459041120376082
W31733,-7.425072998127194,-1.3069474967057242
W31734,-4.70421978908095,-1.5865801320843358
W31735,4.820928389702947,0.2554704440643612
W31736,1.5521328599232738,4.242018575222641
W31737,-3.6940849366694883,0.49195183068434234
W31738,-2.9887523952185657,-1.0950627571094829
W31739,-4.485626763383239,-5.194692084087191
W31740,-5.787607214544349,-8.414281885925046
W31741,-1.477856652050482,0.1957447321347646
W31742,11.498285635707989,1.1790431168972577
W31743,-7.346787027121769,-1.9642904941417965
W31744,-0.9731982409749144,-1.500869862222026
W31745,-2.6614185839608364,5.31626309226927
W31746,0.5029922534166813,-0.7330326396166167
W31748,-5.040575506793924,-8.449656463449783
W31749,-0.5922421383171143,-0.26788083069410334
W31750,-7.573039222498087,2.1023772049148244
W31751,-5.185607126511413,-7.787406740722462
W31752,0.9265621240298304,1.0482392272891012
W31755,5.044009992291359,-3.004440304479439
W31756,-1.6918398583166248,1.273726739985391
W31758,-5.962101959708013,0.1636282496222673
W31760,-4.8177907650718685,-2.593598720597704
W31761,4.878633249849771,-3.198083457589414
W31762,-5.148369124120192,0.650738044356597
W31764,-6.874120081936049,-0.44736770169777407
W31765,-6.863887762146732,0.2565737044488302
W31767,-2.3416270250022273,-2.0513562778924688
W31768,3.882148520665395,2.0211937877165487
W31771,-0.6974847769184861,-0.07232785443451023
W31773,-1.9220836204229135,-0.2923067389422029
W31775,11.845813333180082,1.2948473381360326
W31777,3.998637102368166,1.6361013118924714
W31778,1.6502665171611168,1.2547558130619887
W31779,1.2809889402125598,1.3401332550078195
W31780,6.771804068150674,-0.30631350334108415
W31781,8.596942090725895,1.0846128800406887
W31782,-6.788480168568898,1.5178416367750678
W31783,2.1087350912828535,3.993140013346568
W31785,-4.43573956209979,-7.824406555516222
W31786,6.853796825561861,0.10308007593262422
W31787,-1.0468598479854803,-0.9178973691331279
W31788,3.1832479687631925,-1.7951013128821467
W31789,-4.494630689464946,-0.04204185540484407
W31791,-2.2094834366623615,4.2106455679296335
W31792,-1.9623119359359376,2.3501153507825414
W31793,-1.6507121836544676,-2.1083781704578146
W31794,-1.571152953063661,-5.661444240120419
W31795,1.6105597467609902,0.06606882456561468
W31796,0.935777717005867,0.5510936835990122
W31797,4.022279023914332,-1.9516595038471467
W31798,-7.6614422745691115,-0.566571474762114
W31799,-6.395672120737814,-0.6906897985782803
W31801,-7.166410681926901,-0.45115100404565034
W31802,-7.216911580185033,-0.147444181410352
W31803,5.003128141897074,-0.3284418796749495
W31804,-6.766540602429101,-0.33333573895721835
W31805,0.6395017238166315,0.46718067574170474
W31806,4.343729523791474,4.220895848956348
W31807,-3.712287961793957,-0.20274017117652232
W31808,-3.174520086744081,-3.950144358276095
W31809,-5.915898997743706,-0.7666235323181106
W31811,-5.767621312683819,4.600799036500052
W31812,-2.3417159677804364,-1.7676909860868688
W31813,-6.7717417042193295,-1.9565187902536847
W31814,4.803731003365004,0.2251106792137285
W31816,-2.538733276033232,0.04865279482994886
W31817,-7.1146379822804295,-0.9373429775482301
W31818,6.524148571254681,0.13131629074668758
W31819,6.092212660560796,0.1053219123839753
W31820,-5.220870107787529,-7.287138927682716
W31821,-5.7036660448052485,-1.0860267700221848
W31822,-2.534510427054457,3.582173929576687
W31823,-4.406188152996694,-5.712133345526327
W31824,-7.091265802548587,-0.15833621326025837
W31825,-4.652776416264038,1.2757976987617978
W31826,-3.331104073165247,-3.829280430007841
W31827,5.277146096491491,-2.246956048530138
W31828,-4.452760103525274,-1.3966548089555344
W31829,-0.6663961857881882,-0.4994678329491013
W31830,-2.392065098305992,4.507716887322983
W31831,4.886952998423269,0.4329697899666325
W31832,7.588556758702433,0.5947568742119645
W31834,6.74285166716505,-0.6782325822831629
W31835,4.437962408911682,-2.293636627018035
W31836,-4.685287142909125,1.5992601211510535
W31837,-3.7983432173211886,-1.809267998115639
W31838,5.344706427796786,-0.7070905982736614
W31839,4.700515569371128,1.8217570636183302
W31840,-4.749575540799194,-8.22939003859951
W31841,1.4540963424125604,0.9840259013400744
W31842,-3.454175632196495,-2.324929166999266
W31845,-7.545785782485135,-0.21884030697071288
W31846,5.942043696849657,-3.4289459554766926
W31847,4.288729163871383,-1.6881516006967543
W31849,8.416573311952547,0.6449454171347655
W31850,5.593044104820127,-1.382960626623962
W31851,5.822608831770603,-0.2959732907518064
W31854,-2.3789998213261856,-0.33450722042506914
W31855,4.6833372835958755,0.34567160195244273
W31856,-4.120665426775275,-0.5519787385894532
W31857,-6.040453233986439,-0.23730099237167143
W31858,5.204073941768139,0.8330011688297138
W31859,-0.5422210193659851,-1.0321344093323541
W31860,-4.52095337537488,2.2826728408717014
W31861,-4.28761809741161,-2.8367269712884347
W31864,-4.902699134028379,-1.7086186884622343
W31865,-7.613708998362986,0.5854200732977799
W31866,-7.767580661178323,1.4182828946165411
W31868,-3.7729406642329453,-0.14470478217111926
W31870,-2.7828735021826136,2.5368617012808903
W31871,-4.3081907597447575,-3.720912603060481
W31872,-7.711482771456539,1.3702272605042036
W36865,0.6668081209210892,1.256651639844306
W36866,-5.530024544005453,-3.4734756485205582
W36867,0.8647675040296596,-0.750985015116982
W36868,-7.018395704163572,0.4202212723294916
W36869,12.354271183559186,1.758342095340322
W36871,5.429270285988793,6.378774797099296
W36873,-7.752344287158485,1.9828556410850577
W36874,-7.238905601753582,1.0079638051291928
W36875,-5.815252031657017,-6.288952928609796
W36876,6.081898271215537,0.12085028963443548
W36877,-2.5869305826274216,-1.9480727002342977
W36878,4.520292825206055,3.17401833128199
W36879,-6.007882674019207,-1.5515212247792942
W36881,5.385084588203299,3.300443709950533
W36882,3.547798651759311,-1.844271275047322
W36883,5.67544647115747,1.815845921880321
W36885,-3.852553822013179,-3.203195916225783
W36886,-1.4650539910632299,-2.8657593529892833
W36887,1.0069690769697581,-0.3318672350831128
W36889,9.188380731034204,1.69404294790541
W36890,-1.602204415986711,8.610292301738978
W36891,-8.366454666827796,1.6398659508273579
W36892,-8.126597582263658,1.3211982007509238
W36893,-0.5929466946283662,4.386312323272806
W36894,3.358463567318718,5.094814662086242
W36895,-2.9323446111334217,-2.360459367655237
W36897,7.920987204333973,1.7136231564736897
W36898,4.4275905638654,5.373656169175892
W36899,-1.3697879507838173,0.04846559499893843
W36900,4.473639258762225,4.5956299217454015
W36901,4.872305271695132,2.600701310521069
W36902,5.476352793317895,3.0735706944816825
W36903,-7.306454164919305,-1.2954455273926704
W36905,5.928677790118237,2.696101741736409
W36906,7.922991723980834,4.0756644227222925
W36907,-3.8327377522820396,-2.357452328245761
W36908,-3.546002711214099,-3.560450209694236
W36909,1.1224215813408454,0.6010009532868197
W36910,-4.150770010974718,-7.982799576987082
W36911,-5.75261324774465,-6.20611407425732
W36912,-2.701282130273342,0.6091667596224402
W36913,5.4033601834819835,2.7444201391997987
W36914,-5.699589623854811,-1.1779860242529934
W36915,-0.03657212537722332,2.0314505252079913
W36916,-3.169678215423186,-1.9274453888398986
W36917,-5.87761285593105,-2.323467004158865
W36918,-2.673066883018471,-2.485768602803923
W36919,5.64715510065816,2.786898693991466
W36920,-4.847101475963423,-0.7083082452124922
W36921,-3.541798508446859,-6.214096547185122
W36922,4.354219696646087,-2.03737805926806
W36923,6.399178363465167,1.8986921373463654
W36924,-5.954251178715673,1.0503738154070006
W36925,-7.5118590167231725,0.5395871326870465
W36926,-3.6863299592065655,0.3219323173529524
W36927,4.305594309001289,-2.5509703449014873
W36928,-2.3928263952551907,-1.4736398787076121
W36929,1.016803817794987,0.6660409686351783
W36930,-3.377889077263526,-4.16698494392878
W36931,1.1451362087011387,1.3507911055434816
W36932,-4.8395485458657035,-6.492611664627133
W36933,-3.9433990639456242,-3.5178686603570286
W36934,-1.6442178237821092,-4.396763980334316
W36935,2.8297507822626833,-1.5208661729933715
W36936,-7.77959785366679,0.1278445135371396
W36939,-3.0722931454139504,-3.391387734910398
W36940,-4.726342628553287,-5.629251166786884
W36941,-5.67219384184533,-1.1214175587810957
W36942,-6.192687213600569,-1.2583869629992421
W36943,5.689170856953875,-0.20863147823311426
W36944,1.7374817627575763,1.552063212853371
W36945,1.12602573221478,0.8698665803180853
W36946,-4.085589314979754,-0.13219524493063206
W36947,-4.81314540226163,-1.177287271233652
W36948,-3.9823736807346584,-6.230779334905273
W36949,7.358615912629893,2.5276936907617453
W36950,8.656118117855067,1.302685338879714
W36951,7.492362792623454,-2.0990915989371097
W36952,5.805898739173626,-0.6533661642182191
W36953,5.33475261058716,-2.427519116934368
W36954,9.162619084384518,1.0928328496289825
W36955,-3.3806831320433712,1.7642040620698924
W36956,-5.49455808264321,-2.264393320172315
W36957,-5.775058247724719,-1.6978626687783072
W36958,-4.140330596947743,-7.828072322744878
W36959,7.984408933276965,1.1705933656742415
W36960,3.1055795820376937,4.680179449352726
W36961,-3.68924257676662,-2.8600892995693377
W36962,-6.020101126945291,-1.5858274625893378
W36963,-3.0851633614678673,-3.636361413119167
W36964,-7.637881098581936,0.9393950281932006
W36966,-2.9504279498205723,-2.5086783876196854
W36967,12.60576357802265,1.7410656522393295
W36969,-1.9875544839484232,10.335103167790486
W36970,-4.975536905927377,-6.005861821829501
W36971,-7.775334006550464,0.21724270482305152
W36972,-2.183988798234926,-1.0089919092124089
W36973,-1.6239801249384018,-1.899342917932017
W36974,2.7564549272217262,4.8580620468618
W36975,-5.294577700991925,-3.802053113215614
W36976,2.561601952622445,0.09570760250657313
W36978,7.935401788378144,0.06678810182760882
W36979,-4.337478859953305,-0.31857097220586994
W36980,-5.190726133906298,-0.4596699807037008
W36981,-1.186355212955454,6.699508985394181
W36982,-2.1127273946477945,-1.5997016320941435
W36983,1.7915846852672792,5.335401015322081
W36984,-4.597630166513235,0.31938059892562926
W36985,6.8542031948279005,-1.6102254870631891
W36987,-2.6662743673209373,4.185319922688411
W36990,-4.649965365204283,-2.0116176208690044
W36991,-3.86450663826836,0.8271684203124643
W36992,6.4371118205622295,4.423263553359112
W36993,7.6620096864085,0.7522011492265891
W36994,-3.907689810402904,-6.789628724812892
W36995,7.99471474924274,0.3298508915824853
W36996,4.726909957189173,-2.9883273063847096
W36997,7.649936401831298,0.9560192116442713
W36998,3.129988855707014,-1.3733746275970897
W36999,-2.453666921663001,4.834503019248163
W37000,-6.1951952452272385,0.2892334388458344
W37001,-5.194383671962105,0.334713795067897
W37003,-0.08136071196137495,2.511170631169201
W37004,-4.886661173458462,-6.921642872477455
W37005,-4.090216968601601,0.8432848277795162
W37006,1.3463937558550871,1.8944272915516136
W37008,4.7578757229365545,2.6225983351807822
W37009,-4.572957925075493,-0.8293543934961828
W37010,1.369645500909267,0.6001777014757115
W37011,9.297336976425028,-3.148724018941866
W37012,-4.328409240772607,-2.152704163673462
W37013,-4.899299543344053,-6.662108135556663
W37014,7.537320638558059,1.4590629187638373
W37015,-2.365760481692912,-1.4551027156979794
W37016,-2.591615296474376,-2.330468254326158
W37017,2.7622161166589603,4.764483427779808
W37018,9.328496408739499,0.9528564908360474
W37019,5.606231605816376,-0.015044250803405747
W37020,6.993176791588542,0.4926120430235931
W37022,-0.02560946224774504,0.5623060498777106
W37023,5.5973441072222885,-0.08040609173857338
W37024,4.901966981543435,3.446093322372113
W37025,-8.297670488173928,0.32011545233101363
W37026,-1.8991691769956587,-2.6826931245617343
W37027,5.17809126644356,-3.085600448261867
W37028,-6.534500896050524,-1.52824707368039
W37029,0.5099721897490784,1.223319607897456
W37030,5.280555072015604,3.4647567165924515
W37031,5.4538413516356,3.2539131181791583
W37032,-6.546161227387499,1.444845626178707
W37034,-2.009335011284215,10.43297312696017
W37035,1.0425453398809306,0.4239260990256139
W37036,7.534716410351339,-2.2556814737532913
W37037,1.7889285208615355,2.6425170241097415
W37039,5.5364582479165465,-0.09486626240242552
W37040,-4.0369841326692075,-3.514673104543846
W37041,4.784747484594702,0.15977782065266216
W37042,7.853944883022323,-1.8519831523855916
W37043,-2.9733189703469867,-3.077024933313099
W37044,-2.7597328112356942,-2.9534886032694563
W37045,-2.256756741371388,-1.7099933688394224
W37046,-7.8016179751748975,-0.9848522725096844
W37047,-6.068772952258677,-2.059880893145672
W37048,-5.5055173094732055,-2.3495167594922184
W37049,5.193070133993863,-2.3575175941611732
W37050,0.996338344065214,1.0873634401851813
W37051,3.8119432504244135,4.9516400998490075
W37052,4.33673435323749,2.606597399054132
W37053,1.0903082212210804,0.8471934745191074
W37054,11.69131023557018,1.2710170646986758
W37055,-8.846612611988485,-0.4074141218238318
W37056,5.301645892998861,-0.03736513839679913
W37057,-2.997429965129298,-3.343855624761143
W37058,-6.001177907942182,-2.9704739337504122
W37059,5.035073937673585,-1.9483769728661977
W37060,-6.351696843323952,-1.5262103185444027
W37061,1.559039809515885,3.6900062390945325
W37063,-1.5986074800329728,-1.9717144945888778
W37065,10.266398196778166,6.411151288514722
W37066,1.5761537659668623,4.279452494312367
W37067,8.357203119052707,1.339688255280559
W37068,4.395165869580218,5.281196445875424
W37069,-6.932714504854832,1.5381601433642274
W37070,-2.2270331793592835,2.150554487378846
W37072,1.314517379034279,1.7997574112078438
W37073,-6.515230377256485,-2.406407085145132
W37074,-2.5951953362352813,-1.9555714500447199
W37075,-7.384582352163584,1.5888944072159255
W37077,-2.163059264577037,2.010218943627124
W37078,-2.073735564369189,-0.9808742662132032
W37079,4.492458867180559,-2.5825095589906137
W37080,-3.9458166959075482,-7.357561477478088
W37081,-6.023920087187202,-1.525367122777001
W37082,-3.9613294725219514,-3.22859049966602
W37083,3.420197083474914,1.1432850688521672
W37084,4.174189470403247,2.6283021050821316
W37085,-2.7595177559684374,-2.1198077445183037
W37086,1.8918559337867065,2.9688898089066744
W37087,5.57303268173618,-1.7877683061854486
W37088,5.50142764154163,3.960663817485927
W37089,-3.8613158982195395,-5.886887585944018
W37090,-0.5230770339780002,0.31281927827476663
W37091,-2.050774383743673,2.4235924547699734
W37092,0.25766769222730207,0.011460788685244055
W37093,1.0032147529272364,0.06526920159698214
W37094,-3.9522586793755936,-4.992016486812222
W37095,1.401750393758388,2.04609790140377
W37096,-4.428516454747841,-0.9632840226790684
W37097,-1.8352774538903245,-3.7053373853983484
W37098,-5.264191518102897,-1.859640071663068
W37099,6.861493817674073,1.8376616687018785
W37100,-4.7193497173759,-6.509830754788614
W37101,-2.8959947773311474,0.11235861244136758
W37102,-7.670591673794707,0.18088954636837878
W37103,8.86994108044672,3.9518394590573873
W37104,-4.2682779030447255,-1.4686012829276294
W37105,-4.735297721684354,-7.501943866725421
W37106,6.201573993521905,0.5474803723484426
W37107,-2.3220907268426823,-4.487059119498374
W37108,1.6505280868575567,0.6877168509246266
W37109,1.3417771905824727,0.6723214553828989
W37110,7.138861866268262,-2.377148078246693
W37111,-5.870310222167614,-2.3665468649208274
W37112,5.110199611892269,0.10792446119543957
W37113,4.50839149154953,0.5793052548819037
W37114,-5.563949555927454,0.8103963926723071
W37115,1.301953163826251,0.8237290380551519
W37116,-6.891775511345557,-1.1546246884681137
W37117,-4.50290912887478,2.2315314627031424
W37118,-3.4918716029741894,0.2832567544181319
W37119,7.20263994039983,-2.0141331138085197
W37120,5.754831571869843,-0.3135432964003512
W37121,6.199230929625361,1.4097855034833908
W37122,-7.808973605489123,1.2668744100310356
W37123,-3.7661225432721723,-4.977630452979235
W37124,-3.4277799176590675,-2.06835270341841
W37125,9.119287016948359,1.0757673056518795
W37127,8.14806223044276,1.396588580295078
W37128,-3.48881239946261,-0.8545074815558747
W37130,3.838209387984087,0.9386598515194913
W37131,4.6612343300958115,0.6934462045868822
W37132,-4.571448783951942,-5.936079413559155
W37133,-4.074446441276308,-5.7004804454513645
W37134,1.358216675128643,2.865244953729259
W37135,12.890861678380155,1.5998625570394835
W37137,-2.4227231033721166,-1.9423971503856594
W37138,-3.366868049538431,-4.154962189858758
W37139,5.326494933183264,0.9104093115575369
W37140,0.4071839113744411,-0.10095276128894493
W37141,5.442753968339449,-1.5523815944527324
W37142,-9.415514787938708,2.9495956879152923
W37143,6.109566258530141,-0.0018112766780960386
W37144,4.414468301515282,-2.600115222693934
W37145,5.911237421606819,3.060294535402947
W37146,11.916181549065819,1.307481415352291
W37147,1.7188769076345498,-1.1010541464004364
W37148,-3.4305380215755026,-2.7960904374224307
W37150,-2.2638774971701157,4.371046085532473
W37151,5.926406535768391,0.7667354455579931
W37152,7.35578057605324,-2.1782771298218173
W37153,0.8705942836206497,0.8908830181644141
W37154,3.163106304931361,5.094509209679222
W37156,4.007179481447142,1.8842106081178218
W37157,-8.595652218735145,1.6308755978591722
W37158,5.9899968792602,1.650623752498978
W37159,8.288168553414247,1.4988069830081037
W37161,1.4799598726750445,0.7728744578969879
W37162,8.782634578386489,1.2479145935756881
W37163,1.6575882182951718,0.5310398982431814
W37164,4.034042547973275,-1.740503646784205
W37165,5.3555545609526565,5.801259138182808
W37166,4.410863474994965,2.7308642085123704
W37167,-4.235763591358208,0.9263275939589318
W37168,4.69128302347115,4.48397126955653
W37169,-3.89088544536256,-4.355118289532445
W37170,-4.654561871526501,-1.8238143124861979
W37171,7.074188063224123,-1.9684852477981412
W37172,-8.36968229644099,1.0378100221474937
W37173,7.854867725537901,-2.053784331047525
W37174,5.88465151806568,1.412727502071286
W37175,-4.646025717078184,-6.122223995711365
W37176,-5.928376458763206,-0.844192265273885
W37177,-4.704470861296585,-0.003966190899290171
W37178,4.849947872177566,-2.5823020673235124
W37179,-2.8176791356810975,-3.0342245554112495
W37180,-7.214301794332859,-0.2602549867213115
W37181,-2.72687260807707,-3.9067193027091283
W37182,-1.2886808725263768,7.187266782687699
W37183,1.4397579890808936,0.3224966925935768
W37184,0.7824891497363516,0.34322971295593596
W37185,-6.117084357594184,-1.637533204614085
W37186,-2.145419755651823,4.116428616419191
W37187,7.837357062217338,-2.0285035080501506
W37188,1.2583654656233019,0.34380887291246637
W37190,5.120834772497608,2.5640058020004526
W37191,-2.432072938058121,-1.9679635585265374
W37192,-5.3619970048948495,-1.4520939767018204
W37193,4.869799733183694,2.7738728432750324
W37194,7.511155901514433,-1.8781725557261728
W37195,8.192281308330555,0.3717851526904896
W37196,-3.1851966145640978,-2.9096147714862513
W37197,8.746245034215425,-2.730608832972146
W37198,1.0939503017949015,4.384057377553061
W37199,4.478560354197811,2.8671824375666044
W37200,-4.3314987112906795,-2.8246882608963166
W37201,-4.2695343764919444,-0.10837581244122323
W37202,4.252601723217433,-1.718811878582882
W37203,-1.0685352108975215,-1.601988701348902
W37204,-3.769258277074206,-6.841297815273398
W37205,-8.3464101380959,-0.6979747434807304
W37206,-2.8828744806490243,-2.5754420652656576
W37207,-7.595167887948009,1.6391657542462723
W37208,4.063864674594982,0.43721902349306396
W37209,-5.116593509933977,-1.683232517687698
W37210,-5.148853409093887,-1.6398725310839746
W37211,-0.30812071099487764,-0.48789515011749596
W37212,-2.5288222991101645,-0.057706290979288186
W37213,1.2361243985132122,0.8520724487372124
W37215,6.303051082126176,-0.23317984413010628
W37216,5.228060387196743,-2.8141416595491253
W37217,5.284987653335825,-0.41145015743829644
W37218,-2.78467869391454,-3.4539573455316965
W37219,4.11919539635838,-1.5316499049107721
W37220,5.408461813311539,-0.04050335119845724
W37221,5.510831903111617,3.239651079587069
W37223,5.582831031370202,-0.292362087962237
W37224,-5.984116451656624,-1.4987112618819487
W37225,-8.314840884879272,-0.37895186562787836
W37226,-1.7595410716600557,9.309867926975233
W37227,4.891656562414986,0.07045661343928179
W37228,1.443039095080834,0.6163442353792871
W37229,1.084168940346537,0.24146698460659227
W37230,-4.277890626474596,-5.296536523917078
W37231,9.86850849386481,-3.4933443274739115
W37232,-2.6863067598446633,1.673647085319678
W37233,4.907046288264758,2.306025269411402
W37234,5.15601113372123,-1.6465669206216929
W37235,-3.657568152599659,-2.193669013683239
W37236,1.198311792599038,2.615531742207167
W37237,-6.929657811578439,-2.089889109424666
W37238,-0.3820714129546934,-0.8243830609859909
W37239,4.646353760150346,0.17804785472026985
W37240,-3.4539096629011423,0.29907337030748743
W37241,7.437083664432846,0.49357808065207026
W37242,-4.947815825367774,-0.31572658906475803
W37243,5.193408939080668,-0.12251252759186702
W37244,-3.419327254120057,-4.4138158653214665
W37245,5.887324105942696,-1.642925358689089
W37246,5.375441359054149,-2.5708980228520617
W37247,-0.04629937510788673,2.3249716103490154
W37248,1.6507119059460698,0.4075711165357735
W37249,-5.928699450060984,2.0247885955208678
W37250,8.896979357898717,1.5628973369899009
W37251,3.886898993247055,4.635024136957319
W37252,0.3524689534457591,-0.9344741599287362
W37253,5.216987194520036,-0.748975174179822
W37258,-9.159487668342924,2.811556029454237
W37259,4.422993200794827,4.600093093437824
W37260,3.0405182051664346,-0.5287061201794468
W37261,1.734209418689773,1.1698855774291284
W37262,2.1614091761383136,3.7801631660761905
W37264,4.6004029805922295,3.8968124691874526
W37265,4.330322843829103,3.8330337943763646
W37266,6.758091733417621,5.349964911948944
W37267,-3.5879732399201245,-6.516094421915592
W37268,1.3360548197196522,1.7882579654630073
W37269,9.9805504498042,5.971619245334524
W37270,-6.483905731722255,-6.056699641654607
W37273,-2.5063642034319327,4.94554578349955
W37274,-1.5524088903159954,-2.7070278496498177
W37275,8.49462698614777,4.143125236200596
W37276,4.8351308626590574,3.46890296149286
W37277,-7.435299841612113,2.017229729779457
W37278,-1.311051488137654,-1.4122785130500837
W37279,-1.448126512386493,-2.544569598104589
W37280,-3.556442619435264,-4.1625963653472144
W37281,-5.311345451338469,-4.986253749275308
W37282,6.0089438689866155,1.187688210980494
W37283,-7.553174261363467,-1.240853377353567
W37284,5.139888323514351,0.19784784410537504
W37285,7.357738335444517,4.277196399997926
W37286,-7.772069693693013,1.4678310441575455
W37288,-6.450870380285672,1.1792104308863134
W37289,-1.9518574014136267,10.174645839970395
W37290,-5.4187411185171985,-9.414358967011813
W37291,-2.203230933111292,2.8925188901759666
W37292,4.669238893492659,0.5759789917642549
W37293,8.059121525927454,0.3521510683450024
W37294,5.699483103445551,5.561998960784457
W37295,1.3081765546105935,0.4877083049029879
W37296,-4.117057688045451,-5.155608127349029
W37297,-6.374057032018298,0.7232335950578679
W37298,5.7759497327204485,-1.6172427932900626
W37300,-3.868791459287421,-0.297874016314697
W37301,6.05975812679469,0.6846077965863785
W37302,-6.615140091670292,0.4110372804030279
W37303,-7.338325055738105,1.7255801197060128
W37304,-9.649527456903026,3.0221701197639113
W37305,-2.5728971220698016,-1.8708460396167401
W37306,6.024008176259061,2.0588729078338233
W37307,6.880817740020577,0.8187518619941831
W37308,-7.0987267672653225,0.5121059686004561
W37309,2.383625837321203,-0.3230005817855665
W37310,0.19274881393753365,0.11068976678068577
W37311,0.6225214955404126,0.3705117340935021
W37312,-6.062163061747876,-2.7337774064329294
W37313,4.142015955006838,5.501367534791699
W37314,3.6453255664928093,-2.570950521112159
W37315,-4.308224504101494,-1.5338218136667419
W37317,3.3599379909733984,-0.7946095544776884
W37318,5.763607013359097,-0.2422666446925404
W37319,-0.7845160280951295,5.235308200290778
W37320,1.3473739814564158,1.5875493204979192
W37322,-4.9172624323232075,-7.22124669233495
W37323,4.105796214020179,-1.914648332064012
W37324,-8.523085979807172,0.7718528192959989
W37325,5.553033301573486,-1.5530985873306764
W37326,-5.424610634494283,-1.9623369546254963
W37327,-0.24940087822665052,2.5405671379256063
W37328,1.0020634222428255,0.05824495761544126
W37330,-3.8964845457103725,-3.0812408500581365
W37331,1.4907241123228077,-0.051103979334509525
W37332,-5.028120568552652,1.5048039527780646
W37334,0.7140810416312605,0.8112833492329022
W37335,-7.022067417531649,1.824107665215198
W37336,5.5294286481916854,3.989482149239599
W37337,-5.809440000510653,-1.4142522837016052
W37338,7.355827962645988,2.1938065369953397
W37339,5.5681627829979865,-0.5921316919035585
W37341,-4.552556177975442,-8.38195778739051
W37342,5.65395704816615,4.383618080503116
W37344,5.0905297405855165,4.206315245270671
W37345,6.7734024479743,4.077173781771076
W37346,7.169933654244529,1.9826936374263522
W37347,1.7920368006410212,4.687975149339772
W37348,-4.907834669514077,-4.414238288057135
W37349,-5.795322862686535,4.642251455280407
W37350,-7.658528516857472,-1.4362595465708214
W37353,7.689857398923849,4.049053754339684
W37354,-2.4216592161560575,4.737070244296839
W37355,1.4911223462498324,1.3453389210867828
W37356,1.0541362568431794,0.7384078766139689
W37357,-4.5852759602259985,-3.4906939325470905
W37358,-6.165745893264295,-0.843837063552461
W37361,4.396146563903956,5.665645493291608
W37362,-2.4209100049367196,0.2600344317213159
W37363,-7.017246107672873,0.6130803093900088
W37364,4.366532412828811,0.7893614312070996
W37365,8.435329831100097,0.4236245202721383
W37366,5.200282614492897,5.940855007243185
W37367,-7.142509484425122,-0.25392078323401635
W37369,3.4785215786354335,4.410200058700202
W37371,5.488259216228103,-0.12726002008921747
W37372,-2.540057001364007,5.054261141284229
W37373,-8.953366662041718,2.733902597713051
W37374,2.3410196383393562,5.108642023025189
W37375,0.8902771903036332,1.2076440434150002
W37376,-7.096209165418994,0.24029765696223757
W37377,6.800800758643552,1.6019328231193302
W37378,6.7794137016649945,-0.22512164918919148
W37379,-5.614560285064954,-0.8270185172510879
W37380,6.216253575699023,2.9816745488907377
W37381,5.852473116882707,0.4939701562974774
W37382,0.4459131403211587,0.5090980120931756
W37384,-7.239092422415245,2.0619523800883766
W37385,-6.385345606892722,-0.36435865107373033
W37386,3.700958571794753,1.3407365735582781
W37387,5.241079284544215,-2.5294475016387
W37388,-2.482131724423736,-2.3494991512618713
W37389,4.554388666003528,-1.8986116458004278
W37390,-3.688911991610122,-4.12237950038378
W37391,5.603579982803827,5.097440351047852
W37392,-3.605801115316369,0.9809595378410519
W37393,3.674919947550291,4.508939015662962
W37394,-1.4567604393982927,-2.3317684695113523
W37395,3.602256912258087,-1.7263113960754632
W37396,4.0578554484450775,0.4574280704435496
W37397,0.592907062291538,0.6353049724141183
W37398,1.460310873725937,1.0371302787478218
W37399,-3.5975643386604297,-5.922701437758665
W37401,-6.767976751428229,-6.413627775235773
W37402,-2.4600103144519005,-2.1822110989457073
W37403,5.051388872161375,3.390460774319525
W37405,-3.7659396114507717,-4.53597914827971
W37406,5.455619042201107,-0.16734433290133582
W37407,7.169753596760989,0.7634690597113236
W37409,1.8069985432943723,5.9129161933872005
W37410,5.370151526937866,0.5687402743428165
W37411,4.218021151087333,0.9978413877954123
W37412,-4.622361449092652,0.2283579079380755
W37413,7.348305593924118,1.0956881937457947
W37414,2.6488862074936743,4.034733816481746
W37415,3.9270129865786005,4.582261969711321
W37417,-3.999961827988047,-6.436282625057845
W37418,-2.498637555811651,2.5726303073061785
W37419,-6.72556977934126,-1.694614768751311
W37420,10.490025595015105,1.269392504308187
W37421,6.4193492731748085,-0.31755205612191884
W37422,8.73666255024234,4.664756039629563
W37424,-4.024688600885077,-5.504419645614131
W37425,0.3240008784042906,1.9123000416141764
W37426,4.365466830986046,1.5472106974739077
W37427,1.0098257280792764,-0.4024957691731723
W37428,4.885322690338915,-2.6547274597395356
W37429,4.396087114219327,0.6681978138288532
W37430,-3.347760764429801,1.8005812874959601
W37431,-8.303508520534843,-0.3390142131705576
W37432,-6.433374570279091,-1.3840979105276934
W37433,4.194896604594315,1.441516676797217
W37434,-2.863120394998131,-2.6663569873134545
W37435,1.9069279741226648,5.506020518311799
W37436,-1.627147102361069,-2.1171372304469376
W37437,5.478053942433189,0.9624266702262249
W37442,1.6436848859110935,2.4089974356636366
W37443,-5.145223085768752,-2.8055299545567185
W37446,1.5401808182235002,1.0353666734293678
W37449,-5.622710667928681,4.37917326439994
W37450,2.6355502280318754,4.817502598824052
W37451,0.7016205726641174,0.5672883391683807
W37452,-0.9195042143476978,0.21657434168683
W37453,4.328976216067485,5.145412737425032
W37454,-7.082596816751479,0.3662355784032007
W37455,2.099159805318386,3.1370653584948562
W37456,-6.568267025149734,-6.130369587320382
W37457,-6.016265057274183,-2.1902019634867282
W37458,-6.535277516807865,0.8719410145212666
W37459,4.596035380606035,0.9242424884382935
W37460,-5.002688073613578,-6.8025819127871285
W37461,1.0509367150702924,1.2744867367934967
W37462,9.384599290599947,5.303428421598706
W37463,-5.577610690060389,-2.665954258220869
W37465,7.884077988261089,4.393851233285468
W37466,-3.7220135653219972,-2.056836335053505
W37467,-7.99520667768797,1.9718717254734675
W37468,-1.0406446889105914,6.144305764845074
W37469,-4.423725754281518,-7.095710501738878
W37470,-2.8113296387583095,-2.453036417555509
W37471,-5.913578576169525,4.815098420664154
W37473,8.391436868819634,3.690851734304563
W37474,4.345180454398558,-2.049377431744417
W37475,-1.7057942295160824,1.0020044812412163
W37476,-4.408917587967166,-7.331313326465277
W37477,5.37344798578806,-0.45866138244036514
W37478,-3.1924083367099487,-2.864227613443868
W37479,1.330277287269646,1.9764254764810012
W37480,-7.66909950099302,0.9928172282996062
W37481,-7.265251391264841,1.9129452561665423
W37482,2.8945100686564267,6.323224858313549
W37483,-0.5683838332385631,-0.9602953444925731
W37484,1.7906553164751855,-1.2236470799547288
W37485,5.031689490375673,-0.4619596996162574
W37486,5.174116154001928,0.0039044007196225084
W37487,7.071834524103438,1.3007813043719454
W37488,-3.9348165308966574,-1.8718576160394749
W37489,1.5929046920635397,1.7661595686850717
W37490,-1.4791004990938994,8.068459588990082
W37491,-7.586510917154575,-1.2397927348360616
W37492,4.925585949415121,0.24518392317423374
W37493,5.252058117846362,0.4540963208497096
W37494,-3.2617866891518865,-2.001989208560634
W37496,-5.5555674834833555,-2.59795012414253
W37497,1.4548737918980368,0.803830317631869
W37498,8.150198249925,3.9374587963511227
W37499,-4.9170005170405355,-0.6396179593094619
W37500,-7.589064033866097,-0.2951955278516903
W37501,5.263937375322541,-2.9363419785684246
W37502,4.879631612674569,0.2998467101976658
W37503,-2.3512207085307737,-4.796641522645092
W37504,-3.6429836632326,-3.634585857133166
W37505,3.2918350583105616,4.795114780064427
W37506,1.2580691502186676,0.4871219087204332
W37507,7.9931828776125755,0.5308707068364966
W37508,-9.784243141048975,3.090364126377916
W37509,-8.621047642485781,0.244205742798372
W37510,1.4828406016370634,0.05650662589825443
W37511,2.521795034523389,4.63388097962373
W37512,4.222431109124389,4.349843312448084
W37514,-4.693761911707935,1.1923701393543813
W37515,1.472388791122106,0.6097264727831931
W37516,2.4674175997350174,-0.5527600265276609
W37517,5.212776671600135,-1.3680184042370807
W37518,-1.640773979748258,2.8810445491876346
W37519,-4.244468650814389,-6.941677218865749
W37520,3.908522937955637,1.7308020640127388
W37521,-3.67756748229275,-2.7657799313671987
W37522,6.577533138501719,3.8454356508814524
W37523,5.006527991137201,-0.46630716436208525
W37524,-2.2532596780716827,1.8468532845154049
W37525,-3.9193432446076923,-5.116996282523922
W37526,0.446410171780566,0.2783086890126498
W37527,1.2424991397113065,3.4043942537507226
W37528,-5.950431136006126,-4.184957160119301
W37529,3.747745193565223,4.243876562818693
W37530,-2.5980163040979947,2.5125068536437403
W37531,1.2070270328735406,1.649362507716965
W37532,-6.811435744750305,0.25705405547688776
W37534,5.981941375017217,2.1246614742267305
W37535,-3.80572121388784,-4.418840557279472
W37537,6.537957208582998,3.6713835113459656
W37538,1.4791567997156676,4.4362114319398795
W37539,13.016293208851863,1.8697447925100472
W37540,7.678636513815136,4.240905742190857
W37541,8.119577188291773,3.898534977242824
W37542,5.057364413319948,3.1802423150877996
W37545,1.7893083777571577,4.6076317781839915
W37546,-6.331428066297475,0.6587798303446377
W37548,4.064743683886745,1.8455249582043969
W37549,3.953127063064353,4.575410193491953
W37551,-2.8347807267393144,-4.813366382103957
W37552,-5.641513690621645,-2.6709336333211375
W37553,-4.5182188771738065,1.0243531542119877
W37554,4.4035604099249275,2.174186458812751
W37555,5.5435170781896215,-0.9966100729398061
W37557,1.0941280024024644,0.6904312084962371
W37558,-2.781297241374331,2.846705016387442
W37561,6.062972379467303,3.781118483103624
W37562,-2.559937184029838,-0.7950735389920263
W37563,3.966218529801624,0.9771418160592042
W37564,-6.726001117220047,-0.28663807032570415
W37565,4.693361297134501,1.1055664564224639
W37566,4.010683866895676,2.915587834669356
W37567,-2.0368981642328987,3.823095932808494
W37568,-3.9285261183719715,-7.158704669984526
W37569,-3.1885379546892816,-2.9916903976169005
W37570,-3.7291974331931845,-4.631975748020605
W37572,-0.5580369509839771,-0.4410021813338194
W37573,5.204328653812523,-0.19970477897962605
W37574,6.48723121558026,0.28683765846433457
W37575,1.768244840261639,4.582962741456042
W37577,6.487497057058978,3.9290790411302763
W37578,-7.05652521282323,-0.3258231586681845
W37579,-4.644485324076102,-0.7722824338198269
W37580,-3.3571268601324014,-4.458440856839647
W37581,-1.7965020974583412,-1.2726276722479415
W37582,-7.929343477256403,0.8929464288758016
W37583,3.02675583887093,4.303703229042517
W37584,1.0913558425225078,-0.2188657995000795
W37585,-8.805028786732294,2.6688938223936614
W37586,7.654355440320834,0.21270098944247415
W37587,-4.407900990334788,-0.50855980096959
W37588,-8.160472982263922,1.855133903148553
W37589,-8.733142817069751,0.0994931431506388
W37591,4.042621874828514,2.0691402258518523
W37593,-3.280245683227278,-3.68574536273814
W37594,-7.346868303637084,-0.4955809491633161
W37595,-1.9014265504222765,1.648743954982563
W37596,-3.9784397650234626,-0.2547726574104175
W37597,-4.252161007392179,-5.283572234694934
W37599,-1.6263480570543893,8.715758842889201
W37601,-5.561229819433374,0.1495704689448625
W37602,2.682885033760878,5.267209485328566
W37603,4.200413779404942,-2.869187167177724
W37604,-5.655875382314905,-0.02845760721412878
W37605,5.340838241031082,-0.09559971416961902
W37606,2.1403543873369495,5.243913647078575
W37607,4.213848672161437,5.471978920370079
W37608,-4.1818603723617045,-2.0533273037224546
W37609,1.287250692476591,0.5235573115669875
W37610,1.2825803469818595,0.7644896693191126
W37611,-8.294846452910166,0.19280516584949015
W37612,4.45622420956275,-2.932992643587117
W37613,-9.561194536163246,2.99722779858791
W37614,6.76871060130978,-0.1192712472394719
W37615,-3.826887138756708,-4.999802084192532
W37617,1.4670926417165016,1.3153010639790035
W37618,-3.7419055806984503,-3.111281754285175
W37619,-1.6676195389404453,8.898745205974178
W37620,5.010313433777449,0.08103140749123611
W37621,4.051738644499589,2.7311820571843954
W37622,3.4981320577785437,1.4163875439095612
W37624,-7.411325284694316,1.218405299539747
W37625,0.387534150758209,0.2446298996879315
W37627,-0.046264005220402166,1.2670339561277333
W37628,0.28290628055107125,-0.039201854724409214
W37629,-5.958198640217926,0.27804818593942143
W37630,6.255815953456841,-0.29914568739609754
W37631,8.648498744960833,0.17214351875945832
W37633,5.857451018083567,3.39662318041912
W37634,5.3934972654343625,5.423275772151896
W37635,1.7910962332577485,3.618936591582488
W37642,0.7643496078976009,-0.09871511125711357
W37644,-0.3006345425660485,0.4628660873457964
W37650,3.3581546092148664,-0.7856612654872797
W37651,7.969556594724862,4.020869364312579
W37653,-0.7043854955037148,0.5663369664131729
W37654,-8.133061098219182,2.349396588627074
W37657,-5.363005029504649,-3.3546862783279168
W37658,1.5596141313603848,1.5136736622354434
W37660,-4.604866077949477,0.7078630416276568
W37661,5.31546312714704,5.681815901233692
W37663,-5.5239961474834,-6.233554888359623
W37664,-5.969548818027303,-1.1801898981815142
W37665,4.648680451631027,2.3407318384090163
W37666,1.2008703241812222,1.2543290427813052
W37667,-7.147044681401415,1.765791411011767
W37668,3.501468993165942,5.117999883419061
W37669,-5.076001133281251,-1.3877220742560452
W37670,4.688399877536637,2.875728769252006
W37673,-3.240997049976115,-2.9682096762783106
W37674,0.363684865906679,-0.979243704060282
W37675,5.236162021519294,4.589912567260957
W37676,-3.131124458077478,0.002944637084985387
W37680,-4.433182756960504,0.495352607932763
W37682,4.739078132092909,2.0086982162060636
W37683,7.726214962952987,2.4022754718007633
W37684,-1.732861557368202,-1.5966140300679135
W37685,-3.876145702863015,0.7153981485281303
W37686,1.387886919562738,1.7100222141261838
W37687,-5.807583781385864,-2.6502424560986713
W37689,-4.108491048696063,-1.6927992883928729
W37691,9.105739613272773,4.414815582887181
W37692,7.6979839203969584,3.8486924034406074
W37693,6.673375048515312,2.2608925198851697
W37694,-7.904858814882579,1.7104768780007993
W37696,-3.5526249205657288,-3.5384041322277313
W37698,-0.6133685620674311,4.470685382125818
W37699,8.6280109166089,3.8033594855657045
W37700,-7.075110053967872,0.3436552200057757
W37701,-6.679467565832031,-1.2858367675200446
W37702,-4.923189081530818,-1.7063313750798275
W37704,-1.8399325115184817,-0.5797441646978534
W37706,-7.703310683165045,1.1901632252410406
W37707,-2.728557712694575,-2.055915309734816
W37708,4.717709861550746,0.14641813394369624
W37709,0.8388076316592558,0.9953747287894162
W37710,8.330983373829051,3.9514607629769203
W37711,-4.696497445821972,-6.989970762319163
W37712,-2.4997155150133548,1.7228355893224978
W37713,2.243183077530041,0.7054425740766098
W37714,7.572911641749818,1.7479269716124939
W37715,-6.0952533499617,-1.4063828386040733
W37716,-3.1773190839517906,-3.019794762418561
W37717,-3.4210866555004538,-4.113094372888105
W37718,3.37933572500334,4.595578010017266
W37719,-1.6961891258638568,-1.875771554953321
W37720,5.854014472852996,2.1334771230135834
W37721,-3.2957639181451057,1.6326015511573115
W37722,-4.97568742972219,0.0062203717261315895
W37723,1.0532177889775618,0.44317995760707524
W37724,4.051704837646879,-2.3753685303525347
W37725,4.942834080237304,4.399184854560096
W37726,4.77593632403773,0.1894686114967482
W37728,-3.112668339069234,-3.134452589485446
W37729,0.6635968271820493,0.7510929291770205
W37730,7.214334787819775,1.9350355288806977
W37731,-4.0845722793673795,-5.726028478142763
W37737,4.454571353924254,3.6807790348837237
W37738,1.837235651342539,0.6932088694233822
W37739,-3.492186188386685,0.9137892585077108
W37745,5.5021231783803755,2.9099160547227827
W37746,5.920461440013885,1.5754838418289074
W37747,3.5458431403262525,1.7589200194143013
W37748,-2.826179373858571,-4.683262957564641
W37753,12.89063534021343,1.880672009722553
W37754,-6.448656736490024,-5.577278988045155
W37756,-4.972131623447502,0.30220794784198163
W37758,-4.232569840631826,-3.230717162376217
W37759,6.10116153719098,0.33622459639374946
W37761,1.6614115207710058,4.978728311683465
W37762,-0.8655318629617773,-0.41553627479322147
W37763,-1.4520221292188353,-2.4475286410355404
W37764,-4.153525975407861,-1.39926478183421
W37765,4.133524483696935,4.67086755264625
W37766,-3.1555655661952713,-5.922695837100775
W37769,1.8107202954004538,4.8544391024140205
W37770,-7.027455741175963,1.7769897403823303
W37771,8.721092146596025,4.1602371845491
W37772,-8.003813756504538,1.289613469867252
W37776,3.76860145927135,-2.5023057859096722
W37777,-6.946560997921469,-1.830950218200303
W37778,0.10583262698231607,1.5553820350580996
W37779,6.11474072964145,0.2753058435007297
W37780,-2.50876177249114,3.4419267171779975
W37781,2.8713991280426137,4.155751163775658
W37782,2.925195590063599,4.645678035285724
W37786,4.829812984883845,3.6019196475534696
W37788,-5.724673173284032,-1.0754202982421797
W37790,5.575889544031232,0.9568833935394686
W37793,-3.3320418212521385,0.8385294469232469
W37794,-3.8624320994140837,-7.207000376686863
W37795,1.1776853372391225,4.097102414427565
W37796,-7.460351493421231,1.122166172048416
W37797,-3.1196848400763177,-3.418741233606267
W37798,5.725705513998978,3.076030438498667
W37799,-2.704952441612005,1.4194122929621464
W37800,-6.552032082025087,-1.5528249066328075
W37801,1.4100012802577433,0.2583693336047326
W37803,-2.950082091324591,-2.908338452342409
W37804,5.429417001820485,0.49121352342323943
W37805,-6.352209951523803,-0.35108277956515704
W37806,0.36202353725699626,0.4172426319769182
W37807,-6.823493436260563,1.1416132157727128
W37809,-6.132863478401334,0.6925302107738381
W37811,6.330085111490251,-0.36040557476878154
W37812,1.8267724134501144,2.679857916281218
W37813,-4.869668647894584,-0.9116713018345656
W37817,5.472887328201401,-1.6947955202730554
W37818,-5.2124758339623485,-9.000144434620234
W37819,4.771672102576282,-2.6945843781149477
W37820,1.9855439070048277,6.138409446455846
W37821,-2.313213158841758,-4.547691180464543
W37822,-5.395184438416311,-0.9978132348752523
W37825,-4.931332454124394,-1.0511884347568194
W37826,-6.84405839612556,-0.5884150181332805
W37828,-5.591282331546364,-5.927010883160198
W37830,3.4945809743791116,-0.9035846094350273
W37833,8.03654612501277,3.5235893038142434
W37835,-3.337379435915409,1.043491617906766
W37838,3.6894371056278046,-1.444165154453831
W37841,5.541023208291869,1.372004444887909
W37842,-5.429849453454932,-2.5213905295305907
W37843,-1.485455448999504,-1.9601555492154943
W37844,1.609227257726844,0.7692813496870409
W37847,3.182758743036248,-0.5522614722354642
W37848,3.2132241981041085,-0.33457040918301567
W37849,-3.3687837979193325,-4.7227140075769265
W37850,-7.755517654761593,-0.3864425580966938
W37851,4.868245840746115,3.439839774228393
W37852,4.381120935952701,3.590880645428092
W37853,-4.966843147199606,0.2789521334944568
W37854,-2.1529404485343466,2.0343552183684275
W37857,-1.2158713494269453,-2.332531821174634
W37858,4.953561679681107,2.2295335567249372
W37859,5.231138123640039,-1.652986662920223
W37860,-0.09023617189920734,0.21848725249779583
W37861,-4.172190427902535,-7.95211582312246
W37863,-3.7933886413861138,-5.574464364512491
W37864,5.667386902949269,-0.3231131971772704
W37865,5.7572961466962544,1.4404068796625924
W37866,-3.770129073732309,-5.41672356158884
W37867,1.452910373603113,0.9755959247863881
W37868,-3.2749328370553314,-1.4914346726801624
W37870,-4.780567459113568,-2.6413152961895805
W37872,-1.935281772897932,-1.7614632122733338
W37873,4.762485384842847,-1.962565671104685
W37874,4.565070108516363,3.031564124246696
W37875,4.441006800119245,2.842055506845023
W37876,5.305137928416686,5.6354170926394564
W37878,7.4947953909560345,1.7298822681505392
W37879,-2.296679694019575,-4.682555972423099
W37880,-5.570446919860293,-1.126583638897108
W37881,5.244757129055497,2.563853277056513
W37882,-5.049882920457898,-1.1042868826621177
W37883,-2.768200058846142,-2.381999463640472
W37885,0.03928617876812055,-1.0170140628980378
W37886,-5.314328119306372,-1.3810001148533972
W37887,4.690021240294528,4.302818895400375
W37888,10.01918365017706,6.00550787390269
W37889,-6.715933286505472,0.232716030302582
W37890,1.3039467702447156,1.2585891995077219
W37891,1.986264585433092,0.6486181109290325
W37892,-1.3836770394996512,-2.3213654565791595
W37893,4.770415955255823,3.287037067091761
W37894,-6.3255484743144805,-1.655948544957904
W37895,-2.96657372907177,-2.7079898654369137
W37896,4.760071734764459,2.308033463612374
W37898,-5.35030841287169,-2.492450656082281
W37899,5.548882694428056,0.00702757161835567
W37900,4.220460089085361,2.493257183525805
W37901,7.9006405847979115,1.2736258900682063
W37902,-4.586112447045096,-5.821033956266797
W37903,1.4871012306719935,0.6340364459826503
W37904,4.820600153134096,0.2783110766964932
W37906,-1.9796169065928872,0.9003458587822568
W37907,-0.1575570766080811,-0.46154118464790866
W37908,2.6544531494912493,-0.1843303024767748
W37909,3.0525473455119556,-1.2542575327485028
W37910,-1.7683245666873515,-1.8981924918887632
W37913,1.6307233226235263,1.083224540519181
W37914,1.0799533069192184,1.260383373212076
W37915,4.045002105432424,2.6894934484645177
W37916,0.9141822269796338,0.2549243765219636
W37917,8.173255699602228,-2.205558819736947
W37918,3.9837214209583856,4.547595563917759
W37919,5.214672161294906,0.02700127968505944
W37921,-6.7852777485163385,1.6419044949658104
W37922,-6.2388564117385075,-1.7483292159729764
W37923,2.7150207185061808,4.326965543590141
W37924,1.4884488417182522,1.2318265718627641
W37929,-5.245255914974639,-0.9573534790655303
W37935,5.171485858792618,5.943549499257955
W37937,3.14354276860029,4.152904145861921
W37938,8.362636864882175,4.201676358327963
W37939,-4.082383651903717,-5.669443283287094
W37940,2.405129843615545,4.503360278816851
W37941,-2.5854164193491704,1.3190598714479753
W37942,-5.340942287458836,-3.293642147604991
W37943,0.2409941670065393,-0.9671192862768917
W37945,-1.2962741237838047,-0.0722999008581272
W37946,-5.592022104789813,-0.058416520082003515
W37948,-5.436238476321406,-1.7338312749765736
W37951,0.6196463959742201,-0.7815441265356501
W37952,3.3171636782500182,-0.9944202840397051
W37953,-2.998475270195449,-3.1179835761691694
W37954,-5.4141037779993555,-2.307676357035704
W37955,8.699926026164375,4.156279466002672
W37956,-4.395059041386941,-7.300173932580293
W37957,-2.96672986665898,-4.125099777511176
W37959,4.611114929942797,4.050113003790896
W37960,4.17678768897064,1.4263777568628948
W37961,-1.0689795030069889,6.3306196889101685
W37962,-5.127516879582315,-2.0842396470961666
W37963,-3.3696274636523293,-2.6609818362428928
W37964,3.3707780046199334,4.6526659858246155
W37965,2.1203225172718936,4.2794604363381685
W37967,3.091940736191234,-0.4855156583145841
W37969,5.18424861187792,0.2258163008071401
W37970,-2.3084713823086993,-1.1040499398151882
W37971,1.1009007792554169,1.527534477288343
W37972,-2.33131762097573,4.563447353436649
W37974,-3.007145447895668,-3.2416671849240473
W37975,-8.691516431983466,1.6660602488969976
W37977,-3.515448707018103,-0.08130887471631941
W37978,5.808920077973643,1.4614846776577477
W37979,1.0123096626749217,-0.6636602820981066
W37980,8.259061033021283,1.3969256003882713
W37982,-8.086978781662687,1.447040821563751
W37983,3.8212897859576733,0.04107085972059538
W37984,-2.422276291723888,4.700409616527917
W37985,8.77716901486468,1.445162200557445
W37986,5.869735754477039,2.54227834503249
W37988,4.496914639993039,0.41573535140808154
W37989,-1.4872747788964575,-3.0058823731009614
W37990,-5.947860788719821,-1.397789277886746
W37991,12.528183834480785,1.6497015756702436
W37992,-4.95719681963953,-2.481854475424673
W37993,-3.1536718148074776,-2.108743262815032
W37994,9.870328400075225,2.0303263726491463
W37995,-3.374230647064981,-2.9441036856645
W37996,-4.057869388319629,-6.495582308687365
W37997,-7.377427425847921,-0.7685256048379285
W38000,-0.06937069487216863,1.4201032605071897
W38001,-5.909943918236871,-2.253649655987471
W38002,-3.6210857334380364,-5.1306861769902055
W38003,4.944593177259882,0.08692057683490227
W38004,-1.021632602236039,6.099727176857837
W38005,5.478567203972846,3.360135498438994
W38006,3.6385461143985185,-2.2946538522579454
W38008,-2.799298723012323,-4.581038192464083
W38009,-3.305238271626422,-2.0618526050743506
W38010,2.3552440883680807,4.560801174666162
W38011,-5.388106390280126,-2.8024728187362706
W38012,7.157070219361595,-1.9703432773442908
W38013,3.613519395760085,-1.7064719324735473
W38014,-5.0465339039497925,-7.385522470781919
W38017,9.437744573639554,5.20287964988997
W38018,-5.569050062956089,-5.1018898051645944
W38019,1.261384649845817,1.312356430361269
W38020,1.0576738694022894,0.7177257130447863
W38021,-3.554035374851764,2.00234283134186
W38022,-6.439349174791221,-0.9741768075050338
W38023,7.8921902308253316,5.195330933795604
W38025,3.8666041510382474,4.1453013859514325
W38026,-5.75365089753674,0.23181510722796295
W38027,-5.842002343321414,-3.123605853135979
W38030,-1.7185185345418548,-4.198702114040512
W38031,3.5621832884290283,4.462281268969703
W38032,2.745325020024571,4.410452120208492
W38033,9.869776150670045,5.821047010569199
W38034,8.870433582402713,5.261359786362498
W38035,0.9907421691754363,-0.3137589864402299
W38036,-0.3428197627762067,1.1751202580009013
W38037,1.5894422733064024,2.055703222095883
W38039,-4.062534951493707,-7.417190887965294
W38040,5.732724076062955,4.001064802755017
W38041,-8.763885582553094,2.666621664551677
W38042,4.2834071099218995,3.232549089732438
W38043,6.3170681704577625,5.082155338574303
W38045,4.155184536615027,-3.013097217221504
W38046,-7.382489079028334,1.056110781411854
W38047,-8.665824919337728,1.6648059927397982
W38048,10.220528028298679,6.333150509295564
W38049,-2.2387422380249786,4.343171790329921
W38050,1.6884140855678829,2.1036052320357617
W38051,4.578961171376949,0.33070800995203625
W38052,-4.193474878643813,-6.821438818988264
W38053,-3.6822464212945296,-4.32201947342579
W38054,1.303892570461359,-0.0029183762580058175
W38055,7.11575069671176,4.4183471970546435
W38056,-1.126085743280545,-1.6805563433289266
W38057,9.700261428526519,5.561748374600929
W38058,-4.951608755391588,0.22021254980805713
W38059,1.535634821232999,1.3532797843451887
W38060,5.095632465257796,-2.741814537387797
W38061,-2.2963864912606033,4.123561877054795
W38062,-2.611071603462173,1.5609029346607
W38063,6.62401070895759,4.602658810437039
W38064,1.05550287074209,1.071179125902985
W38065,7.888679248606951,3.620439914598925
W38066,4.158780729447454,0.9426076723147895
W38067,1.0505268049962997,0.5869436767178103
W38068,-4.753460570648222,0.9269497130339628
W38069,1.8534683401680678,3.9064961092429056
W38070,-4.738244222965793,-2.9593982009861084
W38071,1.3421514633328668,0.4625831078393039
W38072,-1.8119599460194573,1.837236142116287
W38073,3.675114637313893,4.780624418674015
W38074,3.81037680389538,1.7315541338753477
W38075,4.661627149644093,5.640418572745801
W38076,1.5309708183705315,1.4186921521242544
W38077,7.726015843919762,0.690812363548648
W38078,-3.7604824915650874,-5.1543943705052895
W38079,4.084149524918812,0.5288705255760213
W38080,5.2060190585154595,5.755820411206439
W38081,2.2059107490869287,4.362734010995848
W38082,1.5055906693738559,0.9222030340860536
W38083,1.1471929538092138,0.475964047784895
W38084,3.917767858470029,4.722450804499222
W38085,-3.347142405463972,-4.033947987450584
W38086,4.427570397421994,1.3460582733780286
W38087,-2.782837910328365,1.4338645623990132
W38088,-2.076330111489342,2.0303419723341314
W38090,7.0544631232761885,5.222069395529465
W38091,7.77611737844146,5.441407089010219
W38092,-1.7473553044300607,-1.1642773106982973
W38093,2.4926604096533205,-0.32423461963336475
W38094,-1.626236147852989,-1.4355656094549074
W38095,-5.7731614085362795,-4.9119281471211975
W38096,1.321125331497085,0.5971059037638272
W38097,-3.5105020725760414,0.7293404259387243
W38098,-7.7668402289432565,-0.7786130394093154
W38100,-6.421439122520673,0.1663385302499991
W38101,-5.712446794043279,-0.30886232470085534
W38102,6.394093312746347,0.5328830598113243
W38103,-3.2552202225969924,-4.891645001080524
W38104,1.0428513386449874,0.6193301411383708
W38105,-6.104426763383153,-1.579801200699878
W38106,-3.1580851421919864,1.6877267662634126
W38107,-7.38881243306057,0.5849752710340779
W38108,2.9647407438449904,-1.684805327484885
W38109,-8.286594376537536,1.3611175163944345
W38110,-5.278117396704986,-8.649005460715639
W38111,3.486453006844165,1.3785828103649487
W38112,-3.298792843658825,0.8620210015360193
W38113,-3.291067014384388,-5.5558600708224075
W38114,-4.762091890327275,-0.32577965214503724
W38115,-5.578800380674994,1.0882331362634534
W38116,2.595502470297485,4.9210739444032585
W38117,-1.509844726432629,-2.77067370087284
W38118,3.7947153615584073,1.3814211307106894
W38119,8.696899492235223,4.533006239316409
W38121,-2.791062245681919,1.6049605031645469
W38123,4.915471084146823,0.7173011168839774
W38124,5.266989391835079,0.36431905362255124
W38125,3.247481704100997,4.94182850536838
W38126,5.342424543319666,-1.3549266619211016
W38127,3.6010173925828908,4.266222293488926
W38128,-5.872405043982595,-0.6120392947291998
W38129,-0.6349939051096184,-1.2176838319311876
W38130,-4.738896003062249,-1.1862964814445134
W38131,-5.195629203137035,-8.575851237653758
W38132,4.952961146766989,-2.691713346472419
W38133,3.5814303191278345,4.527914261897468
W38134,1.43689278894815,0.7814469966616981
W38135,0.9035598164911701,2.305577476291459
W38136,5.678596263114102,5.805620934041449
W38137,4.3998601065918805,3.659550720552977
W38138,4.849297614361993,2.400568996334455
W38140,-6.071279258844815,-1.913261401294502
W38141,-4.863632591058569,0.5476126720441858
W38142,4.845806958062796,0.08707621847728785
W38143,0.6702264605450811,0.44390202792657873
W38144,8.643817917535825,3.9003195527372965
W38145,5.023375854316231,-0.7049208473690052
W38146,5.715209094265443,0.9157591295561233
W38147,8.390487588612421,0.7967816333382999
W38148,-3.3925775023135594,-5.915760013624965
W38149,-0.03438035686417524,-0.36170103996044256
W38150,5.014286242217597,-2.377706559038367
W38151,4.715081151953882,0.09068269977518112
W38152,1.3919130869345948,-0.030295846817184433
W38153,2.0538263295656476,5.194376001920876
W38154,4.929629409057395,-0.04710328254708952
W38155,4.626347740526676,0.9139025104967571
W38156,4.6679703463083415,-1.678127751039283
W38157,-2.3073389300098732,-0.4017137350748175
W38158,8.95904530302691,1.183185941467082
W38159,-1.6069118298855545,1.0919193933897458
W38161,-7.15429820434534,-1.3842638740673605
W38162,4.632272365531502,0.8645470446103617
W38163,5.145414415729272,-0.08864798273243461
W38164,9.056356464527186,0.6957554601955506
W38165,4.9520833177317,-1.9035090712690494
W38166,5.895800629007129,-1.5259375678230496
W38167,-8.69177685697397,0.6418113579044877
W38168,-6.294676886238014,-1.5620543263955724
W38169,-4.091875697958324,-6.4868423232684576
W38170,-0.0879643314768637,1.4544931604091698
W38171,-7.682414078778983,0.6470094993434627
W38172,-6.193105476675329,-1.7580918087831132
W38173,5.302013893263888,-0.7415763236285965
W38175,8.01884441543659,1.1626418022557814
W38176,2.8277092262008905,4.339036242717814
W38177,5.779157194599572,0.0187649179606024
W38180,-4.148051643758601,-5.795260807637008
W38181,5.94753102625081,-0.3117683943040969
W38182,-3.978554624154535,0.9132674101525801
W38183,4.232421762848001,2.589630263579731
W38184,-4.878760934787076,-3.7264563673437507
W38185,5.0188373992779685,3.0624686607741123
W38186,4.551443690380661,-0.013615614867212055
W38187,6.1356444372381,0.6383555987026126
W38188,5.938572832733604,-0.2976860721837941
W38189,-5.257180843791579,-8.915861268668225
W38190,3.8853619861607465,1.031566291210498
W38191,-1.6520771972457275,-4.232371495134206
W38192,5.12254763908139,3.141540186883036
W38193,-0.4106094968633476,-0.8411358295994968
W38194,-7.153539372494856,-1.905666852528752
W38195,-3.692702870691162,-4.342037927433876
W38196,-6.1460761855880435,0.44026509059738794
W38197,-2.3908951343584492,4.495376858986958
W38198,3.8068339143730494,-2.886416170958663
W38199,-1.5968130135109204,-2.85871900844858
W38200,7.17907664061226,1.826840917337598
W38201,6.207293656606952,3.0914772477377337
W38202,3.9480272433089207,1.1178327819656557
W38203,0.5673209838822287,1.0379717974836467
W38204,4.575933899181433,0.21863097542647203
W38205,-5.577140925008508,-4.3136371753092835
W38206,4.8176061507663634,1.0826088077124592
W38207,0.4137467799218656,-0.7994821098295053
W38208,-3.6721086050648712,-2.209393592691357
W38209,4.005069542990634,4.817803004482839
W38210,-7.934427984515198,1.6700744457020902
W38211,7.710688053390553,4.231738649054824
W38212,-3.923319302801527,-3.4660248457652987
W38213,-4.46135245772383,-4.307283680545604
W38214,-8.101649615828103,2.2839156851110856
W38215,-5.517216209811849,-2.5527089473396702
W38217,9.171640948102095,2.165456110748489
W38218,-8.132348480054821,1.3260923672153466
W38219,1.4961160528357982,2.562260548852276
W38220,5.69759987618352,4.675250787904821
W38221,-5.771363229611334,-0.3919133778386055
W38222,1.2232037013691726,1.1920971693000657
W38223,-0.5302150420820911,4.236126620623159
W38224,1.1370478282526901,0.39139279102556135
W38225,-5.350477626918748,-5.509727602281519
W38226,-3.3242972909089725,-4.303437676642402
W38227,-4.483650469701099,1.5053101719909772
W38228,-3.8626504054757453,-6.014306038377565
W38229,1.2562846842795294,0.8500722634813731
W38230,7.499748703667541,3.0044654210548196
W38231,6.96770268228374,1.4080224495236109
W38232,-5.663578604239242,-2.792573689175847
W38233,7.8793442370116304,4.430489262167903
W38234,5.117969553096739,3.1931991641169883
W38235,-8.834761940138362,2.711717024445707
W38237,-2.107672547873003,3.935699560950082
W38238,4.3396808580015875,4.241137467462946
W38239,8.358082360495192,1.2005552153256627
W38240,1.2155764762058008,0.5305519198526792
W38241,0.5038664616541734,0.7405927704381685
W38242,1.896059447632339,0.5945582820276228
W38243,4.549694299632023,3.67191125260905
W38244,-3.9533859333294217,-4.759685669688959
W38245,1.173325196382598,0.7779893719363163
W38246,-3.9998347457914356,-2.287773967979209
W38247,1.885390962169361,2.767969437713931
W38248,4.125575938876569,4.0651731310700585
W38249,-1.7079120960463414,1.9866201835418835
W38250,-1.3880497579753506,-2.170070704523617
W38251,6.47048038676862,3.0401334504547517
W38252,-6.580172104539287,0.6869607501853617
W38253,-2.840324010245625,2.2894973824283307
W38254,4.335410665221822,4.176481948629488
W38255,1.4037875690874684,1.8004213725380738
W38256,1.9095652928259903,4.927982256219189
W38257,-5.915192505699635,-0.5397798289825333
W38258,-7.962037382678087,1.8517038419007297
W38259,5.42903685842749,0.995744315173568
W38260,6.033912831099603,1.2519147334669414
W38261,3.7322723948232808,4.554831569464241
W38262,5.6982240271131825,0.9097629170397861
W38263,-3.8057683998610914,-4.845079873423146
W38264,7.771771751660345,3.398482028442163
W38266,1.177074004799639,0.536379299806575
W38267,-2.350214494812332,-4.310861989712118
W38268,2.1367819223420046,3.896897443607854
W38269,-7.835244287489376,2.29484637132507
W38270,4.511262461231412,4.048987622207645
W38271,-1.6476511290659022,1.2129381117109386
W38272,1.8047443600109039,2.407468862220291
W38273,4.839760073824857,0.732804807617636
W38274,0.8585344515342493,0.6442065951405558
W38275,8.724279182173706,0.5766834212587176
W38276,4.501245811261987,-2.6548361389621893
W38277,-5.7239222777595105,0.9119781634209917
W38278,-4.095442828226021,-1.4885255691325574
W38279,-3.084125577306837,-3.7860647180562625
W38280,-2.026063506917027,1.5286410862762494
W38282,3.5434105198530417,4.912350124847831
W38283,7.991079505159359,4.556000201300001
W38284,-4.148151816479842,-5.646746948882204
W38285,-3.539598231467976,-4.021262051856352
W38286,-4.032107400667927,-0.16014979829192783
W38287,3.033750113240542,4.279030993205162
W38288,3.1712771928831733,-1.2970232176615237
W38289,3.005300821163088,0.8226779908330746
W38290,-3.2939677609695046,1.745833317377031
W38291,-3.4543771982700644,-2.6617543056230324
W38292,5.3735362168369845,-3.641669893863538
W38293,4.039664593460509,1.1789857287621857
W38294,-4.208247267380529,-3.0411804426777764
W38295,-6.8954147483488955,0.7824047764710614
W38296,-6.570363771971687,-2.3903596794695
W38297,-5.844278757257604,-1.1284632868473394
W38298,-5.032215945459439,1.056259059314598
W38299,-1.6797806155869215,-4.99136468628513
W38300,-4.501130936120477,-4.603235073676883
W38301,-2.2126114351571076,0.4943782382826233
W38302,1.924630892938746,0.5921254840746657
W38303,-2.9386772180466854,-2.4974164305885593
W38304,5.212684746583986,-0.8026673520046974
W38305,-2.5593947864768256,-1.9180807601681247
W38306,-3.2553595269682387,1.1752252619160808
W38307,-4.254089558732019,-4.0260977276743946
W38308,4.616655694883246,4.5871672045874226
W38309,-0.3472348327235557,-0.8072653878058652
W38310,-4.709568085380906,0.5665806840335982
W38311,5.789306656962391,3.3107529845390093
W38313,-0.16390107162429896,2.4733990579574727
W38314,5.842782937524607,3.1130996736256766
W38315,-7.200136352022201,-0.30630996366146573
W38316,-5.983052028542287,-2.161115823809047
W38318,-4.408719828253577,-5.808114062517892
W38319,-3.1346073163241583,-3.4883321651748425
W38320,-2.3082290276740274,2.0190707811909645
W38321,-5.341655903846294,-9.530144193287978
W38322,-2.133517174424946,-3.016127208618525
W38323,0.6753902606076392,0.36138452125509196
W38324,-3.4470105711607006,-2.459064587137042
W38326,-7.9193826751013106,-0.7860549402915675
W38327,-6.361334185584758,-1.3065460263746982
W38328,1.7386624787219356,2.1934728584394225
W38329,-8.756510660834843,0.054571850368466596
W38330,-6.084706023795705,5.054990315424514
W38331,4.674361854011838,0.8420845900534987
W38332,-3.308315147435923,-2.5804435778349184
W38333,-2.5228341456532384,-2.207377693426881
W38334,4.166034288512219,2.6348687483594997
W38335,1.3682124932813922,3.3582114312801257
W38336,-5.000948806365694,-5.238159159980457
W38337,6.536218284811447,0.6360381364866106
W38338,5.601002544657769,-1.7054713605604785
W38339,4.881647703032074,-3.0243174207751364
W38340,5.267669442058068,-0.1553363131055425
W38341,6.579591989725796,-0.19183623925811952
W38342,-7.675608475382632,-1.9426144290853107
W38343,5.226854336211095,1.0154429957637245
W38344,-5.834943826184733,-1.0129338238169414
W38345,-6.145299102023015,-2.0972145644808493
W38346,4.524776324903895,1.6097817533156047
W38347,2.12936795718806,0.2527950248593776
W38348,-3.0562720850964684,-0.12215067440993166
W38349,1.4771582890142168,0.05645561342639328
W38350,-7.337159578308828,0.07720632021657696
W38351,4.388156353389,-2.245054755136957
W38352,-7.545617926277569,0.7214789519633433
W38353,5.2250183468746805,0.10208783523188546
W38354,-1.7987135784319095,0.30199065242480333
W38355,9.716051908805014,-3.3960802085029416
W38356,-7.643518515117703,-2.01031097488116
W38357,7.243070689733271,-2.125899534360032
W38358,-4.058983162851826,-2.000302480099045
W38359,6.58083947384864,0.058132395610147804
W38360,7.5401800998258555,2.6186204654115643
W38361,6.394063220132195,0.3861868408484558
W38362,5.039572247935565,-0.8343191679836983
W38363,-7.386600768607746,-0.7659935395469255
W38364,5.67605768604148,-0.1792845881113867
W38365,4.6743512829431095,0.8182765103100903
W38366,5.421468807021775,-0.3530407056523903
W38367,5.508710951722296,0.16158309961709752
W38368,-1.9597394653647962,0.04678477989151236
W38369,5.693958088972611,-1.7709114872181624
W38370,5.830740550006195,-1.0408416058232917
W38372,0.7348520358534381,-0.053525336566101984
W38373,5.933338406789443,-0.3221160119742589
W38374,-1.2277913264484046,0.6763666336876742
W38375,12.483944155116697,1.3257730345342702
W38376,1.1396587492740158,0.3253502420082179
W38377,-2.381138351251801,3.164187182002714
W38379,7.223728419404899,-0.6358854583828591
W38380,-0.2739445549367567,-1.4991285524774027
W38381,-7.617029077004676,-0.12763281025617668
W38382,-8.53334929614092,1.0201289470078525
W38383,-5.585899680672852,-0.2253739575513157
W38384,1.3391603377263472,1.0694138429755085
W38385,-3.6259222197962186,-6.649717515401114
W38386,5.303188467099382,0.3471136629356819
W38387,6.6658646199317895,0.039005891116534804
W38388,1.010307457240782,0.9342829590118511
W38389,1.2756720413234983,1.297597155460739
W38390,-8.725127738377518,0.8625512574407901
W38391,4.37311080876324,2.4949462257240707
W38392,1.2897129495323805,0.21056511855237947
W38393,5.989791580933171,0.671492059241607
W38394,4.404454514631159,1.7888236935983701
W38395,8.771919165316977,0.12393691328535081
W38396,4.92401454409227,-1.8356335504985237
W38398,-0.08525375879898002,1.925891905118434
W38399,5.292836764029179,-1.048399198192998
W38400,1.2160890899868544,0.6034022212102694
W38401,-7.83234487273824,2.2285464023273795
W38402,1.6771384562443101,3.773269333885271
W38403,-7.528822737019345,1.1605742369259133
W38404,1.0822720111546873,0.28672193899198223
W38405,5.5845337434908355,6.517124220757293
W38406,9.509165462632986,5.313717640562996
W38407,-6.219479488327997,0.1496059406934931
W38409,2.0667969741150687,3.4713588938771323
W38410,-4.9145466845146935,-3.857611673694699
W38411,-5.505666745003747,-1.136974105348046
W38412,2.6085337576202203,4.793006174100941
W38413,-2.426158871411433,4.415725090162155
W38414,-3.9800081620840433,-7.092021488234311
W38415,4.698109939552705,5.252865892699606
W38416,-8.35368055035265,2.406709379983608
W38417,-8.500925896614703,1.6103680090076609
W38418,-0.31418763395943766,1.1436015522338994
W38419,4.100021524994703,4.655567501122079
W38420,-2.6321583038316545,2.2989182607075054
W38421,-2.7611311319582725,-2.096299209436528
W38422,3.9188310880074564,5.448674581028671
W38423,5.476872423306066,3.1274499019244364
W38425,-4.702105795081753,-2.633255587886133
W38426,5.783029332971211,1.2638879680443957
W38427,-3.5542179274458587,-3.116190696008028
W38428,-3.900857446156994,-3.438278552707905
W38429,-2.9787196983833883,0.5182581172857706
W38430,-4.820978247500256,-3.58035230299613
W38431,-3.1984213385747453,-2.963850361466767
W38433,-6.054079274419988,-0.9838467906904329
W38434,-7.612272186767751,0.48316706425026634
W38435,-3.5326721658677003,-5.173146769389332
W38436,-3.91869101224715,-2.29006636403441
W38437,5.580029492874705,2.9425643987476606
W38438,-3.5992480952067254,-2.4110132820739247
W38439,1.014952932299765,1.2216945668835375
W38440,7.653601133446822,4.367512216407639
W38441,-7.333826313309565,-0.758897811482266
W38443,4.769784129238341,2.1502520733534354
W38444,-2.0674463022242193,0.8126174409703644
W38445,-2.960416568178273,-3.1694141004327743
W38446,-5.034779079764049,-6.945600072708995
W38447,-5.1528959674038015,-0.8283122626284526
W38448,12.715658383974024,1.8431564487157366
W38449,2.136383283061526,0.40130519106677626
W38450,5.173226031357304,-0.015835049239085717
W38451,-4.616622456591041,-2.8305768655062096
W38452,9.994225049457622,-3.5750577227817604
W38453,-2.980059190309432,-2.5766935251931327
W38454,3.6788415426880143,-1.4134287329244586
W38455,4.819149737889506,0.11630056071135084
W38456,-2.685412145627894,0.8832682071298936
W38457,-8.599948350799885,1.458908050366512
W38458,9.852554732594353,-3.4904384116233715
W38459,4.368034366502293,-1.7688529032620146
W38460,-3.1109065527875583,-6.235306732936358
W38461,-2.7062881985207765,-1.0470742790294802
W38462,-6.759874012035929,-2.037470317553626
W38463,4.626866903391626,1.6556244439751036
W38464,4.369791319074308,5.402401091227152
W38465,1.6251130476752935,1.8809525238599027
W38466,0.4989398411031827,0.88539990036907
W38467,0.4858728127764442,-2.992193814784618
W38468,7.061874537340557,-2.2905664659406666
W38469,9.146613764029546,-3.015715700341391
W38470,-3.86271339426751,-4.648630441245341
W38471,-1.8935519603857418,-3.278994853432878
W38474,1.1992200070873573,1.8911053388096737
W38475,-4.763428633809711,-1.2330332827714243
W38477,7.983355302429288,-2.091372396744949
W38478,0.9408194562613599,1.082493245132792
W38480,4.399004279158603,5.044205194546016
W38481,-2.085968848675205,-2.913059451268874
W38482,4.635809719021297,-2.8426775017952135
W38483,5.618915184693837,-0.06110203377996352
W38484,6.8781484045144,-1.1722376842265616
W38485,-2.54655744062726,2.361685400120964
W38486,11.277326230039014,1.2417095901393431
W38488,4.856969992628598,3.2080802282831966
W38489,-4.789953387873725,-2.101669240280333
W38491,-2.785991677404044,-3.6748528514300745
W38492,6.623456556307501,0.7626987971019611
W38493,4.563406329798634,1.3680985005445416
W38494,-4.34300893047549,-2.587366222826319
W38495,-4.447447024378031,-2.4602150850055273
W38496,-1.6076565602147235,-1.78113590580013
W38497,-0.9262038930050113,0.9671429282546471
W38498,-8.590517434524344,1.048149397552578
W38500,5.9725146123313,-0.10515178876762792
W38501,4.719585316236787,2.245217086137583
W38502,5.587515387494427,-1.8030486024169265
W38503,4.3036144927147,0.6565630562856817
W38505,6.053910558241468,3.2002011086557314
W38506,-3.817075525584855,-7.10112001139609
W38507,7.552580054797665,0.8931937143211245
W38509,-4.719647701063921,-6.262516224122452
W38510,7.9964337952817255,1.0605589486486313
W38512,-2.0919047146429817,1.5892221245008638
W38515,5.7986975648668375,0.704787023552027
W38516,3.808331733034147,-1.8533847894673006
W38517,4.7234895186108545,-2.2978638162764753
W38519,-4.804172430793279,-1.503299494418663
W38521,8.504794029357505,-2.4447560868083045
W38522,10.433850606794646,-3.8471938794145144
W38523,-0.09199637446871366,2.556946758748752
W38524,-1.1203452730493588,6.571868553366776
W38525,-4.810772344832189,-2.3857575730611824
W38526,-6.285494931487166,-1.6878244422631337
W38527,9.701923922764083,1.0141590308914767
W38528,6.0616367733730945,5.600125115585196
W38529,-0.9043840294371455,1.4651232287567364
W38530,-2.790984890888762,-3.645972678208688
W38531,-3.0034622432372524,-4.975706046342931
W38532,-4.987317699590922,-2.2041378501747064
W38533,7.080236477680518,-2.5170530559036144
W38534,7.3771829737739925,0.3103740747240658
W38535,-8.378166345973558,0.9098802488555787
W38536,-6.09355197420672,5.0670782028801
W38537,4.274190818690484,-2.205887533307248
W38538,9.902194274409323,-3.517853923014986
W38539,-5.214586281299866,-0.511025347253313
W38540,-2.7406421250828443,-4.299504156220819
W38541,1.1813524924807413,0.14529015941491688
W38543,4.75872592488286,0.9471913766639698
W38544,9.609126869884314,5.433780984706976
W38545,8.694043053697639,-2.6934633589782324
W38546,2.172661169832312,0.08968010705899952
W38547,3.620298100501601,-1.822790953216582
W38548,0.8473185800852664,1.2122081140771532
W38549,-2.4005982557615066,-0.6712506953631048
W38550,0.02653419969693877,-0.5585596712772166
W38551,-0.5723917247025369,-1.0114302605111027
W38552,4.904891133106229,4.035810884255828
W38553,8.067373737263988,-2.143534973438748
W38554,4.241268385614942,-2.6232036122936813
W38555,10.083932797254567,-3.630511542593509
W38556,-6.123652830325407,-1.5477705981995908
W38558,7.739872187137593,-1.962900232790506
W38559,1.8662949473770762,1.3298699845492266
W38560,7.197678175078315,3.2341821909760142
W38561,-0.644442315166264,-0.42882421402324705
W38563,10.452479709203372,-3.8531932669854174
W38564,-4.172298556918232,-1.3755739364907982
W38565,-3.7394944610515983,-6.511355969003907
W38567,-2.407450416137716,-3.9139530973846326
W38568,-5.289998204601944,1.0163584934152463
W38569,4.144688610554433,-2.379523854404197
W38570,-6.668830919537135,-1.8399328931056773
W38571,-3.9748417922053974,-1.0746644462940842
W38572,8.041037871152525,-2.1970935847747497
W38573,8.702778954917704,-2.7048300752788714
W38575,1.4059090683150193,2.4961255401820255
W38576,-2.3350736391826303,1.6600138472130483
W38577,4.763014359098534,0.18537718239397244
W38578,-5.3658606530591255,-1.967788945761568
W38579,-3.3266437453624875,-1.3379753544551691
W38580,-3.6631881575681913,-1.1374900735851534
W38581,-3.370688463949743,-5.84644310551583
W38582,9.521543783198835,-3.2707238554341393
W38583,-1.6795756117320246,8.951997655751386
W38584,4.459589513378645,0.3222576974409394
W38585,-4.948500104059518,-8.269674080344608
W38586,1.5491853448252504,0.22712615857615187
W38587,-3.8464971446361327,-1.945470174587782
W38588,-2.113226170984284,-1.804557992524746
W38589,-1.1993241468161882,-1.7760934460724571
W38590,0.6813145663202138,1.4657803133071576
W38591,-2.1152203142448953,-0.4075417787651994
W38592,-5.987134901440008,-1.752268732601575
W38593,9.737722221043404,5.582542721674339
W38594,-4.2774734001907895,-8.098030435339819
W38595,10.147811920794881,6.197836550546494
W38596,-1.9514455069833874,1.6698113292557561
W38597,4.977592488416198,1.0922331546660913
W38598,0.9228878014357565,0.48703346278269205
W38599,6.373356407149084,3.778695714255848
W38601,-7.199816946128845,0.993384068997748
W38602,-4.887550593712093,-6.393916961084206
W38603,-4.9319847077762935,1.7204746688574883
W38604,8.856301819817752,4.299198871508619
W38605,-3.728280902920012,-4.368100879872967
W38606,0.9113678496697114,-0.6038689310462598
W38607,3.5253098580744595,-1.9425250625786983
W38608,4.476018701383929,4.118572937312964
W38609,-8.260516867358442,2.3929810352055325
W38610,-3.021362484324419,-0.010721575699822539
W38611,-2.3002070224771516,4.175297165682948
W38612,-3.223519878785503,2.1333181880675474
W38613,-5.414242592951389,1.0889275587191747
W38614,0.9256421965754947,0.07830588553268639
W38615,6.697096069781289,-1.690048262621173
W38616,-4.780236321245933,-0.30517345380694705
W38617,-4.240454266282717,-6.530679870270659
W38618,-6.8674679358179915,-1.7304605326244167
W38619,-3.4289275386767173,0.5538728974810234
W38620,-5.482969603327151,-1.9959095962019278
W38622,5.740916957778396,-1.2535239702411043
W38623,3.730101141713998,-1.2531031742801793
W38624,-0.09093939278427608,1.6294335789999392
W38625,-5.360013797198109,0.20025481432990938
W38626,0.2301285630300747,1.193563799802778
W38627,-7.320719012717057,-2.014407418489951
W38628,-7.877511504707335,0.9839769958010576
W38629,8.585583142865744,-2.615372185186198
W38630,2.2074229743495546,0.05245900968339993
W38631,7.270603466598435,0.16890470347689568
W38632,-4.656694850930039,0.3578504416578315
W38633,0.36206577081719415,-0.3830597202550155
W38634,-4.134260047453085,-7.216929424843012
W38636,-8.232615908896479,0.22730886686579588
W38637,5.297967702855603,-2.34400258558612
W38638,-3.3268630545183306,-4.522185049879867
W38640,-1.4620750900636472,-0.21226337671211173
W38643,-1.4309433999123524,-1.8184581777587625
W38644,-1.8480827590396174,2.078574140255328
W38645,-4.471748326319414,0.03253723773860176
W38646,10.743132419352579,1.0747140951345842
W38647,-3.5657517981860707,-5.100969539580455
W38648,0.9745350086197331,0.7849152990428289
W38649,-5.958964335358965,-1.2227129934771581
W38650,7.178592780060625,-1.352881126029281
W38651,-4.398567402094527,-1.409215334838787
W38652,-2.690092622336621,3.9941305785602945
W38653,-4.397595549135276,-2.4136661544352638
W38654,-2.783936716076247,-4.834291838103658
W38655,-1.8216629269764233,-0.7724659702405478
W38656,1.3846743609890813,4.66581673817373
W38657,5.374181438461759,2.9403987448824065
W38659,-2.9134400747426823,-2.9772668138131335
W38660,9.232106812233116,-3.117047249176097
W38662,-1.2928266723400879,-1.9896958021612843
W38663,-1.225499846807575,-1.081682256412067
W38664,11.720148433831895,1.292788758120295
W38666,4.836302175953407,2.6741642838667423
W38668,6.133981811584192,-2.4900575520270576
W38669,10.19320291050059,-3.6999174058232724
W38670,-1.6385522748127506,8.769804786014275
W38672,6.218065661570023,0.36395204464587755
W38673,-4.976510882550941,-9.322577999006747
W38674,5.347890774278398,-1.7044633422386952
W38675,-0.41515642538814795,-0.9435321804825987
W38676,-6.7792164688396745,0.2569678481070076
W38677,-4.493401700923178,-7.7225487396539645
W38678,-4.3176665123650935,-1.6242948844724319
W38679,10.301671471233549,-3.764151507946311
W38680,5.363932377393597,-1.8100089147908258
W38681,-8.68182168181273,-0.3079862761702742
W38682,1.3968846906685355,0.031562906521500594
W38683,-4.164797678840826,-4.204317745713296
W38684,5.550447112215861,-1.4618364256654979
W38685,4.696495289471731,-3.5069647041454033
W38686,5.0538810020450065,-2.517713706987154
W38687,4.701378832307068,0.9836932671089882
W38688,4.9199111297950004,2.184838613226332
W38689,-4.514163161281628,-6.3858513296007
W38690,1.05458770668104,0.6576509720443073
W38691,5.2467301528727495,4.290740987264564
W38692,-7.8096149658394545,0.10798518432218318
W38693,-4.457691741115288,-7.475624095622257
W38694,1.6865459172023534,2.527267562516369
W38695,1.0529487266453943,0.531944631279676
W38697,1.8685355908489376,5.353345840814699
W38698,1.8816108697699678,1.4188957119271695
W38699,1.3781734300425768,-5.199833113162923
W38700,4.545796285699143,2.850787881487806
W38701,-5.227166150143151,-0.14189387934566433
W38702,-2.8253769707167273,-2.635940887194014
W38703,-4.967467666046494,-0.19169566579305736
W38704,5.1217777212056985,2.6527277179021844
W38705,1.327004172989255,2.3753991670003467
W38707,-0.46044656281548435,3.539126638592992
W38709,-4.762460888682675,-1.5113485311579904
W38710,5.599880682839374,0.21088478677107783
W38711,-2.4079617885799722,4.594503931301174
W38712,1.97875214454446,4.273045777907942
W38713,-2.634621357949755,-2.4941522186514775
W38714,-4.1238664219348,-0.9580380930917155
W38715,4.526040039609564,-2.209847969050731
W38716,-4.152031160835115,-6.266315181661923
W38717,8.639225860165398,1.2737029413703287
W38718,-2.7927504816372073,4.118724744926615
W38719,-2.901988210188457,-2.7644877629868745
W38720,5.299887581553048,3.2886191720220226
W38721,-4.995409605330044,-1.276579308174538
W38722,-4.706627470937186,-1.323421709923144
W38723,-6.896533379209249,-1.972564244645418
W38724,-7.524012906586754,-2.018018173221911
W38726,-2.137417720227803,-0.6929003688033608
W38727,5.22625303093585,2.690112779973458
W38728,-8.068095097090689,2.358422143629101
W38729,1.4057710377431645,0.8600707856383607
W38730,-3.353989200667859,-2.470116201781632
W38732,3.8961127368712787,-2.089810994076044
W38733,4.220212618604795,-2.653833321886024
W38734,-5.047169540899653,-1.3732735521907098
W38735,7.097427805150178,-2.069781901370915
W38736,7.5384987783600295,4.156063799373157
W38737,10.705843630706791,-4.003702096662378
W38738,9.483248826017302,-3.2703466757194035
W38739,-4.4063608602310715,-1.4825351007823568
W38740,8.071439350181501,-2.1333083734841787
W38741,2.1694560638863605,0.29953525742601206
W38742,-1.481694496281038,-1.5774055382032104
W38744,-2.216027912410867,2.899754928550423
W38745,-3.576025285849525,-1.4642891038001924
W38747,0.9061424823283087,-3.7615630255018115
W38748,-2.7724840421776706,-4.267547747483382
W38750,-2.9688666755843096,2.4720413371937204
W38751,-2.562274639783272,2.069902946747458
W38752,-6.257796060529721,-0.5958029463072145
W38753,-5.710026004074797,-8.187783134197993
W38754,7.737452653601204,-2.448427344048961
W38755,-2.717918413168708,-4.65358768577052
W38756,6.0328080204247625,0.12203152176134668
W38757,-8.130168094194095,0.12510385602573354
W38759,-4.260447782953089,-2.6495072182207853
W38761,-4.238824079325844,-2.138179319855812
W38765,-7.268588116902433,0.7441055423914369
W38767,6.987112123448489,0.11342820134857087
W38768,7.796216378017424,2.9463947465594744
W38769,-3.716648088216741,-6.231770368990723
W38770,7.85329724519338,-2.142569355117753
W38771,5.292860011943603,-0.0017070363583031475
W38772,-7.176994908946147,-1.9662870517969468
W38773,7.229947263411977,-2.136927495550838
W38774,7.7997700876447595,-2.3166370286593403
W38775,1.1079351593642004,0.622599873070753
W38776,0.9765262748948468,0.8422506128201046
W38777,6.564989128678243,-0.0624227276867006
W38778,-2.600413932774772,4.403449736858303
W38779,1.067489368290964,1.5062420140015118
W38781,1.4132290097472675,1.5079635165089913
W38782,-5.875221666842085,-2.0129064001243906
W38783,5.534054996106088,-1.2884471493169822
W38784,7.177872556800979,-2.0759080853113816
W38785,-5.949269478590951,-5.056857279487671
W38786,-4.037521602665605,0.3642451007158001
W38788,-1.6301927133214502,8.732842962820477
W38789,-6.988654674606076,0.795021819822063
W38790,-3.9048871818560302,-5.541899049876459
W38791,2.0838128021890183,4.092386859852358
W38793,-5.368861356188839,-1.8221069821958764
W38794,-3.4437209817117456,-1.590635061605841
W38795,2.475008708272897,-0.5618534520156901
W38796,4.597842467851461,5.028118304117463
W38797,-9.28602630001967,2.881338485613782
W38798,3.979414852279731,1.0034452633967783
W38799,-2.26188837771112,2.1154545095082713
W38800,7.763409062704197,4.6905887363225744
W38801,-1.634789734700273,8.753211301924424
W38802,-1.9817506850239885,10.309036640080363
W38803,-4.038715632068426,-4.239748425574156
W38804,5.82644209718756,0.1732606553674679
W38805,-1.631211700429338,-4.65302118514293
W38806,2.0020780876756574,5.3431120437143935
W38807,-4.243279356007322,-7.931340865053675
W38808,-5.582240644242612,-4.567198270002441
W38809,-2.3366002882976713,4.4416727698252085
W38810,6.933986746045728,4.1772274129812255
W38811,-2.6726942603083987,1.1036740766162574
W38812,-4.2307203820228825,-5.358882094955668
W38813,-3.6212806334524954,-6.430914711180477
W38814,3.3088122511839804,3.9915713479523487
W38815,3.331229023428407,5.163547352794987
W38816,-6.012896960677086,-1.2465207372288236
W38818,3.9670240327171054,4.650650813832634
W38819,-4.560391377900273,-8.581299693593296
W38820,1.3470989521446635,3.507793094654811
W38821,5.558497213619185,-3.325475440851516
W38822,-2.436875881470009,-2.0126084844092835
W38823,-6.09509989382106,-2.7020433671210418
W38825,-7.663104954987701,2.1023733226633263
W38826,-0.11422267155804976,1.7798195190425767
W38827,2.3460286802522465,0.7041287698933961
W38828,-6.446721677774015,0.5927487360778328
W38829,-5.316131680760824,-2.665145471504528
W38830,-0.207126003600827,1.74997843744048
W38831,-1.0655131369690565,6.221333116097939
W38832,-5.8251823841554975,-5.040129528361211
W38833,-7.0181509859737226,-1.2371292524292412
W38834,-2.868181385261294,-3.490054833755923
W38836,1.3903209229073945,1.1297869137857584
W38837,2.5313044061726178,4.6723851563647605
W38838,-2.8420673584679923,-2.789223803992814
W38839,1.581919446108158,0.5270926139423179
W38840,-3.1287105044562855,-3.318521362740422
W38841,-6.508027104538979,-6.053463402450908
W38843,3.2440104787356403,4.872776538898894
W38845,-2.8391467001583472,5.087001575416245
W38846,7.817161156004925,0.5310303514020346
W38847,-8.336734832490698,2.492223630336388
W38848,2.8375738900682377,-0.2803628406008373
W38849,4.453427245784582,4.757282842958534
W38850,-3.654267147521594,-2.4861395802846755
W38851,-1.7163258716748553,-0.4573220479876525
W38852,-4.122188909438978,-5.815774321752963
W38853,-4.479616424244215,-5.713833224934109
W38854,1.4102773253742649,1.1432454796973295
W38855,-4.946131315988191,0.9730035680254397
W38858,-3.808284018338894,-7.210517412021999
W38859,2.3636136844312117,0.31240547579626177
W38860,7.089265088077704,0.779227452043912
W38861,-3.1860521700844457,-3.2887757481243076
W38862,4.404352910623672,3.0232868089790843
W38863,-3.0746013982312226,-1.9901936170734078
W38864,1.4414496936465007,1.7524870783954611
W38865,-5.547987994279505,-0.9639678651545107
W38866,-1.245153006699041,-0.9415088081267522
W38867,-2.288531667307137,4.384960783814609
W38868,-2.5890081554977846,1.02358385493353
W38869,-5.515341829949652,-1.317991733065128
W38870,6.7324985748504425,0.9030403293543994
W38871,1.4265551303151685,1.6584144936711525
W38872,-2.171672952974273,1.9450437749515166
W38873,1.2436738507985008,0.6921146188852931
W38874,1.5295550942130183,-0.3312383415919677
W38875,-4.428578110146437,-1.4172787652727952
W38876,6.49284600064463,1.1459764677030326
W38877,6.076921811121733,1.4697155429882318
W38878,1.3479264299296325,0.45852776949073937
W38879,4.433545853529716,3.8762566721143097
W38880,-6.308510266902467,1.3463355521755855
W38881,-7.433114362092255,-0.9595826441491921
W38882,-6.715026233973254,-2.310754907495038
W38883,6.807443199584036,2.7817948813007582
W38884,-7.833147254370551,1.4999540477716435
W38886,4.706664054984027,3.8468103265541536
W38887,5.947272676804885,4.151427119080306
W38889,7.421619073402635,3.0498595771813837
W38890,-3.050407200184981,-3.436504586757214
W38891,1.6759561199744242,0.594569215256202
W38892,12.921965389533666,1.4584412290206241
W38893,-4.098196361418556,-6.59059576469178
W38894,5.768890752583543,0.9485395005730588
W38895,-4.685820270867588,-2.445801566571038
W38896,0.7373296525924341,-0.38353635590970914
W38897,-1.8293344761841441,-0.1774971264730488
W38900,-0.3240943830190959,3.0496594392391785
W38901,-5.378881893348635,3.984589650034018
W38902,-3.725959509661864,1.6131136135176507
W38903,-2.9533362458711605,-2.410310353935753
W38904,-2.0125287138391874,-1.972553992780661
W38905,5.832212877455675,4.122278352608691
W38906,1.4607341744119537,2.2280471483169344
W38907,-3.872854363430816,-7.074785429082808
W38908,-2.471425026565767,1.540207357142798
W38909,-4.0277536895097725,-5.892217038348588
W38910,1.4233752650453464,0.6185935602679316
W38911,-3.2319376565398765,-3.5620324922963174
W38912,-5.587762362319087,-1.9112903480618268
W38913,-6.704472746373313,-6.275802747775509
W38914,-4.8937565961149625,-8.329121615662544
W38915,4.23207642691333,3.535980445041565
W38916,1.4890975273888711,1.0337438131325183
W38917,-7.763466995147069,-0.4668920031553211
W38918,-7.967713812435229,0.048775171428432886
W38919,5.436655664468129,4.27990543435384
W38920,8.94378492710896,1.7478784119102784
W38921,-4.641725585106881,-3.052864253433718
W38922,-4.494619970903521,-6.1203426870228945
W38923,-2.4474663294325056,-0.13889115561461737
W38924,-4.919960558292306,-2.156111513287068
W38925,3.0586496122301137,4.438748381423163
W38926,-0.69086041721244,-1.096610587058501
W38927,-4.998232435688114,-3.503393474697239
W38928,-2.545396797923143,5.0354762651234735
W38929,-2.2257334308738774,2.1242313992159767
W38930,-2.5954872937989477,2.6073436783426898
W38931,-2.8227619300761484,5.578535168173944
W38932,5.2859931582603155,-2.936693075110145
W38933,6.35213282929262,0.4984429590381758
W38934,0.744313080911601,0.5253223658579765
W38935,-7.379850502561728,-0.7051551491184846
W38937,1.1693835797251066,3.993900236211656
W38938,1.4043171952668723,0.4145084344642583
W38939,-0.9806784514187067,0.783161328652062
W38940,1.3208629993679804,1.3867012962925491
W38941,-2.479011304815258,0.6919725708472595
W38942,4.289866672976151,1.5228825474648973
W38943,4.274794440170176,3.9432422340658313
W38944,0.058850197792600305,0.09258182415002378
W38945,1.3517603046940547,1.8291720565336107
W38947,-0.7597580254287032,4.970992768479695
W38948,4.481259167641987,3.9893764307178303
W38949,-6.74843035987686,-0.7570653829429227
W38950,-3.907190942616018,-7.0400470835253355
W38951,-4.945797673614186,-1.074745535635727
W38952,-2.743917710940611,1.626798211009745
W38953,-2.2198454364875566,1.463212505934623
W38954,-7.319066103246337,1.67968209506137
W38955,1.289317128204166,1.617452997775673
W38956,-3.8406992871685564,-5.0988349630730765
W38957,-2.371427710613473,1.7385168453748463
W38958,-3.590921236728908,-2.5799753436941892
W38959,-5.0791564226983255,-4.948787765409455
W38960,-3.665045542144592,-3.829418892474927
W38961,2.303483713211169,4.264048561446259
W38962,-6.6403779725898415,1.5654868729366684
W38963,-1.1803276797938973,-1.459548865651022
W38964,1.5098647714277176,-0.16707942327951922
W38965,-3.4379822384690595,-3.3209255645615343
W38966,2.046213847466225,5.231689912159784
W38967,8.089505146731888,1.2281731945308298
W38968,0.5107407900074435,-0.6811319515973059
W38969,1.1821191966060165,0.9861181404686467
W38970,3.722956448327453,4.974038873185941
W38971,0.5776576116299451,0.37747217704513086
W38972,-4.786120622768343,1.2466295468974102
W38973,0.9303713952444908,0.8758515222204905
W38974,3.755502372290492,4.6289318354024775
W38975,-0.7323489093196346,5.013246893691947
W38976,7.784563567381436,0.8447481127838767
W38977,7.253257411701431,1.1104242402588016
W38978,4.228536256655712,3.4490728620221214
W38979,-6.530368705477439,-2.4088962524773065
W38980,-3.972762118390643,-7.393839130227228
W38981,-3.93006085455785,1.1658815584300342
W38982,7.3396377263861305,3.4467531723137337
W38983,4.93511811663456,0.655142776515215
W38985,1.6542834505296997,4.512337043741442
W38987,-4.791564069812152,-0.3982829767436907
W38989,3.8327376490993093,4.6714452451367965
W38990,0.8083000096967602,0.5924948357677433
W38991,-0.11364536145950649,2.4912331264558296
W38992,1.3119960218051052,0.7888312435210376
W38993,-4.984429685433865,-8.663400929282734
W38994,3.8962908726169467,1.7180569448103515
W38996,5.329455929781885,-2.7715557175478955
W38997,1.6848899445675651,1.2975250121245592
W38998,-0.527840086178956,0.30481605458542693
W38999,-0.39831430330076584,3.4700257213283208
W39000,-5.189543354090108,-4.821168927588364
W39001,-5.877581849929613,1.1522218849281065
W39002,-2.736689842924461,0.877992563413175
W39003,-5.043081195030829,-9.48119497395269
W39004,-3.2972604011708997,-4.677449493867329
W39005,7.6388558340779165,0.6607144856170226
W39006,-6.284358840853284,-0.5366120302209784
W39007,-7.4054542919951025,0.03856955955655689
W39008,-0.03009217205087001,1.0928976764711635
W39009,7.758318476879818,0.7802670577270433
W39010,3.924555082700085,2.6772952559167873
W39011,-1.6819623169647742,-4.38183586406178
W39012,-3.630934548857981,-6.016652680327293
W39013,-6.686118839006233,1.5442898444777913
W39015,2.7764534275537187,-1.1994963689465956
W39017,-6.256822468009649,-0.5724654258124712
W39018,-2.5750689000044296,5.1132851884101225
W39019,-8.004588611275988,0.4519388675707356
W39020,-8.009713889601057,1.011114850211626
W39021,5.680136450051224,-1.1377662844797143
W39022,0.9934967771641271,0.06108053360828276
W39023,-6.447943017745828,-6.116776584022576
W39024,-4.850520484308511,-2.6071203235756455
W39025,-5.416688521225402,-1.2762563569190124
W39026,-4.801354102377828,1.2294147693177482
W39027,-7.2827091958778505,-1.0869527467808835
W39028,1.4291029313744101,3.5757056923777863
W39029,-7.540110865245089,0.43513607757537226
W39030,-0.7685823385173992,-0.11583712968645449
W39031,4.193683935378189,1.65315172974103
W39032,1.53237126173944,1.2345961469487938
W39033,0.8061372469976511,0.46084906605249204
W39034,-2.525807862285691,1.9994874623144143
W39035,-2.419272935052407,4.309625988974577
W39036,3.763089839803529,-2.6505768656313298
W39037,-4.170446659600193,-4.923505775852333
W39038,-4.515651069356105,-4.815321186030589
W39039,1.2599637876961498,1.2204317493098653
W39040,4.599698035296322,4.456862022094275
W39041,-1.6024804212631427,8.519366206882514
W39042,1.8727457426477923,1.14816299771257
W39043,-3.236055934942923,-2.098743177561125
W39044,-2.7417213557646956,-1.7415603986476973
W39045,5.2769449529172014,-2.9683726426861936
W39047,-2.469792720152007,4.7779215305085225
W39048,0.3086742371264345,1.2131504762646452
W39050,-2.7446999283020577,1.9940686553881515
W39051,5.495215863759682,-0.18608428963235682
W39053,-5.046154394133903,-8.692478795596928
W39054,-3.3039412671252077,-2.447077102686484
W39055,4.65336973253681,-2.51066086434551
W39056,-2.6510695646574423,5.085410365662063
W39057,2.15935568802444,4.151708579265485
W39058,5.794141587209966,0.8656785581635771
W39059,-3.4558756991125823,1.6855531566078195
W39060,-3.5247453744905304,-4.699249199398548
W39061,-5.028513945403605,-7.617659158875571
W39062,1.3301845354614026,1.2921011937842635
W39064,-2.3986612949281447,3.149139636061863
W39065,-5.190266439246758,-5.108481696703048
W39066,-6.47078706874522,0.0821664010891111
W39067,4.0112628139872,-3.102513727313391
W39068,0.9418639048924469,0.34143156709958294
W39069,4.606995929444735,4.900179257322392
W39070,0.02906155337264969,0.21577285249641645
W39071,2.202834710330336,4.459883995326844
W39073,-3.8093115150378627,-2.85273636919783
W39074,-8.080868863831801,0.6837120356434891
W39075,-2.120677295675585,-1.4520247946469549
W39076,5.511801673420728,0.9905308346987822
W39077,8.799034854285978,1.246151089583935
W39078,-3.953533046101126,-2.569857959342172
W39079,0.953194399876032,1.101044168498943
W39081,-0.468043717033849,-0.4562776198257153
W39082,1.2670331640381858,0.02010646865437166
W39083,-2.816513957875439,-0.5841369111863145
W39084,-3.1008486948879943,1.5336967582256418
W39085,5.292282903681777,-2.643071523275221
W39087,1.542044969462213,-0.7157375138968858
W39088,-3.50915118849158,-6.084582821671201
W39089,-7.722948210651265,1.2020187207898945
W39090,-5.791818751410289,-1.8976878558360826
W39091,1.5888165556922387,1.7418834353256802
W39092,-4.171981317774768,0.24876715869086669
W39093,0.9853890710138166,0.6536221219949871
W39094,-2.6860139131120215,-2.727151770021153
W39095,-0.8690119789953354,5.675767425721101
W39096,-2.4240555539870123,4.754181393257669
W39097,5.015933999522509,-2.8289558859451844
W39098,-1.6550276600734908,-0.8128844271174909
W39099,7.1647328484572075,-0.6410748825859031
W39100,-5.7417813811312515,-0.5244204196871879
W39101,-3.69265097222728,-4.387272522753828
W39103,-3.280267726286511,-3.1308475092692607
W39104,1.9485982699998916,4.667154968010432
W39105,2.021106021106373,0.4071516165827847
W39106,-2.981925700985215,1.273400420356401
W39107,1.455887509839226,0.48761772846659074
W39109,-4.521498116352616,0.07551119493921542
W39110,1.3796454597730317,0.4212922513741098
W39111,-2.1509695422998125,-2.1038756414254203
W39112,7.080585431537346,4.616400852951752
W39113,-5.313997537140597,-0.7394222358788128
W39114,-7.670100455258102,0.9754845658169893
W39115,-5.102368884841505,-8.766029232200173
W39116,-2.5543527803491255,5.085018833223401
W39117,-5.415247218994678,-7.629302908129333
W39118,-7.85941434498934,0.9086321910726566
W39119,4.740933747748008,-2.6104600270486387
W39120,7.472519293767604,1.14123747809067
W39121,-3.361698753996835,-1.3471460243537676
W39122,-4.995284695634214,-9.349395684136855
W39123,1.1017334512293075,-0.21758384149459709
W39125,-3.5547693991975846,0.12531307462871996
W39126,-2.625317047826122,1.9798695795313135
W39127,2.6101849690370518,4.665833245641585
W39128,-3.9391756641805706,-2.8473282607872066
W39129,-5.7927676855366945,-0.9479003633258747
W39130,-2.467168840829177,4.523625174747783
W39131,-3.6506204307652106,-2.159677872532582
W39134,-2.9714256217441286,-1.2963040428670118
W39135,-6.485626624788068,-1.3589571192532905
W39137,-4.22651514559715,-4.716270299064756
W39138,-3.5544630705274383,-4.029960332991308
W39139,-1.6432197042741818,0.7658009193901056
W39140,-4.221189135573947,-8.024067022349417
W39141,-5.241176396291901,-9.06530818844764
W39142,3.154457314818062,-1.7522365504483628
W39143,4.436949911672339,0.37371538115321434
W39144,-6.194457638701645,-1.3759249214102325
W39145,1.8516926705007237,0.12138081098934964
W39146,1.8132298259916215,-1.0492798120779419
W39148,1.2464733104593468,0.9357611266267368
W39149,-7.223105292999746,1.132631326491254
W39150,6.608330766902418,-0.04553591224284106
W39152,0.963720383453733,1.3462426752556655
W39153,-2.5208904044041875,-1.6506658152061542
W39154,5.185743355430686,0.1992762758871503
W39155,-5.988078697633962,-0.09933739498234272
W39156,-7.913608531470389,1.534202830773005
W39157,-1.6047705720209136,8.52898622683313
W39158,-3.222452879201307,-3.418245187640939
W39159,-0.2953829092570688,2.8615560595545197
W39160,-2.8903260221963003,1.5350414006453414
W39161,-2.135692813798033,3.9752875623287003
W39162,-3.3028636875924553,-3.1081662282874962
W39163,-4.330820482030692,-8.168994364943485
W39164,4.73142779757413,0.5375812886822559
W39165,-9.287300223707971,2.8097694580712265
W39166,0.83117423035404,0.1560662692479742
W39167,-4.106245205215143,-3.844663274804374
W39168,4.166365447934829,2.68106030361303
