cell_id,dim1,dim2
W31105,1.2665047877260138,0.973131400965323
W31106,-5.848479591523687,-2.0136378565930797
W31107,9.715521864738408,4.829551436305122
W31108,-6.2139285041071535,-5.768768279670134
W31109,9.133677142459655,4.2339598004541825
W31110,-2.0291684265018026,-2.0137073387358804
W31111,2.9272482169632648,4.098552068644201
W31113,3.0358614526203804,-0.155069556876694
W31114,2.042883788187331,3.2826319797320966
W31115,7.9325633445568124,0.7376862871561282
W31116,2.7302676577645584,0.8674224925942244
W31117,-1.852767688773527,-3.8950227776969246
W31118,-4.725643370439856,0.04056569002340799
W31119,-3.2468668053299727,0.3544940686114633
W31120,4.08247450050898,1.6801313837318201
W31121,0.7115108532006029,0.7027285462148041
W31122,5.868256100491101,5.650363808701754
W31123,5.215028526209905,2.9905806328714313
W31124,8.496394689339866,0.25808238707474773
W31125,-1.6979190053297153,8.908021965023943
W31126,2.081361667378943,4.180416750620525
W31127,-1.544470902028332,-0.6066280151851615
W31128,0.6818052772062589,-1.2698352585475359
W31129,-1.5998677720688685,1.3134344246201266
W31130,-6.002352267896333,-1.9918230327436561
W31131,-4.909979135169633,-3.8093574313661605
W31132,5.255194427722694,0.6134531739399292
W31133,-1.1170762898355067,-1.738885535153106
W31134,-1.7334685451252878,-2.2751622647272223
W31136,6.515990271285568,3.8419456859138688
W31137,5.533191772732259,3.8302478060146066
W31138,5.475524042113131,6.1440531485294345
W31139,4.421185795260508,-1.9992509840800468
W31140,4.591664418490516,5.248753920421752
W31141,-4.558537297351325,0.14063055742081987
W31142,13.155698110490796,0.472610298970993
W31143,8.674667414861863,2.9623637282641995
W31144,2.1382312996826833,3.693336694302088
W31145,-3.0032201341353657,-4.2455284373144275
W31146,3.2766173362967037,4.717785648549827
W31147,5.271112262074108,0.4026356170370549
W31148,-5.686208731219144,-1.2498646737149475
W31150,-1.2446340154813442,-1.6346746313138703
W31151,10.1242620422072,5.03432781797139
W31152,-6.5729777156315325,1.1094478241702523
W31153,3.7350201863291423,4.37485754316206
W31154,4.761275670131043,2.5460512572471927
W31155,0.055864501182429874,1.0700236164122094
W31156,5.382828461197744,0.4766897947678307
W31157,-2.397176687152929,3.883880236787804
W31158,-3.572674211096727,-3.4892344358021865
W31159,2.13256947409698,4.458108912674052
W31160,-2.2719489498146834,-4.532035331555687
W31161,6.868784818822956,-0.06277751485534727
W31162,3.74648814803115,0.999453103572956
W31163,4.998937678550923,3.573187663108698
W31164,-6.720898613156584,0.2896102540016173
W31165,8.856888078951096,-0.3170148370455377
W31166,-5.803809433689515,0.6918145893330372
W31167,8.711664898038942,-0.3227089577363673
W31168,-9.680425217071653,3.006285403108887
W31169,-6.94626861596679,1.5639416409036335
W31170,-8.246820670603794,1.461354679305385
W31171,1.021324387598708,0.7711991724578973
W31172,1.7201048605422085,1.8119830116245028
W31173,1.1957011066946786,0.19467675930287684
W31174,-2.5885103672727707,5.0421597974053505
W31175,-1.3207628184804625,-2.0599609097624705
W31176,1.5590290566085168,1.3596489333394368
W31177,1.7883810727244198,5.31097993893212
W31178,4.0095778046973525,-1.7920444488085867
W31179,-4.152288240174084,-3.879502405780525
W31180,3.392997789997615,1.017899667349037
W31181,-4.219000717868447,-5.6993566228431325
W31182,-3.421306744203633,-5.07852997750654
W31183,5.137216878712509,5.0647984520854195
W31184,5.1556551258834435,0.0625033318088507
W31185,3.949804269089695,1.2404207037173094
W31186,-4.0275095040397035,1.8166783997723472
W31187,-2.950372045192169,1.7511725006730265
W31188,-1.9582541595697032,0.037786656435636716
W31189,-2.9638898106382974,-2.5245340154723523
W31190,5.734590228178171,-1.0899322261862268
W31191,1.451465993693877,0.4614372012593047
W31192,1.386192507881111,0.6336254423209932
W31193,4.303546140359739,3.310123814747251
W31194,3.4975577698595313,-2.274623091668449
W31195,7.476547762853071,2.2326112270905267
W31196,1.1771283576740492,3.274021650355605
W31197,-2.947854020613224,1.8395016927597778
W31198,6.0021800489007555,0.9493842713132695
W31199,-0.95600188259392,-1.9920169442193891
W31200,1.0524894065315482,4.353785718767286
W31201,0.9923593746555475,2.098881057130809
W31202,-6.030172756542429,-1.2038564563696996
W31203,-5.338394756764973,-2.35088017869542
W31204,-2.563369938626201,4.983311644194228
W31205,4.628510058050739,0.42797924042462054
W31206,6.948769993390964,5.108239249888765
W31207,-7.7123813177683855,0.581552138832814
W31209,13.182693463961614,0.48646096441515496
W31210,-5.996945945844133,-1.9797669970048577
W31211,-6.408744299026522,-1.5999257909035811
W31212,9.584449015436563,-3.398083710392858
W31213,3.4062324354881035,-1.4361549412939831
W31214,6.353540922333252,-0.8536454716415192
W31215,4.5236696366599185,-2.683244752646629
W31217,5.2519871049738365,2.980770595236955
W31218,-6.80992055446849,-1.2688335810092009
W31219,-2.392345823714342,3.788771320031142
W31220,9.774052631805507,0.6554998580473366
W31221,0.5999410789052726,0.8142498643549845
W31222,4.374486100345256,3.016641354107105
W31223,-0.3759900731654742,0.4412779480863925
W31224,1.286718981820221,0.15144992139448324
W31225,5.17909390089418,0.4682692172129659
W31226,-5.05107803346938,-7.5819794404154575
W31228,-2.1377607812065538,-0.36582017180333265
W31229,2.2580484842201596,3.983906690218702
W31230,2.1909486304550914,4.911843191050131
W31231,5.53540419030612,-0.10613459033944674
W31232,4.949082586824872,0.700908467194333
W31233,4.519369473717998,-0.053882271250328045
W31234,4.541279433035005,0.25522482422276643
W31236,5.562903364903171,-1.5208136839650648
W31237,-7.532252684368559,1.1356486938492016
W31238,3.1937190793752563,5.105687142827002
W31239,-5.95362162614192,-1.6437393429869829
W31240,3.1254777561088507,4.564759213453938
W31241,4.950223338873551,0.941374310135803
W31242,-3.5741164581219893,-3.889319479357218
W31243,8.555850252192865,1.0658518303646476
W31244,-4.471830131292161,-2.567557709387891
W31245,-2.8044557591141404,-2.6538046290203883
W31246,6.13292077784951,-0.7710804720735723
W31247,6.803268005775103,2.5877475843753377
W31248,4.257863551122957,3.540542699095784
W31249,-6.193122013235722,-1.7978476958509533
W31250,4.717732122390986,0.6199599315320937
W31251,-4.472064229470311,-7.6358797275581
W31252,-5.965861926051843,0.5046359732077219
W31253,-4.30787283714951,-2.2661265581904217
W31254,-7.027038493458326,1.754521675692005
W31255,5.083538005395639,0.5395861877139425
W31256,-5.218191399672593,-2.4090849160044665
W31257,1.211264399227968,1.3652373425462672
W31259,-2.419501372020423,-1.4398471307958904
W31260,-4.403458512190897,-2.4316336715094
W31262,4.064811512361825,-2.0184370252649213
W31263,-3.096724482689204,-1.2313111025559575
W31264,-3.011086283304495,-2.568169949892701
W31265,-6.434846138698525,-1.0270999432092969
W31266,-3.958815057562936,-6.306469366100301
W31267,-2.6704530404035496,3.7967714072213714
W31268,-0.5565654252448784,-0.4397458370820397
W31269,3.684074956092136,-1.4991023219507629
W31270,-2.892221108862497,-3.2409623028313477
W31271,9.294696719238992,-3.233495099457574
W31272,-2.901849500564917,-2.6230761361557575
W31273,-3.7255102363220183,-2.6478158933363876
W31274,-2.08723257568042,-1.0883122852945408
W31275,-5.604930632764356,-8.344466698114148
W31276,0.9190699353520727,-1.0285272657536866
W31277,2.6203663153323524,-0.4918352806748089
W31278,-5.9773042301041315,-0.3395885301454947
W31279,1.1241315674638066,0.4002077613941311
W31280,5.205520099801957,-0.006238153985175729
W31281,-6.969383236001883,1.088961449110308
W31282,-4.844561664765091,-2.104488066921649
W31283,4.543499490784267,0.5219243967975162
W31284,5.306185467964578,-2.4850698060238816
W31285,-3.9289728673423494,-1.9123025106953009
W31286,-4.840370645080345,-3.024257045720866
W31287,0.8814335356835542,-1.1087976428883914
W31288,1.5912390562610832,-0.40689026376370185
W31289,4.093086252295311,-1.2836913192366164
W31290,-6.183857913364944,-1.5211096323197588
W31291,7.327335614549429,2.741909651564676
W31292,4.060135146513771,4.398034416996333
W31293,-3.6074209488863493,-2.7559836984275705
W31294,5.895402048706834,-0.6633922506281695
W31295,-5.827043896955949,-1.8668257611027457
W31296,-5.710545592002035,-2.178806785400983
W31297,1.2685031945598588,0.29458769560601383
W31298,6.943496739551338,1.7539445021507019
W31299,-5.106485725681546,-4.757628005332445
W31300,0.5990380672350877,-0.8622455253710599
W31301,-2.201790208297314,-1.9339816138972896
W31302,7.7913184845878005,3.278299923366355
W31303,1.2690614988969797,2.564627461573848
W31305,-3.2038361469197696,-2.422411286005974
W31306,-6.58822877906195,-6.33161723609618
W31307,-7.864690956410255,1.1505756443295745
W31309,3.6245430817735294,4.925811820116683
W31310,5.1591301669775,4.595601085786218
W31311,-3.014347606606857,1.3988080840664154
W31312,-1.0490714392440896,-1.7257528821522252
W31313,0.04835923412288763,0.5634717320896391
W31314,1.3288682917903287,0.24287661067226066
W31315,1.749662749898384,5.149111730737244
W31316,4.310974855003789,0.3751045892285357
W31317,7.643891511221933,3.965568399501841
W31318,9.252470657300703,4.07186711539408
W31319,-5.366963571976686,-1.9893148652127288
W31321,2.278060370067055,3.5274989828893313
W31322,3.9494795910458262,2.951836052145582
W31323,3.6254386203292714,4.559392178969773
W31324,1.647691362952261,0.6171665130385771
W31325,3.8499127284596875,0.9657462195514213
W31326,4.691807611485079,0.3893944729873701
W31327,-5.817293686139473,-2.2567219468550364
W31328,4.162946476675811,3.0459375798799537
W31329,-4.556992941408377,-3.2443964575519613
W31330,-6.169575071258363,-1.381298894958588
W31331,1.612382028171679,0.8683883732966924
W31332,-4.205962778999365,-5.327235105056024
W31333,4.2446594185005795,1.2967731305453025
W31334,3.8837706028638697,2.5440571105857526
W31335,-3.225679825748956,-2.257297623105184
W31336,-4.556148485571771,-3.4475473258345066
W31337,9.745594599409143,4.897259468808667
W31338,-5.006080905841,-3.6369428043018006
W31339,-7.271896362534444,1.1064822745300835
W31340,3.563896602563104,4.483687080375853
W31341,-2.938328929315828,-2.4854485978776677
W31342,-5.305819229042212,-5.237947114315257
W31343,-9.59106990737108,2.9820020883934926
W31345,4.8738832146549855,4.22285671952817
W31346,3.484874486880081,4.57739219594411
W31347,-4.242002743365892,-0.3736985194694945
W31348,4.5661913266446685,0.9562363233004681
W31349,1.3309992667790844,3.011714012719853
W31350,-4.262337379105097,-8.304970899557901
W31351,-8.07874851007855,1.2929147131603316
W31353,8.01502705920073,1.126845455055711
W31354,-6.070160451192963,4.907622372632484
W31355,-4.627481665526834,-1.4776786625681209
W31356,4.374893260476169,4.613295208222649
W31357,5.0328147786682385,3.0375031578012437
W31358,1.2104388509813713,2.592780455652381
W31359,-5.417564187799789,0.9138103228011873
W31360,3.2437611816454095,4.376582395410368
W31361,-4.28463881576444,-2.563275686290357
W31362,-9.788270234047394,3.042348285325124
W31363,-3.5373124930025996,-2.693098770836521
W31364,1.669591145761799,0.5744382969113222
W31365,-3.1061404293608486,1.0917920334782913
W31366,-2.954820733319952,-2.404051429685362
W31367,-7.870621569481211,1.0879983552067205
W31368,5.923065187449555,5.64206856891276
W31369,5.880727399564447,-0.30791145088260957
W31370,6.8455647080166635,-0.013244144131883049
W31371,-2.7443279192892027,-2.2794345804273113
W31372,8.425967541653407,1.0772749354404327
W31373,-1.681715582124873,-2.2558442855027647
W31374,5.225538295242062,0.9706519482056662
W31375,3.760042391252842,4.244338244819301
W31376,-2.2675509176124464,0.29639740507044915
W31377,-0.4253603957511592,-0.29615486085692494
W31378,4.454794334478508,-0.035304589474573204
W31379,-0.6221311927272788,0.5735819970508266
W31380,5.502632514144434,-2.9141706577330537
W31381,-7.333161635805853,1.3640982976568148
W31382,5.459952634190858,5.843600346679592
W31383,-2.0533679804882414,1.689380272576401
W31386,-3.568915017019368,-3.6638869138479433
W31387,5.662391021899854,-0.17637119788471178
W31388,-1.554243810907308,1.031435216720389
W31389,4.322312453697873,4.298345104187933
W31390,5.672242053206518,-3.1595042045483615
W31391,5.464644750005581,-0.13325952010502654
W31392,-3.6541544202238816,-0.5880236324247632
W31393,-3.270831485105504,1.5214817198761494
W31394,5.7256465441603925,0.1769679467122289
W31395,-5.814928738337624,-1.179627229250774
W31396,-4.281281015037029,-6.14693553572593
W31397,-0.30456366362112075,-0.7773727623056457
W31398,-5.0965305790100235,-1.1117677208241614
W31399,-4.972293653233013,-1.9590671363030259
W31401,4.102046622762766,2.835506093129575
W31402,-4.8969399521490935,0.45639926739109843
W31403,-2.8351035435465723,1.3139680385445558
W31405,-3.514091998853148,-1.4883528787832767
W31406,5.042835316590423,-2.500477544114872
W31407,0.04825578427625807,0.19152172108799292
W31409,-6.3051891291049085,-0.28306731556985576
W31410,4.163265895986031,3.8408104125590845
W31411,-5.528054264225674,-2.5290726140890363
W31413,3.91650291865051,4.895197493634922
W31414,3.615847271713011,1.4121360889605288
W31415,5.564266537772957,-1.2678733819764547
W31416,4.34468796703027,0.7565240759055323
W31418,4.082827667324262,0.5364838545736867
W31419,4.813959730596052,-1.65315228635946
W31420,11.71194486098751,0.695503525181237
W31421,-3.679623195819412,-5.253538932122627
W31422,-7.148748863686542,-0.9564539212489448
W31423,5.559831855835209,-0.13587438467232701
W31424,5.509076493863243,-2.884965341384216
W31425,-3.640191152224547,-5.353051919134339
W31426,3.5326948420421442,5.1959112020083
W31427,8.197589903745298,-2.437020464610309
W31428,3.305158004670691,5.029559511892787
W31429,10.740655730007722,0.9842381157699422
W31430,1.47792958977616,1.4694362620583288
W31431,5.551811886777015,0.0689099719957191
W31432,-3.7619079259049344,-1.9544661714153697
W31433,-0.5373835563044989,3.6111587576200277
W31434,5.2193344335747245,-0.3010035066035937
W31436,-5.68309159639748,-1.8606114390646582
W31437,1.4931405311750632,2.1020872330508555
W31439,-0.3880748451651578,1.8354381564097135
W31440,8.78964667750776,3.940110222527572
W31441,5.209046650967084,-0.26318271225095974
W31442,4.928122147882062,1.3094578030934818
W31443,-0.3191136108916731,-0.5903607935579266
W31444,5.580285676917718,-2.0295594399065453
W31445,-2.201410916836527,-4.917091121192421
W31446,4.213565933762164,1.7058952301216461
W31447,5.261669804920075,-1.1282074752793567
W31448,-4.944648698606498,-2.5404470163514503
W31451,-3.8860894009949187,-0.9558777152193465
W31452,7.685154320314979,-0.03904657120277874
W31453,3.4951835171875545,-2.159443877620388
W31454,-3.8228405981647207,-1.8314291219971892
W31455,9.882511249822048,0.7946003867416225
W31456,5.543181187959302,-2.2382097045882565
W31457,-0.6919980554232605,-1.2857776440970596
W31458,-0.16788300924850963,1.9065781679414495
W31459,-5.041533248236069,3.2553485921307113
W31460,-5.599526028362635,-2.0446285854362776
W31461,5.383843072471921,0.1274425557246245
W31462,4.714814755988743,-1.5837580032107843
W31463,8.565867219863025,-2.784747860145946
W31464,-8.437305903756627,0.9230075992542021
W31465,-7.7121691960877214,-0.8752094404563482
W31466,-5.834656211735265,-2.0786343859263314
W31467,6.472952674405064,0.25038928744115235
W31468,-3.7050030533209384,-0.09266614030598587
W31469,-4.447318826709424,-6.068601954749413
W31470,4.233714928007464,3.6540709370327433
W31471,-9.315849964180966,2.771517456781691
W31472,-4.560992798324774,-6.273201486088597
W31473,-4.857044207472165,-2.552485114745411
W31474,-4.994962206527864,-8.27131323876186
W31475,-8.669128291958836,0.22443190767455157
W31476,-1.9388844111027674,10.020853542090943
W31477,-1.1912028849667562,-0.37330130825102903
W31478,-5.222905342963872,-2.581086212353722
W31479,5.448534463380831,-1.505506233232153
W31480,1.8565230349048425,-1.4120679031264993
W31481,5.696812262263729,0.37275571170197347
W31483,-2.474949606440159,-2.7327099956548953
W31484,-8.528122820590585,1.1315289275790004
W31485,4.8923530532552455,0.42398257635612263
W31486,4.5524028524543585,-1.8844057732240904
W31487,-7.437984927819622,-0.23334836735949793
W31489,-6.78551756864098,-0.26612648393259114
W31491,-2.095304665046621,1.8480096738146299
W31492,3.6593785428307326,1.1714109325719182
W31493,-2.5033078472413894,-0.14783105648690936
W31494,-3.9282297429971003,-2.6999448424106887
W31495,-0.4076715792589449,0.21245463967712888
W31497,1.2954897806180525,0.9909727643099324
W31498,-2.47479511282088,4.723890282688975
W31499,2.2152137797405276,4.8029554963329915
W31500,5.141577462457717,0.5928483967649808
W31501,-6.397330573965321,-0.8273843254372789
W31502,-2.119893254898343,2.15274179818378
W31503,-3.043816479853989,-3.038511109718804
W31504,-6.196326644190876,-5.743418626290214
W31505,0.7060942565038296,0.47763055142736194
W31506,1.6568532777844707,0.8800420727248196
W31507,1.6061397159162054,1.791918217798071
W31508,2.8411330242922146,6.127260168640443
W31509,-5.830505764621357,-1.8748974790656023
W31510,-7.425142964535306,-0.012199391757599525
W31511,-1.9940532422154504,1.2157883670334855
W31512,1.434525067041605,2.1375566047072843
W31513,7.004146731667389,4.532410186485523
W31514,1.0018888720207064,-0.03300901194588604
W31515,-4.118550681781977,1.6555178408707882
W31516,8.393088571149747,0.7583047132615726
W31517,-4.190849704454625,-1.2439040090311746
W31518,-8.310799012955764,1.463407404122433
W31519,-1.942294868959459,-0.6309272984824122
W31520,-1.3483449559587455,-0.0018958515963930938
W31521,4.066129337730302,4.533679077983788
W31522,-5.001854952726232,0.8163295103468129
W31523,7.943089701736722,0.029563870929156143
W31524,-4.574376043489837,-0.5111064932779169
W31525,6.433566287619039,0.25107225669766786
W31526,0.5099913160804288,0.8980496779410444
W31527,1.5363756397856787,0.9800875649273139
W31528,-4.780187794640688,0.42563230394199547
W31529,2.6265082531684265,4.899906503430399
W31530,-5.617157505470697,-1.0109994906544861
W31532,-3.322051092328259,-4.804565398651139
W31533,-2.4515677744670237,3.123597836087236
W31534,-1.6679761750044084,8.771470787463816
W31535,-1.1268095049514972,-0.8053572102448768
W31536,5.163853758606601,0.5877218155330888
W31537,-5.189630770003315,-0.8762197680411113
W31538,-7.307281398110562,-0.6728161583666865
W31539,-4.278751691969029,-0.44294528205388584
W31540,-7.682634451347166,-1.7534221493046889
W31541,5.701621572663511,-1.018475429816415
W31542,-7.494477686769073,-0.3187133978157494
W31543,4.877620140739092,-2.3596036107802756
W31544,-6.761780259184189,-1.1434029519813935
W31545,-1.629868059765477,-3.5449526655648613
W31546,-5.143304844648107,-9.498162076293239
W31548,-1.8272738893605083,1.3138047062613496
W31549,-7.762797986732728,0.2775413185718675
W31550,8.593365023506472,-0.23121413741327937
W31551,5.500122274136614,-1.545905809847041
W31552,-3.5513693725494178,-1.6824699061506796
W31553,0.655291517333742,0.2739628770635137
W31554,4.739773610631109,-1.802323335227461
W31555,2.6438838142766206,0.6147991587644425
W31556,-4.94086358170147,-1.5126076327505806
W31558,-2.5206574468799388,-2.161690018338593
W31559,-7.312067241756509,0.23609393762575154
W31560,0.8002470163544102,1.5315623096263906
W31562,-1.6966896255870587,-2.4180428466616357
W31563,2.9072514571783614,4.343029880951457
W31564,-3.0499668441821317,-1.8204418778572833
W31565,5.044819197875006,-0.04709926068366983
W31566,-4.455376436224111,-2.63592997460963
W31567,-6.819721554386363,0.5661294540796342
W31568,-4.48617193855064,-2.1131475300594076
W31569,1.2869234058683228,0.33610543401998133
W31570,1.487975878920889,0.5255686304012057
W31571,-4.750922828975971,-5.497272507435113
W31572,4.830173096241374,-2.364825121062014
W31573,4.1939913256877945,-2.4434800540567037
W31575,1.348844290143377,1.2702376809251572
W31576,5.728615873715605,-1.9509560869821656
W31577,-4.021650754115572,-5.5741093792131
W31578,8.291846681201697,0.9192605949772713
W31580,-4.090807535458788,-0.20139228691768185
W31581,-2.608508240144293,2.558499312942095
W31583,0.7279929752085194,0.025010240615373783
W31586,7.0817801765795805,4.844735703940329
W31587,0.5900570238305257,-0.8973709007244225
W31588,-3.6883936913209032,-6.933752638459905
W31590,-7.100288936094087,0.7120564095287354
W31591,-5.380004776300209,-0.7665305458566788
W31593,6.557151886200707,4.9464151635531675
W31594,4.591966026277853,1.7132534827579362
W31595,-3.755248089969312,-4.79778753688531
W31596,-4.947093602864263,-8.535079842513712
W31597,-7.5683539011476615,-0.27230857324593827
W31598,3.976476197011921,0.5680341978845431
W31599,-3.450610659117606,-4.83101624125309
W31600,-1.389609924090288,-3.5921246578458796
W31601,-3.4697479445712465,-3.3375739978424512
W31602,-4.554646897517314,0.3903204259485635
W31603,-4.148151706199424,-5.198585599342663
W31604,1.3448881702218431,0.6939210513337597
W31605,2.132723373096445,4.4512343243187535
W31606,-5.632326211942525,-1.9690550836700307
W31607,-0.03092889623394625,0.06850737081273603
W31608,-6.608515103369152,0.7289650268250875
W31609,-6.3401022948209,-6.003715473331305
W31611,-5.3530955515637935,0.8551949297174339
W31613,1.3028961482197816,3.604728061621766
W31614,1.228882799640999,0.35060565502925756
W31615,-1.1943686894645031,-0.11404352733819127
W31617,-4.74306512161926,-6.172746734712137
W31618,6.490651795852044,-0.2010158726452011
W31620,-3.7200842647919257,0.5067266000224717
W31621,-2.1091042690540505,-0.23929682503011115
W31622,-4.0327524977752,-2.718977334391011
W31623,-7.1485571681257944,-1.5023845780823142
W31624,-3.058152740882439,-3.029520194981275
W31625,-3.75478812791956,-4.612512840780802
W31626,3.722210557631518,-2.7120195482741574
W31628,-4.286820509718192,-6.4827614405510126
W31629,3.986830384063888,-1.4610703228387947
W31630,-5.442380977152178,-1.6471858781831703
W31631,-6.909102426177346,0.5037441756238823
W31632,-4.14585172982765,-6.931537527374307
W31634,6.617267309334396,0.16187709238088116
W31635,5.798361198436561,-0.5190203353075137
W31636,6.096363536375815,-0.2411026878734481
W31638,-6.329977135822845,-0.41022944221628826
W31639,-4.493867839154858,1.380103279681826
W31640,1.949728882124665,5.681017898178569
W31641,5.057095319422076,-2.975538738343324
W31642,0.19776457602234696,-0.10451984157345194
W31644,-5.759481237889442,-1.8412999522432756
W31645,1.1929328577689582,0.5767634180738693
W31646,-3.4174661785160594,-2.258824230884044
W31648,-4.650923103745115,-7.3281864455420305
W31649,8.128168136011418,-0.18790042837232818
W31650,5.560260192393357,-1.7296878463464587
W31651,1.1183424749704243,-0.005404571576410796
W31652,-1.6522165181647948,8.602781767950912
W31653,6.427196450378717,-0.14567400248681125
W31654,4.550816473189114,-1.7883708409228571
W31655,-9.510379274262238,2.9199899437656898
W31656,-7.979907083302805,0.45934884421841876
W31657,-1.4919795702313818,-1.570979052152929
W31658,1.4570979173196947,1.9055944826986155
W31659,0.8130188110428704,0.605832129558114
W31660,-7.963676270220534,-0.4371817711318831
W31661,1.5608380131062451,0.4072137550128608
W31662,5.601972843373723,-1.3696533281688565
W31663,-5.466351133724893,-9.671773514436419
W31664,-7.934363079853352,-1.209565883685304
W31665,-6.09303138235349,0.6929587300186827
W31666,4.478946118323815,0.4417771959762863
W31667,-5.37785859017473,-2.0809179670490523
W31668,3.8847646438643673,-1.1836104658923412
W31669,-0.008918061083884606,-0.46519656783866675
W31670,-2.5425926321566594,4.959493940882398
W31674,-2.17831223699685,-2.2146415410833704
W31676,3.97532073519243,2.2398280648718547
W31678,-3.482127191557846,-3.7346968183480858
W31681,-0.9631452028882143,-1.3110588201223436
W31682,-0.7591228699554273,0.5945740142323088
W31683,-6.710209992943802,-6.414455843910328
W31684,-6.214651532564944,5.1025646818037425
W31685,1.1042349305775774,0.09881687739170339
W31686,-3.507527050744741,-5.832695375886199
W31687,-6.636829420340742,1.533551629179866
W31689,4.277013154887532,5.250261499459442
W31690,-4.880911862463318,-8.53956261802635
W31691,3.875599949412395,1.2789964777776417
W31692,1.1942212542979482,3.263229623050293
W31693,-1.9095805172019267,9.8850243561374
W31695,4.25020521568153,1.484627774637974
W31696,-7.33984830290867,-0.1930070255572243
W31697,-2.1709878527020923,2.746581217274695
W31698,4.186550981553852,4.685675700557769
W31699,4.358886588248362,3.632245848091084
W31700,8.870124910157815,0.9581577302508145
W31701,-5.176844400954503,-8.618382225811544
W31702,-7.1431305132969225,-0.4242690122204083
W31703,-4.877514364770885,-8.023086248041052
W31704,1.3522334093950754,1.9288141670682497
W31705,-6.837989778898689,-2.2404977891404805
W31706,4.3476098994539045,-2.7735507294797115
W31707,-6.550176586692553,-1.2907837427672169
W31708,-3.3892394393933096,-2.2402822776938005
W31711,-3.0054089745064405,-3.895397207961431
W31712,-2.77462280460388,3.5068639835163915
W31713,-2.765464993468902,-2.4449092845244236
W31714,-4.4374904235869215,0.9546271613575026
W31715,-5.803413766926124,4.525854466032551
W31716,-5.6441720804960305,-1.8337194170452475
W31717,8.71537972639173,0.44219710445664434
W31718,4.859414051157442,-0.4381260698818279
W31719,4.7189211637832935,-1.6960352485138153
W31720,1.4503783348082506,-0.5452091177085366
W31721,-5.9292726040007535,-3.8584982086621
W31722,-2.5132125280800883,2.6012272352765544
W31723,1.1833256465439965,1.1888436459568164
W31724,-2.2374387106274685,-0.3465851293999817
W31725,0.6051578738545893,0.5387289272655266
W31726,-5.835176373348892,-2.1846197834541963
W31727,-2.521799007736616,1.5763655607760994
W31728,6.135629490189289,0.43716095420330214
W31729,-5.357904175506133,-5.015184068906027
W31730,-5.064759859944497,-2.4421826909252777
W31731,0.9199766707815624,1.2419999024650568
W31732,-1.8189502415485936,1.4475668364158678
W31733,-7.414460075444256,-1.3570317164699848
W31734,-4.690702601869143,-1.6276487547794205
W31735,4.7601739198199535,0.5014635088440585
W31736,1.497609939392128,4.3599376302060815
W31737,-3.7029966998161927,0.4928646592583073
W31738,-2.980093343056634,-1.1146978228397137
W31739,-4.443484984404807,-5.224511296414777
W31740,-5.722215332097067,-8.452945410431884
W31741,-1.4871737621435988,0.22324413787873887
W31742,11.524419631918951,0.6987720430951925
W31743,-7.3289444538740005,-2.021942961685575
W31744,-0.9567885129706932,-1.5115665604660868
W31745,-2.7055015207559507,5.317774943861685
W31746,0.45270071267195855,-0.538965546871868
W31748,-4.974014736676851,-8.4827739308581
W31749,-0.5226563943986837,-0.44229804790908606
W31750,-7.586100131816141,2.064682646135732
W31751,-5.124213029996238,-7.8218774289464035
W31752,0.9305060644649987,0.9937216557724015
W31755,5.021796829408263,-2.8919052786189625
W31756,-1.7037568356537391,1.2799489158319195
W31758,-5.963889689566285,0.14098572242729027
W31760,-4.792731990402557,-2.636191156546172
W31761,4.862126382219122,-3.090604821963144
W31762,-5.154176483128458,0.6357609807766288
W31764,-6.871235487150775,-0.4784787680633143
W31765,-6.864938245347404,0.22731387077998588
W31767,-2.3216951799443946,-2.0709843446100513
W31768,3.872489850089123,2.0391874231185714
W31771,-0.6978259051900237,-0.05869769567460069
W31773,-1.92446543291776,-0.28523460428855935
W31775,11.878504906253752,0.7770170196000613
W31777,3.9867403291867802,1.6093974907428434
W31778,1.4650896223934646,1.6184895169713491
W31779,1.2979853142497952,1.2555841528219107
W31780,6.7213807567437795,-0.3536889808163923
W31781,8.613521912643465,0.7948164654226746
W31782,-6.797965364184922,1.4870726769564089
W31783,2.078151986818959,4.113219145949908
W31785,-4.3695917834478655,-7.854619827836525
W31786,6.811187056106358,0.1143389895408687
W31787,-1.030437497414535,-0.9384075563731792
W31788,3.1430904449305026,-1.5448049914805035
W31789,-4.494196918538453,-0.08192713643139321
W31791,-2.2484815038468238,4.2151058171123115
W31792,-1.9846302259960826,2.3571513587296287
W31793,-1.6284658461550714,-2.1253654135344697
W31794,-1.5197892488736395,-5.668315182373289
W31795,1.2663620297743021,1.1994726320597557
W31796,0.9054427645255567,0.6525457784945174
W31797,3.9836268230361203,-1.7661568247220112
W31798,-7.656635584886343,-0.6194468127947489
W31799,-6.391274621845098,-0.7268007581221448
W31801,-7.163262396865074,-0.4861619649291341
W31802,-7.216391083140101,-0.20034075429554196
W31803,4.94317828523454,-0.11876454969533515
W31804,-6.764617521868506,-0.38068066329300504
W31805,0.6301073005219957,0.5054443809035294
W31806,4.29559429132566,4.384649046100437
W31807,-3.710028750452329,-0.2320357714534785
W31808,-3.1375125011746445,-3.9742140272357216
W31809,-5.909808566240059,-0.8196398968716333
W31811,-5.816985390464052,4.546180489985688
W31812,-2.3248218955700164,-1.7862777539088819
W31813,-6.7531987840353915,-2.0140206547491344
W31814,4.7488386131609275,0.4437320337612936
W31816,-2.5429518816321894,0.048282129401459095
W31817,-7.106989880079618,-0.9899883924344424
W31818,6.479766805783537,0.18630662626000066
W31819,6.061599602812588,0.03065933492505685
W31820,-5.162572052588564,-7.322509822039773
W31821,-5.694809000499353,-1.1353807659362343
W31822,-2.5679102943272265,3.581562968886535
W31823,-4.360228971569722,-5.741176504449019
W31824,-7.089697273417388,-0.18872878908464927
W31825,-4.663216269083537,1.263070833963509
W31826,-3.2963454110954125,-3.8540338776038388
W31827,5.238920572220448,-2.1078840275521102
W31828,-4.438942077642368,-1.4385153758387308
W31829,-0.6765446640590608,-0.45468053647406587
W31830,-2.4324986357027485,4.510803687519309
W31831,4.848631627813477,0.4512367657577988
W31832,7.590858898514799,0.2736671447477425
W31834,6.689439459581816,-0.6805444508157611
W31835,4.413897831714298,-2.1511299201007668
W31836,-4.6978247035787755,1.5850500994538486
W31837,-3.7857742509293657,-1.832598018835249
W31838,5.284325561935041,-0.534363322821559
W31839,4.586991812141348,2.1842924616754855
W31840,-4.682165930463616,-8.26137431961087
W31841,1.3061835486471285,1.292551675990659
W31842,-3.4301622599059427,-2.357623719840093
W31845,-7.54388083763381,-0.26733927101969035
W31846,5.912981004038246,-3.344093295286202
W31847,4.247600406826626,-1.5000553665264686
W31849,8.415738162592977,0.361509079253133
W31850,5.539043233125681,-1.2245152444355647
W31851,5.777230489275129,-0.22591718737437838
W31854,-2.375281568192468,-0.3505447026343869
W31855,4.607530641145915,0.7218947895724344
W31856,-4.116176386526648,-0.5837555851497929
W31857,-6.039920065590364,-0.2610141018915935
W31858,5.167412404158052,0.9168117052905119
W31859,-0.5440648161358558,-1.0027073247432794
W31860,-4.53779922828853,2.1682694985116417
W31861,-4.259998430742456,-2.8734386920241106
W31864,-4.88576248039879,-1.754780011496376
W31865,-7.616449273377392,0.5504865336187537
W31866,-7.776336885736447,1.3787127446973426
W31868,-3.7711689334569853,-0.17435406920461954
W31870,-2.805841832474816,2.5328330877575818
W31871,-4.275732504950993,-3.7522041680427805
W31872,-7.719250906736632,1.3331086538762356
W36865,0.6892496398721292,1.0998513978958548
W36866,-5.50661952967004,-3.508086737442441
W36867,0.8957395497476306,-0.7671321961595203
W36868,-7.02066508482683,0.3874670505521697
W36869,12.442440150411246,0.5713958843294651
W36871,5.550227189599692,6.324204023158608
W36873,-7.764414703105028,1.9443099004359317
W36874,-7.24458153236785,0.9746124070366216
W36875,-5.758136692545791,-6.334916971023262
W36876,5.927166724769821,1.130822142370613
W36877,-2.569066886341018,-1.9675621928629732
W36878,4.565674916156532,3.163965965520935
W36879,-5.9934899070015515,-1.6015295061052923
W36881,5.459432206120298,3.2012732805163826
W36882,3.515503651801196,-1.6440673385321787
W36883,5.640580114279767,1.9781944704116574
W36885,-3.8242289647767986,-3.2318123494497915
W36886,-1.4364277830679575,-2.8790073332752075
W36887,1.0332546087311518,-0.3386123493021341
W36889,9.240092985190874,1.3070292258066865
W36890,-1.635290750393881,8.62454494087076
W36891,-8.3752532857407,1.5998616145843654
W36892,-8.133407979180063,1.2833661620358054
W36893,-0.6434573807864683,4.407758472864943
W36894,3.3581829315005804,5.18357948335077
W36895,-2.908785670751079,-2.386425547262097
W36897,7.97439236355565,1.4068967038029796
W36898,4.4837562341475845,5.390026991124091
W36899,-1.3783594667755534,0.0757649913450846
W36900,4.4320848046741474,4.740508775704472
W36901,4.911156600235255,2.5881151773396778
W36902,5.262296317031469,3.5859902546122115
W36903,-7.2956776720512835,-1.3464146927285872
W36905,5.9509414735085455,2.67930099363865
W36906,8.09135319663292,3.7444043938796887
W36907,-3.8087187685014765,-2.3936988834362154
W36908,-3.5136612091440815,-3.5871941983016873
W36909,1.1214507991638518,0.6156083023772254
W36910,-4.083903852687687,-8.010171012014174
W36911,-5.696290749884253,-6.2514814702770165
W36912,-2.710828375761794,0.6143120301860865
W36913,5.4369373280725295,2.736583438553568
W36914,-5.689893548753548,-1.2297947471756119
W36915,-0.052400306514996185,1.8818813828404721
W36916,-3.1519999879159206,-1.9527218158902948
W36917,-5.855196691127291,-2.375156145017537
W36918,-2.6489935497002084,-2.508401776204337
W36919,5.413820254075381,3.4024920607411335
W36920,-4.842709423895521,-0.7408985977076306
W36921,-3.497466569796154,-6.2335478393519
W36922,4.323809091291241,-1.8802086621950131
W36923,6.442388980023396,1.7672739666936954
W36924,-5.961249648908591,1.0265221442153571
W36925,-7.514667065509117,0.5024694348933577
W36926,-3.690445411439195,0.30403035109718624
W36927,4.278375180875946,-2.403375794879228
W36928,-2.3793751739319897,-1.4907246865926536
W36929,1.0518902617957178,0.575744797493544
W36930,-3.3411048832647072,-4.190850754129113
W36931,1.0521426048003162,1.4984243407785545
W36932,-4.787098451945704,-6.525246005074121
W36933,-3.9083504656315444,-3.5502295466739926
W36934,-1.6039830270807438,-4.404572058858109
W36935,2.7678716415360913,-1.1273049639428856
W36936,-7.779464735754309,0.09136494303277948
W36939,-3.0382353893121588,-3.4175300637951294
W36940,-4.681384996036609,-5.660689924944683
W36941,-5.663548617436777,-1.1669676317897
W36942,-6.183158620300328,-1.302024025959366
W36943,5.645337548417248,-0.18496461220976393
W36944,1.493117839782072,2.011573091187374
W36945,1.116000803084486,0.8805275670249764
W36946,-4.0841495053515064,-0.16567891362710532
W36947,-4.801595437284572,-1.2242107033326939
W36948,-3.9307583624400353,-6.2570173832853335
W36949,7.442541258218168,2.261440324714156
W36950,8.67903142368072,1.0319138949030084
W36951,7.448087144120005,-2.070638735739695
W36952,5.748823781664285,-0.4833301405711644
W36953,5.2995374365153625,-2.29506898093472
W36954,9.17480040898188,0.8327827855001299
W36955,-3.3956462818410476,1.766054106653624
W36956,-5.476244770128375,-2.3070575489190253
W36957,-5.759117635030051,-1.7502884230134925
W36958,-4.07402133902551,-7.855720741638224
W36959,8.00493401397593,0.9176423534992911
W36960,3.103359744160612,4.768399569905939
W36961,-3.6603897726207526,-2.892826577448495
W36962,-6.005873589356718,-1.6352227375887676
W36963,-3.048866154031644,-3.6620159841213895
W36964,-7.642988889651921,0.9027921405744344
W36966,-2.926729293528609,-2.5322619889798053
W36967,12.69233203165545,0.46521802881319724
W36969,-2.0092801245173715,10.347375128828263
W36970,-4.926812386668556,-6.039792210107033
W36971,-7.77567060969549,0.1807245372394605
W36972,-2.179098331042649,-1.01286714949719
W36973,-1.6124106115844172,-1.899315358659077
W36974,2.7387270085113125,4.963311374714835
W36975,-5.25700337099901,-3.8463230983256915
W36976,2.4943821422154326,0.3378819577090383
W36978,7.905539862726633,-0.2478636835321903
W36979,-4.336380757329597,-0.3454767187396559
W36980,-5.187619663061598,-0.508726934379094
W36981,-1.2301900161739359,6.717108545470806
W36982,-2.096820702429009,-1.6170865150815563
W36983,1.7574980180465125,5.418298058800134
W36984,-4.6022571623724104,0.2988000218275998
W36985,6.800112686981347,-1.564348009610975
W36987,-2.7038404467600246,4.18478710629301
W36990,-4.63048280253341,-2.054323664472167
W36991,-3.8745794582532125,0.82613739213545
W36992,6.582280154193517,4.235386200110352
W36993,7.660740591189355,0.5984023402367549
W36994,-3.8634734570768217,-6.810396832067643
W36995,7.982566493768639,0.2597630761895899
W36996,4.709193475382274,-2.8729110256358994
W36997,7.66311634202547,0.7285256010248145
W36998,3.084305092245744,-1.1071445712429213
W36999,-2.495898074178372,4.837397400198099
W37000,-6.197284813339527,0.264949315647682
W37001,-5.198100880047789,0.3032155633941082
W37003,-0.10327467666185147,2.3434785790478836
W37004,-4.8314168633807,-6.954243164441259
W37005,-4.099712600224306,0.8379258823364012
W37006,1.2100320720898976,2.112972705455522
W37008,4.787183320324033,2.6401965533356795
W37009,-4.566273642071746,-0.8659541439883499
W37010,1.3296873291860987,0.7211327806477927
W37011,9.24358100781506,-3.2078721599909152
W37012,-4.312352210504947,-2.178783501203521
W37013,-4.8455653476327285,-6.695168548727365
W37014,7.577165891784878,1.1941294994029823
W37015,-2.3521732217717686,-1.4725447532431846
W37016,-2.5687373483785962,-2.3528459182996833
W37017,2.7452311765802198,4.871255225627172
W37018,9.33572424215799,0.707358278071672
W37019,5.503444038428294,0.6477600465823972
W37020,6.982203253124967,0.36356580495542534
W37022,0.23788749275621643,-0.20477411075509858
W37023,5.562769926739583,-0.1416319347459633
W37024,4.964687236646689,3.3867228016627893
W37025,-8.298414497550011,0.2818596830093038
W37026,-1.8715990558330329,-2.7008853031458044
W37027,5.155479569701527,-2.9764145246136215
W37028,-6.522298371105729,-1.5750967952899262
W37029,0.49670951079402065,1.1828126866790654
W37030,5.161296456581783,3.7578489359661416
W37031,5.332818681767681,3.5658257900239856
W37032,-6.555483088551032,1.4156969958294952
W37034,-2.0303665691280623,10.445167452392361
W37035,0.9228827799954076,0.8000749729481157
W37036,7.492131957186269,-2.22394832585162
W37037,1.6642263556339953,2.87668933214969
W37039,5.5003895475222935,-0.14656987259941953
W37040,-4.004542540423801,-3.545877896951852
W37041,4.740903720468981,0.27218255945348413
W37042,7.805895312386705,-1.873247010134189
W37043,-2.944591688433352,-3.1004701536849786
W37044,-2.7320360081979103,-2.975472986269252
W37045,-2.2402791663287673,-1.7278985255625234
W37046,-7.793690619003377,-1.034195202967238
W37047,-6.048495558435307,-2.114712797790801
W37048,-5.487473587316335,-2.390243047881383
W37049,5.157511679615976,-2.219342375185441
W37050,0.9979294433576564,1.0396662144761073
W37051,3.8031256356204577,5.054480882423978
W37052,4.347697613227702,2.647911194667082
W37053,1.092813601768521,0.8270307983896915
W37054,11.725614897676657,0.6922937552693667
W37055,-8.843167904257436,-0.45497437305377175
W37056,5.2574877960004605,0.046613237944230224
W37057,-2.9663132802643197,-3.3668628625435693
W37058,-5.9713015407895265,-3.0239233634430605
W37059,4.990925023035497,-1.7850554736268083
W37060,-6.3395263048732335,-1.572054291345629
W37061,1.475812797781544,3.8478135811656156
W37063,-1.5852173338299518,-1.9741254374636246
W37065,10.71991487549545,5.659082664531822
W37066,1.527562074686384,4.391621350720182
W37067,8.382765552878123,1.075109665551599
W37068,4.445677373120529,5.304181422125332
W37069,-6.942177738221498,1.5063351028485148
W37070,-2.2467096682307295,2.1477742805280675
W37072,1.2444102385462976,1.8976560069933333
W37073,-6.491766034629514,-2.4629375744215944
W37074,-2.5765307886414806,-1.9765092676656324
W37075,-7.3941630603812305,1.5533775669332837
W37077,-2.1822775335671403,2.0142618065136753
W37078,-2.0733264431949996,-0.974059773500773
W37079,4.471099064763084,-2.451692338055013
W37080,-3.9302567835970947,-7.3649569255935505
W37081,-6.010714417580153,-1.573352056815123
W37082,-3.9299471172444536,-3.2606738692484973
W37083,3.3994714884514896,1.1537641176068727
W37084,4.196401573091135,2.6389510609417424
W37085,-2.7378344202485936,-2.1451329609564698
W37086,1.8020031882918277,3.17085013321384
W37087,5.526308256231032,-1.643306935721023
W37088,5.589516228537378,3.8810395479187827
W37089,-3.8124891584325153,-5.912265981964574
W37090,-0.4871070910583271,0.20364768317051482
W37091,-2.0736608308845836,2.42940273154539
W37092,0.24474862324401747,0.07947292670863869
W37093,1.0349264002697232,0.03777175302258502
W37094,-3.9114210387905057,-5.01792619062413
W37095,1.3049558845331788,2.1978827662480436
W37096,-4.420803379867514,-0.9973197969771764
W37097,-1.8003600356176412,-3.7184202578800583
W37098,-5.246157306169703,-1.9079527085876935
W37099,6.914952829831256,1.6306419069003275
W37100,-4.6672692920335574,-6.541206416548885
W37101,-2.898548479332642,0.10139280205418556
W37102,-7.670830642550402,0.14533759697856716
W37103,9.084743290196087,3.4363810724325217
W37104,-4.255227042787557,-1.5040676456290374
W37105,-4.675075300712429,-7.533377162596326
W37106,6.202432760403569,0.29204874435723627
W37107,-2.2758433158184945,-4.5082562994379005
W37108,1.0792579029603597,2.1292427459129026
W37109,1.3137609946847209,0.7565648424540394
W37110,7.097245162015334,-2.3281000826996165
W37111,-5.84728175758117,-2.418537351389845
W37112,5.0655834209482515,0.1568697774339381
W37113,4.4190844022901095,1.1841935775394803
W37114,-5.569962657020329,0.7905888432891587
W37115,1.2546857606316706,0.9317606479955723
W37116,-6.883024666018885,-1.1976352819003875
W37117,-4.517933247892142,2.111730629014827
W37118,-3.4985250209953227,0.2788036908190933
W37119,7.1538769324507285,-1.982682546983521
W37120,5.645456972355926,0.4939747733867487
W37121,6.106995570411967,1.7647755697689227
W37122,-7.815934607618185,1.2295914456963422
W37123,-3.7293606816797062,-4.999714921988159
W37124,-3.412631096701124,-2.0875938253046553
W37125,9.139655720552565,0.7025191856335506
W37127,8.17461314862388,1.1540166227412068
W37128,-3.4837808258429015,-0.8745887682275191
W37130,3.8011289444249345,1.0318683590303488
W37131,4.622466354359586,0.5948435729260793
W37132,-4.525108566058838,-5.965621950392118
W37133,-4.029464515890726,-5.726324424718322
W37134,1.2711091857911143,3.020630869232678
W37135,12.958085412683095,0.5474546211974215
W37137,-2.404080496147973,-1.9621304039769654
W37138,-3.329270179998547,-4.179435359730486
W37139,5.310634966837352,0.9048583689303842
W37140,0.4113454060363066,-0.07478080211458418
W37141,5.3921276574712165,-1.3782897182377556
W37142,-9.433123611127666,2.900491421600457
W37143,6.014886648505593,0.6298703328937831
W37144,4.393211819025578,-2.4713379623772775
W37145,5.729851585577787,3.5387604279710567
W37146,11.950459999708377,0.763757005746623
W37147,1.7119069804733866,-0.8762658656678626
W37148,-3.404190299844319,-2.823616509815559
W37150,-2.303842811174619,4.375189161308624
W37151,5.944031776082025,0.5393095083285165
W37152,7.313413596601847,-2.1373393162078855
W37153,0.8814404745418801,0.8289772534002868
W37154,3.1680357129927814,5.17353114931598
W37156,3.996747637759986,1.923875785527995
W37157,-8.603541166916274,1.5921902576489082
W37158,6.023332954372243,1.5549110637700934
W37159,8.330313103792705,1.168153600718762
W37161,1.4498410518184206,0.8493533438479374
W37162,8.810746555619403,0.8979013909415203
W37163,1.6659513433828521,0.492386380171251
W37164,3.992418441165491,-1.5521182591548104
W37165,5.487907198896418,5.728570838608068
W37166,4.41770917144683,2.7838566150042032
W37167,-4.2451656998778935,0.9161263603677372
W37168,4.780645413917445,4.429740517137187
W37169,-3.8524349412742356,-4.383058501633263
W37170,-4.634646639366574,-1.8701479243775727
W37171,7.03060507451134,-1.90947455905753
W37172,-8.374771371433672,0.9981881780116365
W37173,7.794903727396692,-2.111984134703387
W37174,5.91191350349524,1.3245720239616476
W37175,-4.597332613657987,-6.152876891533416
W37176,-5.923741963673723,-0.8746970593082075
W37177,-4.706906789006886,-0.02622193112301868
W37178,4.824438671266847,-2.45506522772014
W37179,-2.78926481193753,-3.0565366199263844
W37180,-7.212218894830047,-0.2934504277926396
W37181,-2.6918615271086535,-3.926456860120445
W37182,-1.330002199072606,7.20390063983096
W37183,1.2508178801887158,0.9355427306384684
W37184,0.8023629960378872,0.32050349238363235
W37185,-6.103629618490109,-1.6848875404334638
W37186,-2.1840117220259065,4.121395633429358
W37187,7.796238948359174,-2.0093448445517583
W37188,1.3459445218007697,0.10266135848898515
W37190,5.117243586382393,2.642535577647615
W37191,-2.413335610172761,-1.987558223831187
W37192,-5.349256923089551,-1.4991386654634757
W37193,4.906294601786494,2.7721621487235497
W37194,7.4671438054732615,-1.8522496187234765
W37195,8.179154086538748,0.27369683771720876
W37196,-3.1574529155721325,-2.9358072476989947
W37197,8.694502744303833,-2.7772152698060983
W37198,1.0378158949685257,4.479659628745864
W37199,4.516533853148648,2.8654224367779833
W37200,-4.303648162085667,-2.861921383859424
W37201,-4.26962446200955,-0.136295252149091
W37202,4.211092062721173,-1.52670144134486
W37203,-1.0538274417350137,-1.6086372370614501
W37204,-3.735588603927429,-6.856846732286411
W37205,-8.340835258353883,-0.7466179874141007
W37206,-2.857936438805778,-2.599708319502862
W37207,-7.604977987397976,1.6021028257498635
W37208,4.038419412637047,0.4367865723212493
W37209,-5.1023098861777605,-1.7287402027928274
W37210,-5.134983477935482,-1.6859618675785732
W37211,-0.31572068240246554,-0.4433194217067881
W37212,-2.530580357116361,-0.06475349536973997
W37213,1.218419440064103,0.8909990664058147
W37215,6.245768196616234,0.05262378351976331
W37216,5.19672953334266,-2.6995782939257746
W37217,5.217767145603489,-0.1509188671906669
W37218,-2.7531025105100304,-3.4749481074605537
W37219,4.0708919904967775,-1.3187069847612516
W37220,5.37342579223991,-0.0342099128237147
W37221,5.395370615030137,3.5432321167935132
W37223,5.53563639307183,-0.2035759175659015
W37224,-5.9728258024212995,-1.5430727353571867
W37225,-8.311664910458655,-0.4218540809559523
W37226,-1.7882253660585357,9.323176367418673
W37227,4.837558819254969,0.305799272462166
W37228,1.4582707311061973,0.5765342521891571
W37229,1.0936902808512543,0.2577064073757953
W37230,-4.236966622675371,-5.323276963103323
W37231,9.814412000477834,-3.560768887002697
W37232,-2.702454355641833,1.6863233690764121
W37233,4.771388503597245,2.7095333190910744
W37234,5.105771068590846,-1.4669782375738711
W37235,-3.635168730821006,-2.227906337883396
W37236,1.054330982740896,2.838958172405797
W37237,-6.909800943256021,-2.1480756776256684
W37238,-0.37911006433113575,-0.8047105758984763
W37239,4.613628329859921,0.21312902335169454
W37240,-3.4572937404721054,0.2802364280923103
W37241,7.426349003874105,0.35597835026648417
W37242,-4.945537918492221,-0.360291242861072
W37243,5.146101581294179,-0.0164168074180389
W37244,-3.380958043837237,-4.437203233132422
W37245,5.83886121405342,-1.5030065963087251
W37246,5.335061284182434,-2.4573465377580805
W37247,-0.05421308833079834,2.0978419802858155
W37248,1.035569954039165,1.7640658900279271
W37249,-5.949645172478536,1.8956189337175364
W37250,8.940784444034513,1.2024927344135434
W37251,3.8992596650526656,4.6997404114079675
W37252,0.3798783406951061,-0.9556127417626242
W37253,5.156202020192575,-0.576860499037834
W37258,-9.176599078655356,2.7633782959362545
W37259,4.460880954756354,4.63287799652752
W37260,2.9598773668101295,-0.16110991899849064
W37261,1.7409632129895243,1.1059340577350327
W37262,2.1325696551335125,3.8978380545548417
W37264,4.601630867203087,3.979939605955861
W37265,4.39905207357332,3.808106281578446
W37266,6.949769201546824,5.135467886813044
W37267,-3.5253994820919345,-6.542605402924452
W37268,1.2836507241835207,1.8444892389723724
W37269,10.374781225391487,5.291439363910006
W37270,-6.42805184089076,-6.109618702067393
W37273,-2.54904656333882,4.948082789764605
W37274,-1.52495849513044,-2.721778009508209
W37275,8.696297881566965,3.712924280150434
W37276,4.9022812122698864,3.4040987060147616
W37277,-7.4477868564528285,1.9807554002324836
W37278,-1.2955668158646967,-1.4245312932647927
W37279,-1.4220233134488631,-2.558997407916978
W37280,-3.515740997178984,-4.190473218713708
W37281,-5.265911598321051,-5.027653310546987
W37282,6.05076070405202,1.014105852793602
W37283,-7.5430758808741265,-1.2910728366541036
W37284,5.096192389240691,0.3160139115853296
W37285,7.510704646926911,4.025205004466416
W37286,-7.780300040808285,1.430681125364324
W37288,-6.458386725080975,1.1512092333304973
W37289,-1.974713783002426,10.187052539797229
W37290,-5.343976003261817,-9.450640384933969
W37291,-2.2307328174813263,2.8950963894362767
W37292,4.627537116957527,0.4610166317619874
W37293,8.045206640015186,-0.0768861757649904
W37294,5.841085099895629,5.462230839566658
W37295,1.3296887241303443,0.4535416196416601
W37296,-4.033146828578894,-5.209815559772575
W37297,-6.378580285633585,0.6967701227340704
W37298,5.728614286894872,-1.4667758851802783
W37300,-3.8658544806665733,-0.3289317369413839
W37301,6.077249940488012,0.4464909565183419
W37302,-6.617469457479348,0.3836808086356988
W37303,-7.348799505391507,1.690389442172908
W37304,-9.664376817014446,2.9794042798663996
W37305,-2.5557584713602886,-1.8901094692489977
W37306,6.056856195028786,1.9818641559619732
W37307,6.897171555335818,0.5827881626151886
W37308,-7.101172431030393,0.48143850458227033
W37309,1.8185555446999622,1.6563896214334384
W37310,0.18338658928330903,0.16301834806020132
W37311,0.582636835050751,0.501055617662113
W37312,-6.029738541597068,-2.797951029572035
W37313,4.19149123301389,5.52783436679513
W37314,3.6264519692689023,-2.4212290881848473
W37315,-4.292105547303525,-1.5767231780707622
W37317,3.30328706529694,-0.5246437656619615
W37318,5.719478310347151,-0.20871201673635675
W37319,-0.8330866715492283,5.257998246687179
W37320,1.303781035442114,1.6295696030085787
W37322,-4.859380425287071,-7.254190065860832
W37323,4.066148131505638,-1.7338430008433052
W37324,-8.526548124709457,0.7320124221127264
W37325,5.502009789772086,-1.3895431245755305
W37326,-5.406097156904462,-2.01182372794257
W37327,-0.2839848412985461,2.4705678589314677
W37328,1.0455493224344568,-0.002116619566816602
W37330,-3.8656444195335316,-3.1148970001716867
W37331,0.8885316352053798,1.7991796446133175
W37332,-5.039532837228949,1.4881696408918912
W37334,0.9878721395194004,0.005862144859582868
W37335,-7.033433857051167,1.7910498035496305
W37336,5.6358369479537025,3.8761101733208925
W37337,-5.800417977342885,-1.4487747698029165
W37338,7.428285777646589,1.9197417258432419
W37339,5.506070509912333,-0.4027955411857195
W37341,-4.4851033374929745,-8.411676665765805
W37342,5.783846595585459,4.245663711692918
W37344,5.177459610243122,4.132765356839331
W37345,6.9070283717271135,3.8693090499268457
W37346,7.232562345015634,1.7283329603454136
W37347,1.7613722839537953,4.785175277953337
W37348,-4.866479667041031,-4.452575820979836
W37349,-5.8450701492842425,4.587679802840304
W37350,-7.646761573011114,-1.4882200638195608
W37353,7.848135897744359,3.7484188622901398
W37354,-2.4634471300635927,4.740152414166372
W37355,1.5745839795152783,1.0996490066366371
W37356,1.161201907316485,0.4331507392125135
W37357,-4.549979369263803,-3.5290606451146935
W37358,-6.160964683523169,-0.8681666023131669
W37361,4.4577585404920725,5.678578209553908
W37362,-2.4256902158892744,0.2581548922907909
W37363,-7.020469781787013,0.5823658454676752
W37364,4.301609528584152,1.1396755073247185
W37365,8.425715957617212,0.0740091432082464
W37366,5.310726251368071,5.8964966532273335
W37367,-7.140343747279631,-0.286357934841341
W37369,3.4510697183596863,4.541424505157922
W37371,5.4499269968811435,-0.08576660622860836
W37372,-2.5831382210030025,5.056618723432433
W37373,-8.970713931028715,2.685431659196193
W37374,2.3187195237309153,5.202327580830071
W37375,0.8791748643814271,1.1734103832752794
W37376,-7.097122134067016,0.20853900796616903
W37377,6.8484832942109675,1.3897804103049427
W37378,6.731899859840968,-0.29823901534998765
W37379,-5.6088414733810685,-0.8698301679787843
W37380,6.272159637402103,2.8694142482832263
W37381,5.859661275423034,0.28797743816534255
W37382,0.4037788196868541,0.6322490760140655
W37384,-7.252013509306481,2.02672207103434
W37385,-6.383138792967109,-0.3859665434327181
W37386,3.686035526742275,1.2670130967617836
W37387,5.208853734373603,-2.4011951943366587
W37388,-2.4591767140671306,-2.370683835987283
W37389,4.51292378602367,-1.7200636500869462
W37390,-3.6515941987892355,-4.14958176794262
W37391,5.731825069539126,5.001054400903802
W37392,-3.6174328163947975,0.9851547791896613
W37393,3.6511013797173546,4.634901121129483
W37394,-1.4316714312305177,-2.3481256614226007
W37395,3.567537441344354,-1.515893660306626
W37396,4.033076426306955,0.45208136627069884
W37397,0.5688837827363307,0.7030099416340421
W37398,1.293321805025245,1.3752922176841813
W37399,-3.552794683917375,-5.943941375633853
W37401,-6.702023584324933,-6.4756797258705845
W37402,-2.4383421825867413,-2.203751436670134
W37403,4.602420156858865,4.239343024684187
W37405,-3.7262978771797193,-4.5624199755564305
W37406,5.412071748966338,0.026115091265676373
W37407,7.192530391078832,0.38538926896140036
W37409,1.7803170966321882,5.982586485047483
W37410,5.314510358318654,0.7698044912566082
W37411,4.164292984959308,1.227070124599382
W37412,-4.625525553254467,0.2012846250478082
W37413,7.375378556564223,0.8201483602812966
W37414,2.6343691963369458,4.1390560445856845
W37415,3.9019246160755423,4.711718519714769
W37417,-3.9471422124617273,-6.4623123971188505
W37418,-2.522616583638641,2.568580856134219
W37419,-6.71189704741851,-1.7421377095894552
W37420,10.518285681073442,0.8629178167968962
W37421,6.377582553193979,-0.3229185670606414
W37422,8.986296276573201,4.182968491987137
W37424,-3.979728870093265,-5.530829061628467
W37425,0.3151672035112034,1.732420103768756
W37426,4.303678554957179,1.77732305161118
W37427,1.035507420872509,-0.4042810187247603
W37428,4.858472033068759,-2.5260963190419874
W37429,4.3344229997476225,0.9576145686661515
W37430,-3.362976656307273,1.8027050374718356
W37431,-8.300580204741099,-0.38151360337098605
W37432,-6.422060229986388,-1.4314236921882484
W37433,4.193058362325986,1.3713909492054976
W37434,-2.8363394129234356,-2.691762377188261
W37435,1.8757061241537936,5.585166604595082
W37436,-1.6072262371057229,-2.1298996489552864
W37437,5.471672385810541,0.9401010984088594
W37442,1.5910732008012682,2.535663856199418
W37443,-5.113458624925644,-2.8564278450658787
W37446,1.5125942437786766,1.079928197340106
W37449,-5.669976361696262,4.324105585731623
W37450,2.6191954890140403,4.921972765531481
W37451,0.6797948438648508,0.6341680647328531
W37452,-0.9236214655343897,0.23279463388468466
W37453,4.373504011320034,5.175009629227854
W37454,-7.084386587097888,0.3338291215309518
W37455,2.080644407268401,3.2406818538611035
W37456,-6.508601221421647,-6.187109765152894
W37457,-5.994717801002037,-2.2441571861613894
W37458,-6.540624001846225,0.8440870776550203
W37459,4.565282914067929,0.8423117268597358
W37460,-4.9474513496628925,-6.836692772762149
W37461,1.4525041984206462,-0.07020110806071918
W37462,9.692007499393927,4.746203778314409
W37463,-5.5482503904184695,-2.720708003433214
W37465,8.056093631558497,4.091105918711498
W37466,-3.6987951733123317,-2.0954469442510026
W37467,-8.007187121943563,1.9314330259235155
W37468,-1.0867797453921466,6.163636153733776
W37469,-4.371994745383233,-7.122102532399565
W37470,-2.7880825019295963,-2.475598901031333
W37471,-5.96489545482575,4.760601356811794
W37473,8.558219971855024,3.292341275183588
W37474,4.315051329946991,-1.8914213063175298
W37475,-1.716824620547023,1.0147640243404645
W37476,-4.350245075213033,-7.360017775211849
W37477,5.301406898837179,-0.055600408543869294
W37478,-3.164528784924051,-2.8913590039661092
W37479,1.2733385338735541,2.0365040071632112
W37480,-7.674374663450488,0.9568724488565847
W37481,-7.277074791536924,1.8779438560308404
W37482,2.887319760589348,6.388457428367664
W37483,-0.5504825259969498,-0.9742557093914014
W37484,1.775910596474889,-0.9675282312463035
W37485,4.968988739963566,-0.26016711888308486
W37486,5.129517798977607,0.10286942587135757
W37487,7.109585360643977,1.0498121623139576
W37488,-3.9067714966085023,-1.9255163410436225
W37489,1.5207926294513807,1.8892924123475798
W37490,-1.5154357984392024,8.08357021732132
W37491,-7.576392823626109,-1.2904525795470572
W37492,4.867103973951823,0.4661329476949273
W37493,5.200711641370901,0.6572469249888083
W37494,-3.240158420580635,-2.0337958831846916
W37496,-5.524609209838043,-2.6577946505148993
W37497,1.478166951546918,0.7056069411090329
W37498,8.321768931986366,3.5720725638953175
W37499,-4.913875653339731,-0.6688463755492675
W37500,-7.586585682196063,-0.33477257812492395
W37501,5.2353559921476736,-2.8247940263953835
W37502,4.83818853683444,0.3505555643899107
W37503,-2.2041952237201077,-4.901503107084254
W37504,-3.607878774258623,-3.663411367442129
W37505,3.3004203392700484,4.865495960343565
W37506,1.2137554305965876,0.6307043469614246
W37507,7.990515335704146,0.17151097722446457
W37508,-9.803019516375876,3.037887806160292
W37509,-8.621459489757147,0.2030130443900374
W37510,1.0467786206581082,1.3747126264181515
W37511,2.487535210736471,4.755631345710846
W37512,4.1870951424625344,4.492705035717658
W37514,-4.703572246846613,1.1795292565299473
W37515,1.435124482768303,0.7264973997347041
W37516,1.3269250957896204,2.834213707233639
W37517,5.158140853169381,-1.1887616907362715
W37518,-1.6691108794095448,2.890633837895447
W37519,-4.18738673940939,-6.96977057013803
W37520,3.8949579354171324,1.7197801627350764
W37521,-3.6492384164720844,-2.799621132627793
W37522,6.696573942021661,3.6543515322575684
W37523,4.933473384398244,-0.20124313305898514
W37524,-2.2702231542811893,1.848365821713064
W37525,-3.8772623472689336,-5.142524396422415
W37526,0.5179786954197722,0.11091885992146101
W37527,1.1595485880646454,3.548802359927591
W37528,-5.910710916095045,-4.234037634521319
W37529,3.7419792697609564,4.344042890124403
W37530,-2.6210885186510784,2.5105915666513057
W37531,1.089627227980585,1.8250084168705873
W37532,-6.812546893284143,0.22866333308194436
W37534,6.014664170791683,2.05086961734508
W37535,-3.7671044762378925,-4.445700180541906
W37537,6.6456441386324405,3.4900510688058675
W37538,1.4262359280711996,4.543663185956628
W37539,13.115721979591465,0.5064600424979193
W37540,7.83128793910619,3.9731745943662737
W37541,8.288918031026611,3.5346270444706938
W37542,5.147196356682819,3.0627812154185694
W37545,1.7578143660112615,4.707029520719816
W37546,-6.335573702300257,0.6330995074331404
W37548,4.049942575888956,1.847915879856705
W37549,3.9071220411119083,4.735308946515632
W37551,-2.797273217359903,-4.826635369706749
W37552,-5.6127318766311625,-2.725125250038938
W37553,-4.527630152762783,1.0139227014285133
W37554,4.411775317249694,2.2156589355278586
W37555,5.48253624826908,-0.8146012319306976
W37557,1.1383681665404113,0.5724080676368429
W37558,-2.807614123182155,2.8391878551163114
W37561,6.179721829412297,3.610537865576998
W37562,-2.5571185810830532,-0.8004230100983067
W37563,3.923383327017794,1.1110532163695452
W37564,-6.724674101667303,-0.33526020441859217
W37565,4.679849459740857,1.0503291745538552
W37566,4.037010811307122,2.918745745931301
W37567,-2.073406579448327,3.8287568798700646
W37568,-3.860721474654438,-7.188032068008245
W37569,-3.1591922481726527,-3.0184688196977056
W37570,-3.689474943685874,-4.657513776267931
W37572,-0.5179936366539467,-0.5279914960516195
W37573,5.13663242894591,0.17637740433864563
W37574,6.458127972990388,0.222674387368161
W37575,1.7352076457558336,4.683765499861762
W37577,6.611371920134868,3.739187975833869
W37578,-7.054107349202428,-0.35774634258822036
W37579,-4.638419919362343,-0.8096037200627009
W37580,-3.319159387766517,-4.4807024819135
W37581,-1.7826914208821647,-1.2885421255308447
W37582,-7.934120801987942,0.8545160253025891
W37583,3.0162491241478766,4.404909916746643
W37584,1.1266317533352086,-0.24923401545146087
W37585,-8.82155086838885,2.6224972941081743
W37586,7.63320348416337,0.07257957274178112
W37587,-4.4036169913834575,-0.5435784414867939
W37588,-8.171618840728588,1.813659445564864
W37589,-8.732751070139184,0.05671454364616907
W37591,4.033841512502849,2.093255300171237
W37593,-3.2457164621372327,-3.7108383489157863
W37594,-7.343195046407616,-0.5341408133425646
W37595,-1.9177862803529482,1.6595641654992572
W37596,-3.976697540454298,-0.28427384824803553
W37597,-4.211467710395064,-5.310000052576633
W37599,-1.6588438321084338,8.72984743019161
W37601,-5.563617489970325,0.13213859721944088
W37602,2.6668261766267656,5.358696772904298
W37603,4.18674467686324,-2.745166545734928
W37604,-5.6571535345748165,-0.05275283563557759
W37605,5.29666571430047,0.032538174950094374
W37606,2.1168399950714964,5.33277151478133
W37607,4.263891341627203,5.496909804609487
W37608,-4.167129142893623,-2.0773189856009067
W37609,1.270672533073622,0.5882597472132797
W37610,1.3456135370721947,0.5931123470591395
W37611,-8.294974268336015,0.15354733446467017
W37612,4.440244672224769,-2.8129357304786
W37613,-9.581023797189415,2.9426875907082386
W37614,6.718967793472009,-0.07658945086410784
W37615,-3.7861294070477647,-5.024590740587125
W37617,1.3044493667545334,1.606232352275957
W37618,-3.7104239959257677,-3.1438541695562665
W37619,-1.6989183334200386,8.912585479307978
W37620,4.957299610927249,0.35361665196849634
W37621,4.072164783149227,2.7369849559585124
W37622,3.482165191341376,1.3919559055977875
W37624,-7.418338159739923,1.1833999244843318
W37625,0.3637682850590842,0.33096254566189354
W37627,0.790466792903596,-1.497964404232079
W37628,0.25984679377174547,0.05626829432844681
W37629,-5.960663574073937,0.25456434144585705
W37630,6.212340138021152,-0.3296045440267744
W37631,8.6205911558952,-0.291160739940719
W37633,5.954736570630019,3.2279741106702975
W37634,5.505902688152032,5.362714059199519
W37635,1.7417438223587138,3.756916925108532
W37642,0.781441435779228,-0.09919024563158241
W37644,-0.2876654026876464,0.42618799335377716
W37650,3.295892603819464,-0.4988132330945406
W37651,8.131177326766272,3.6966900080626868
W37653,-0.7096678612780529,0.5799029520316684
W37654,-8.147614805333067,2.3076656145718544
W37657,-5.339404292345792,-3.3888672137477145
W37658,1.4990430359164189,1.6199892899493296
W37660,-4.6121491038270594,0.6905610960742261
W37661,5.444776660637876,5.611076278488278
W37663,-5.467421353704886,-6.276807206278757
W37664,-5.9606401960182795,-1.2247974210612294
W37665,4.496052330586917,2.781781081399491
W37666,1.2698342604015929,1.0589738896941991
W37667,-7.157907985113373,1.7319652039647966
W37668,3.5151623474570117,5.186949672300808
W37669,-5.064213320603784,-1.4370965971847578
W37670,4.7368935743349425,2.8545596233122383
W37673,-3.2127930863353176,-2.99463714486808
W37674,0.39036910400252367,-0.9978106963395845
W37675,5.345847289483617,4.504313165471881
W37676,-3.131998722092007,-0.014552364584289778
W37680,-4.439186930102207,0.4781366442831766
W37682,4.737794071793356,2.0833744092472815
W37683,7.812758985527248,2.09401005124011
W37684,-1.7163825172427287,-1.611841828031486
W37685,-3.8853600227380864,0.7109038876388025
W37686,1.3306401986291863,1.7810525445763494
W37687,-5.782519561453716,-2.6989996240184015
W37689,-4.0882825262506355,-1.736417187663118
W37691,9.34902726640709,3.8890676016054297
W37692,7.847637366520087,3.545226591390451
W37693,6.729545582133587,2.0938007129252467
W37694,-7.914957915287935,1.6713265792540177
W37696,-3.518519794630956,-3.5664545833827233
W37698,-0.6636016795654407,4.492536921029164
W37699,8.80358831204098,3.3854975606218694
W37700,-7.076830682092942,0.3105875836399611
W37701,-6.6695216558885555,-1.3292555167162043
W37702,-4.908091463249482,-1.7498121880221378
W37704,-1.8399469680290168,-0.5739712898583105
W37706,-7.708481416092862,1.1587930697387128
W37707,-2.707224870218647,-2.081448283376281
W37708,4.685343330982462,0.17115388588685182
W37709,0.8209630295616054,1.0030485313792021
W37710,8.505691431988502,3.5708318933294647
W37711,-4.641841408090192,-7.020403976276023
W37712,-2.5164125111563167,1.7308996112349018
W37713,1.2291874957639712,3.0420742423456018
W37714,7.628756810470753,1.4596314344633243
W37715,-6.0830601142376,-1.4571994036413556
W37716,-3.147690646455531,-3.04655897496062
W37717,-3.383169585475011,-4.138413430856439
W37718,3.363575393506803,4.70984614741926
W37719,-1.6796508545074997,-1.8868551590305527
W37720,5.838689969261475,2.2347874280386524
W37721,-3.310236882096582,1.6354140434713613
W37722,-4.978281622836711,-0.015110632213688925
W37723,1.072099488832426,0.423406962794265
W37724,4.028060251415218,-2.2245165950565795
W37725,4.892195358374875,4.568353030101047
W37726,4.711262257314266,0.5699081812806694
W37728,-3.0813076245884656,-3.161150147931809
W37729,0.8911665265655708,0.08001043263061682
W37730,7.275263629102456,1.68459508561065
W37731,-4.038572569252276,-5.752413790825411
W37737,4.37917719716922,3.9049094709275947
W37738,1.5864474107005133,1.3449496935429435
W37739,-3.5038705333050957,0.9175069802334879
W37745,5.436346238525898,3.1437791466467173
W37746,5.951489530457771,1.48703039077937
W37747,3.54181393018207,1.7543519158735628
W37748,-2.7884593282110113,-4.697606156544929
W37753,12.99400824549623,0.3773076805527613
W37754,-6.397576447816668,-5.629429064485515
W37756,-4.9754227949288,0.26853729049244107
W37758,-4.203017138275695,-3.263405767462226
W37759,5.978842284819126,1.1149615692756907
W37761,1.6202493907837634,5.069133414010995
W37762,-0.8820375235714176,-0.35466751573310823
W37763,-1.4266710721776197,-2.462386623522779
W37764,-4.140522096095363,-1.436018935448709
W37765,4.112779718819254,4.7935049842752395
W37766,-3.1092573689360585,-5.940516571426291
W37769,1.7832456722137804,4.948431304438627
W37770,-7.038488974917799,1.7440193160110475
W37771,8.922282247617156,3.722399622632873
W37772,-8.010576923656535,1.252054734362871
W37776,3.7433932458949473,-2.3234513186880976
W37777,-6.930633042368994,-1.8838266723279233
W37778,1.0880632981146732,-2.0468076650979827
W37779,5.988055565004031,1.089650487248763
W37780,-2.540899913640746,3.441484101572916
W37781,2.8521094981567736,4.271159079289808
W37782,2.9222882497337355,4.730487947112854
W37786,4.869785497640021,3.5993245061730588
W37788,-5.716328234003582,-1.1229731098008306
W37790,5.475978440588484,1.4285321092638052
W37793,-3.3443342658063377,0.8500722451538283
W37794,-3.791728259828439,-7.236363158284621
W37795,1.1140250718858473,4.2097057520318675
W37796,-7.466529613675575,1.0875954867811224
W37797,-3.0887095119564227,-3.442191621515607
W37798,5.5966256446958775,3.4373942534749378
W37799,-2.7195111318436513,1.4336368014984295
W37800,-6.537840836974089,-1.605997891059331
W37801,1.4176326526500276,0.2972218980610306
W37803,-2.9226218975620943,-2.9321069090683554
W37804,5.362562852550981,0.8128360067582484
W37805,-6.34939049357602,-0.36940464184908356
W37806,0.30699951477783705,0.580451513040907
W37807,-6.830382953658058,1.111089419539439
W37809,-6.137370903213307,0.6682731758444784
W37811,6.275656700460766,-0.16674356096989248
W37812,1.7840001292425158,2.803877218301459
W37813,-4.862610179684654,-0.9491870082654092
W37817,5.423809874872237,-1.5386968640641987
W37818,-5.14148037878264,-9.03458804296163
W37819,4.742769030447578,-2.5696099940349555
W37820,1.9621331186835498,6.2043594888779605
W37821,-2.264945255496388,-4.57010637478015
W37822,-5.387834948078294,-1.0397151863135619
W37825,-4.923615437871281,-1.0864787799772628
W37826,-6.840182791052788,-0.621469272029873
W37828,-5.53808346722862,-5.970443962625178
W37830,3.4382610861876657,-0.6412524943356626
W37833,8.18048694471934,3.1807758658374965
W37835,-3.350088948213432,1.053559756758284
W37838,3.651999084459118,-1.2358468872139596
W37841,5.559284706799421,1.3005295770931693
W37842,-5.406347438608213,-2.5673186199179594
W37843,-1.463747478076855,-1.978007865471464
W37844,1.5949660895541027,0.7940369330304037
W37847,3.118312224875992,-0.26586686357553285
W37848,3.160895734523394,-0.1315986886569687
W37849,-3.325405745175145,-4.746487065491884
W37850,-7.752389034726239,-0.42144604859568147
W37851,4.897976586377251,3.464666306319043
W37852,4.400857023182954,3.648667793861053
W37853,-4.97059638575957,0.2537765054856928
W37854,-2.1706084301797848,2.027242953597086
W37857,-1.1909461702643416,-2.346623428567251
W37858,4.958847416517247,2.275625914035109
W37859,5.180431109554236,-1.4782690035295705
W37860,-0.0034022700864746788,-0.014776168199162254
W37861,-4.105167204028077,-7.979862605692334
W37863,-3.746775694006388,-5.599326769443293
W37864,5.620525783435969,-0.23052792540077754
W37865,5.780819061238598,1.3635506987199826
W37866,-3.724039131208854,-5.441971514471096
W37867,1.4604387421312621,0.9340129096589339
W37868,-3.2635362747379033,-1.5122455291840153
W37870,-4.754481314121378,-2.684196091214839
W37872,-1.9171095962822842,-1.779078308501714
W37873,4.722956274808014,-1.7968111308359156
W37874,4.5837781851487645,3.076311504923947
W37875,4.484502597512319,2.82334431285064
W37876,5.433067981736512,5.565387328895693
W37878,7.547703240070369,1.4597212917854652
W37879,-2.2384854680946944,-4.712376661572426
W37880,-5.56143217504946,-1.1733380546940906
W37881,5.270049111191003,2.56686881407907
W37882,-5.040832461076678,-1.146185405619215
W37883,-2.7447731354294462,-2.405981642801323
W37885,0.06207676521235526,-1.0343200353147766
W37886,-5.303367988977299,-1.4218301430266715
W37887,4.712001582190337,4.360127060491479
W37888,10.41067003877831,5.332259052720386
W37889,-6.717060024813628,0.20404003441870183
W37890,1.3406176089267101,1.1395098393649195
W37891,1.6611373037094306,1.501238065840607
W37892,-1.3587280404377575,-2.337102903974612
W37893,4.765174484623545,3.3854118133745708
W37894,-6.309978927628939,-1.7086306449165387
W37895,-2.9405998767646393,-2.7325762068141963
W37896,4.782687199640406,2.3300680403041967
W37898,-5.326261260444366,-2.5396142034231985
W37899,5.518150942885882,-0.0445225012946062
W37900,4.244863623521604,2.4918442909657568
W37901,7.930210241422123,0.9875710888003706
W37902,-4.538936612977641,-5.851735362096127
W37903,1.4472207981674854,0.7521904554608371
W37904,4.779612815557707,0.1321942904513239
W37906,-1.9903975616871332,0.9124472462028305
W37907,-0.1756521334201413,-0.3853589073248819
W37908,2.5364886451080206,0.3332740838130871
W37909,2.995278378221395,-0.9378607370067268
W37910,-1.7495964867807445,-1.9135037366971273
W37913,1.4694052825633703,1.4195019133172562
W37914,1.1295921422413104,1.0851376644641602
W37915,4.064585172969394,2.6953327536952387
W37916,0.8308582775945298,0.5235427203251505
W37917,8.132333121156908,-2.2025320589762463
W37918,3.945351316863696,4.696157834708248
W37919,5.173015979134106,0.038965941127312116
W37921,-6.79561178686682,1.6109634727454816
W37922,-6.221670918574351,-1.804304644780797
W37923,2.6933322830031434,4.446016565006425
W37924,1.3865785815364855,1.4215371716418812
W37929,-5.237905786301766,-1.0018186861887954
W37935,5.277082650007097,5.904636631232136
W37937,3.137643161033379,4.249410033807646
W37938,8.560884014539912,3.794762624955087
W37939,-4.037356809820656,-5.695487519786584
W37940,2.3848836929251522,4.614834796488326
W37941,-2.6004271730815156,1.3327570125027643
W37942,-5.316878899620589,-3.328729457305772
W37943,0.26776821002198864,-0.9893331157541291
W37945,-1.301991615324176,-0.049967645985342986
W37946,-5.593222568107104,-0.08196967372389755
W37948,-5.418677885213884,-1.785738906438506
W37951,0.6717591939041223,-0.8679942405556748
W37952,3.2618611357360208,-0.711073125943398
W37953,-2.9686935821839615,-3.142516205078438
W37954,-5.392323594679244,-2.355378054109178
W37955,8.90195299173928,3.7170396145768385
W37956,-4.333650676632217,-7.330236465902577
W37957,-2.929874461965227,-4.1461747523755434
W37959,4.617770840801983,4.12252924833836
W37960,4.127286336542481,1.6272227600197866
W37961,-1.1141933952309502,6.34960725591629
W37962,-5.105165762579324,-2.136052263792104
W37963,-3.3434171714866614,-2.6904184545192216
W37964,3.352494722470325,4.769586474453046
W37965,2.091992856828802,4.393671958551609
W37967,3.028500176157715,-0.20716716651921643
W37969,5.148150840589713,0.14760735751655332
W37970,-2.3032716224786047,-1.10848506508608
W37971,1.169457035716827,1.2843576808839945
W37972,-2.3723688419827864,4.567188164942203
W37974,-2.976833341417908,-3.2650027428015145
W37975,-8.698527407207825,1.6302338153443579
W37977,-3.5156570650875008,-0.10348433264819466
W37978,5.835902509699795,1.3799108815614407
W37979,1.0386064027995305,-0.6576671604105254
W37980,8.289417596262538,1.120153639966824
W37982,-8.094946088779432,1.4080996213070813
W37983,3.774252945392446,0.1847484798723715
W37984,-2.463862534275381,4.703441464254446
W37985,8.8117888792275,1.1208938297109117
W37986,5.877127379026876,2.5703103089425814
W37988,4.4632535809833485,0.3726627624593402
W37989,-1.4575442766459423,-3.0187205416670753
W37990,-5.936732906313768,-1.4422512668549248
W37991,12.60389280008875,0.4951659878524186
W37992,-4.9372168003777315,-2.5179948160635535
W37993,-3.1318816666086913,-2.138067979637052
W37994,9.951107451322844,1.521657908995874
W37995,-3.344910191918538,-2.9731265586836484
W37996,-4.003933764345704,-6.522351571143705
W37997,-7.372086522569397,-0.8061420927074393
W38000,0.7897351150937446,-1.4499762575408037
W38001,-5.888232554029518,-2.306006767186822
W38002,-3.576854176937399,-5.15511333483488
W38003,4.901496616384448,0.10692574839208244
W38004,-1.067890242637681,6.11932895827129
W38005,5.3939171953705625,3.595300594360996
W38006,3.614109133390899,-2.1228816442511813
W38008,-2.761487880937335,-4.59635809074693
W38009,-3.2828045315068053,-2.0946935365368606
W38010,2.3203094989418025,4.679856626041943
W38011,-5.357323296140154,-2.85422612521632
W38012,7.111657741172502,-1.9239448900639784
W38013,3.5678684640813354,-1.4721476012178891
W38014,-4.988209489059647,-7.419010005041995
W38017,9.747419438479376,4.623349761755085
W38018,-5.522962648505469,-5.145320131892645
W38019,1.2351834270594,1.3223373344448826
W38020,0.9715913118347577,0.9207085200949103
W38021,-3.5703085309878095,1.9999504002153896
W38022,-6.433339235218608,-1.0035733359983547
W38023,8.104516975855418,4.887506487738749
W38025,3.8608082637122028,4.24506619540427
W38026,-5.756149012799865,0.21159907051483304
W38027,-5.810457811553591,-3.1756140164412785
W38030,-1.6803316894275233,-4.207854192893139
W38031,3.544618200207111,4.577510250557401
W38032,2.7368181855599345,4.504582977848114
W38033,10.247080526418488,5.160958880339067
W38034,9.135238298315421,4.81387373858797
W38035,0.998601748746441,-0.2598004536665914
W38036,-0.17091058851083596,0.43007439628522376
W38037,1.4975293741285391,2.2290776857094423
W38039,-3.9957003696605597,-7.446330266965284
W38040,5.845648671770245,3.872608472545094
W38041,-8.780542247967496,2.6201700502353864
W38042,4.32452362332352,3.221802345837119
W38043,6.492257658989486,4.89324144165128
W38045,4.141155650838313,-2.8912595664674843
W38046,-7.388368849928564,1.0217396782802814
W38047,-8.673884365869172,1.6256560063809606
W38048,10.661627720861572,5.596662434445661
W38049,-2.2786663550785593,4.347519320674416
W38050,1.6363453099749308,2.2259571248703933
W38051,4.521001532350045,0.5455543369557901
W38052,-4.13568850157679,-6.849937705772436
W38053,-3.6437629946087835,-4.348407550160481
W38054,1.3275955040341285,-0.00013382596602823284
W38055,7.27171446980422,4.1830262776463085
W38056,-1.1069516297013953,-1.6939493762357094
W38057,10.037520309021007,4.957416410253739
W38058,-4.955116305594453,0.19617256653299925
W38059,1.643279550263726,1.021428937828681
W38060,5.06555155079056,-2.623106352804925
W38061,-2.3343526866591584,4.127043782082831
W38062,-2.6250519548603757,1.5569987370792944
W38063,6.781795194696654,4.397947694785399
W38064,1.0756337474836262,0.985432418641841
W38065,8.034075195659568,3.292402021271594
W38066,4.10917682365622,1.1320749338614295
W38067,1.018628140937365,0.6859266834715653
W38068,-4.7618315788233225,0.913676999981012
W38069,1.7993390688898871,4.04787214210088
W38070,-4.708461841254814,-3.001022605998141
W38071,1.3908024461005664,0.3428610041571056
W38072,-1.8290031248381318,1.8402996344078588
W38073,3.6933248467745883,4.825200110238274
W38074,3.7959335411964266,1.744097814102382
W38075,4.728067012260719,5.646089747941622
W38076,1.5214257050567952,1.4047325217500544
W38077,7.727124589041958,0.4555786516654122
W38078,-3.7167015748414434,-5.179502315524016
W38079,4.055482802177792,0.5469910118075336
W38080,5.304723479821122,5.720567067795682
W38081,2.173709416123523,4.482596876221796
W38082,1.4803928241299367,0.9720288604433738
W38083,1.2498625157060232,0.1981607907531097
W38084,3.8985984825038473,4.839380523544131
W38085,-3.3094735964519275,-4.059088455415152
W38086,4.421693646065688,1.2967074176533202
W38087,-2.797352530920549,1.4466406569886894
W38088,-2.0953426857460404,2.0322015155033393
W38090,7.249523582876478,4.98151756352859
W38091,7.996287069669819,5.145092609616063
W38092,-1.7330138051188881,-1.1828947094604674
W38093,1.2610110425554464,3.1824699928426954
W38094,-1.6124760189612812,-1.4467716115849143
W38095,-5.728386679834162,-4.95760117797599
W38096,1.411762099949422,0.3232545522885898
W38097,-3.520261187213132,0.7270349608526664
W38098,-7.761277575935297,-0.8181030903812997
W38100,-6.422444647135775,0.14080805968733426
W38101,-5.710661939069849,-0.3512298973646444
W38102,6.364043374788035,0.5509738296671592
W38103,-3.2160907260440217,-4.910552445556338
W38104,0.9776468488560619,0.806988626625713
W38105,-6.090227453527412,-1.6301432955720447
W38106,-3.173224116167265,1.6932850368016366
W38107,-7.391913819126034,0.5491954544876759
W38108,2.9170892874063026,-1.3839493872267516
W38109,-8.293978576343578,1.3206836033990745
W38110,-5.210331617618974,-8.683837033930121
W38111,3.470119945824245,1.3529159369613004
W38112,-3.3112938874288766,0.8751973871008397
W38113,-3.2478095810511176,-5.574686651172919
W38114,-4.759475598573073,-0.3672308768420618
W38115,-5.586536653776598,1.0672365682039813
W38116,2.570112872501677,5.026812323494895
W38117,-1.4819372635669585,-2.784741714550303
W38118,3.774046310017829,1.4044277481490022
W38119,8.939149669953686,4.052498073948081
W38121,-2.806915767400467,1.6168498200728512
W38123,4.889944365992634,0.5681817436058877
W38124,5.199479935423516,0.6860822254489422
W38125,3.2356730872689967,5.04558475370509
W38126,5.2876783764840605,-1.1859303167945465
W38127,3.575431937938292,4.395606360839966
W38128,-5.869156765806955,-0.6442115839496382
W38129,-0.6595081808494911,-1.1368543693863675
W38130,-4.727511091419235,-1.2312500248055105
W38131,-5.128335304224027,-8.610071630157258
W38132,4.921653170301956,-2.5676721958726145
W38133,3.5542274650588768,4.660127636333403
W38134,1.3902436209189926,0.8947698887551973
W38135,0.8619280970030916,2.2841384457464753
W38136,5.807382206921633,5.726889004967613
W38137,4.317757745252589,3.8874767199484705
W38138,4.666095088739373,2.9147284442800343
W38140,-6.053051588487098,-1.9673729127274606
W38141,-4.869859420821949,0.5282962035404138
W38142,4.805754738555527,0.11431286301406939
W38143,0.6443952210236811,0.531162548406993
W38144,8.831258574586444,3.4647385151732664
W38145,4.954408349768301,-0.48775855578828314
W38146,5.689822039480772,0.9556396178653339
W38147,8.391837514252828,0.5807316678374876
W38148,-3.347360253117554,-5.935222788285354
W38149,-0.05175525166632988,-0.2866583153813368
W38150,4.981700042608616,-2.241742148649995
W38151,4.6801470648088,0.1389250581899063
W38152,1.3997015427302812,0.07053615622861392
W38153,2.0378159218813225,5.279788790390928
W38154,4.833694922583989,0.7411566707669325
W38155,4.593485049005089,0.7913591723102347
W38156,4.617687848795576,-1.4834265456328837
W38157,-2.3023726323623803,-0.4189171597420648
W38158,8.97648463055,0.9110102536156692
W38159,-1.618157801011634,1.1034947484739646
W38161,-7.142839622372548,-1.4345688913936216
W38162,4.595222973267928,0.7479264858794712
W38163,5.102505923382271,-0.05013145089769177
W38164,9.0532759175843,0.4848129921595922
W38165,4.907071113426125,-1.731172469104696
W38166,5.848028280466188,-1.3910540051081746
W38167,-8.694389975625931,0.6013708311966481
W38168,-6.280361122660989,-1.6139550009034414
W38169,-4.038800874124026,-6.513568530836498
W38170,0.795272452348525,-1.5140614789197433
W38171,-7.685604161456757,0.610633263436259
W38172,-6.176708359944661,-1.8120520291534965
W38173,5.240327537571197,-0.5479380827545
W38175,8.039914929821183,0.9005542707802208
W38176,2.806203694027597,4.459316259822778
W38177,5.735267380151689,0.08009199377908456
W38180,-4.102348193456629,-5.821694193881942
W38181,5.903463224488556,-0.2536425402759379
W38182,-3.988729118868521,0.9096888085479894
W38183,4.262623088874348,2.5713277139704918
W38184,-4.841489156980186,-3.767230538748764
W38185,5.07213270417377,3.0283994608866496
W38186,4.393821443127197,1.3228456700438953
W38187,6.112926954258534,0.6569280514445744
W38188,5.895074450854061,-0.255288387115072
W38189,-5.18834458416681,-8.949974482232392
W38190,3.8458835394483835,1.1445557307504852
W38191,-1.6133926792926878,-4.240847084653297
W38192,5.1806960097509585,3.0968115400731775
W38193,-0.41156876165856343,-0.8120991587520527
W38194,-7.136394077552705,-1.9616097225589089
W38195,-3.6539616875800043,-4.368563841791604
W38196,-6.149012014143602,0.41673745733936257
W38197,-2.4312726978675014,4.498460059801773
W38198,3.792808213971355,-2.750439040251762
W38199,-1.5681648689618317,-2.8732296423702626
W38200,7.235094166081476,1.5771243515160511
W38201,6.275861814279171,2.94778161054588
W38202,3.904858877097375,1.258184449289485
W38203,0.6068504489037406,0.8532683638609385
W38204,4.54145392220238,0.26219604955205733
W38205,-5.5367063511037236,-4.358515208319789
W38206,4.806310588563015,1.0055284341765867
W38207,0.44352422714926104,-0.8266542729358476
W38208,-3.6489509604329724,-2.2443161846542123
W38209,4.0282081396242395,4.868014783935568
W38210,-7.944182581211698,1.6309428583571135
W38211,7.873800520674182,3.9388505266535065
W38212,-3.8889880632947165,-3.4979727328231602
W38213,-4.419869084344058,-4.342350798320394
W38214,-8.115742568274603,2.2424915416541844
W38215,-5.4880750623566525,-2.6104363147167056
W38217,9.262102001038768,1.6948677925693614
W38218,-8.138557213913629,1.2902464652971228
W38219,1.361768376181522,2.7897882624367387
W38220,5.831683163136766,4.546824684289168
W38221,-5.770334249039592,-0.4174720011248533
W38222,1.4618388822374386,0.4725130028725798
W38223,-0.5808147767746933,4.257183809265181
W38224,1.1450522005899118,0.41048881073634896
W38225,-5.301188293735548,-5.550800431536664
W38226,-3.284780475737662,-4.3275501389182525
W38227,-4.49539944828211,1.4935168787331148
W38228,-3.8132253759403,-6.039442686102426
W38229,1.1850958714750246,1.0026500220677346
W38230,7.600022404949092,2.7409261641568605
W38231,7.010229431898458,1.1672967440266904
W38232,-5.634082724038104,-2.845563914083221
W38233,8.047667362806294,4.1390704414937325
W38234,5.212372433352453,3.064715656026237
W38235,-8.85149485295889,2.6652566029068177
W38237,-2.1448619736429557,3.9408015329353083
W38238,4.2965458874795095,4.397354572614697
W38239,8.386208218976666,0.8649918777317082
W38240,1.2218432233784162,0.52941490621759
W38241,0.45588176874413144,0.8616010668664142
W38242,1.890919011807028,0.5888785801210533
W38243,4.606483920596456,3.6372757115973244
W38244,-3.914277701554925,-4.7860510695519105
W38245,1.1104652095040883,0.9246050235213428
W38246,-3.9732565786877703,-2.332053024944602
W38247,1.859516105440602,2.870737502838218
W38248,4.105531827454613,4.190070307177031
W38249,-1.726625614371594,2.0034836934795686
W38250,-1.3681066977457343,-2.180108099831071
W38251,6.536408527892003,2.901247843769246
W38252,-6.584233569145685,0.659195507836343
W38253,-2.86086745856102,2.283696773836101
W38254,4.32693554632539,4.278370310576313
W38255,1.782231734624294,0.5917723652663036
W38256,1.8840731204945755,5.021580490939975
W38257,-5.912967214069579,-0.565279146357246
W38258,-7.973228513422082,1.8115695092041362
W38259,5.405110338721612,1.0402949505486554
W38260,6.074136767352237,1.1142014127782998
W38261,3.7246075815284065,4.657568918081263
W38262,5.691698546846254,0.8711941130440517
W38263,-3.7512814068115246,-4.877988855661445
W38264,7.898190129810976,3.098711042288055
W38266,1.155514102926295,0.6109151564203396
W38267,-2.307442217215995,-4.3306784579119055
W38268,2.1068180768732763,4.017397102366762
W38269,-7.8495908801643,2.255019914228769
W38270,4.4208484420398095,4.281303956504635
W38271,-1.6594585980411922,1.2213187214046228
W38272,1.771353484230866,2.5129985796548855
W38273,4.800791737822757,0.8304955778283817
W38274,0.8891833747299063,0.5644801946682568
W38275,8.717624699690795,0.3948163406671294
W38276,4.474679002973438,-2.519481466083309
W38277,-5.7302687905637955,0.8906035878782641
W38278,-4.079594889685642,-1.5286641625051727
W38279,-3.0465480715748225,-3.811355531760423
W38280,-2.039242859233341,1.5251131077900573
W38282,3.561364608690286,4.959382409902478
W38283,8.17446828677134,4.240835404949158
W38284,-4.1024218758108075,-5.673843411408935
W38285,-3.503062760296618,-4.04740704020972
W38286,-4.031056663803437,-0.1903174560469603
W38287,3.025966846709566,4.375442514328956
W38288,3.098105462200288,-0.9114354368213752
W38289,2.9838356811357643,0.7919862575445531
W38290,-3.3090797595583656,1.7492897123629956
W38291,-3.4274983555541962,-2.692859640944618
W38292,5.354299429030993,-3.550625526901531
W38293,4.008824927241861,1.2494020186017245
W38294,-4.179401061473516,-3.074266350243752
W38295,-6.899875443750124,0.7519663126650202
W38296,-6.546360115219332,-2.449061940700725
W38297,-5.8352124537962995,-1.1763466086354966
W38298,-5.040696812268782,1.0405208506959354
W38299,-1.6323722131931957,-5.000162814761833
W38300,-4.461808940529682,-4.635368259452635
W38301,-2.222676162401342,0.5097084250675967
W38302,1.9189764623540608,0.586509434653199
W38303,-2.9141022897381808,-2.5228347079431375
W38304,5.147354125249717,-0.6107579321128399
W38305,-2.541438313630479,-1.938006756471707
W38306,-3.268761583188675,1.1850127553897747
W38307,-4.215908492235615,-4.058650297653908
W38308,4.632988659463739,4.653465113941722
W38309,-0.3313370633402799,-0.8172040793954672
W38310,-4.716235130768818,0.5499915626252379
W38311,5.87851907834214,3.152982658895315
W38313,-0.19835433981613462,2.3990664912603514
W38314,5.694148442876945,3.5158360333197067
W38315,-7.1978065712894095,-0.34092297817107164
W38316,-5.962463106900192,-2.213738126633678
W38318,-4.36264424065214,-5.836784946300249
W38319,-3.0994382077470943,-3.514782133991553
W38320,-2.325632365795598,2.009408263396233
W38321,-5.265911933849805,-9.565799316886382
W38322,-2.1041274975942037,-3.034177535316864
W38323,0.6230894133431252,0.5289396458105472
W38324,-3.4217944986112667,-2.4912140194018755
W38326,-7.913480545530317,-0.8297729429236756
W38327,-6.350699730541247,-1.355033059299344
W38328,1.6798018432131514,2.3327704862479792
W38329,-8.755902330218756,0.010576755468144355
W38330,-6.138140872052928,5.0002932353650955
W38331,4.6401768513828054,0.7173643173013381
W38332,-3.2828312898806016,-2.6091316129117867
W38333,-2.502846617336287,-2.22577866132351
W38334,4.1842672893510695,2.65022256008884
W38335,1.3004717076954033,3.495956004190357
W38336,-4.953477612304068,-5.276395081493636
W38337,6.4866833967598385,0.8076314362760203
W38338,5.552190878409453,-1.544099545021442
W38339,4.861205916155846,-2.9102779248573554
W38340,5.2200566615615624,-0.042130248508782116
W38341,6.533804708993987,-0.24304145561455276
W38342,-7.65702258132851,-2.0056191882201864
W38343,5.193386008337948,1.0917505094070585
W38344,-5.827458449526527,-1.0579602917182955
W38345,-6.125052618741902,-2.151880059025403
W38346,4.445663441482715,1.8913413060691144
W38347,1.4806233726865319,1.9821876288933609
W38348,-3.054947014833933,-0.14329951794602935
W38349,1.0771952944619703,1.279988188711927
W38350,-7.337244906118734,0.04117886914703569
W38351,4.361519352168263,-2.0978053726472843
W38352,-7.549497661368981,0.6847249146645982
W38353,5.1798662390591055,0.22713378577593987
W38354,-1.8077561810568452,0.32280621870789356
W38355,9.665236216280102,-3.4537097080378985
W38356,-7.624347468218517,-2.072836703350049
W38357,7.200722237459497,-2.078094960031877
W38358,-4.049644220676169,-2.0060993516450836
W38359,6.542412511236815,0.014181914581476654
W38360,7.634352672878607,2.320548640902557
W38361,6.36004701887528,0.40732460469044224
W38362,4.973274073713658,-0.6199159660916844
W38363,-7.381303407431038,-0.8032863686305494
W38364,5.634002338548974,-0.15083739143493893
W38365,4.609500518142725,1.2321562503428913
W38366,5.344134854524124,0.39167201956366826
W38367,5.468363926981066,0.26440193754894237
W38368,-1.964696754998806,0.055264313256367575
W38369,5.6453558101942845,-1.6372765233607671
W38370,5.779251526607261,-0.8927341296180205
W38372,0.648902107005362,0.22907200913575324
W38373,5.887817439845893,-0.24410391308623383
W38374,-1.2421929023222122,0.719057503507935
W38375,12.52267707984071,0.6539791079782383
W38376,1.142421539013356,0.3518863218739889
W38377,-2.4109221245959516,3.164911180054173
W38379,7.166875107393637,-0.7384728156487453
W38380,-0.28598452672544394,-1.445544440500154
W38381,-7.615944713080384,-0.17579931984423738
W38382,-8.538665084895417,0.9781670451958322
W38383,-5.586016924777946,-0.24980662862329006
W38384,1.2232735845341365,1.2939384094401138
W38385,-3.582197399173269,-6.668067140831473
W38386,5.253011774916602,0.5357081275632879
W38387,6.623040800304484,0.043288465120189815
W38388,0.8123183216351827,1.4517505860626831
W38389,1.142766756872455,1.5264342122595342
W38390,-8.729015528218873,0.8220129018763912
W38391,4.3874590829228355,2.516359312800795
W38392,1.110455516316987,0.7635824733824735
W38393,6.013148704655307,0.38765177559037417
W38394,4.333243319761751,2.0210231303863795
W38395,8.740245566528507,-0.3455251642031443
W38396,4.877113429833617,-1.6576786516133912
W38398,-0.0834972967485966,1.7017141996114096
W38399,5.2255932379727446,-0.8448496792768057
W38400,1.1632521372506222,0.758351830645984
W38401,-7.846180887013292,2.1889288981426196
W38402,1.63111407257723,3.898042196852129
W38403,-7.535388404353984,1.1247725636548895
W38404,1.0891026530021328,0.30626298362242005
W38405,5.711730066096261,6.454348619093584
W38406,9.840469495805264,4.699755991979571
W38407,-6.220685046567551,0.12504597175988905
W38409,2.0320638946660083,3.598180694131384
W38410,-4.877327746868048,-3.8971844056003233
W38411,-5.495527382574627,-1.1850778565479017
W38412,2.5923381607927225,4.898683837614583
W38413,-2.465850200951509,4.418331302405007
W38414,-3.916125676699201,-7.12034598480915
W38415,4.761076515066645,5.257465618216224
W38416,-8.368522134523928,2.3635620103551624
W38417,-8.509104068711606,1.5709832471406453
W38418,-0.3406457519531019,1.2181895400304195
W38419,4.0661040188093,4.796314448289503
W38420,-2.652642572928189,2.3016670673417154
W38421,-2.739689259713739,-2.1215508469769415
W38422,3.9605106813847266,5.482376781915204
W38423,5.547850658699516,3.034872975712673
W38425,-4.682930734598271,-2.6592474150997276
W38426,5.806005866408039,1.1562391793683164
W38427,-3.5231487467964775,-3.1464046185794428
W38428,-3.8665218745232925,-3.470424111931249
W38429,-2.986413927120596,0.5153396425311461
W38430,-4.784855022375611,-3.6209709925262867
W38431,-3.170723287512788,-2.988982517354605
W38433,-6.046949223225191,-1.0303747510557437
W38434,-7.614339946999628,0.4485460274209938
W38435,-3.4934766844922613,-5.193280859868436
W38436,-3.8965241338321754,-2.3248074920344806
W38437,5.491775858622271,3.228594238890006
W38438,-3.5747963592002647,-2.444371293541676
W38439,1.0490205286045626,1.0817532363165334
W38440,7.812763560844502,4.098656988250702
W38441,-7.328488701150902,-0.7971421511503598
W38443,4.663000773287044,2.4871750241980832
W38444,-2.0778688136713592,0.8239815999054367
W38445,-2.9307849915255306,-3.1926487944142488
W38446,-4.979202577738827,-6.9794945503935
W38447,-5.14760535540265,-0.8647261596655038
W38448,12.814771705987303,0.43154914908747155
W38449,1.413959453697245,2.2715794808729797
W38450,5.129682147145594,0.02249514421504084
W38451,-4.6044635937243426,-2.8382804141831115
W38452,9.941671604333909,-3.640451918050883
W38453,-2.9548730429660552,-2.602314541371346
W38454,3.6362120093606656,-1.191805983757918
W38455,4.7630726808812085,0.36236126625684245
W38456,-2.6965672882350575,0.8874649068282142
W38457,-8.608542057793763,1.4142631174022902
W38458,9.80116314660954,-3.5513741742663902
W38459,4.322946875512501,-1.5834911272060137
W38460,-3.0617637493937844,-6.252877598520346
W38461,-2.7005202481533397,-1.057767634812698
W38462,-6.740472603222835,-2.0948885824000314
W38463,4.544763082955123,1.940815698381709
W38464,4.425160876819235,5.419376883958111
W38465,1.581374895792884,1.9761768735726772
W38466,0.43434334404735125,1.0428342196724965
W38467,0.4706936369253847,-2.906836173550492
W38468,7.019931708625313,-2.23710362880748
W38469,9.096147737465568,-3.0646675913877175
W38470,-3.824862488969957,-4.674177869416767
W38471,-1.8614423261663045,-3.2947526445892734
W38474,1.1838840721515942,1.8442986365915555
W38475,-4.752496315468709,-1.2803580163181785
W38477,7.942784677952619,-2.0766628845097315
W38478,0.9053127091357542,1.1337778986257618
W38480,4.437182490613725,5.0822519600191605
W38481,-2.0564681105678084,-2.932194150980797
W38482,4.616806651201716,-2.7218974874405157
W38483,5.514616015485555,0.6063481105712951
W38484,6.82880210689245,-1.1699480122077222
W38485,-2.5678406676227596,2.3528000345526907
W38486,11.304062903298023,0.8228823599731617
W38488,4.911364240537684,3.1787803403496833
W38489,-4.772960198388215,-2.1375515556929106
W38491,-2.752660092297647,-3.6955074757506656
W38492,6.638709288454484,0.5302288598992659
W38493,4.4999598688076725,1.649646616591727
W38494,-4.317052701021064,-2.6268759259227616
W38495,-4.418730088611584,-2.5058765273375667
W38496,-1.5955228606684344,-1.7834439286900172
W38497,-0.9409662772350915,1.0074398938705977
W38498,-8.59522718542015,1.0090347352739297
W38500,5.934858233131051,-0.12414781278974811
W38501,4.7289411966288535,2.303442700443544
W38502,5.541004523273793,-1.6617660954851072
W38503,4.246651499503059,0.8977259223893774
W38505,6.129139271661516,3.0534182933030674
W38506,-3.780654820975379,-7.117013647931819
W38507,7.556271829392049,0.7552591111494772
W38509,-4.669740513054733,-6.2937929362064935
W38510,8.000999591916582,0.9025943278225911
W38512,-2.107527692585913,1.6098660118960206
W38515,5.718001482625064,1.1252083688137207
W38516,3.7776722336160553,-1.6724769410726805
W38517,4.69212918268984,-2.1544697102115977
W38519,-4.7907619161600135,-1.5470903391588817
W38521,8.458932925549922,-2.4709247108184584
W38522,10.382813588602177,-3.914644982457994
W38523,-0.11499429332355342,2.406330570536151
W38524,-1.1644421231652917,6.590256396803919
W38525,-4.793768649219468,-2.4136937220188206
W38526,-6.269742572146861,-1.7420734044916202
W38527,9.712783212368315,0.7396733718277821
W38528,6.2323107667870605,5.452884146325265
W38529,-0.9220426349471926,1.5076183806020234
W38530,-2.7576537887381347,-3.6668950281440202
W38531,-2.9643022132576524,-4.991484700769513
W38532,-4.9705630905849505,-2.2383729624870417
W38533,7.039144213981815,-2.469411243261237
W38534,7.3611289875742365,0.06816143572357664
W38535,-8.382473379213213,0.8699792712572342
W38536,-6.147091713441102,5.012362557641474
W38537,4.24551136234028,-2.0508539768483627
W38538,9.850894133638299,-3.5791592879026757
W38539,-5.210282123710192,-0.5586071210622752
W38540,-2.7034412371240153,-4.317713279094774
W38541,1.2274012924566795,0.06486097662638499
W38543,4.733133620234496,0.8455197808506699
W38544,9.932225565556287,4.8467828306995475
W38545,8.644516784738284,-2.732459851653143
W38546,1.587113493348672,1.8842157090958933
W38547,3.5883319037512957,-1.6264583234924672
W38548,0.7731594074021539,1.3501048210481912
W38549,-2.396848364217195,-0.6807742943762717
W38550,0.018999640320636446,-0.5045612252744802
W38551,-0.5690210217623013,-0.9958002941126538
W38552,4.867778822059566,4.187891007127447
W38553,8.018526514427688,-2.169939208302074
W38554,4.223880174469372,-2.4919703740104326
W38555,10.033289139853448,-3.692599924513547
W38556,-6.110688455062259,-1.5966213853124616
W38558,7.69843731826999,-1.9380043574254466
W38559,1.2609936271969207,2.499952691854434
W38560,7.299000579246986,3.003349391802044
W38561,-0.6520361073434822,-0.3898144320246902
W38563,10.402275876346385,-3.918990367755029
W38564,-4.160003399157548,-1.4119862820822104
W38565,-3.69490471238611,-6.531140680950266
W38567,-2.3694672357639543,-3.9334607564812685
W38568,-5.297730006146334,0.9983251122959873
W38569,4.123466299219063,-2.2358199181045704
W38570,-6.652728376257492,-1.8920780232713397
W38571,-3.9651544218246926,-1.1079735651581382
W38572,7.9988276023641065,-2.192143128767902
W38573,8.650975183061899,-2.750729277391466
W38575,1.3068128486649018,2.671021483131842
W38576,-2.3514156595928304,1.6679618916287133
W38577,4.708649877288569,0.411758384858056
W38578,-5.347835273539798,-2.0151807341207224
W38579,-3.3164962301186454,-1.3606016200148092
W38580,-3.653360344248607,-1.1660506363684318
W38581,-3.3257191839566533,-5.865841157751334
W38582,9.4700999772816,-3.327455376579325
W38583,-1.7105374763869676,8.965765882729672
W38584,4.399956219236686,0.5599563266476336
W38585,-4.883795966013108,-8.301866629550064
W38586,1.180486235374383,1.3408236831110338
W38587,-3.825582606834148,-1.982724827450439
W38588,-2.096310869565955,-1.8202489166417133
W38589,-1.1813425700684685,-1.7874301321521837
W38590,0.6733079533517781,1.3837118350522986
W38591,-2.116595839357352,-0.4032907743106672
W38592,-5.9710391406788865,-1.804420470917608
W38593,10.082549853251946,4.96256541960985
W38594,-4.208746790246382,-8.126872091425957
W38595,10.564527513055332,5.493461263264484
W38596,-1.9652773763070368,1.663503646552206
W38597,4.971425413842794,1.0097539866480798
W38598,0.9338449477045646,0.4826211206597107
W38599,6.485156547366691,3.605219141187218
W38601,-7.205434563717391,0.9603704883890792
W38602,-4.83554667100031,-6.4271574025012495
W38603,-4.945266392934748,1.7046802610668204
W38604,9.069151786219578,3.844841729493154
W38605,-3.6892818376566128,-4.394896908875675
W38606,0.9384811692865883,-0.6097199557411414
W38607,3.4912304233102804,-1.7391358286286518
W38608,4.44171047591812,4.262178674425209
W38609,-8.275395010133549,2.350204395932785
W38610,-3.0218482707781726,-0.027213850761216803
W38611,-2.3385370442240294,4.178835939408506
W38612,-3.2412985438378077,2.133597721385865
W38613,-5.422157024794759,1.069502668311439
W38614,0.963996793474956,0.02437446081689044
W38615,6.651077835163171,-1.6073157189075982
W38616,-4.777712463992767,-0.3472689028685216
W38617,-4.187424901107428,-6.558496134961024
W38618,-6.8519312644871295,-1.7849790589076853
W38619,-3.439010285828556,0.5582594090813396
W38620,-5.463964399891366,-2.0457401939337956
W38622,5.690100929945373,-1.1061229452795005
W38623,3.679635324307576,-1.0120383981286114
W38624,0.8717786531161841,-1.7099845223892483
W38625,-5.3631576576031295,0.1803934103594552
W38626,0.1747946828634937,1.308960486463153
W38627,-7.30156672160296,-2.074873138034899
W38628,-7.882655644271846,0.9467586035550476
W38629,8.533359343290872,-2.660932723344594
W38630,1.561291846671045,1.9171789262820662
W38631,7.246373214849347,-0.09389666863158405
W38632,-4.662335679348364,0.344285737675958
W38633,0.5548901770293112,-0.8668808008156236
W38634,-4.092377854325695,-7.236087386387483
W38636,-8.232867640059641,0.18939062234561502
W38637,5.262886118006635,-2.215947049825489
W38638,-3.288868257130443,-4.54369790924744
W38640,-1.4665685595774647,-0.19502943164027248
W38643,-1.4117173783862216,-1.83349046000122
W38644,-1.8679653306547699,2.0893025664291383
W38645,-4.471651014792766,-0.0052844551113613025
W38646,10.758813248098457,0.7547983388691488
W38647,-3.5287199171776065,-5.1201855245259305
W38648,0.9678569300822611,0.7945505938500002
W38649,-5.949056779367155,-1.269777588870133
W38650,7.130323857569856,-1.3486802667164803
W38651,-4.385274834897906,-1.4503964234043865
W38652,-2.7263914085604206,3.992706466140278
W38653,-4.385434731216971,-2.4210398153650368
W38654,-2.7466303145568873,-4.846704138382921
W38655,-1.8244426947955426,-0.7575248969650483
W38656,1.335336599994902,4.762678280785519
W38657,5.420672108212323,2.9140360034802435
W38659,-2.885010908314298,-3.0012224077594145
W38660,9.17921201649438,-3.172971328186954
W38662,-1.272733437271909,-2.0022719911749203
W38663,-1.224009818539552,-1.0674046744151144
W38664,11.756201148009147,0.699424858932704
W38666,4.604581713807876,3.262774548166259
W38668,6.096123351396006,-2.3982783127820735
W38669,10.142072122614728,-3.7645430517029213
W38670,-1.6707281158605312,8.783813511437401
W38672,6.202515569262359,0.1546244541328527
W38673,-4.902624111800613,-9.355171081629459
W38674,5.299372684191828,-1.5412137030500201
W38675,-0.4037253847680574,-0.9423562291668551
W38676,-6.780379308230738,0.2284135917004733
W38677,-4.443206246972593,-7.746895128057852
W38678,-4.303033067015674,-1.6624343013923844
W38679,10.248162564044769,-3.8355414359895215
W38680,5.318244423477754,-1.6498697789061854
W38681,-8.679037361395034,-0.35354917271267783
W38682,1.3704438711803766,0.2531353175950906
W38683,-4.127145737788128,-4.23530566835377
W38684,5.496974981537237,-1.309422100352721
W38685,4.683748829325274,-3.4053634266852804
W38686,5.023049366879584,-2.386617609981357
W38687,4.666223773606708,1.0447411535219178
W38688,4.927269251827949,2.2292516830486617
W38689,-4.462781151943988,-6.415727738040059
W38690,1.0487766841205457,0.6828818524155429
W38691,5.3441298350332325,4.205161027347233
W38692,-7.80928605929304,0.07109216596720017
W38693,-4.394850711981361,-7.506135165398416
W38694,1.6230372493128542,2.6777147884187693
W38695,1.055374902915723,0.5474458420841527
W38697,1.8343155280606342,5.435428288504618
W38698,1.5361604265924325,2.129383173452366
W38699,1.406357314860166,-5.157012268651184
W38700,4.572588387748076,2.869963876445592
W38701,-5.226764322944751,-0.18061013004186632
W38702,-2.800044978753165,-2.6595346971219964
W38703,-4.967323184648507,-0.2229178572412534
W38704,5.171650308411564,2.604542519906551
W38705,1.232162285550371,2.538005597225504
W38707,-0.5110416314672828,3.541984060685718
W38709,-4.748783709833073,-1.5550850509510385
W38710,5.576693380823366,0.12774842980247686
W38711,-2.4489077220267848,4.597545611875168
W38712,1.946668125439272,4.3847143167646125
W38713,-2.610447445808053,-2.516485454572974
W38714,-4.115047236295167,-0.9931521046443385
W38715,4.49508506757911,-2.0583923656935426
W38716,-4.1057185228135005,-6.291353761192846
W38717,8.65607960902031,1.0484134463929184
W38718,-2.8298985181313423,4.116264583944279
W38719,-2.875317246358286,-2.7889330155241545
W38720,5.212393230883104,3.5351442232219035
W38721,-4.9835877708461815,-1.3253477880923932
W38722,-4.695046099094986,-1.3677691756477592
W38723,-6.877572538085206,-2.031365253022071
W38724,-7.504933939633081,-2.079262371847091
W38726,-2.1405329428847857,-0.6811871261603248
W38727,5.190320209119385,2.8440920071517795
W38728,-8.082773567802866,2.3170281276702926
W38729,1.339092048328297,1.0143769268672562
W38730,-3.3296395445359677,-2.4999555157786295
W38732,3.8709877839308895,-1.92442143301993
W38733,4.203402959654743,-2.5224656605677973
W38734,-5.035629837580013,-1.4220940165211287
W38735,7.054238423745166,-2.013308860262585
W38736,7.687956676295353,3.8929013331917437
W38737,10.655995309777616,-4.071913430986435
W38738,9.432635259915783,-3.323941178229369
W38739,-4.392081275585303,-1.5239603351656907
W38740,8.030034546380767,-2.126776080543247
W38741,1.4120649454822003,2.2481202500967457
W38742,-1.467071359776735,-1.5867152390852
W38744,-2.2435490585263063,2.902206188121201
W38745,-3.561478233876313,-1.496021575331245
W38747,0.9194468927463975,-3.7088195017799235
W38748,-2.735255817001793,-4.2862729460856945
W38750,-2.9902472695330347,2.4706617922149965
W38751,-2.581351422895691,2.0710802879008683
W38752,-6.2542616194569245,-0.6281762174535702
W38753,-5.645989945341872,-8.226125754214648
W38754,7.695600006747556,-2.4284633941671223
W38755,-2.680905315054348,-4.6664077541554745
W38756,6.007165763182033,0.04514900518978476
W38757,-8.12996159483417,0.08658242795450612
W38759,-4.234178357878661,-2.6876878509837767
W38761,-4.224483134275222,-2.1582204943007235
W38765,-7.272523111455678,0.7112130017119874
W38767,6.954554257565076,-0.24007948275408386
W38768,7.908862529115812,2.625138471314915
W38769,-3.670933599548624,-6.253271896951035
W38770,7.811163285659387,-2.130127992366888
W38771,5.25234488921044,-0.07377761835091524
W38772,-7.159008866906578,-2.023423863602605
W38773,7.187673171354148,-2.0923875810769004
W38774,7.758117499451471,-2.29801839252695
W38775,1.015477056784334,0.8688290865129885
W38776,1.1971599707254588,0.20442724441540694
W38777,6.51293060549255,0.01702646435128757
W38778,-2.6397162346497782,4.403989658038402
W38779,1.5352900128908469,-0.05817987549301374
W38781,1.3541904055122957,1.5874392971126798
W38782,-5.855880160315333,-2.0660160477318987
W38783,5.4768340927921715,-1.1116213761011797
W38784,7.13540925324333,-2.0211127709795336
W38785,-5.90344652162611,-5.103905682321832
W38786,-4.043259621761267,0.35022341482636304
W38788,-1.6625836306584498,8.74690688309479
W38789,-6.993107491737639,0.7638284954799779
W38790,-3.832259537595756,-5.582916129450752
W38791,2.051682525272035,4.2115128607095995
W38793,-5.351433341719639,-1.8701534310338248
W38794,-3.4296178463771523,-1.6185146402268729
W38795,1.1606328230859704,3.2150882611587654
W38796,4.677714118195569,5.013945728835609
W38797,-9.30377439799487,2.8317489259978603
W38798,3.952755896198602,1.023744474050696
W38799,-2.281027606933456,2.1117453308273886
W38800,7.946558980233162,4.398713169047868
W38801,-1.6670776989429024,8.767241933529096
W38802,-2.0036625247018227,10.321329530584554
W38803,-3.997579929436771,-4.271316245999598
W38804,5.808609571478532,0.03164450851897089
W38805,-1.5879300071193978,-4.660499540042338
W38806,1.9851428571935488,5.424861610769271
W38807,-4.176879641479989,-7.959566936211957
W38808,-5.539513444680376,-4.612180813765034
W38809,-2.376791187446694,4.445206021105564
W38810,7.075859216794662,3.9553844088230883
W38811,-2.6836809129061097,1.1005351425848013
W38812,-4.189160492026498,-5.385567224280894
W38813,-3.56077727086778,-6.45715640944206
W38814,3.30134372652078,4.094450212014755
W38815,3.352958520284847,5.212813226141256
W38816,-6.003056763625063,-1.2908493241036885
W38818,4.000758559516837,4.670691600685243
W38819,-4.491512683146016,-8.610963033283724
W38820,1.2808264891707588,3.6408524423370063
W38821,5.532288946721973,-3.2305424442312187
W38822,-2.418230086003712,-2.031055046436788
W38823,-6.068440715820619,-2.7559609415885244
W38825,-7.676074551287786,2.064217010478034
W38826,0.8873686258292418,-1.7402421075773986
W38827,2.3232399600440155,0.6779558120603101
W38828,-6.450284812099746,0.5663014431083048
W38829,-5.286320494001773,-2.7183556727674696
W38830,-0.1745029848064491,1.4038647430446838
W38831,-1.111393376256669,6.240330672027797
W38832,-5.778895838963344,-5.0866830156002845
W38833,-7.008932206352152,-1.2803648157403338
W38834,-2.836253968756597,-3.5116671224433174
W38836,1.2622864978209503,1.3813517438105696
W38837,2.475425555638466,4.825497464853946
W38838,-2.8156735285274883,-2.81189686731324
W38839,1.600817235417706,0.4507790757474141
W38840,-3.097398222693687,-3.343019744007657
W38841,-6.452378761359677,-6.106426326687206
W38843,3.230581288628663,4.979922113475029
W38845,-2.8818901082851816,5.086300529162572
W38846,7.81480032718139,0.18277259812783245
W38847,-8.35230451193272,2.4488040442318937
W38848,2.732196596931601,0.18310229727157068
W38849,4.499075090792262,4.782063978552544
W38850,-3.628607700484363,-2.5207659933115742
W38851,-1.7208760478901848,-0.43942439369012026
W38852,-4.07517465153852,-5.842623236668447
W38853,-4.432971700644691,-5.743876055772635
W38854,1.408286817691309,1.1271222808751393
W38855,-4.954194127348049,0.958494491288777
W38858,-3.7363256522983095,-7.239484360936825
W38859,1.0624477040247806,3.4716124432241084
W38860,7.102295269981409,0.5280524172800835
W38861,-3.155121728070338,-3.313671758396825
W38862,4.448316764288049,3.0067378951543198
W38863,-3.0572168009124545,-2.0128342018224354
W38864,1.40709806129362,1.7713261486790621
W38865,-5.5416783797062275,-1.0048323029709072
W38866,-1.2496492434132473,-0.9145158999348444
W38867,-2.3285080764620036,4.388883354406019
W38868,-2.5999166154393523,1.0239492463659763
W38869,-5.502403709406326,-1.371359127459825
W38870,6.751475295355022,0.6963542984297335
W38871,1.2750188204163104,1.904770627111526
W38872,-2.1901681304678347,1.9507731878803298
W38873,1.3661524663129458,0.30688404974716627
W38874,1.5098116380659665,-0.08453151881976052
W38875,-4.41413409296211,-1.460811672692589
W38876,6.5229203931288495,0.969838935042592
W38877,6.110659235161132,1.3657441941615465
W38878,1.3703442710975506,0.4296180663662813
W38879,4.36228757422169,4.082660804903775
W38880,-6.317384475336919,1.318950167289798
W38881,-7.42614991105583,-1.001422573519094
W38882,-6.691545132242176,-2.3713409488140833
W38883,6.877064807358248,2.608428941208817
W38884,-7.842335216411085,1.4600085283895772
W38886,4.7154889785273,3.914164860870256
W38887,6.071947285583753,4.002167370125625
W38889,7.519770071655072,2.8008994528502718
W38890,-3.0183907020198952,-3.4599716747059994
W38891,1.6817089816344073,0.5548998792213898
W38892,12.974802452142088,0.541919019760501
W38893,-4.04408014729872,-6.617435822986956
W38894,5.792137751679484,0.7653538740554213
W38895,-4.664640160255166,-2.4821731310126025
W38896,0.904709276099575,-0.8131051219772707
W38897,-1.8345965117847403,-0.16295149940458137
W38900,-0.36987129576287564,3.02226017349277
W38901,-5.422185942907594,3.927743561954624
W38902,-3.739359168026749,1.6122822488704711
W38903,-2.930778296292461,-2.4337629687354965
W38904,-1.9938763435180478,-1.988799705432879
W38905,5.953080250310459,3.9821147383279105
W38906,1.3680394151208952,2.386928025646383
W38907,-3.808057952681689,-7.102197357862151
W38908,-2.4870963084283035,1.5509680642421761
W38909,-3.9796685187565086,-5.918558518259848
W38910,1.3873619849412686,0.7310460486009474
W38911,-3.195810150644579,-3.589185007399738
W38912,-5.569591506859164,-1.96244802448433
W38913,-6.6444303643491285,-6.332802339432673
W38914,-4.827432295446549,-8.361398436454698
W38915,4.276180225770728,3.5346054793796435
W38916,1.4011144221018705,1.2211961783800236
W38917,-7.759811261723465,-0.5050552974314202
W38918,-7.9674222828688395,0.006646960592042794
W38919,5.542689767833083,4.180575667222653
W38920,9.00383372201847,1.3391830407636143
W38921,-4.60811906057608,-3.094737069923296
W38922,-4.445726233679922,-6.149912316896679
W38923,-2.4484352214899907,-0.1441613147472989
W38924,-4.896834399455458,-2.203881963329928
W38925,3.0527221991980027,4.531572527257422
W38926,-0.675022237253258,-1.1072444389452103
W38927,-4.962324943895374,-3.5465065132073454
W38928,-2.588445082269708,5.037757390674813
W38929,-2.245474369001137,2.1249677902296913
W38930,-2.619525769279382,2.6028791173920878
W38931,-2.867630299666363,5.578842396486017
W38932,5.259423785748703,-2.825177009369476
W38933,6.334303864153209,0.41537445081887137
W38934,0.7929985871603785,0.4041254424075856
W38935,-7.374559901956025,-0.7471367271498299
W38937,1.1036458908364513,4.109434126006896
W38938,1.419877393272884,0.39790617617321566
W38939,-0.9931840846978088,0.8170036011885213
W38940,1.3740090256165711,1.2331213026521777
W38941,-2.48495546373901,0.6813866769037776
W38942,4.22890858450336,1.75313298059737
W38943,4.313832663607474,3.9601427203064854
W38944,0.030705880539174925,0.19655980758578218
W38945,1.0757091585297687,2.300917534773602
W38947,-0.8091973017888245,4.993369336004496
W38948,4.420793470998354,4.177512501226441
W38949,-6.743522584038727,-0.7924349777992331
W38950,-3.842613134643321,-7.067829859939186
W38951,-4.93789289685607,-1.1106850796943097
W38952,-2.7555497530872834,1.6089180927339168
W38953,-2.2330817547383583,1.4611661581636024
W38954,-7.329282047496844,1.6445647787588091
W38955,1.2100861936884346,1.7251751133711448
W38956,-3.7981274753462038,-5.124187834040035
W38957,-2.386683998178644,1.7321929664663251
W38958,-3.5660644486130106,-2.609827617601356
W38959,-5.033967255065478,-4.98806050249375
W38960,-3.626013398591715,-3.859280425001361
W38961,2.2816342093208184,4.3748300835554526
W38962,-6.650381476945556,1.535676045819401
W38963,-1.1675019871106558,-1.4655242209948063
W38964,1.523582347805503,-0.09010356670151283
W38965,-3.404604814917539,-3.350066440082576
W38966,2.0133185492225993,5.3199454045636685
W38967,8.117639070714187,0.9265474039273379
W38968,0.6552293023217066,-1.0495270664300258
W38969,1.1999979410588453,0.9271104281782468
W38970,3.716547909985226,5.0725429865989815
W38971,0.5970648305786062,0.34585943328170254
W38972,-4.796258797503149,1.2326890107893869
W38973,0.9198233790343265,0.8813926868269549
W38974,3.740373013078813,4.743330662269846
W38975,-0.7814011493356053,5.036278652029884
W38976,7.7981037147029575,0.527256342754041
W38977,7.293516941697419,0.7479035466723936
W38978,4.274874266903179,3.4440731478825737
W38979,-6.506532424231747,-2.4665090383430868
W38980,-3.8949856253195794,-7.425325172351443
W38981,-3.94106834459015,1.16361528156614
W38982,7.451940386635233,3.2050791690836293
W38983,4.905689213022157,0.6277244174294176
W38985,1.5996609713002914,4.625013963500151
W38987,-4.788846494940573,-0.4349490148536291
W38989,3.822488519177652,4.77751867127645
W38990,0.8014266106024742,0.617848142729752
W38991,-0.1499406749632856,2.4273827322913943
W38992,1.3110218196813694,0.7842198214821363
W38993,-4.91419944367087,-8.69693043406055
W38994,3.8828263159406973,1.705474635859344
W38996,5.299831801806048,-2.654707754182985
W38997,1.4858786835299307,1.6907734752055428
W38998,-0.5271824828969186,0.3108312911770436
W38999,-0.4486751179533961,3.4722518267688183
W39000,-5.145098547050757,-4.861857132012043
W39001,-5.885325513296737,1.1286312559296598
W39002,-2.740579864013219,0.8500927138473994
W39003,-4.9682562282958385,-9.514172420704261
W39004,-3.2551954853438576,-4.700223102319245
W39005,7.64630982333703,0.31860988923133776
W39006,-6.281373555757715,-0.5676794564115286
W39007,-7.40500912847392,0.004767707107253612
W39008,0.7224002666194899,-1.290293429302107
W39009,7.781210528031947,0.26372691359992395
W39010,3.944666431248435,2.6819213733444704
W39011,-1.6420254250297501,-4.389941443906484
W39012,-3.585323911321623,-6.038185629502757
W39013,-6.695943645900796,1.5140860919992762
W39015,2.692723248982882,-0.7295804193816045
W39017,-6.253501319923665,-0.6042316798875078
W39018,-2.618402568499836,5.1153830841779255
W39019,-8.006347297730207,0.4145483257005037
W39020,-8.015350021097616,0.9715357403676876
W39021,5.62686152501175,-0.9964920257764738
W39022,1.030128315539182,0.01834081340574714
W39023,-6.390390162688136,-6.170454602291095
W39024,-4.824344335733679,-2.6514805678641555
W39025,-5.405993996369557,-1.3198529830639623
W39026,-4.811260334045026,1.2153569844382723
W39027,-7.274500098419674,-1.131385369599653
W39028,1.347811209283407,3.728579034361032
W39029,-7.5418673411882615,0.4013795598682457
W39030,-0.7803203069341678,-0.06860503708764644
W39031,4.132952996239382,1.8621729007247074
W39032,1.381231098155275,1.5211812411115924
W39033,0.7961287100997114,0.5045096629341976
W39034,-2.543473939525854,1.9930949685385768
W39035,-2.4582709242610834,4.312092258043755
W39036,3.7450042080768333,-2.5062705394067124
W39037,-4.130452930092182,-4.9514956706218936
W39038,-4.475077776333103,-4.847049244488471
W39039,1.1400891828305686,1.4499412140547694
W39040,4.60377326607674,4.542993389545766
W39041,-1.6364163215149858,8.53356502521707
W39042,1.5506032022769733,1.8529640907281542
W39043,-3.213361417259869,-2.130606707865538
W39044,-2.7257552417275277,-1.7626276554530116
W39045,5.250138229766947,-2.8586835984984797
W39047,-2.5116646231940836,4.780602783539931
W39048,0.6113348400303634,0.12942122243448068
W39050,-2.761865313023255,1.9835119676800408
W39051,5.446388233706481,0.08846744743489794
W39053,-4.977787179649462,-8.725528664966806
W39054,-3.281116071731094,-2.473081979755666
W39055,4.626976028892751,-2.378710375349073
W39056,-2.6940504521842694,5.08675691445584
W39057,2.1065233700805606,4.294719578947229
W39058,5.806106045077763,0.7376379236597539
W39059,-3.4701725949806863,1.6873141905877491
W39060,-3.4831587056042035,-4.723650578123115
W39061,-4.967474569797732,-7.651444941909665
W39062,1.3497595165119751,1.208799671406916
W39064,-2.428236277002466,3.149724933009456
W39065,-5.144004146699579,-5.148509719592102
W39066,-6.471348353112941,0.05471534487245247
W39067,3.999822815528205,-2.9807192217487923
W39068,0.9982614433808631,0.22692620514742293
W39069,4.631019648077343,4.955796271476491
W39070,0.10886584053576356,0.009362886618054338
W39071,2.184304583618356,4.559620049165789
W39073,-3.780146414972499,-2.8873420735381865
W39074,-8.084018134848657,0.6457920740977002
W39075,-2.1060669411490087,-1.4695389128926877
W39076,5.489373852193767,1.0287903519147128
W39077,8.819713203791089,0.9652475460247724
W39078,-3.9271274007216372,-2.6072086377249977
W39079,0.9602659623141204,1.0323310686886054
W39081,-0.4842725718944243,-0.3911319270041279
W39082,1.296433861300243,0.006370034429841636
W39083,-2.81377080040044,-0.5969016034010207
W39084,-3.115518072059312,1.5404261806522825
W39085,5.258108999675369,-2.5230417266626333
W39087,1.5277755305468566,-0.48389035850315654
W39088,-3.4518345071006893,-6.109983486234974
W39089,-7.731652122277822,1.1577085530037323
W39090,-5.773021082885389,-1.9511561552963026
W39091,1.5015324268820491,1.8846337559817334
W39092,-4.175068284824867,0.22314272836117235
W39093,0.9744805103033249,0.6960354682986665
W39094,-2.6599604027524038,-2.749315655943519
W39095,-0.9162387378815066,5.697534005462314
W39096,-2.465928549794356,4.757260141020202
W39097,4.990001204198267,-2.7124192109993466
W39098,-1.6476511793282604,-0.8214757632378221
W39099,7.1072186271106945,-0.7477661536552176
W39100,-5.738710009049284,-0.5618773373630173
W39101,-3.6532093428214103,-4.413933717317469
W39103,-3.248922976644912,-3.15894705729956
W39104,1.9002345172799833,4.777074991866599
W39105,1.5976694213878548,1.6199268819024928
W39106,-2.992877662766394,1.262667044839057
W39107,1.1703787765351512,1.2766733873080658
W39109,-4.523428005648165,0.04797744338885514
W39110,1.2621710258639354,0.7965188034535778
W39111,-2.129650688590555,-2.123536050559594
W39112,7.247367734835431,4.377988575368641
W39113,-5.308442066735463,-0.7840540492534485
W39114,-7.675804301093506,0.9376528289072337
W39115,-5.033803938003252,-8.79934685597265
W39116,-2.5975499073586565,5.087285759866396
W39117,-5.3545968449641625,-7.665981484857235
W39118,-7.8640264767417944,0.8720395742668398
W39119,4.7169543821887565,-2.4820594393161324
W39120,7.5050523272892695,0.8190332812225437
W39121,-3.351256779626265,-1.3705015368711708
W39122,-4.920852418455848,-9.382279188915318
W39123,1.167139150145485,-0.35623672821627655
W39125,-3.555733088812325,0.10002564095380641
W39126,-2.6435669032386038,1.98050186918515
W39127,2.5955480206230046,4.770094558635519
W39128,-3.912153693469116,-2.879916866570661
W39129,-5.786546678457479,-0.9841389854148362
W39130,-2.5074943394922076,4.525956221406381
W39131,-3.6272952130326224,-2.195860517275947
W39134,-2.9627929302149143,-1.3118583575758762
W39135,-6.475177355495926,-1.4022841789880154
W39137,-4.186619685155704,-4.745851020889401
W39138,-3.5177935837302865,-4.056248696537905
W39139,-1.6541585113504014,0.7857800343687624
W39140,-4.154396351953819,-8.051900095174462
W39141,-5.1702268104626015,-9.09971063323865
W39142,3.11554076139246,-1.4997470982584125
W39143,4.378714249983141,0.6017291002108708
W39144,-6.18313713950743,-1.4212752309015313
W39145,1.0777348556981239,2.380724937164724
W39146,1.7965179784305074,-0.7727871971130927
W39148,1.1492665126955908,1.1310015501909694
W39149,-7.229904355996588,1.0982183019141358
W39150,6.571460662653053,-0.20012264831969348
W39152,1.0873194207075476,0.9466844662288394
W39153,-2.5082582055219014,-1.665149292295639
W39154,5.120333927618884,0.5299804587879826
W39155,-5.988377844219182,-0.12337635482194423
W39156,-7.9229075416337515,1.493930434074572
W39157,-1.6386509621825631,8.543169715279827
W39158,-3.1897259285071744,-3.443657382051084
W39159,-0.3377669660685333,2.8218824940591833
W39160,-2.901565447004128,1.5135037706512775
W39161,-2.1730973420470407,3.980165447150672
W39162,-3.2715907284834262,-3.136699983001149
W39163,-4.263840721028264,-8.197364801776526
W39164,4.635942338326215,1.0393980159275575
W39165,-9.305298389889188,2.758455353274132
W39166,0.8555470138132304,0.13708501410218354
W39167,-4.069077093407519,-3.8767993524160245
W39168,4.184118427963087,2.6922383500603866
