cell_id,paul15_clusters,dpt_erythrocyte_pseudotime,dpt_monocyte_pseudotime,dpt_lineage_pseudotime
W31105,7MEP,0.30484533309936523,,0.30484533309936523
W31106,15Mo,,0.5659185647964478,0.5659185647964478
W31107,3Ery,0.8129644393920898,,0.8129644393920898
W31108,15Mo,,0.771557092666626,0.771557092666626
W31109,3Ery,0.7962555289268494,,0.7962555289268494
W31110,15Mo,,0.2923705577850342,0.2923705577850342
W31111,4Ery,0.5870463252067566,,0.5870463252067566
W31113,2Ery,0.4980456233024597,,0.4980456233024597
W31114,3Ery,0.5207701921463013,,0.5207701921463013
W31115,2Ery,0.7440808415412903,,0.7440808415412903
W31116,2Ery,0.525048553943634,,0.525048553943634
W31117,17Neu,,,
W31118,14Mo,,0.4080840051174164,0.4080840051174164
W31119,13Baso,,,
W31120,3Ery,0.6274412870407104,,0.6274412870407104
W31121,7MEP,0.2875458896160126,,0.2875458896160126
W31122,3Ery,0.6981614232063293,,0.6981614232063293
W31123,3Ery,0.6588115096092224,,0.6588115096092224
W31124,2Ery,0.7470723986625671,,0.7470723986625671
W31125,8Mk,0.8956527709960938,,0.8956527709960938
W31126,3Ery,0.5460972785949707,,0.5460972785949707
W31127,9GMP,,0.19401025772094727,0.19401025772094727
W31128,8Mk,0.2912828326225281,,0.2912828326225281
W31129,10GMP,0.0,0.0,0.0
W31130,15Mo,,0.5732126832008362,0.5732126832008362
W31131,16Neu,,,
W31132,4Ery,0.6366106271743774,,0.6366106271743774
W31133,13Baso,,,
W31134,17Neu,,,
W31136,3Ery,0.6998404264450073,,0.6998404264450073
W31137,2Ery,0.6775699853897095,,0.6775699853897095
W31138,3Ery,0.6971035003662109,,0.6971035003662109
W31139,5Ery,0.5519549250602722,,0.5519549250602722
W31140,3Ery,0.6471346616744995,,0.6471346616744995
W31141,13Baso,,,
W31142,1Ery,0.8952121734619141,,0.8952121734619141
W31143,3Ery,0.7929326295852661,,0.7929326295852661
W31144,6Ery,0.537612795829773,,0.537612795829773
W31145,15Mo,,0.6339631676673889,0.6339631676673889
W31146,3Ery,0.577426552772522,,0.577426552772522
W31147,3Ery,0.6588732004165649,,0.6588732004165649
W31148,14Mo,,0.5293028950691223,0.5293028950691223
W31150,12Baso,,,
W31151,3Ery,0.8288664817810059,,0.8288664817810059
W31152,14Mo,,0.7417516708374023,0.7417516708374023
W31153,6Ery,0.6068413853645325,,0.6068413853645325
W31154,4Ery,0.6223353743553162,,0.6223353743553162
W31155,7MEP,0.19696418941020966,,0.19696418941020966
W31156,2Ery,0.6626043319702148,,0.6626043319702148
W31157,13Baso,,,
W31158,14Mo,,0.5730553865432739,0.5730553865432739
W31159,6Ery,0.5418379306793213,,0.5418379306793213
W31160,18Eos,,,
W31161,4Ery,0.6597039699554443,,0.6597039699554443
W31162,3Ery,0.6259285807609558,,0.6259285807609558
W31163,3Ery,0.6404895782470703,,0.6404895782470703
W31164,14Mo,,0.7885013818740845,0.7885013818740845
W31165,2Ery,0.7720446586608887,,0.7720446586608887
W31166,13Baso,,,
W31167,2Ery,0.7719740867614746,,0.7719740867614746
W31168,13Baso,,,
W31169,13Baso,,,
W31170,14Mo,,0.9206103682518005,0.9206103682518005
W31171,7MEP,0.29626384377479553,,0.29626384377479553
W31172,7MEP,0.4120928645133972,,0.4120928645133972
W31173,7MEP,0.2845650017261505,,0.2845650017261505
W31174,10GMP,0.23875519633293152,0.7938169240951538,0.5162860602140427
W31175,12Baso,,,
W31176,6Ery,0.31692951917648315,,0.31692951917648315
W31177,5Ery,0.5423312783241272,,0.5423312783241272
W31178,5Ery,0.5502332448959351,,0.5502332448959351
W31179,14Mo,,0.6048862338066101,0.6048862338066101
W31180,4Ery,0.6094385981559753,,0.6094385981559753
W31181,16Neu,,,
W31182,16Neu,,,
W31183,3Ery,0.6816713809967041,,0.6816713809967041
W31184,2Ery,0.6507329344749451,,0.6507329344749451
W31185,6Ery,0.6075130105018616,,0.6075130105018616
W31186,13Baso,,,
W31187,13Baso,,,
W31188,10GMP,0.016929438337683678,0.13395899534225464,0.07544421683996916
W31189,14Mo,,0.5298909544944763,0.5298909544944763
W31190,5Ery,0.6173112988471985,,0.6173112988471985
W31191,7MEP,0.30861616134643555,,0.30861616134643555
W31192,7MEP,0.30449438095092773,,0.30449438095092773
W31193,5Ery,0.6053736209869385,,0.6053736209869385
W31194,6Ery,0.5277001261711121,,0.5277001261711121
W31195,2Ery,0.7511051297187805,,0.7511051297187805
W31196,10GMP,0.4753740429878235,0.3270278573036194,0.40120095014572144
W31197,10GMP,0.06206819787621498,0.06523573398590088,0.06365196593105793
W31198,2Ery,0.6726317405700684,,0.6726317405700684
W31199,7MEP,0.16596382856369019,,0.16596382856369019
W31200,6Ery,0.4810944199562073,,0.4810944199562073
W31201,7MEP,0.3536393940448761,,0.3536393940448761
W31202,14Mo,,0.5319128036499023,0.5319128036499023
W31203,16Neu,,,
W31204,10GMP,0.24414508044719696,0.79896479845047,0.5215549394488335
W31205,3Ery,0.6280047297477722,,0.6280047297477722
W31206,3Ery,0.724247395992279,,0.724247395992279
W31207,13Baso,,,
W31209,1Ery,0.9072152972221375,,0.9072152972221375
W31210,14Mo,,0.5750687718391418,0.5750687718391418
W31211,15Mo,,0.5702704191207886,0.5702704191207886
W31212,2Ery,0.7376466393470764,,0.7376466393470764
W31213,5Ery,0.5101467967033386,,0.5101467967033386
W31214,2Ery,0.6707396507263184,,0.6707396507263184
W31215,5Ery,0.5399011969566345,,0.5399011969566345
W31217,3Ery,0.696952760219574,,0.696952760219574
W31218,14Mo,,0.596243143081665,0.596243143081665
W31219,10GMP,0.1431998461484909,0.5170536637306213,0.3301267549395561
W31220,2Ery,0.8392425775527954,,0.8392425775527954
W31221,7MEP,0.2836047410964966,,0.2836047410964966
W31222,4Ery,0.6502145528793335,,0.6502145528793335
W31223,9GMP,,0.2723050117492676,0.2723050117492676
W31224,7MEP,0.286839097738266,,0.286839097738266
W31225,3Ery,0.6611846685409546,,0.6611846685409546
W31226,16Neu,,,
W31228,10GMP,0.025719907134771347,0.20916633307933807,0.11744312010705471
W31229,6Ery,0.5491153597831726,,0.5491153597831726
W31230,3Ery,0.5420632362365723,,0.5420632362365723
W31231,2Ery,0.6556352972984314,,0.6556352972984314
W31232,5Ery,0.6296146512031555,,0.6296146512031555
W31233,2Ery,0.6431114077568054,,0.6431114077568054
W31234,2Ery,0.6480215191841125,,0.6480215191841125
W31236,5Ery,0.6038748025894165,,0.6038748025894165
W31237,14Mo,,0.757610023021698,0.757610023021698
W31238,5Ery,0.5777546167373657,,0.5777546167373657
W31239,14Mo,,0.5506698489189148,0.5506698489189148
W31240,3Ery,0.5752217769622803,,0.5752217769622803
W31241,2Ery,0.697529137134552,,0.697529137134552
W31242,16Neu,,,
W31243,2Ery,0.7677142024040222,,0.7677142024040222
W31244,13Baso,,,
W31245,16Neu,,,
W31246,2Ery,0.6752311587333679,,0.6752311587333679
W31247,3Ery,0.7431883811950684,,0.7431883811950684
W31248,3Ery,0.6587319374084473,,0.6587319374084473
W31249,14Mo,,0.5645763874053955,0.5645763874053955
W31250,5Ery,0.6294761896133423,,0.6294761896133423
W31251,16Neu,,,
W31252,14Mo,,0.5823478102684021,0.5823478102684021
W31253,14Mo,,0.626146674156189,0.626146674156189
W31254,13Baso,,,
W31255,3Ery,0.6575588583946228,,0.6575588583946228
W31256,14Mo,,0.5583815574645996,0.5583815574645996
W31257,7MEP,0.30449578166007996,,0.30449578166007996
W31259,14Mo,,0.2649580240249634,0.2649580240249634
W31260,10GMP,0.030765585601329803,0.6287907361984253,0.32977816089987755
W31262,2Ery,0.5418921113014221,,0.5418921113014221
W31263,14Mo,,0.3991910517215729,0.3991910517215729
W31264,15Mo,,0.5441678166389465,0.5441678166389465
W31265,14Mo,,0.5799849629402161,0.5799849629402161
W31266,16Neu,,,
W31267,10GMP,0.14307242631912231,0.4990161657333374,0.32104429602622986
W31268,7MEP,0.19427138566970825,,0.19427138566970825
W31269,5Ery,0.5360921621322632,,0.5360921621322632
W31270,16Neu,,,
W31271,2Ery,0.7256911396980286,,0.7256911396980286
W31272,16Neu,,,
W31273,14Mo,,0.5122464895248413,0.5122464895248413
W31274,10GMP,0.03785140812397003,0.2137964516878128,0.12582392990589142
W31275,16Neu,,,
W31276,8Mk,0.2900811731815338,,0.2900811731815338
W31277,7MEP,0.449845552444458,,0.449845552444458
W31278,14Mo,,0.5428155064582825,0.5428155064582825
W31279,7MEP,0.28773996233940125,,0.28773996233940125
W31280,2Ery,0.6449266672134399,,0.6449266672134399
W31281,14Mo,,0.760441780090332,0.760441780090332
W31282,14Mo,,0.5525380969047546,0.5525380969047546
W31283,4Ery,0.6283926367759705,,0.6283926367759705
W31284,5Ery,0.5583733320236206,,0.5583733320236206
W31285,14Mo,,0.6088235378265381,0.6088235378265381
W31286,14Mo,,0.5635858774185181,0.5635858774185181
W31287,10GMP,0.290770560503006,0.3340882360935211,0.31242939829826355
W31288,6Ery,0.3019918203353882,,0.3019918203353882
W31289,5Ery,0.5547977685928345,,0.5547977685928345
W31290,14Mo,,0.5503633618354797,0.5503633618354797
W31291,3Ery,0.7441499829292297,,0.7441499829292297
W31292,5Ery,0.5808707475662231,,0.5808707475662231
W31293,15Mo,,0.5394819974899292,0.5394819974899292
W31294,5Ery,0.6380919218063354,,0.6380919218063354
W31295,14Mo,,0.5751950740814209,0.5751950740814209
W31296,16Neu,,,
W31297,8Mk,0.2806113362312317,,0.2806113362312317
W31298,3Ery,0.7558220028877258,,0.7558220028877258
W31299,14Mo,,0.728198766708374,0.728198766708374
W31300,12Baso,,,
W31301,14Mo,,0.27127912640571594,0.27127912640571594
W31302,3Ery,0.7572283744812012,,0.7572283744812012
W31303,5Ery,0.4783555269241333,,0.4783555269241333
W31305,16Neu,,,
W31306,15Mo,,0.8102553486824036,0.8102553486824036
W31307,13Baso,,,
W31309,5Ery,0.578931450843811,,0.578931450843811
W31310,3Ery,0.6813715696334839,,0.6813715696334839
W31311,13Baso,,,
W31312,12Baso,,,
W31313,8Mk,0.23304352164268494,,0.23304352164268494
W31314,7MEP,0.30367159843444824,,0.30367159843444824
W31315,6Ery,0.5379030704498291,,0.5379030704498291
W31316,2Ery,0.6526134610176086,,0.6526134610176086
W31317,3Ery,0.7359541654586792,,0.7359541654586792
W31318,3Ery,0.7846778035163879,,0.7846778035163879
W31319,15Mo,,0.5533391237258911,0.5533391237258911
W31321,3Ery,0.5379070043563843,,0.5379070043563843
W31322,3Ery,0.6507853269577026,,0.6507853269577026
W31323,3Ery,0.6218574643135071,,0.6218574643135071
W31324,8Mk,0.32354727387428284,,0.32354727387428284
W31325,2Ery,0.6229068040847778,,0.6229068040847778
W31326,2Ery,0.6667430996894836,,0.6667430996894836
W31327,14Mo,,0.549456000328064,0.549456000328064
W31328,3Ery,0.6519985198974609,,0.6519985198974609
W31329,15Mo,,0.5812124609947205,0.5812124609947205
W31330,14Mo,,0.5363501906394958,0.5363501906394958
W31331,7MEP,0.31865525245666504,,0.31865525245666504
W31332,15Mo,,0.6650742888450623,0.6650742888450623
W31333,3Ery,0.6065351963043213,,0.6065351963043213
W31334,3Ery,0.6490859985351562,,0.6490859985351562
W31335,13Baso,,,
W31336,15Mo,,0.5927283763885498,0.5927283763885498
W31337,3Ery,0.8170806169509888,,0.8170806169509888
W31338,15Mo,,0.6095252633094788,0.6095252633094788
W31339,13Baso,,,
W31340,3Ery,0.6148631572723389,,0.6148631572723389
W31341,15Mo,,0.538225531578064,0.538225531578064
W31342,15Mo,,0.6840792894363403,0.6840792894363403
W31343,13Baso,,,
W31345,4Ery,0.6237029433250427,,0.6237029433250427
W31346,3Ery,0.5956458449363708,,0.5956458449363708
W31347,14Mo,,0.42286789417266846,0.42286789417266846
W31348,4Ery,0.649904727935791,,0.649904727935791
W31349,6Ery,0.48246273398399353,,0.48246273398399353
W31350,16Neu,,,
W31351,14Mo,,0.9293882846832275,0.9293882846832275
W31353,3Ery,0.7432774901390076,,0.7432774901390076
W31354,17Neu,,,
W31355,15Mo,,0.5226579904556274,0.5226579904556274
W31356,4Ery,0.5959595441818237,,0.5959595441818237
W31357,3Ery,0.6489741206169128,,0.6489741206169128
W31358,6Ery,0.4602484107017517,,0.4602484107017517
W31359,14Mo,,0.523577868938446,0.523577868938446
W31360,3Ery,0.627993643283844,,0.627993643283844
W31361,16Neu,,,
W31362,14Mo,,0.9939829111099243,0.9939829111099243
W31363,15Mo,,0.5136496424674988,0.5136496424674988
W31364,7MEP,0.32295385003089905,,0.32295385003089905
W31365,13Baso,,,
W31366,15Mo,,0.5308497548103333,0.5308497548103333
W31367,14Mo,,0.8873637914657593,0.8873637914657593
W31368,3Ery,0.6964057683944702,,0.6964057683944702
W31369,2Ery,0.6607115268707275,,0.6607115268707275
W31370,2Ery,0.663625180721283,,0.663625180721283
W31371,14Mo,,0.38617679476737976,0.38617679476737976
W31372,2Ery,0.7675577402114868,,0.7675577402114868
W31373,13Baso,,,
W31374,2Ery,0.6513414978981018,,0.6513414978981018
W31375,3Ery,0.5990895628929138,,0.5990895628929138
W31376,13Baso,,,
W31377,12Baso,,,
W31378,2Ery,0.6450329422950745,,0.6450329422950745
W31379,10GMP,0.17825476825237274,0.21653810143470764,0.1973964348435402
W31380,5Ery,0.5575112104415894,,0.5575112104415894
W31381,13Baso,,,
W31382,3Ery,0.6938307881355286,,0.6938307881355286
W31383,9GMP,,0.06199197843670845,0.06199197843670845
W31386,15Mo,,0.6125960350036621,0.6125960350036621
W31387,2Ery,0.652050793170929,,0.652050793170929
W31388,10GMP,0.005601752549409866,0.014631180092692375,0.01011646632105112
W31389,5Ery,0.5933548212051392,,0.5933548212051392
W31390,5Ery,0.5592660307884216,,0.5592660307884216
W31391,2Ery,0.6533876061439514,,0.6533876061439514
W31392,14Mo,,0.4051631987094879,0.4051631987094879
W31393,13Baso,,,
W31394,2Ery,0.6730115413665771,,0.6730115413665771
W31395,14Mo,,0.5357344150543213,0.5357344150543213
W31396,16Neu,,,
W31397,12Baso,,,
W31398,14Mo,,0.5087864398956299,0.5087864398956299
W31399,14Mo,,0.5613929629325867,0.5613929629325867
W31401,3Ery,0.6540526151657104,,0.6540526151657104
W31402,14Mo,,0.41215071082115173,0.41215071082115173
W31403,13Baso,,,
W31405,12Baso,,,
W31406,5Ery,0.5518020987510681,,0.5518020987510681
W31407,10GMP,0.21122796833515167,0.2633701264858246,0.23729904741048813
W31409,14Mo,,0.5521544814109802,0.5521544814109802
W31410,4Ery,0.5912632942199707,,0.5912632942199707
W31411,15Mo,,0.5702397227287292,0.5702397227287292
W31413,3Ery,0.6296325325965881,,0.6296325325965881
W31414,4Ery,0.6195474863052368,,0.6195474863052368
W31415,4Ery,0.6001138091087341,,0.6001138091087341
W31416,4Ery,0.6328850388526917,,0.6328850388526917
W31418,4Ery,0.6626507043838501,,0.6626507043838501
W31419,5Ery,0.5680487751960754,,0.5680487751960754
W31420,1Ery,0.8730374574661255,,0.8730374574661255
W31421,16Neu,,,
W31422,14Mo,,0.636206865310669,0.636206865310669
W31423,2Ery,0.6581767797470093,,0.6581767797470093
W31424,5Ery,0.5633847713470459,,0.5633847713470459
W31425,15Mo,,0.6446137428283691,0.6446137428283691
W31426,5Ery,0.5794151425361633,,0.5794151425361633
W31427,2Ery,0.6631297469139099,,0.6631297469139099
W31428,5Ery,0.5717439651489258,,0.5717439651489258
W31429,1Ery,0.875607430934906,,0.875607430934906
W31430,7MEP,0.354184091091156,,0.354184091091156
W31431,2Ery,0.6492769718170166,,0.6492769718170166
W31432,14Mo,,0.502200186252594,0.502200186252594
W31433,10GMP,0.38800638914108276,0.3383422791957855,0.36317433416843414
W31434,2Ery,0.6192994713783264,,0.6192994713783264
W31436,14Mo,,0.554478645324707,0.554478645324707
W31437,6Ery,0.45206108689308167,,0.45206108689308167
W31439,9GMP,,0.3175187110900879,0.3175187110900879
W31440,3Ery,0.792184054851532,,0.792184054851532
W31441,2Ery,0.6249778270721436,,0.6249778270721436
W31442,3Ery,0.6166824102401733,,0.6166824102401733
W31443,12Baso,,,
W31444,2Ery,0.5852787494659424,,0.5852787494659424
W31445,18Eos,,,
W31446,5Ery,0.6169693470001221,,0.6169693470001221
W31447,3Ery,0.6001979112625122,,0.6001979112625122
W31448,15Mo,,0.5717576742172241,0.5717576742172241
W31451,14Mo,,0.43692395091056824,0.43692395091056824
W31452,2Ery,0.7330071926116943,,0.7330071926116943
W31453,6Ery,0.4914461076259613,,0.4914461076259613
W31454,14Mo,,0.6011356711387634,0.6011356711387634
W31455,2Ery,0.8532204031944275,,0.8532204031944275
W31456,5Ery,0.5795091986656189,,0.5795091986656189
W31457,12Baso,,,
W31458,7MEP,0.29287323355674744,,0.29287323355674744
W31459,17Neu,,,
W31460,14Mo,,0.557748556137085,0.557748556137085
W31461,2Ery,0.6486257314682007,,0.6486257314682007
W31462,5Ery,0.567619800567627,,0.567619800567627
W31463,2Ery,0.7143895030021667,,0.7143895030021667
W31464,14Mo,,0.7856863737106323,0.7856863737106323
W31465,13Baso,,,
W31466,15Mo,,0.5616762638092041,0.5616762638092041
W31467,2Ery,0.6718744039535522,,0.6718744039535522
W31468,13Baso,,,
W31469,16Neu,,,
W31470,5Ery,0.602203905582428,,0.602203905582428
W31471,14Mo,,0.9972929954528809,0.9972929954528809
W31472,16Neu,,,
W31473,14Mo,,0.5563915967941284,0.5563915967941284
W31474,16Neu,,,
W31475,14Mo,,0.7813954949378967,0.7813954949378967
W31476,8Mk,0.9878998398780823,,0.9878998398780823
W31477,10GMP,0.04112159088253975,0.15968137979507446,0.1004014853388071
W31478,14Mo,,0.5603297352790833,0.5603297352790833
W31479,5Ery,0.5879232883453369,,0.5879232883453369
W31480,7MEP,0.30077528953552246,,0.30077528953552246
W31481,2Ery,0.6405674815177917,,0.6405674815177917
W31483,14Mo,,0.5187283158302307,0.5187283158302307
W31484,13Baso,,,
W31485,2Ery,0.6313979625701904,,0.6313979625701904
W31486,5Ery,0.5542152523994446,,0.5542152523994446
W31487,14Mo,,0.6730302572250366,0.6730302572250366
W31489,14Mo,,0.6669634580612183,0.6669634580612183
W31491,9GMP,,0.07555212825536728,0.07555212825536728
W31492,4Ery,0.6207498908042908,,0.6207498908042908
W31493,10GMP,0.025439785793423653,0.2179725170135498,0.12170615140348673
W31494,13Baso,,,
W31495,10GMP,0.18826830387115479,0.26087313890457153,0.22457072138786316
W31497,7MEP,0.3046657145023346,,0.3046657145023346
W31498,10GMP,0.19388115406036377,0.6908491849899292,0.4423651695251465
W31499,3Ery,0.5537904500961304,,0.5537904500961304
W31500,2Ery,0.6546319723129272,,0.6546319723129272
W31501,14Mo,,0.5757978558540344,0.5757978558540344
W31502,10GMP,0.05716501548886299,0.1920952945947647,0.12463015504181385
W31503,15Mo,,0.5894678831100464,0.5894678831100464
W31504,13Baso,,,
W31505,7MEP,0.280979186296463,,0.280979186296463
W31506,6Ery,0.3222588300704956,,0.3222588300704956
W31507,7MEP,0.41077157855033875,,0.41077157855033875
W31508,5Ery,0.5620309114456177,,0.5620309114456177
W31509,14Mo,,0.5577362775802612,0.5577362775802612
W31510,13Baso,,,
W31511,10GMP,0.012071818113327026,0.029144320636987686,0.020608069375157356
W31512,7MEP,0.3827422559261322,,0.3827422559261322
W31513,3Ery,0.7198082208633423,,0.7198082208633423
W31514,7MEP,0.28757503628730774,,0.28757503628730774
W31515,13Baso,,,
W31516,1Ery,0.765092134475708,,0.765092134475708
W31517,14Mo,,0.4684426188468933,0.4684426188468933
W31518,13Baso,,,
W31519,10GMP,0.025306323543190956,0.20825684070587158,0.11678158212453127
W31520,9GMP,,0.1678115576505661,0.1678115576505661
W31521,3Ery,0.6281818747520447,,0.6281818747520447
W31522,13Baso,,,
W31523,2Ery,0.7292292714118958,,0.7292292714118958
W31524,13Baso,,,
W31525,2Ery,0.6613118052482605,,0.6613118052482605
W31526,6Ery,0.2813858389854431,,0.2813858389854431
W31527,6Ery,0.3215509057044983,,0.3215509057044983
W31528,13Baso,,,
W31529,3Ery,0.5639615058898926,,0.5639615058898926
W31530,13Baso,,,
W31532,14Mo,,0.6407694220542908,0.6407694220542908
W31533,10GMP,0.10352931171655655,0.30149003863334656,0.20250967517495155
W31534,8Mk,0.871191143989563,,0.871191143989563
W31535,9GMP,,0.2130848616361618,0.2130848616361618
W31536,2Ery,0.6475588083267212,,0.6475588083267212
W31537,13Baso,,,
W31538,14Mo,,0.6638010144233704,0.6638010144233704
W31539,13Baso,,,
W31540,14Mo,,0.6191636919975281,0.6191636919975281
W31541,5Ery,0.617702841758728,,0.617702841758728
W31542,14Mo,,0.6827391982078552,0.6827391982078552
W31543,5Ery,0.553990364074707,,0.553990364074707
W31544,13Baso,,,
W31545,12Baso,,,
W31546,16Neu,,,
W31548,13Baso,,,
W31549,13Baso,,,
W31550,2Ery,0.7680680155754089,,0.7680680155754089
W31551,2Ery,0.5983628034591675,,0.5983628034591675
W31552,14Mo,,0.4582084119319916,0.4582084119319916
W31553,7MEP,0.27645188570022583,,0.27645188570022583
W31554,4Ery,0.5671176314353943,,0.5671176314353943
W31555,6Ery,0.49147480726242065,,0.49147480726242065
W31556,13Baso,,,
W31558,14Mo,,0.4969935417175293,0.4969935417175293
W31559,14Mo,,0.6744445562362671,0.6744445562362671
W31560,6Ery,0.30249619483947754,,0.30249619483947754
W31562,12Baso,,,
W31563,6Ery,0.5687158107757568,,0.5687158107757568
W31564,14Mo,,0.4952106773853302,0.4952106773853302
W31565,2Ery,0.6398676633834839,,0.6398676633834839
W31566,13Baso,,,
W31567,13Baso,,,
W31568,14Mo,,0.5470061302185059,0.5470061302185059
W31569,7MEP,0.3008938431739807,,0.3008938431739807
W31570,7MEP,0.30460092425346375,,0.30460092425346375
W31571,15Mo,,0.6686839461326599,0.6686839461326599
W31572,5Ery,0.5462645888328552,,0.5462645888328552
W31573,5Ery,0.5356309413909912,,0.5356309413909912
W31575,5Ery,0.3657468259334564,,0.3657468259334564
W31576,5Ery,0.5869430303573608,,0.5869430303573608
W31577,15Mo,,0.6803637742996216,0.6803637742996216
W31578,1Ery,0.7457775473594666,,0.7457775473594666
W31580,13Baso,,,
W31581,10GMP,0.055403947830200195,0.15131275355815887,0.10335835069417953
W31583,12Baso,,,
W31586,4Ery,0.72559654712677,,0.72559654712677
W31587,7MEP,0.28174683451652527,,0.28174683451652527
W31588,15Mo,,0.7285815477371216,0.7285815477371216
W31590,13Baso,,,
W31591,13Baso,,,
W31593,3Ery,0.7229803204536438,,0.7229803204536438
W31594,3Ery,0.6070910692214966,,0.6070910692214966
W31595,15Mo,,0.6510151624679565,0.6510151624679565
W31596,16Neu,,,
W31597,13Baso,,,
W31598,2Ery,0.6542050838470459,,0.6542050838470459
W31599,15Mo,,0.6578724384307861,0.6578724384307861
W31600,17Neu,,,
W31601,15Mo,,0.5501143932342529,0.5501143932342529
W31602,13Baso,,,
W31603,16Neu,,,
W31604,6Ery,0.3065671920776367,,0.3065671920776367
W31605,5Ery,0.5495828986167908,,0.5495828986167908
W31606,15Mo,,0.5636657476425171,0.5636657476425171
W31607,9GMP,,0.2627440392971039,0.2627440392971039
W31608,13Baso,,,
W31609,15Mo,,0.7817988395690918,0.7817988395690918
W31611,13Baso,,,
W31613,6Ery,0.4659564793109894,,0.4659564793109894
W31614,7MEP,0.29952818155288696,,0.29952818155288696
W31615,12Baso,,,
W31617,15Mo,,0.6868603825569153,0.6868603825569153
W31618,2Ery,0.7021415829658508,,0.7021415829658508
W31620,13Baso,,,
W31621,10GMP,0.023478150367736816,0.1928800791501999,0.10817911475896835
W31622,14Mo,,0.5965895652770996,0.5965895652770996
W31623,14Mo,,0.6160967350006104,0.6160967350006104
W31624,14Mo,,0.5856552124023438,0.5856552124023438
W31625,15Mo,,0.6521631479263306,0.6521631479263306
W31626,5Ery,0.532596230506897,,0.532596230506897
W31628,16Neu,,,
W31629,5Ery,0.5471245646476746,,0.5471245646476746
W31630,14Mo,,0.5454868078231812,0.5454868078231812
W31631,13Baso,,,
W31632,15Mo,,0.7183665037155151,0.7183665037155151
W31634,2Ery,0.7329079508781433,,0.7329079508781433
W31635,2Ery,0.6680219769477844,,0.6680219769477844
W31636,2Ery,0.6494380235671997,,0.6494380235671997
W31638,13Baso,,,
W31639,13Baso,,,
W31640,5Ery,0.5459361672401428,,0.5459361672401428
W31641,5Ery,0.550944447517395,,0.550944447517395
W31642,9GMP,,0.2806868851184845,0.2806868851184845
W31644,14Mo,,0.5763959884643555,0.5763959884643555
W31645,7MEP,0.3011816740036011,,0.3011816740036011
W31646,14Mo,,0.48947012424468994,0.48947012424468994
W31648,16Neu,,,
W31649,2Ery,0.7539467811584473,,0.7539467811584473
W31650,2Ery,0.5927664637565613,,0.5927664637565613
W31651,10GMP,0.2911677956581116,0.32364657521247864,0.3074071854352951
W31652,8Mk,0.8328467011451721,,0.8328467011451721
W31653,2Ery,0.6746628880500793,,0.6746628880500793
W31654,5Ery,0.5624410510063171,,0.5624410510063171
W31655,13Baso,,,
W31656,13Baso,,,
W31657,12Baso,,,
W31658,7MEP,0.3723737597465515,,0.3723737597465515
W31659,7MEP,0.28968554735183716,,0.28968554735183716
W31660,13Baso,,,
W31661,6Ery,0.3066026270389557,,0.3066026270389557
W31662,5Ery,0.591436505317688,,0.591436505317688
W31663,16Neu,,,
W31664,14Mo,,0.6411788463592529,0.6411788463592529
W31665,13Baso,,,
W31666,2Ery,0.6532406210899353,,0.6532406210899353
W31667,14Mo,,0.5540644526481628,0.5540644526481628
W31668,5Ery,0.5419962406158447,,0.5419962406158447
W31669,7MEP,0.21055011451244354,,0.21055011451244354
W31670,10GMP,0.24476291239261627,0.8098109364509583,0.5272869244217873
W31674,14Mo,,0.4251618981361389,0.4251618981361389
W31676,4Ery,0.651502251625061,,0.651502251625061
W31678,14Mo,,0.5804932117462158,0.5804932117462158
W31681,12Baso,,,
W31682,9GMP,,0.14525583386421204,0.14525583386421204
W31683,15Mo,,0.7892616987228394,0.7892616987228394
W31684,17Neu,,,
W31685,7MEP,0.28666406869888306,,0.28666406869888306
W31686,16Neu,,,
W31687,13Baso,,,
W31689,3Ery,0.6269163489341736,,0.6269163489341736
W31690,15Mo,,0.7424055933952332,0.7424055933952332
W31691,3Ery,0.6232848763465881,,0.6232848763465881
W31692,7MEP,0.4740718603134155,,0.4740718603134155
W31693,8Mk,0.9713785648345947,,0.9713785648345947
W31695,3Ery,0.6085026860237122,,0.6085026860237122
W31696,13Baso,,,
W31697,9GMP,,0.2527426481246948,0.2527426481246948
W31698,3Ery,0.6292996406555176,,0.6292996406555176
W31699,3Ery,0.6086885333061218,,0.6086885333061218
W31700,2Ery,0.7838802933692932,,0.7838802933692932
W31701,16Neu,,,
W31702,14Mo,,0.6599140763282776,0.6599140763282776
W31703,16Neu,,,
W31704,6Ery,0.3876645267009735,,0.3876645267009735
W31705,14Mo,,0.5980599522590637,0.5980599522590637
W31706,5Ery,0.5364164710044861,,0.5364164710044861
W31707,14Mo,,0.575312077999115,0.575312077999115
W31708,14Mo,,0.47038719058036804,0.47038719058036804
W31711,15Mo,,0.6186278462409973,0.6186278462409973
W31712,13Baso,,,
W31713,14Mo,,0.5467173457145691,0.5467173457145691
W31714,13Baso,,,
W31715,17Neu,,,
W31716,14Mo,,0.5498855113983154,0.5498855113983154
W31717,1Ery,0.7930747270584106,,0.7930747270584106
W31718,2Ery,0.608521044254303,,0.608521044254303
W31719,5Ery,0.5664941072463989,,0.5664941072463989
W31720,6Ery,0.3013390302658081,,0.3013390302658081
W31721,15Mo,,0.6438117027282715,0.6438117027282715
W31722,10GMP,0.04727598652243614,0.12847840785980225,0.0878771971911192
W31723,6Ery,0.30479660630226135,,0.30479660630226135
W31724,10GMP,0.029249414801597595,0.21548523008823395,0.12236732244491577
W31725,7MEP,0.2757328152656555,,0.2757328152656555
W31726,14Mo,,0.5522361397743225,0.5522361397743225
W31727,13Baso,,,
W31728,2Ery,0.6651163697242737,,0.6651163697242737
W31729,14Mo,,0.7467012405395508,0.7467012405395508
W31730,14Mo,,0.5590237379074097,0.5590237379074097
W31731,6Ery,0.3038026690483093,,0.3038026690483093
W31732,13Baso,,,
W31733,14Mo,,0.6275955438613892,0.6275955438613892
W31734,14Mo,,0.5414054989814758,0.5414054989814758
W31735,2Ery,0.636680006980896,,0.636680006980896
W31736,6Ery,0.5211241841316223,,0.5211241841316223
W31737,13Baso,,,
W31738,10GMP,0.033584412187337875,0.4095539450645447,0.22156917862594128
W31739,15Mo,,0.6547292470932007,0.6547292470932007
W31740,16Neu,,,
W31741,10GMP,0.027705008164048195,0.12265170365571976,0.07517835590988398
W31742,1Ery,0.8740534782409668,,0.8740534782409668
W31743,14Mo,,0.6114219427108765,0.6114219427108765
W31744,12Baso,,,
W31745,10GMP,0.23397961258888245,0.7819415926933289,0.5079606026411057
W31746,12Baso,,,
W31748,16Neu,,,
W31749,10GMP,0.18846718966960907,0.2596037983894348,0.22403549402952194
W31750,13Baso,,,
W31751,16Neu,,,
W31752,6Ery,0.3056185245513916,,0.3056185245513916
W31755,5Ery,0.5474562644958496,,0.5474562644958496
W31756,10GMP,0.006339137442409992,0.0175113957375288,0.011925266589969397
W31758,13Baso,,,
W31760,14Mo,,0.5585121512413025,0.5585121512413025
W31761,5Ery,0.5459907650947571,,0.5459907650947571
W31762,13Baso,,,
W31764,13Baso,,,
W31765,13Baso,,,
W31767,13Baso,,,
W31768,4Ery,0.6306416392326355,,0.6306416392326355
W31771,12Baso,,,
W31773,10GMP,0.026422938331961632,0.18892864882946014,0.10767579358071089
W31775,1Ery,0.8761303424835205,,0.8761303424835205
W31777,3Ery,0.6290509700775146,,0.6290509700775146
W31778,6Ery,0.39338475465774536,,0.39338475465774536
W31779,6Ery,0.30730772018432617,,0.30730772018432617
W31780,2Ery,0.6663752198219299,,0.6663752198219299
W31781,2Ery,0.7694354057312012,,0.7694354057312012
W31782,13Baso,,,
W31783,3Ery,0.5367744565010071,,0.5367744565010071
W31785,15Mo,,0.7349933385848999,0.7349933385848999
W31786,2Ery,0.6706176400184631,,0.6706176400184631
W31787,10GMP,0.11571554094552994,0.22014671564102173,0.16793112829327583
W31788,5Ery,0.5169415473937988,,0.5169415473937988
W31789,13Baso,,,
W31791,9GMP,,0.6103048324584961,0.6103048324584961
W31792,9GMP,,0.2595492899417877,0.2595492899417877
W31793,12Baso,,,
W31794,17Neu,,,
W31795,6Ery,0.3147222697734833,,0.3147222697734833
W31796,7MEP,0.29594331979751587,,0.29594331979751587
W31797,6Ery,0.5483929514884949,,0.5483929514884949
W31798,14Mo,,0.67333984375,0.67333984375
W31799,14Mo,,0.5687913298606873,0.5687913298606873
W31801,13Baso,,,
W31802,13Baso,,,
W31803,2Ery,0.6320256590843201,,0.6320256590843201
W31804,13Baso,,,
W31805,7MEP,0.27494028210639954,,0.27494028210639954
W31806,3Ery,0.5896512866020203,,0.5896512866020203
W31807,13Baso,,,
W31808,15Mo,,0.628703773021698,0.628703773021698
W31809,13Baso,,,
W31811,17Neu,,,
W31812,13Baso,,,
W31813,14Mo,,0.5872973203659058,0.5872973203659058
W31814,2Ery,0.6325803995132446,,0.6325803995132446
W31816,13Baso,,,
W31817,13Baso,,,
W31818,2Ery,0.6676170229911804,,0.6676170229911804
W31819,2Ery,0.7053280472755432,,0.7053280472755432
W31820,16Neu,,,
W31821,14Mo,,0.5410289764404297,0.5410289764404297
W31822,10GMP,0.12395356595516205,0.42915859818458557,0.2765560820698738
W31823,16Neu,,,
W31824,13Baso,,,
W31825,10GMP,0.08402727544307709,0.3666722774505615,0.2253497764468193
W31826,16Neu,,,
W31827,2Ery,0.5790711641311646,,0.5790711641311646
W31828,14Mo,,0.49319666624069214,0.49319666624069214
W31829,12Baso,,,
W31830,9GMP,,0.6447276473045349,0.6447276473045349
W31831,2Ery,0.6436936855316162,,0.6436936855316162
W31832,2Ery,0.7267032265663147,,0.7267032265663147
W31834,2Ery,0.668818473815918,,0.668818473815918
W31835,6Ery,0.5403718948364258,,0.5403718948364258
W31836,13Baso,,,
W31837,14Mo,,0.597413182258606,0.597413182258606
W31838,2Ery,0.6340562105178833,,0.6340562105178833
W31839,5Ery,0.6107187867164612,,0.6107187867164612
W31840,16Neu,,,
W31841,6Ery,0.3376513421535492,,0.3376513421535492
W31842,13Baso,,,
W31845,14Mo,,0.677565336227417,0.677565336227417
W31846,5Ery,0.564820408821106,,0.564820408821106
W31847,5Ery,0.5549516081809998,,0.5549516081809998
W31849,2Ery,0.7590495944023132,,0.7590495944023132
W31850,4Ery,0.6129401922225952,,0.6129401922225952
W31851,2Ery,0.661856472492218,,0.661856472492218
W31854,10GMP,0.024105433374643326,0.21556372940540314,0.11983458139002323
W31855,5Ery,0.6287187337875366,,0.6287187337875366
W31856,13Baso,,,
W31857,13Baso,,,
W31858,2Ery,0.6562222242355347,,0.6562222242355347
W31859,12Baso,,,
W31860,12Baso,,,
W31861,15Mo,,0.5738891363143921,0.5738891363143921
W31864,13Baso,,,
W31865,13Baso,,,
W31866,13Baso,,,
W31868,13Baso,,,
W31870,10GMP,0.05484043061733246,0.1329050064086914,0.09387271851301193
W31871,14Mo,,0.6138522028923035,0.6138522028923035
W31872,13Baso,,,
W36865,7MEP,0.29081103205680847,,0.29081103205680847
W36866,13Baso,,,
W36867,9GMP,,0.3367706537246704,0.3367706537246704
W36868,14Mo,,0.8099733591079712,0.8099733591079712
W36869,1Ery,0.887954592704773,,0.887954592704773
W36871,3Ery,0.6956601738929749,,0.6956601738929749
W36873,13Baso,,,
W36874,13Baso,,,
W36875,15Mo,,0.7240649461746216,0.7240649461746216
W36876,2Ery,0.6398362517356873,,0.6398362517356873
W36877,13Baso,,,
W36878,5Ery,0.650765061378479,,0.650765061378479
W36879,14Mo,,0.5748341679573059,0.5748341679573059
W36881,3Ery,0.6492447853088379,,0.6492447853088379
W36882,6Ery,0.520224928855896,,0.520224928855896
W36883,2Ery,0.6544736623764038,,0.6544736623764038
W36885,15Mo,,0.5972371101379395,0.5972371101379395
W36886,12Baso,,,
W36887,7MEP,0.28523316979408264,,0.28523316979408264
W36889,2Ery,0.8156000375747681,,0.8156000375747681
W36890,8Mk,0.8478595614433289,,0.8478595614433289
W36891,14Mo,,0.9185832142829895,0.9185832142829895
W36892,14Mo,,0.9259427189826965,0.9259427189826965
W36893,8Mk,0.4174835979938507,,0.4174835979938507
W36894,5Ery,0.5781829953193665,,0.5781829953193665
W36895,14Mo,,0.5244113802909851,0.5244113802909851
W36897,2Ery,0.7593753933906555,,0.7593753933906555
W36898,3Ery,0.6424161791801453,,0.6424161791801453
W36899,9GMP,,0.14521929621696472,0.14521929621696472
W36900,5Ery,0.5961092114448547,,0.5961092114448547
W36901,3Ery,0.6484858989715576,,0.6484858989715576
W36902,5Ery,0.616283655166626,,0.616283655166626
W36903,14Mo,,0.6380839347839355,0.6380839347839355
W36905,2Ery,0.6750563383102417,,0.6750563383102417
W36906,2Ery,0.7757079601287842,,0.7757079601287842
W36907,14Mo,,0.5480743050575256,0.5480743050575256
W36908,16Neu,,,
W36909,9GMP,,0.3265269100666046,0.3265269100666046
W36910,16Neu,,,
W36911,15Mo,,0.7266908884048462,0.7266908884048462
W36912,10GMP,0.02691318467259407,0.09103690832853317,0.05897504650056362
W36913,3Ery,0.6576080322265625,,0.6576080322265625
W36914,14Mo,,0.5341426730155945,0.5341426730155945
W36915,8Mk,0.27809223532676697,,0.27809223532676697
W36916,14Mo,,0.5016205906867981,0.5016205906867981
W36917,15Mo,,0.5646021366119385,0.5646021366119385
W36918,16Neu,,,
W36919,5Ery,0.6221719980239868,,0.6221719980239868
W36920,14Mo,,0.4668276011943817,0.4668276011943817
W36921,16Neu,,,
W36922,4Ery,0.544762909412384,,0.544762909412384
W36923,2Ery,0.7272094488143921,,0.7272094488143921
W36924,13Baso,,,
W36925,14Mo,,0.8152534365653992,0.8152534365653992
W36926,13Baso,,,
W36927,5Ery,0.5490071773529053,,0.5490071773529053
W36928,13Baso,,,
W36929,7MEP,0.2982181906700134,,0.2982181906700134
W36930,15Mo,,0.6259716749191284,0.6259716749191284
W36931,6Ery,0.33475980162620544,,0.33475980162620544
W36932,16Neu,,,
W36933,15Mo,,0.5878096222877502,0.5878096222877502
W36934,12Baso,,,
W36935,6Ery,0.46676480770111084,,0.46676480770111084
W36936,13Baso,,,
W36939,14Mo,,0.5787757039070129,0.5787757039070129
W36940,16Neu,,,
W36941,14Mo,,0.5305533409118652,0.5305533409118652
W36942,14Mo,,0.5535815954208374,0.5535815954208374
W36943,2Ery,0.6590276956558228,,0.6590276956558228
W36944,6Ery,0.41118332743644714,,0.41118332743644714
W36945,6Ery,0.30066999793052673,,0.30066999793052673
W36946,13Baso,,,
W36947,14Mo,,0.4974578022956848,0.4974578022956848
W36948,16Neu,,,
W36949,2Ery,0.7590083479881287,,0.7590083479881287
W36950,2Ery,0.7713482975959778,,0.7713482975959778
W36951,5Ery,0.6326175928115845,,0.6326175928115845
W36952,2Ery,0.6410667896270752,,0.6410667896270752
W36953,5Ery,0.5623336434364319,,0.5623336434364319
W36954,1Ery,0.793381929397583,,0.793381929397583
W36955,13Baso,,,
W36956,14Mo,,0.5581003427505493,0.5581003427505493
W36957,14Mo,,0.5515209436416626,0.5515209436416626
W36958,16Neu,,,
W36959,1Ery,0.7443239688873291,,0.7443239688873291
W36960,6Ery,0.5912624597549438,,0.5912624597549438
W36961,14Mo,,0.5492699146270752,0.5492699146270752
W36962,14Mo,,0.5637701153755188,0.5637701153755188
W36963,15Mo,,0.582229733467102,0.582229733467102
W36964,13Baso,,,
W36966,15Mo,,0.5561402440071106,0.5561402440071106
W36967,1Ery,0.9081071019172668,,0.9081071019172668
W36969,8Mk,0.9949482083320618,,0.9949482083320618
W36970,15Mo,,0.6692201495170593,0.6692201495170593
W36971,14Mo,,0.7600875496864319,0.7600875496864319
W36972,10GMP,0.030313659459352493,0.2023380994796753,0.1163258794695139
W36973,9GMP,,0.22443151473999023,0.22443151473999023
W36974,4Ery,0.5613714456558228,,0.5613714456558228
W36975,15Mo,,0.6324107050895691,0.6324107050895691
W36976,4Ery,0.47605350613594055,,0.47605350613594055
W36978,2Ery,0.7345862984657288,,0.7345862984657288
W36979,14Mo,,0.42237529158592224,0.42237529158592224
W36980,14Mo,,0.506078839302063,0.506078839302063
W36981,8Mk,0.5834746956825256,,0.5834746956825256
W36982,13Baso,,,
W36983,6Ery,0.542339026927948,,0.542339026927948
W36984,13Baso,,,
W36985,4Ery,0.6301281452178955,,0.6301281452178955
W36987,13Baso,,,
W36990,15Mo,,0.5529582500457764,0.5529582500457764
W36991,13Baso,,,
W36992,4Ery,0.7092035412788391,,0.7092035412788391
W36993,2Ery,0.7532463669776917,,0.7532463669776917
W36994,16Neu,,,
W36995,2Ery,0.7843660116195679,,0.7843660116195679
W36996,5Ery,0.5507964491844177,,0.5507964491844177
W36997,2Ery,0.7399223446846008,,0.7399223446846008
W36998,5Ery,0.5195422768592834,,0.5195422768592834
W36999,10GMP,0.23565971851348877,0.793009340763092,0.5143345296382904
W37000,13Baso,,,
W37001,13Baso,,,
W37003,8Mk,0.28251612186431885,,0.28251612186431885
W37004,16Neu,,,
W37005,13Baso,,,
W37006,7MEP,0.30558839440345764,,0.30558839440345764
W37008,4Ery,0.6465969681739807,,0.6465969681739807
W37009,13Baso,,,
W37010,6Ery,0.30382686853408813,,0.30382686853408813
W37011,2Ery,0.7288815379142761,,0.7288815379142761
W37012,14Mo,,0.6167910695075989,0.6167910695075989
W37013,16Neu,,,
W37014,2Ery,0.7463523149490356,,0.7463523149490356
W37015,13Baso,,,
W37016,14Mo,,0.544181764125824,0.544181764125824
W37017,6Ery,0.5642423629760742,,0.5642423629760742
W37018,2Ery,0.826700747013092,,0.826700747013092
W37019,2Ery,0.6377882957458496,,0.6377882957458496
W37020,2Ery,0.759910523891449,,0.759910523891449
W37022,8Mk,0.257673442363739,,0.257673442363739
W37023,2Ery,0.6710060238838196,,0.6710060238838196
W37024,4Ery,0.6561546325683594,,0.6561546325683594
W37025,14Mo,,0.774711012840271,0.774711012840271
W37026,17Neu,,,
W37027,5Ery,0.5515241026878357,,0.5515241026878357
W37028,13Baso,,,
W37029,7MEP,0.28616276383399963,,0.28616276383399963
W37030,3Ery,0.6182264089584351,,0.6182264089584351
W37031,5Ery,0.6171296238899231,,0.6171296238899231
W37032,13Baso,,,
W37034,8Mk,0.9858136773109436,,0.9858136773109436
W37035,6Ery,0.29736027121543884,,0.29736027121543884
W37036,5Ery,0.6298096776008606,,0.6298096776008606
W37037,5Ery,0.5010181665420532,,0.5010181665420532
W37039,5Ery,0.6649855971336365,,0.6649855971336365
W37040,15Mo,,0.6066902279853821,0.6066902279853821
W37041,2Ery,0.639747142791748,,0.639747142791748
W37042,2Ery,0.6718204021453857,,0.6718204021453857
W37043,15Mo,,0.5763949155807495,0.5763949155807495
W37044,15Mo,,0.5804111957550049,0.5804111957550049
W37045,13Baso,,,
W37046,14Mo,,0.7171292304992676,0.7171292304992676
W37047,14Mo,,0.5648307800292969,0.5648307800292969
W37048,14Mo,,0.5606870055198669,0.5606870055198669
W37049,5Ery,0.561572253704071,,0.561572253704071
W37050,7MEP,0.30210280418395996,,0.30210280418395996
W37051,3Ery,0.581011950969696,,0.581011950969696
W37052,2Ery,0.647718608379364,,0.647718608379364
W37053,7MEP,0.30146124958992004,,0.30146124958992004
W37054,1Ery,0.8774433135986328,,0.8774433135986328
W37055,14Mo,,0.7673138380050659,0.7673138380050659
W37056,2Ery,0.6465286612510681,,0.6465286612510681
W37057,15Mo,,0.6012850403785706,0.6012850403785706
W37058,13Baso,,,
W37059,4Ery,0.5709053874015808,,0.5709053874015808
W37060,13Baso,,,
W37061,6Ery,0.49875330924987793,,0.49875330924987793
W37063,9GMP,,0.22808367013931274,0.22808367013931274
W37065,3Ery,0.8583921790122986,,0.8583921790122986
W37066,6Ery,0.524766206741333,,0.524766206741333
W37067,1Ery,0.7446340322494507,,0.7446340322494507
W37068,4Ery,0.6390021443367004,,0.6390021443367004
W37069,13Baso,,,
W37070,9GMP,,0.09669183939695358,0.09669183939695358
W37072,7MEP,0.3499301075935364,,0.3499301075935364
W37073,14Mo,,0.5927440524101257,0.5927440524101257
W37074,13Baso,,,
W37075,13Baso,,,
W37077,10GMP,0.04877559468150139,0.14663101732730865,0.09770330600440502
W37078,9GMP,,0.1972218155860901,0.1972218155860901
W37079,5Ery,0.5431539416313171,,0.5431539416313171
W37080,16Neu,,,
W37081,14Mo,,0.5569705963134766,0.5569705963134766
W37082,15Mo,,0.577600359916687,0.577600359916687
W37083,2Ery,0.6146798133850098,,0.6146798133850098
W37084,3Ery,0.6469576358795166,,0.6469576358795166
W37085,13Baso,,,
W37086,6Ery,0.5298937559127808,,0.5298937559127808
W37087,4Ery,0.5918005704879761,,0.5918005704879761
W37088,3Ery,0.6662988066673279,,0.6662988066673279
W37089,16Neu,,,
W37090,9GMP,,0.25655028223991394,0.25655028223991394
W37091,9GMP,,0.27058085799217224,0.27058085799217224
W37092,12Baso,,,
W37093,7MEP,0.27700403332710266,,0.27700403332710266
W37094,16Neu,,,
W37095,6Ery,0.39449456334114075,,0.39449456334114075
W37096,13Baso,,,
W37097,17Neu,,,
W37098,14Mo,,0.5628945827484131,0.5628945827484131
W37099,3Ery,0.7472209930419922,,0.7472209930419922
W37100,16Neu,,,
W37101,13Baso,,,
W37102,14Mo,,0.7340707778930664,0.7340707778930664
W37103,3Ery,0.7940370440483093,,0.7940370440483093
W37104,14Mo,,0.4834493100643158,0.4834493100643158
W37105,16Neu,,,
W37106,2Ery,0.7227787375450134,,0.7227787375450134
W37107,18Eos,,,
W37108,7MEP,0.3022395670413971,,0.3022395670413971
W37109,7MEP,0.30414220690727234,,0.30414220690727234
W37110,5Ery,0.6312971711158752,,0.6312971711158752
W37111,16Neu,,,
W37112,2Ery,0.6481837034225464,,0.6481837034225464
W37113,5Ery,0.6087279319763184,,0.6087279319763184
W37114,13Baso,,,
W37115,6Ery,0.30637863278388977,,0.30637863278388977
W37116,14Mo,,0.6299677491188049,0.6299677491188049
W37117,12Baso,,,
W37118,13Baso,,,
W37119,5Ery,0.630574643611908,,0.630574643611908
W37120,2Ery,0.6415441632270813,,0.6415441632270813
W37121,2Ery,0.6531909704208374,,0.6531909704208374
W37122,14Mo,,0.8871385455131531,0.8871385455131531
W37123,16Neu,,,
W37124,14Mo,,0.4564141035079956,0.4564141035079956
W37125,1Ery,0.7613869905471802,,0.7613869905471802
W37127,1Ery,0.7654896378517151,,0.7654896378517151
W37128,13Baso,,,
W37130,3Ery,0.6160695552825928,,0.6160695552825928
W37131,5Ery,0.6617102026939392,,0.6617102026939392
W37132,16Neu,,,
W37133,16Neu,,,
W37134,6Ery,0.4874323606491089,,0.4874323606491089
W37135,1Ery,0.9120925068855286,,0.9120925068855286
W37137,14Mo,,0.32359108328819275,0.32359108328819275
W37138,16Neu,,,
W37139,2Ery,0.6572829484939575,,0.6572829484939575
W37140,10GMP,0.2321762889623642,0.2890576720237732,0.2606169804930687
W37141,5Ery,0.5872226357460022,,0.5872226357460022
W37142,14Mo,,1.0,1.0
W37143,2Ery,0.6465815305709839,,0.6465815305709839
W37144,6Ery,0.5428034067153931,,0.5428034067153931
W37145,5Ery,0.6201891899108887,,0.6201891899108887
W37146,1Ery,0.8771252632141113,,0.8771252632141113
W37147,5Ery,0.30270612239837646,,0.30270612239837646
W37148,15Mo,,0.5815417170524597,0.5815417170524597
W37150,10GMP,0.18503187596797943,0.6781393885612488,0.4315856322646141
W37151,2Ery,0.7174742221832275,,0.7174742221832275
W37152,5Ery,0.6332562565803528,,0.6332562565803528
W37153,7MEP,0.3005940020084381,,0.3005940020084381
W37154,6Ery,0.5864881873130798,,0.5864881873130798
W37156,4Ery,0.6461970806121826,,0.6461970806121826
W37157,15Mo,,0.9293460845947266,0.9293460845947266
W37158,3Ery,0.7246971130371094,,0.7246971130371094
W37159,2Ery,0.7521933913230896,,0.7521933913230896
W37161,7MEP,0.3113172948360443,,0.3113172948360443
W37162,1Ery,0.7669920325279236,,0.7669920325279236
W37163,7MEP,0.3126072585582733,,0.3126072585582733
W37164,5Ery,0.5491358637809753,,0.5491358637809753
W37165,3Ery,0.6964931488037109,,0.6964931488037109
W37166,3Ery,0.6497823596000671,,0.6497823596000671
W37167,13Baso,,,
W37168,3Ery,0.6666607856750488,,0.6666607856750488
W37169,15Mo,,0.6401281952857971,0.6401281952857971
W37170,15Mo,,0.5313308238983154,0.5313308238983154
W37171,4Ery,0.632697582244873,,0.632697582244873
W37172,14Mo,,0.9035660028457642,0.9035660028457642
W37173,2Ery,0.6938825249671936,,0.6938825249671936
W37174,2Ery,0.7160043716430664,,0.7160043716430664
W37175,16Neu,,,
W37176,13Baso,,,
W37177,14Mo,,0.4091414511203766,0.4091414511203766
W37178,5Ery,0.5494599938392639,,0.5494599938392639
W37179,16Neu,,,
W37180,14Mo,,0.6712086796760559,0.6712086796760559
W37181,16Neu,,,
W37182,8Mk,0.63355553150177,,0.63355553150177
W37183,7MEP,0.3042891025543213,,0.3042891025543213
W37184,8Mk,0.2848418354988098,,0.2848418354988098
W37185,14Mo,,0.5511331558227539,0.5511331558227539
W37186,10GMP,0.2279352843761444,0.7732051014900208,0.5005701929330826
W37187,5Ery,0.6454576253890991,,0.6454576253890991
W37188,10GMP,0.278276652097702,0.3311401903629303,0.30470842123031616
W37190,3Ery,0.6436704397201538,,0.6436704397201538
W37191,13Baso,,,
W37192,14Mo,,0.5188360214233398,0.5188360214233398
W37193,3Ery,0.6449683308601379,,0.6449683308601379
W37194,2Ery,0.6437857151031494,,0.6437857151031494
W37195,2Ery,0.7856630682945251,,0.7856630682945251
W37196,14Mo,,0.563582181930542,0.563582181930542
W37197,2Ery,0.7119799852371216,,0.7119799852371216
W37198,6Ery,0.4807402491569519,,0.4807402491569519
W37199,4Ery,0.6470155715942383,,0.6470155715942383
W37200,15Mo,,0.5909516215324402,0.5909516215324402
W37201,13Baso,,,
W37202,6Ery,0.5650013089179993,,0.5650013089179993
W37203,12Baso,,,
W37204,16Neu,,,
W37205,14Mo,,0.7558297514915466,0.7558297514915466
W37206,15Mo,,0.5586980581283569,0.5586980581283569
W37207,13Baso,,,
W37208,2Ery,0.6549018025398254,,0.6549018025398254
W37209,14Mo,,0.5499083995819092,0.5499083995819092
W37210,14Mo,,0.5419321060180664,0.5419321060180664
W37211,12Baso,,,
W37212,10GMP,0.02390870451927185,0.2049848437309265,0.11444677412509918
W37213,7MEP,0.30206477642059326,,0.30206477642059326
W37215,2Ery,0.651007354259491,,0.651007354259491
W37216,4Ery,0.5628818273544312,,0.5628818273544312
W37217,3Ery,0.634535551071167,,0.634535551071167
W37218,16Neu,,,
W37219,5Ery,0.5549221038818359,,0.5549221038818359
W37220,2Ery,0.6606141924858093,,0.6606141924858093
W37221,3Ery,0.6198614835739136,,0.6198614835739136
W37223,2Ery,0.6536746025085449,,0.6536746025085449
W37224,14Mo,,0.5471546649932861,0.5471546649932861
W37225,14Mo,,0.7748231291770935,0.7748231291770935
W37226,8Mk,0.9274150133132935,,0.9274150133132935
W37227,5Ery,0.6387999057769775,,0.6387999057769775
W37228,7MEP,0.30153995752334595,,0.30153995752334595
W37229,7MEP,0.28992390632629395,,0.28992390632629395
W37230,16Neu,,,
W37231,2Ery,0.7500180602073669,,0.7500180602073669
W37232,13Baso,,,
W37233,5Ery,0.6220986247062683,,0.6220986247062683
W37234,5Ery,0.5847160220146179,,0.5847160220146179
W37235,14Mo,,0.5192268490791321,0.5192268490791321
W37236,6Ery,0.3775565028190613,,0.3775565028190613
W37237,14Mo,,0.5943257808685303,0.5943257808685303
W37238,7MEP,0.16833220422267914,,0.16833220422267914
W37239,2Ery,0.6438395380973816,,0.6438395380973816
W37240,13Baso,,,
W37241,2Ery,0.7624900341033936,,0.7624900341033936
W37242,14Mo,,0.493195116519928,0.493195116519928
W37243,2Ery,0.6484889388084412,,0.6484889388084412
W37244,15Mo,,0.6291713714599609,0.6291713714599609
W37245,3Ery,0.6109106540679932,,0.6109106540679932
W37246,5Ery,0.5775555968284607,,0.5775555968284607
W37247,10GMP,0.2825525403022766,0.32812806963920593,0.30534030497074127
W37248,6Ery,0.437785804271698,,0.437785804271698
W37249,15Mo,,0.6542549133300781,0.6542549133300781
W37250,1Ery,0.8034142851829529,,0.8034142851829529
W37251,4Ery,0.6114258170127869,,0.6114258170127869
W37252,12Baso,,,
W37253,4Ery,0.6117965579032898,,0.6117965579032898
W37258,13Baso,,,
W37259,6Ery,0.6308567523956299,,0.6308567523956299
W37260,3Ery,0.4984225332736969,,0.4984225332736969
W37261,8Mk,0.3573048412799835,,0.3573048412799835
W37262,6Ery,0.5404260754585266,,0.5404260754585266
W37264,3Ery,0.6298505067825317,,0.6298505067825317
W37265,3Ery,0.65873122215271,,0.65873122215271
W37266,4Ery,0.7242122292518616,,0.7242122292518616
W37267,16Neu,,,
W37268,7MEP,0.32384827733039856,,0.32384827733039856
W37269,3Ery,0.8464852571487427,,0.8464852571487427
W37270,15Mo,,0.7856764197349548,0.7856764197349548
W37273,10GMP,0.23800593614578247,0.7823196649551392,0.5101628005504608
W37274,12Baso,,,
W37275,3Ery,0.7778266072273254,,0.7778266072273254
W37276,3Ery,0.6617345809936523,,0.6617345809936523
W37277,14Mo,,0.8905049562454224,0.8905049562454224
W37278,9GMP,,0.232915997505188,0.232915997505188
W37279,12Baso,,,
W37280,15Mo,,0.6466065049171448,0.6466065049171448
W37281,15Mo,,0.6802256107330322,0.6802256107330322
W37282,2Ery,0.7087098956108093,,0.7087098956108093
W37283,14Mo,,0.6318002343177795,0.6318002343177795
W37284,4Ery,0.6463797092437744,,0.6463797092437744
W37285,3Ery,0.7306886315345764,,0.7306886315345764
W37286,14Mo,,0.8881081938743591,0.8881081938743591
W37288,14Mo,,0.7506254315376282,0.7506254315376282
W37289,8Mk,1.0,,1.0
W37290,16Neu,,,
W37291,10GMP,0.10408566147089005,0.31159576773643494,0.2078407146036625
W37292,2Ery,0.6503404378890991,,0.6503404378890991
W37293,2Ery,0.7489781379699707,,0.7489781379699707
W37294,3Ery,0.6993337869644165,,0.6993337869644165
W37295,9GMP,,0.32399287819862366,0.32399287819862366
W37296,15Mo,,0.6702192425727844,0.6702192425727844
W37297,14Mo,,0.675031304359436,0.675031304359436
W37298,5Ery,0.5907486081123352,,0.5907486081123352
W37300,14Mo,,0.39423853158950806,0.39423853158950806
W37301,2Ery,0.6780055165290833,,0.6780055165290833
W37302,13Baso,,,
W37303,14Mo,,0.8773364424705505,0.8773364424705505
W37304,14Mo,,0.9940543174743652,0.9940543174743652
W37305,14Mo,,0.30363959074020386,0.30363959074020386
W37306,2Ery,0.7257370352745056,,0.7257370352745056
W37307,2Ery,0.7202010750770569,,0.7202010750770569
W37308,13Baso,,,
W37309,6Ery,0.47290074825286865,,0.47290074825286865
W37310,7MEP,0.21520067751407623,,0.21520067751407623
W37311,7MEP,0.2692720592021942,,0.2692720592021942
W37312,13Baso,,,
W37313,3Ery,0.6407529711723328,,0.6407529711723328
W37314,3Ery,0.5285210013389587,,0.5285210013389587
W37315,14Mo,,0.5039088726043701,0.5039088726043701
W37317,2Ery,0.5013743042945862,,0.5013743042945862
W37318,2Ery,0.6536757349967957,,0.6536757349967957
W37319,8Mk,0.4860214591026306,,0.4860214591026306
W37320,7MEP,0.3244362771511078,,0.3244362771511078
W37322,16Neu,,,
W37323,5Ery,0.5512318015098572,,0.5512318015098572
W37324,14Mo,,0.8189195990562439,0.8189195990562439
W37325,2Ery,0.6037155389785767,,0.6037155389785767
W37326,14Mo,,0.5577799081802368,0.5577799081802368
W37327,8Mk,0.30430129170417786,,0.30430129170417786
W37328,7MEP,0.2865809500217438,,0.2865809500217438
W37330,14Mo,,0.5343430042266846,0.5343430042266846
W37331,12Baso,,,
W37332,13Baso,,,
W37334,12Baso,,,
W37335,13Baso,,,
W37336,4Ery,0.6874802112579346,,0.6874802112579346
W37337,14Mo,,0.5304009914398193,0.5304009914398193
W37338,2Ery,0.7586910128593445,,0.7586910128593445
W37339,5Ery,0.6409567594528198,,0.6409567594528198
W37341,16Neu,,,
W37342,3Ery,0.6910965442657471,,0.6910965442657471
W37344,3Ery,0.6728814244270325,,0.6728814244270325
W37345,4Ery,0.7099536657333374,,0.7099536657333374
W37346,3Ery,0.7529221773147583,,0.7529221773147583
W37347,6Ery,0.5381497740745544,,0.5381497740745544
W37348,15Mo,,0.6867079138755798,0.6867079138755798
W37349,17Neu,,,
W37350,14Mo,,0.6343034505844116,0.6343034505844116
W37353,4Ery,0.7410902380943298,,0.7410902380943298
W37354,9GMP,,0.7590782046318054,0.7590782046318054
W37355,7MEP,0.3054807782173157,,0.3054807782173157
W37356,7MEP,0.30537694692611694,,0.30537694692611694
W37357,14Mo,,0.592555046081543,0.592555046081543
W37358,13Baso,,,
W37361,4Ery,0.6461197137832642,,0.6461197137832642
W37362,13Baso,,,
W37363,14Mo,,0.6951282024383545,0.6951282024383545
W37364,3Ery,0.6108483076095581,,0.6108483076095581
W37365,2Ery,0.7402726411819458,,0.7402726411819458
W37366,3Ery,0.6923568844795227,,0.6923568844795227
W37367,14Mo,,0.7127078771591187,0.7127078771591187
W37369,6Ery,0.5753400921821594,,0.5753400921821594
W37371,2Ery,0.6545314192771912,,0.6545314192771912
W37372,10GMP,0.24267305433750153,0.8057228326797485,0.524197943508625
W37373,13Baso,,,
W37374,5Ery,0.5506645441055298,,0.5506645441055298
W37375,7MEP,0.29927003383636475,,0.29927003383636475
W37376,13Baso,,,
W37377,3Ery,0.733944833278656,,0.733944833278656
W37378,2Ery,0.6754626035690308,,0.6754626035690308
W37379,14Mo,,0.5408539772033691,0.5408539772033691
W37380,3Ery,0.7033478617668152,,0.7033478617668152
W37381,2Ery,0.6767856478691101,,0.6767856478691101
W37382,10GMP,0.24990609288215637,0.3024542033672333,0.2761801481246948
W37384,13Baso,,,
W37385,14Mo,,0.5668674111366272,0.5668674111366272
W37386,4Ery,0.6289752721786499,,0.6289752721786499
W37387,5Ery,0.5571628212928772,,0.5571628212928772
W37388,18Eos,,,
W37389,2Ery,0.5594668388366699,,0.5594668388366699
W37390,14Mo,,0.6363915801048279,0.6363915801048279
W37391,3Ery,0.693355143070221,,0.693355143070221
W37392,13Baso,,,
W37393,5Ery,0.5772438049316406,,0.5772438049316406
W37394,12Baso,,,
W37395,5Ery,0.518195390701294,,0.518195390701294
W37396,2Ery,0.6508151292800903,,0.6508151292800903
W37397,7MEP,0.2798178791999817,,0.2798178791999817
W37398,5Ery,0.34899696707725525,,0.34899696707725525
W37399,16Neu,,,
W37401,15Mo,,0.8058722019195557,0.8058722019195557
W37402,14Mo,,0.49481329321861267,0.49481329321861267
W37403,5Ery,0.6048282980918884,,0.6048282980918884
W37405,16Neu,,,
W37406,2Ery,0.6459025740623474,,0.6459025740623474
W37407,2Ery,0.7423219084739685,,0.7423219084739685
W37409,6Ery,0.5494387149810791,,0.5494387149810791
W37410,2Ery,0.6411399841308594,,0.6411399841308594
W37411,5Ery,0.606385350227356,,0.606385350227356
W37412,14Mo,,0.4003135561943054,0.4003135561943054
W37413,2Ery,0.7357298135757446,,0.7357298135757446
W37414,3Ery,0.5730810165405273,,0.5730810165405273
W37415,5Ery,0.5794005990028381,,0.5794005990028381
W37417,16Neu,,,
W37418,10GMP,0.05297848582267761,0.1371937394142151,0.09508611261844635
W37419,14Mo,,0.5821637511253357,0.5821637511253357
W37420,1Ery,0.8742419481277466,,0.8742419481277466
W37421,2Ery,0.6865133047103882,,0.6865133047103882
W37422,3Ery,0.7951611280441284,,0.7951611280441284
W37424,15Mo,,0.6813049912452698,0.6813049912452698
W37425,7MEP,0.28026366233825684,,0.28026366233825684
W37426,4Ery,0.6092249751091003,,0.6092249751091003
W37427,7MEP,0.28510284423828125,,0.28510284423828125
W37428,5Ery,0.5524636507034302,,0.5524636507034302
W37429,2Ery,0.6225341558456421,,0.6225341558456421
W37430,13Baso,,,
W37431,14Mo,,0.7676027417182922,0.7676027417182922
W37432,15Mo,,0.5663422346115112,0.5663422346115112
W37433,2Ery,0.6389696598052979,,0.6389696598052979
W37434,14Mo,,0.5494797229766846,0.5494797229766846
W37435,6Ery,0.5427054166793823,,0.5427054166793823
W37436,12Baso,,,
W37437,2Ery,0.6604249477386475,,0.6604249477386475
W37442,6Ery,0.4327317774295807,,0.4327317774295807
W37443,14Mo,,0.5677510499954224,0.5677510499954224
W37446,6Ery,0.31509122252464294,,0.31509122252464294
W37449,17Neu,,,
W37450,6Ery,0.5578055381774902,,0.5578055381774902
W37451,6Ery,0.2843734622001648,,0.2843734622001648
W37452,9GMP,,0.1605091392993927,0.1605091392993927
W37453,3Ery,0.6339868903160095,,0.6339868903160095
W37454,14Mo,,0.7304367423057556,0.7304367423057556
W37455,6Ery,0.5217638611793518,,0.5217638611793518
W37456,15Mo,,0.8078655004501343,0.8078655004501343
W37457,15Mo,,0.570816695690155,0.570816695690155
W37458,13Baso,,,
W37459,3Ery,0.6508650183677673,,0.6508650183677673
W37460,16Neu,,,
W37461,7MEP,0.2990146279335022,,0.2990146279335022
W37462,3Ery,0.8238646984100342,,0.8238646984100342
W37463,13Baso,,,
W37465,3Ery,0.7433391213417053,,0.7433391213417053
W37466,14Mo,,0.5008308291435242,0.5008308291435242
W37467,14Mo,,0.9364122748374939,0.9364122748374939
W37468,8Mk,0.5472465753555298,,0.5472465753555298
W37469,16Neu,,,
W37470,14Mo,,0.4261023998260498,0.4261023998260498
W37471,17Neu,,,
W37473,3Ery,0.7709618210792542,,0.7709618210792542
W37474,5Ery,0.5431858897209167,,0.5431858897209167
W37475,10GMP,0.014541306532919407,0.011449284851551056,0.012995295692235231
W37476,16Neu,,,
W37477,2Ery,0.6218128204345703,,0.6218128204345703
W37478,14Mo,,0.5475023984909058,0.5475023984909058
W37479,6Ery,0.31645438075065613,,0.31645438075065613
W37480,14Mo,,0.8043660521507263,0.8043660521507263
W37481,13Baso,,,
W37482,5Ery,0.5600290298461914,,0.5600290298461914
W37483,10GMP,0.15359099209308624,0.23536317050457,0.19447708129882812
W37484,7MEP,0.3003068268299103,,0.3003068268299103
W37485,2Ery,0.6283793449401855,,0.6283793449401855
W37486,2Ery,0.6460844278335571,,0.6460844278335571
W37487,2Ery,0.7411929965019226,,0.7411929965019226
W37488,14Mo,,0.5119600296020508,0.5119600296020508
W37489,7MEP,0.3953494131565094,,0.3953494131565094
W37490,8Mk,0.8063223361968994,,0.8063223361968994
W37491,14Mo,,0.6447708606719971,0.6447708606719971
W37492,2Ery,0.643283486366272,,0.643283486366272
W37493,2Ery,0.641981840133667,,0.641981840133667
W37494,14Mo,,0.4944886863231659,0.4944886863231659
W37496,13Baso,,,
W37497,7MEP,0.34644776582717896,,0.34644776582717896
W37498,4Ery,0.7573031783103943,,0.7573031783103943
W37499,13Baso,,,
W37500,13Baso,,,
W37501,5Ery,0.5563439130783081,,0.5563439130783081
W37502,2Ery,0.647455096244812,,0.647455096244812
W37503,18Eos,,,
W37504,15Mo,,0.6181604266166687,0.6181604266166687
W37505,5Ery,0.5949321389198303,,0.5949321389198303
W37506,7MEP,0.30441513657569885,,0.30441513657569885
W37507,2Ery,0.7394107580184937,,0.7394107580184937
W37508,13Baso,,,
W37509,14Mo,,0.7826792597770691,0.7826792597770691
W37510,6Ery,0.31124553084373474,,0.31124553084373474
W37511,5Ery,0.5531458854675293,,0.5531458854675293
W37512,4Ery,0.5846896171569824,,0.5846896171569824
W37514,13Baso,,,
W37515,7MEP,0.306782066822052,,0.306782066822052
W37516,5Ery,0.45030245184898376,,0.45030245184898376
W37517,5Ery,0.5948894023895264,,0.5948894023895264
W37518,10GMP,0.1525144726037979,0.5809670686721802,0.36674077063798904
W37519,16Neu,,,
W37520,2Ery,0.6271388530731201,,0.6271388530731201
W37521,14Mo,,0.5231820344924927,0.5231820344924927
W37522,3Ery,0.7067620158195496,,0.7067620158195496
W37523,2Ery,0.613640546798706,,0.613640546798706
W37524,10GMP,0.038999442011117935,0.08535261452198029,0.06217602826654911
W37525,16Neu,,,
W37526,8Mk,0.25464367866516113,,0.25464367866516113
W37527,6Ery,0.4756374955177307,,0.4756374955177307
W37528,15Mo,,0.6527733206748962,0.6527733206748962
W37529,5Ery,0.6007134914398193,,0.6007134914398193
W37530,10GMP,0.060018546879291534,0.1472541242837906,0.10363633558154106
W37531,7MEP,0.34829142689704895,,0.34829142689704895
W37532,14Mo,,0.6563401818275452,0.6563401818275452
W37534,2Ery,0.7252428531646729,,0.7252428531646729
W37535,15Mo,,0.6375828981399536,0.6375828981399536
W37537,3Ery,0.7030330896377563,,0.7030330896377563
W37538,6Ery,0.527998685836792,,0.527998685836792
W37539,1Ery,0.9135487675666809,,0.9135487675666809
W37540,2Ery,0.7272087335586548,,0.7272087335586548
W37541,3Ery,0.7669899463653564,,0.7669899463653564
W37542,4Ery,0.6918655633926392,,0.6918655633926392
W37545,6Ery,0.5382319688796997,,0.5382319688796997
W37546,13Baso,,,
W37548,3Ery,0.6256337761878967,,0.6256337761878967
W37549,5Ery,0.5758176445960999,,0.5758176445960999
W37551,14Mo,,0.6409895420074463,0.6409895420074463
W37552,13Baso,,,
W37553,13Baso,,,
W37554,3Ery,0.6496431231498718,,0.6496431231498718
W37555,4Ery,0.6165052056312561,,0.6165052056312561
W37557,7MEP,0.29088565707206726,,0.29088565707206726
W37558,10GMP,0.04299555718898773,0.11775796860456467,0.0803767628967762
W37561,3Ery,0.6994595527648926,,0.6994595527648926
W37562,13Baso,,,
W37563,2Ery,0.612058699131012,,0.612058699131012
W37564,13Baso,,,
W37565,2Ery,0.6554455757141113,,0.6554455757141113
W37566,4Ery,0.6555477976799011,,0.6555477976799011
W37567,10GMP,0.16753052175045013,0.6348857283592224,0.4012081250548363
W37568,16Neu,,,
W37569,14Mo,,0.5515220165252686,0.5515220165252686
W37570,16Neu,,,
W37572,10GMP,0.17939116060733795,0.2601732611656189,0.21978221088647842
W37573,2Ery,0.6361189484596252,,0.6361189484596252
W37574,2Ery,0.6692672967910767,,0.6692672967910767
W37575,6Ery,0.5378749966621399,,0.5378749966621399
W37577,3Ery,0.7049626111984253,,0.7049626111984253
W37578,14Mo,,0.6645046472549438,0.6645046472549438
W37579,14Mo,,0.47595879435539246,0.47595879435539246
W37580,15Mo,,0.6391699910163879,0.6391699910163879
W37581,10GMP,0.0508212149143219,0.24590836465358734,0.14836478978395462
W37582,13Baso,,,
W37583,3Ery,0.5786296129226685,,0.5786296129226685
W37584,7MEP,0.2857934534549713,,0.2857934534549713
W37585,13Baso,,,
W37586,2Ery,0.7681501507759094,,0.7681501507759094
W37587,14Mo,,0.43552544713020325,0.43552544713020325
W37588,14Mo,,0.91615229845047,0.91615229845047
W37589,15Mo,,0.7820391058921814,0.7820391058921814
W37591,4Ery,0.6290339231491089,,0.6290339231491089
W37593,15Mo,,0.6213672161102295,0.6213672161102295
W37594,14Mo,,0.6701387166976929,0.6701387166976929
W37595,10GMP,0.027872852981090546,0.1113203838467598,0.06959661841392517
W37596,13Baso,,,
W37597,16Neu,,,
W37599,8Mk,0.8399190902709961,,0.8399190902709961
W37601,13Baso,,,
W37602,5Ery,0.5565975308418274,,0.5565975308418274
W37603,6Ery,0.5316159725189209,,0.5316159725189209
W37604,14Mo,,0.5029304027557373,0.5029304027557373
W37605,2Ery,0.6490381360054016,,0.6490381360054016
W37606,6Ery,0.5439273715019226,,0.5439273715019226
W37607,3Ery,0.6411243081092834,,0.6411243081092834
W37608,14Mo,,0.6220214366912842,0.6220214366912842
W37609,7MEP,0.3193749487400055,,0.3193749487400055
W37610,7MEP,0.30555081367492676,,0.30555081367492676
W37611,14Mo,,0.7724883556365967,0.7724883556365967
W37612,5Ery,0.5375829339027405,,0.5375829339027405
W37613,13Baso,,,
W37614,2Ery,0.6649899482727051,,0.6649899482727051
W37615,16Neu,,,
W37617,12Baso,,,
W37618,14Mo,,0.5469859838485718,0.5469859838485718
W37619,8Mk,0.8952691555023193,,0.8952691555023193
W37620,4Ery,0.6357495188713074,,0.6357495188713074
W37621,3Ery,0.6400023698806763,,0.6400023698806763
W37622,2Ery,0.6226711869239807,,0.6226711869239807
W37624,14Mo,,0.820292592048645,0.820292592048645
W37625,7MEP,0.24671697616577148,,0.24671697616577148
W37627,7MEP,0.2975251078605652,,0.2975251078605652
W37628,10GMP,0.23565447330474854,0.2862110733985901,0.2609327733516693
W37629,13Baso,,,
W37630,2Ery,0.6709011197090149,,0.6709011197090149
W37631,2Ery,0.7707180976867676,,0.7707180976867676
W37633,3Ery,0.6954562067985535,,0.6954562067985535
W37634,3Ery,0.6912925839424133,,0.6912925839424133
W37635,6Ery,0.5346933007240295,,0.5346933007240295
W37642,7MEP,0.2848619222640991,,0.2848619222640991
W37644,8Mk,0.19284991919994354,,0.19284991919994354
W37650,2Ery,0.5079249739646912,,0.5079249739646912
W37651,1Ery,0.7793379426002502,,0.7793379426002502
W37653,9GMP,,0.17665080726146698,0.17665080726146698
W37654,13Baso,,,
W37657,15Mo,,0.6544806957244873,0.6544806957244873
W37658,6Ery,0.38914987444877625,,0.38914987444877625
W37660,13Baso,,,
W37661,3Ery,0.696992814540863,,0.696992814540863
W37663,16Neu,,,
W37664,14Mo,,0.541766345500946,0.541766345500946
W37665,5Ery,0.6115638017654419,,0.6115638017654419
W37666,7MEP,0.3032539188861847,,0.3032539188861847
W37667,13Baso,,,
W37668,4Ery,0.5945667624473572,,0.5945667624473572
W37669,13Baso,,,
W37670,2Ery,0.6492358446121216,,0.6492358446121216
W37673,15Mo,,0.5678587555885315,0.5678587555885315
W37674,7MEP,0.27919456362724304,,0.27919456362724304
W37675,3Ery,0.681313693523407,,0.681313693523407
W37676,10GMP,0.021673155948519707,0.21270471811294556,0.11718893703073263
W37680,13Baso,,,
W37682,3Ery,0.654169499874115,,0.654169499874115
W37683,1Ery,0.7541015148162842,,0.7541015148162842
W37684,13Baso,,,
W37685,13Baso,,,
W37686,7MEP,0.32861652970314026,,0.32861652970314026
W37687,16Neu,,,
W37689,14Mo,,0.5130617618560791,0.5130617618560791
W37691,3Ery,0.7906553149223328,,0.7906553149223328
W37692,2Ery,0.774040937423706,,0.774040937423706
W37693,1Ery,0.746884286403656,,0.746884286403656
W37694,13Baso,,,
W37696,15Mo,,0.6144144535064697,0.6144144535064697
W37698,8Mk,0.4366045296192169,,0.4366045296192169
W37699,2Ery,0.787692129611969,,0.787692129611969
W37700,14Mo,,0.8020810484886169,0.8020810484886169
W37701,14Mo,,0.6009443402290344,0.6009443402290344
W37702,14Mo,,0.5398523211479187,0.5398523211479187
W37704,9GMP,,0.1823066622018814,0.1823066622018814
W37706,14Mo,,0.9361163377761841,0.9361163377761841
W37707,14Mo,,0.44977328181266785,0.44977328181266785
W37708,2Ery,0.6449299454689026,,0.6449299454689026
W37709,7MEP,0.2956250309944153,,0.2956250309944153
W37710,2Ery,0.7725098133087158,,0.7725098133087158
W37711,16Neu,,,
W37712,10GMP,0.057447124272584915,0.09856422245502472,0.07800567336380482
W37713,6Ery,0.45712512731552124,,0.45712512731552124
W37714,2Ery,0.7473241686820984,,0.7473241686820984
W37715,15Mo,,0.5451759099960327,0.5451759099960327
W37716,14Mo,,0.5532407164573669,0.5532407164573669
W37717,15Mo,,0.637401819229126,0.637401819229126
W37718,3Ery,0.5745980143547058,,0.5745980143547058
W37719,12Baso,,,
W37720,2Ery,0.6644265651702881,,0.6644265651702881
W37721,13Baso,,,
W37722,13Baso,,,
W37723,7MEP,0.2875506281852722,,0.2875506281852722
W37724,6Ery,0.5390245914459229,,0.5390245914459229
W37725,5Ery,0.6069037914276123,,0.6069037914276123
W37726,2Ery,0.6336767077445984,,0.6336767077445984
W37728,14Mo,,0.5596786737442017,0.5596786737442017
W37729,12Baso,,,
W37730,2Ery,0.7568953037261963,,0.7568953037261963
W37731,16Neu,,,
W37737,4Ery,0.6041696667671204,,0.6041696667671204
W37738,6Ery,0.40964868664741516,,0.40964868664741516
W37739,13Baso,,,
W37745,4Ery,0.6219794750213623,,0.6219794750213623
W37746,2Ery,0.7281313538551331,,0.7281313538551331
W37747,4Ery,0.6380478143692017,,0.6380478143692017
W37748,15Mo,,0.642257034778595,0.642257034778595
W37753,1Ery,0.9040594100952148,,0.9040594100952148
W37754,15Mo,,0.7433247566223145,0.7433247566223145
W37756,13Baso,,,
W37758,15Mo,,0.6025099158287048,0.6025099158287048
W37759,3Ery,0.6459349989891052,,0.6459349989891052
W37761,6Ery,0.5394835472106934,,0.5394835472106934
W37762,12Baso,,,
W37763,12Baso,,,
W37764,13Baso,,,
W37765,5Ery,0.5958570837974548,,0.5958570837974548
W37766,16Neu,,,
W37769,6Ery,0.5379606485366821,,0.5379606485366821
W37770,13Baso,,,
W37771,2Ery,0.775562047958374,,0.775562047958374
W37772,14Mo,,0.9029155373573303,0.9029155373573303
W37776,3Ery,0.5390737652778625,,0.5390737652778625
W37777,14Mo,,0.5960555076599121,0.5960555076599121
W37778,8Mk,0.2824940085411072,,0.2824940085411072
W37779,2Ery,0.6450960040092468,,0.6450960040092468
W37780,9GMP,,0.44098031520843506,0.44098031520843506
W37781,4Ery,0.5681674480438232,,0.5681674480438232
W37782,3Ery,0.585093080997467,,0.585093080997467
W37786,3Ery,0.6503857970237732,,0.6503857970237732
W37788,14Mo,,0.5336726903915405,0.5336726903915405
W37790,2Ery,0.6476109623908997,,0.6476109623908997
W37793,10GMP,0.05448373779654503,0.19920562207698822,0.12684467993676662
W37794,16Neu,,,
W37795,6Ery,0.48260223865509033,,0.48260223865509033
W37796,14Mo,,0.8476153612136841,0.8476153612136841
W37797,16Neu,,,
W37798,5Ery,0.624707043170929,,0.624707043170929
W37799,10GMP,0.07318281382322311,0.1558457612991333,0.11451428756117821
W37800,16Neu,,,
W37801,12Baso,,,
W37803,15Mo,,0.5668923854827881,0.5668923854827881
W37804,2Ery,0.6441661715507507,,0.6441661715507507
W37805,13Baso,,,
W37806,7MEP,0.23992614448070526,,0.23992614448070526
W37807,13Baso,,,
W37809,13Baso,,,
W37811,2Ery,0.6452913284301758,,0.6452913284301758
W37812,6Ery,0.479064404964447,,0.479064404964447
W37813,14Mo,,0.4842109680175781,0.4842109680175781
W37817,5Ery,0.5977962017059326,,0.5977962017059326
W37818,16Neu,,,
W37819,5Ery,0.5513617396354675,,0.5513617396354675
W37820,6Ery,0.5475508570671082,,0.5475508570671082
W37821,18Eos,,,
W37822,14Mo,,0.5209706425666809,0.5209706425666809
W37825,14Mo,,0.4960545301437378,0.4960545301437378
W37826,13Baso,,,
W37828,15Mo,,0.7249659895896912,0.7249659895896912
W37830,2Ery,0.5145254135131836,,0.5145254135131836
W37833,2Ery,0.7628089189529419,,0.7628089189529419
W37835,13Baso,,,
W37838,3Ery,0.5056368708610535,,0.5056368708610535
W37841,2Ery,0.7045654654502869,,0.7045654654502869
W37842,15Mo,,0.5677589774131775,0.5677589774131775
W37843,12Baso,,,
W37844,7MEP,0.33608877658843994,,0.33608877658843994
W37847,3Ery,0.49797573685646057,,0.49797573685646057
W37848,4Ery,0.5046016573905945,,0.5046016573905945
W37849,15Mo,,0.6651102900505066,0.6651102900505066
W37850,14Mo,,0.7094616889953613,0.7094616889953613
W37851,4Ery,0.6543821692466736,,0.6543821692466736
W37852,4Ery,0.6303251385688782,,0.6303251385688782
W37853,13Baso,,,
W37854,9GMP,,0.0775066390633583,0.0775066390633583
W37857,12Baso,,,
W37858,2Ery,0.6554996967315674,,0.6554996967315674
W37859,4Ery,0.5892260074615479,,0.5892260074615479
W37860,9GMP,,0.2924824655056,0.2924824655056
W37861,16Neu,,,
W37863,16Neu,,,
W37864,2Ery,0.6572669744491577,,0.6572669744491577
W37865,2Ery,0.7189202904701233,,0.7189202904701233
W37866,16Neu,,,
W37867,7MEP,0.31826356053352356,,0.31826356053352356
W37868,14Mo,,0.44328761100769043,0.44328761100769043
W37870,14Mo,,0.5580201745033264,0.5580201745033264
W37872,14Mo,,0.27522850036621094,0.27522850036621094
W37873,5Ery,0.5643310546875,,0.5643310546875
W37874,5Ery,0.6531510353088379,,0.6531510353088379
W37875,3Ery,0.6583371162414551,,0.6583371162414551
W37876,3Ery,0.6972287893295288,,0.6972287893295288
W37878,2Ery,0.7578729391098022,,0.7578729391098022
W37879,18Eos,,,
W37880,14Mo,,0.5288582444190979,0.5288582444190979
W37881,3Ery,0.6568443179130554,,0.6568443179130554
W37882,14Mo,,0.4939292073249817,0.4939292073249817
W37883,14Mo,,0.5382705926895142,0.5382705926895142
W37885,12Baso,,,
W37886,14Mo,,0.5214498043060303,0.5214498043060303
W37887,4Ery,0.63142991065979,,0.63142991065979
W37888,3Ery,0.8506184220314026,,0.8506184220314026
W37889,14Mo,,0.6751412153244019,0.6751412153244019
W37890,7MEP,0.3063071072101593,,0.3063071072101593
W37891,5Ery,0.4370276927947998,,0.4370276927947998
W37892,12Baso,,,
W37893,2Ery,0.6351930499076843,,0.6351930499076843
W37894,15Mo,,0.5752508044242859,0.5752508044242859
W37895,14Mo,,0.5624999403953552,0.5624999403953552
W37896,3Ery,0.6494773030281067,,0.6494773030281067
W37898,14Mo,,0.5662603378295898,0.5662603378295898
W37899,2Ery,0.6680788993835449,,0.6680788993835449
W37900,3Ery,0.6549607515335083,,0.6549607515335083
W37901,2Ery,0.7436836957931519,,0.7436836957931519
W37902,16Neu,,,
W37903,7MEP,0.30664199590682983,,0.30664199590682983
W37904,2Ery,0.6659867763519287,,0.6659867763519287
W37906,10GMP,0.015454718843102455,0.013221370056271553,0.014338044449687004
W37907,7MEP,0.19534651935100555,,0.19534651935100555
W37908,5Ery,0.4841952621936798,,0.4841952621936798
W37909,5Ery,0.5137019157409668,,0.5137019157409668
W37910,13Baso,,,
W37913,6Ery,0.38114216923713684,,0.38114216923713684
W37914,7MEP,0.30267977714538574,,0.30267977714538574
W37915,3Ery,0.6408072710037231,,0.6408072710037231
W37916,10GMP,0.2839846909046173,0.32306185364723206,0.3035232722759247
W37917,5Ery,0.6525112390518188,,0.6525112390518188
W37918,5Ery,0.5759760737419128,,0.5759760737419128
W37919,1Ery,0.6474786400794983,,0.6474786400794983
W37921,13Baso,,,
W37922,15Mo,,0.564595639705658,0.564595639705658
W37923,3Ery,0.5709726214408875,,0.5709726214408875
W37924,6Ery,0.3422947824001312,,0.3422947824001312
W37929,14Mo,,0.49097663164138794,0.49097663164138794
W37935,3Ery,0.6917489171028137,,0.6917489171028137
W37937,3Ery,0.5890896320343018,,0.5890896320343018
W37938,3Ery,0.7813134789466858,,0.7813134789466858
W37939,16Neu,,,
W37940,3Ery,0.5576532483100891,,0.5576532483100891
W37941,9GMP,,0.07602041214704514,0.07602041214704514
W37942,14Mo,,0.6524662971496582,0.6524662971496582
W37943,12Baso,,,
W37945,9GMP,,0.13338534533977509,0.13338534533977509
W37946,14Mo,,0.5123071670532227,0.5123071670532227
W37948,14Mo,,0.5554453730583191,0.5554453730583191
W37951,8Mk,0.28679317235946655,,0.28679317235946655
W37952,5Ery,0.5045874714851379,,0.5045874714851379
W37953,15Mo,,0.5575175881385803,0.5575175881385803
W37954,15Mo,,0.5674135088920593,0.5674135088920593
W37955,3Ery,0.7768430113792419,,0.7768430113792419
W37956,16Neu,,,
W37957,15Mo,,0.6376922130584717,0.6376922130584717
W37959,4Ery,0.6283756494522095,,0.6283756494522095
W37960,3Ery,0.6179251670837402,,0.6179251670837402
W37961,8Mk,0.5664111971855164,,0.5664111971855164
W37962,15Mo,,0.5515844225883484,0.5515844225883484
W37963,14Mo,,0.5463631749153137,0.5463631749153137
W37964,5Ery,0.5757685899734497,,0.5757685899734497
W37965,3Ery,0.5403798818588257,,0.5403798818588257
W37967,4Ery,0.4953742027282715,,0.4953742027282715
W37969,2Ery,0.6645269393920898,,0.6645269393920898
W37970,8Mk,0.029212523251771927,,0.029212523251771927
W37971,7MEP,0.30125027894973755,,0.30125027894973755
W37972,10GMP,0.23723845183849335,0.7970082759857178,0.5171233639121056
W37974,15Mo,,0.5970150828361511,0.5970150828361511
W37975,14Mo,,0.9208894371986389,0.9208894371986389
W37977,13Baso,,,
W37978,3Ery,0.7226877808570862,,0.7226877808570862
W37979,7MEP,0.283270925283432,,0.283270925283432
W37980,2Ery,0.7518109679222107,,0.7518109679222107
W37982,13Baso,,,
W37983,2Ery,0.6260029077529907,,0.6260029077529907
W37984,10GMP,0.16818881034851074,0.6365070939064026,0.40234795212745667
W37985,2Ery,0.7948041558265686,,0.7948041558265686
W37986,2Ery,0.6692806482315063,,0.6692806482315063
W37988,2Ery,0.6498153805732727,,0.6498153805732727
W37989,12Baso,,,
W37990,14Mo,,0.5487818121910095,0.5487818121910095
W37991,1Ery,0.9007067084312439,,0.9007067084312439
W37992,14Mo,,0.5713276267051697,0.5713276267051697
W37993,14Mo,,0.4705713093280792,0.4705713093280792
W37994,2Ery,0.8407154083251953,,0.8407154083251953
W37995,14Mo,,0.5591785311698914,0.5591785311698914
W37996,16Neu,,,
W37997,14Mo,,0.6704822778701782,0.6704822778701782
W38000,8Mk,0.29900938272476196,,0.29900938272476196
W38001,16Neu,,,
W38002,16Neu,,,
W38003,2Ery,0.6479213833808899,,0.6479213833808899
W38004,8Mk,0.5358904600143433,,0.5358904600143433
W38005,5Ery,0.6213263273239136,,0.6213263273239136
W38006,6Ery,0.5259172320365906,,0.5259172320365906
W38008,15Mo,,0.6404926180839539,0.6404926180839539
W38009,13Baso,,,
W38010,5Ery,0.547069787979126,,0.547069787979126
W38011,14Mo,,0.5632738471031189,0.5632738471031189
W38012,5Ery,0.6328586935997009,,0.6328586935997009
W38013,6Ery,0.5382646918296814,,0.5382646918296814
W38014,16Neu,,,
W38017,3Ery,0.8190697431564331,,0.8190697431564331
W38018,15Mo,,0.75480055809021,0.75480055809021
W38019,7MEP,0.3127037584781647,,0.3127037584781647
W38020,7MEP,0.28819090127944946,,0.28819090127944946
W38021,10GMP,0.07522301375865936,0.24580265581607819,0.16051283478736877
W38022,14Mo,,0.5360743999481201,0.5360743999481201
W38023,3Ery,0.7464628219604492,,0.7464628219604492
W38025,4Ery,0.6063562631607056,,0.6063562631607056
W38026,13Baso,,,
W38027,15Mo,,0.6023024916648865,0.6023024916648865
W38030,17Neu,,,
W38031,4Ery,0.5788779854774475,,0.5788779854774475
W38032,6Ery,0.5784178972244263,,0.5784178972244263
W38033,3Ery,0.84138023853302,,0.84138023853302
W38034,3Ery,0.8089226484298706,,0.8089226484298706
W38035,7MEP,0.2970622181892395,,0.2970622181892395
W38036,8Mk,0.25920236110687256,,0.25920236110687256
W38037,6Ery,0.43242183327674866,,0.43242183327674866
W38039,16Neu,,,
W38040,3Ery,0.6894102096557617,,0.6894102096557617
W38041,14Mo,,0.9908866286277771,0.9908866286277771
W38042,4Ery,0.6575750708580017,,0.6575750708580017
W38043,4Ery,0.7131518721580505,,0.7131518721580505
W38045,3Ery,0.5348920822143555,,0.5348920822143555
W38046,14Mo,,0.9146094918251038,0.9146094918251038
W38047,15Mo,,0.9289305210113525,0.9289305210113525
W38048,3Ery,0.8614314794540405,,0.8614314794540405
W38049,10GMP,0.2342359721660614,0.7896794080734253,0.5119576901197433
W38050,6Ery,0.43071648478507996,,0.43071648478507996
W38051,2Ery,0.6265408396720886,,0.6265408396720886
W38052,16Neu,,,
W38053,15Mo,,0.6330327391624451,0.6330327391624451
W38054,7MEP,0.2931848168373108,,0.2931848168373108
W38055,3Ery,0.7206634283065796,,0.7206634283065796
W38056,10GMP,0.10595255345106125,0.2272232472896576,0.16658790037035942
W38057,3Ery,0.8247164487838745,,0.8247164487838745
W38058,14Mo,,0.4305148422718048,0.4305148422718048
W38059,7MEP,0.3013129234313965,,0.3013129234313965
W38060,6Ery,0.558424711227417,,0.558424711227417
W38061,10GMP,0.15219523012638092,0.5921095609664917,0.3721523955464363
W38062,10GMP,0.03682379797101021,0.0684424638748169,0.05263313092291355
W38063,3Ery,0.7178270816802979,,0.7178270816802979
W38064,7MEP,0.30606648325920105,,0.30606648325920105
W38065,2Ery,0.7507331967353821,,0.7507331967353821
W38066,4Ery,0.6070739030838013,,0.6070739030838013
W38067,7MEP,0.29976239800453186,,0.29976239800453186
W38068,13Baso,,,
W38069,6Ery,0.5379385948181152,,0.5379385948181152
W38070,15Mo,,0.5698406100273132,0.5698406100273132
W38071,8Mk,0.2830967307090759,,0.2830967307090759
W38072,10GMP,0.02273467369377613,0.07784079760313034,0.050287735648453236
W38073,4Ery,0.6335484385490417,,0.6335484385490417
W38074,4Ery,0.6277618408203125,,0.6277618408203125
W38075,3Ery,0.6444938778877258,,0.6444938778877258
W38076,7MEP,0.3143574595451355,,0.3143574595451355
W38077,2Ery,0.7435263991355896,,0.7435263991355896
W38078,16Neu,,,
W38079,3Ery,0.6464982032775879,,0.6464982032775879
W38080,3Ery,0.6890001893043518,,0.6890001893043518
W38081,6Ery,0.5412134528160095,,0.5412134528160095
W38082,6Ery,0.3091239929199219,,0.3091239929199219
W38083,7MEP,0.298076331615448,,0.298076331615448
W38084,4Ery,0.5808129906654358,,0.5808129906654358
W38085,16Neu,,,
W38086,2Ery,0.645160436630249,,0.645160436630249
W38087,13Baso,,,
W38088,10GMP,0.04069531708955765,0.10051818192005157,0.07060674950480461
W38090,3Ery,0.7309088706970215,,0.7309088706970215
W38091,3Ery,0.7438699007034302,,0.7438699007034302
W38092,10GMP,0.04849601909518242,0.2245214283466339,0.13650872372090816
W38093,6Ery,0.4962049126625061,,0.4962049126625061
W38094,14Mo,,0.24534107744693756,0.24534107744693756
W38095,15Mo,,0.7022398114204407,0.7022398114204407
W38096,7MEP,0.2797059118747711,,0.2797059118747711
W38097,13Baso,,,
W38098,14Mo,,0.6742039322853088,0.6742039322853088
W38100,14Mo,,0.6284202933311462,0.6284202933311462
W38101,14Mo,,0.5371732711791992,0.5371732711791992
W38102,2Ery,0.661186933517456,,0.661186933517456
W38103,16Neu,,,
W38104,7MEP,0.28769272565841675,,0.28769272565841675
W38105,14Mo,,0.5608159303665161,0.5608159303665161
W38106,10GMP,0.09712784737348557,0.1890774518251419,0.14310264959931374
W38107,14Mo,,0.8154051899909973,0.8154051899909973
W38108,6Ery,0.48259854316711426,,0.48259854316711426
W38109,14Mo,,0.8996286988258362,0.8996286988258362
W38110,16Neu,,,
W38111,2Ery,0.6217635869979858,,0.6217635869979858
W38112,10GMP,0.058226004242897034,0.20230020582675934,0.13026310503482819
W38113,16Neu,,,
W38114,14Mo,,0.4720325469970703,0.4720325469970703
W38115,14Mo,,0.5455375909805298,0.5455375909805298
W38116,5Ery,0.5564910173416138,,0.5564910173416138
W38117,12Baso,,,
W38118,4Ery,0.6218119859695435,,0.6218119859695435
W38119,3Ery,0.7831848859786987,,0.7831848859786987
W38121,13Baso,,,
W38123,2Ery,0.6573376059532166,,0.6573376059532166
W38124,4Ery,0.6348551511764526,,0.6348551511764526
W38125,4Ery,0.5707463622093201,,0.5707463622093201
W38126,3Ery,0.6023073196411133,,0.6023073196411133
W38127,3Ery,0.5759045481681824,,0.5759045481681824
W38128,13Baso,,,
W38129,12Baso,,,
W38130,14Mo,,0.4880831241607666,0.4880831241607666
W38131,16Neu,,,
W38132,3Ery,0.5621067881584167,,0.5621067881584167
W38133,5Ery,0.5741627216339111,,0.5741627216339111
W38134,6Ery,0.3161752223968506,,0.3161752223968506
W38135,7MEP,0.30058082938194275,,0.30058082938194275
W38136,4Ery,0.6954616904258728,,0.6954616904258728
W38137,4Ery,0.5984560251235962,,0.5984560251235962
W38138,5Ery,0.6168462634086609,,0.6168462634086609
W38140,14Mo,,0.5550010204315186,0.5550010204315186
W38141,14Mo,,0.3852795660495758,0.3852795660495758
W38142,2Ery,0.6459996104240417,,0.6459996104240417
W38143,12Baso,,,
W38144,3Ery,0.7905769944190979,,0.7905769944190979
W38145,5Ery,0.61336749792099,,0.61336749792099
W38146,2Ery,0.6554552912712097,,0.6554552912712097
W38147,2Ery,0.7663170695304871,,0.7663170695304871
W38148,16Neu,,,
W38149,7MEP,0.20937082171440125,,0.20937082171440125
W38150,5Ery,0.5772249102592468,,0.5772249102592468
W38151,2Ery,0.6516114473342896,,0.6516114473342896
W38152,7MEP,0.2990949749946594,,0.2990949749946594
W38153,3Ery,0.5406608581542969,,0.5406608581542969
W38154,4Ery,0.6298738121986389,,0.6298738121986389
W38155,2Ery,0.6675143837928772,,0.6675143837928772
W38156,5Ery,0.5690702199935913,,0.5690702199935913
W38157,10GMP,0.03376384451985359,0.2262946367263794,0.1300292406231165
W38158,1Ery,0.7769151926040649,,0.7769151926040649
W38159,10GMP,0.013115831650793552,0.00750102149322629,0.010308426572009921
W38161,16Neu,,,
W38162,2Ery,0.664009153842926,,0.664009153842926
W38163,2Ery,0.6445194482803345,,0.6445194482803345
W38164,2Ery,0.805358350276947,,0.805358350276947
W38165,5Ery,0.5667661428451538,,0.5667661428451538
W38166,5Ery,0.6079251766204834,,0.6079251766204834
W38167,14Mo,,0.8200575113296509,0.8200575113296509
W38168,14Mo,,0.5746659636497498,0.5746659636497498
W38169,16Neu,,,
W38170,10GMP,0.30026134848594666,0.3336702883243561,0.31696581840515137
W38171,14Mo,,0.7578216195106506,0.7578216195106506
W38172,14Mo,,0.5481244921684265,0.5481244921684265
W38173,4Ery,0.615922749042511,,0.615922749042511
W38175,2Ery,0.743600070476532,,0.743600070476532
W38176,6Ery,0.5685102343559265,,0.5685102343559265
W38177,2Ery,0.6505727767944336,,0.6505727767944336
W38180,16Neu,,,
W38181,1Ery,0.6635795831680298,,0.6635795831680298
W38182,13Baso,,,
W38183,3Ery,0.6652874946594238,,0.6652874946594238
W38184,15Mo,,0.6022476553916931,0.6022476553916931
W38185,3Ery,0.6491814851760864,,0.6491814851760864
W38186,5Ery,0.6091164350509644,,0.6091164350509644
W38187,2Ery,0.6695263981819153,,0.6695263981819153
W38188,2Ery,0.6651073098182678,,0.6651073098182678
W38189,16Neu,,,
W38190,4Ery,0.614841878414154,,0.614841878414154
W38191,12Baso,,,
W38192,3Ery,0.652060866355896,,0.652060866355896
W38193,12Baso,,,
W38194,14Mo,,0.606533944606781,0.606533944606781
W38195,15Mo,,0.6411657929420471,0.6411657929420471
W38196,14Mo,,0.6267144083976746,0.6267144083976746
W38197,10GMP,0.14182111620903015,0.5700252056121826,0.3559231609106064
W38198,6Ery,0.5324248671531677,,0.5324248671531677
W38199,12Baso,,,
W38200,2Ery,0.7503036260604858,,0.7503036260604858
W38201,3Ery,0.7161116003990173,,0.7161116003990173
W38202,4Ery,0.6170853972434998,,0.6170853972434998
W38203,7MEP,0.2800731062889099,,0.2800731062889099
W38204,4Ery,0.646203875541687,,0.646203875541687
W38205,15Mo,,0.6703237891197205,0.6703237891197205
W38206,2Ery,0.6804486513137817,,0.6804486513137817
W38207,7MEP,0.27946311235427856,,0.27946311235427856
W38208,14Mo,,0.5100760459899902,0.5100760459899902
W38209,3Ery,0.6253893971443176,,0.6253893971443176
W38210,13Baso,,,
W38211,3Ery,0.7408371567726135,,0.7408371567726135
W38212,15Mo,,0.581234872341156,0.581234872341156
W38213,15Mo,,0.6338211297988892,0.6338211297988892
W38214,13Baso,,,
W38215,14Mo,,0.5556248426437378,0.5556248426437378
W38217,4Ery,0.8237521052360535,,0.8237521052360535
W38218,14Mo,,0.8955143094062805,0.8955143094062805
W38219,6Ery,0.4161073565483093,,0.4161073565483093
W38220,3Ery,0.6947268843650818,,0.6947268843650818
W38221,14Mo,,0.5331782102584839,0.5331782102584839
W38222,8Mk,0.2796649634838104,,0.2796649634838104
W38223,8Mk,0.4189211130142212,,0.4189211130142212
W38224,7MEP,0.299210786819458,,0.299210786819458
W38225,15Mo,,0.7020362019538879,0.7020362019538879
W38226,15Mo,,0.6486567258834839,0.6486567258834839
W38227,13Baso,,,
W38228,16Neu,,,
W38229,6Ery,0.3002137541770935,,0.3002137541770935
W38230,3Ery,0.7508822679519653,,0.7508822679519653
W38231,2Ery,0.7392266988754272,,0.7392266988754272
W38232,13Baso,,,
W38233,3Ery,0.7397697567939758,,0.7397697567939758
W38234,3Ery,0.6945611834526062,,0.6945611834526062
W38235,13Baso,,,
W38237,10GMP,0.1592237949371338,0.6138916611671448,0.3865577280521393
W38238,4Ery,0.5901504158973694,,0.5901504158973694
W38239,2Ery,0.745348334312439,,0.745348334312439
W38240,7MEP,0.3069775104522705,,0.3069775104522705
W38241,7MEP,0.2615630030632019,,0.2615630030632019
W38242,6Ery,0.3513919413089752,,0.3513919413089752
W38243,3Ery,0.664577305316925,,0.664577305316925
W38244,16Neu,,,
W38245,7MEP,0.2949088513851166,,0.2949088513851166
W38246,14Mo,,0.5233007669448853,0.5233007669448853
W38247,3Ery,0.49432945251464844,,0.49432945251464844
W38248,6Ery,0.6028398275375366,,0.6028398275375366
W38249,9GMP,,0.18710976839065552,0.18710976839065552
W38250,12Baso,,,
W38251,3Ery,0.7198686003684998,,0.7198686003684998
W38252,14Mo,,0.6725528836250305,0.6725528836250305
W38253,10GMP,0.0451626218855381,0.12576544284820557,0.08546403236687183
W38254,4Ery,0.6142814755439758,,0.6142814755439758
W38255,7MEP,0.3005404472351074,,0.3005404472351074
W38256,6Ery,0.5412354469299316,,0.5412354469299316
W38257,14Mo,,0.5334791541099548,0.5334791541099548
W38258,14Mo,,0.8968451023101807,0.8968451023101807
W38259,4Ery,0.6527670621871948,,0.6527670621871948
W38260,3Ery,0.712670087814331,,0.712670087814331
W38261,3Ery,0.5901269912719727,,0.5901269912719727
W38262,2Ery,0.6543623208999634,,0.6543623208999634
W38263,16Neu,,,
W38264,3Ery,0.7551130652427673,,0.7551130652427673
W38266,7MEP,0.3034493029117584,,0.3034493029117584
W38267,18Eos,,,
W38268,6Ery,0.545534074306488,,0.545534074306488
W38269,13Baso,,,
W38270,4Ery,0.6034099459648132,,0.6034099459648132
W38271,10GMP,0.007562908809632063,0.008921041153371334,0.008241974981501698
W38272,6Ery,0.46460244059562683,,0.46460244059562683
W38273,2Ery,0.651950478553772,,0.651950478553772
W38274,12Baso,,,
W38275,1Ery,0.7925016283988953,,0.7925016283988953
W38276,4Ery,0.5496131181716919,,0.5496131181716919
W38277,13Baso,,,
W38278,14Mo,,0.5053770542144775,0.5053770542144775
W38279,14Mo,,0.5805611610412598,0.5805611610412598
W38280,13Baso,,,
W38282,3Ery,0.6339775919914246,,0.6339775919914246
W38283,3Ery,0.7463183999061584,,0.7463183999061584
W38284,16Neu,,,
W38285,15Mo,,0.6327237486839294,0.6327237486839294
W38286,14Mo,,0.3776608109474182,0.3776608109474182
W38287,3Ery,0.5835654735565186,,0.5835654735565186
W38288,6Ery,0.5247393846511841,,0.5247393846511841
W38289,2Ery,0.5649777054786682,,0.5649777054786682
W38290,10GMP,0.08445825427770615,0.21690894663333893,0.15068360045552254
W38291,14Mo,,0.5319249033927917,0.5319249033927917
W38292,5Ery,0.5502285957336426,,0.5502285957336426
W38293,4Ery,0.6162694096565247,,0.6162694096565247
W38294,15Mo,,0.5716679096221924,0.5716679096221924
W38295,13Baso,,,
W38296,15Mo,,0.5949836373329163,0.5949836373329163
W38297,13Baso,,,
W38298,14Mo,,0.4640344977378845,0.4640344977378845
W38299,12Baso,,,
W38300,16Neu,,,
W38301,13Baso,,,
W38302,6Ery,0.3495626449584961,,0.3495626449584961
W38303,15Mo,,0.5365914106369019,0.5365914106369019
W38304,4Ery,0.6166843771934509,,0.6166843771934509
W38305,14Mo,,0.3365838825702667,0.3365838825702667
W38306,13Baso,,,
W38307,15Mo,,0.6119822859764099,0.6119822859764099
W38308,3Ery,0.6203792095184326,,0.6203792095184326
W38309,10GMP,0.17330007255077362,0.24647289514541626,0.20988648384809494
W38310,13Baso,,,
W38311,4Ery,0.6928404569625854,,0.6928404569625854
W38313,8Mk,0.30557817220687866,,0.30557817220687866
W38314,3Ery,0.6252920627593994,,0.6252920627593994
W38315,14Mo,,0.6615926027297974,0.6615926027297974
W38316,15Mo,,0.5654499530792236,0.5654499530792236
W38318,16Neu,,,
W38319,15Mo,,0.5805633068084717,0.5805633068084717
W38320,9GMP,,0.08599720895290375,0.08599720895290375
W38321,16Neu,,,
W38322,12Baso,,,
W38323,10GMP,0.27216967940330505,0.31860390305519104,0.29538679122924805
W38324,14Mo,,0.5131892561912537,0.5131892561912537
W38326,14Mo,,0.7284838557243347,0.7284838557243347
W38327,14Mo,,0.5621223449707031,0.5621223449707031
W38328,7MEP,0.4466629922389984,,0.4466629922389984
W38329,15Mo,,0.7851588129997253,0.7851588129997253
W38330,17Neu,,,
W38331,2Ery,0.6650350093841553,,0.6650350093841553
W38332,14Mo,,0.5612159371376038,0.5612159371376038
W38333,14Mo,,0.32637056708335876,0.32637056708335876
W38334,4Ery,0.6457470059394836,,0.6457470059394836
W38335,6Ery,0.4994325339794159,,0.4994325339794159
W38336,15Mo,,0.6861528158187866,0.6861528158187866
W38337,2Ery,0.667970597743988,,0.667970597743988
W38338,2Ery,0.6015868782997131,,0.6015868782997131
W38339,5Ery,0.5503485202789307,,0.5503485202789307
W38340,2Ery,0.6495233178138733,,0.6495233178138733
W38341,2Ery,0.6667579412460327,,0.6667579412460327
W38342,14Mo,,0.6164122819900513,0.6164122819900513
W38343,2Ery,0.661651074886322,,0.661651074886322
W38344,14Mo,,0.5420375466346741,0.5420375466346741
W38345,15Mo,,0.5721163749694824,0.5721163749694824
W38346,5Ery,0.6086673140525818,,0.6086673140525818
W38347,6Ery,0.4581766724586487,,0.4581766724586487
W38348,13Baso,,,
W38349,6Ery,0.3103939890861511,,0.3103939890861511
W38350,13Baso,,,
W38351,5Ery,0.5415414571762085,,0.5415414571762085
W38352,15Mo,,0.8328635096549988,0.8328635096549988
W38353,3Ery,0.6437832117080688,,0.6437832117080688
W38354,10GMP,0.020657802000641823,0.11221391707658768,0.06643585953861475
W38355,2Ery,0.7384012937545776,,0.7384012937545776
W38356,14Mo,,0.611835777759552,0.611835777759552
W38357,2Ery,0.6316595077514648,,0.6316595077514648
W38358,14Mo,,0.6127533912658691,0.6127533912658691
W38359,2Ery,0.6607137322425842,,0.6607137322425842
W38360,2Ery,0.7602521181106567,,0.7602521181106567
W38361,2Ery,0.6615723371505737,,0.6615723371505737
W38362,5Ery,0.6074927449226379,,0.6074927449226379
W38363,14Mo,,0.6505744457244873,0.6505744457244873
W38364,1Ery,0.6563900709152222,,0.6563900709152222
W38365,5Ery,0.6280832886695862,,0.6280832886695862
W38366,4Ery,0.6393996477127075,,0.6393996477127075
W38367,2Ery,0.6536046862602234,,0.6536046862602234
W38368,10GMP,0.01698143407702446,0.1389922797679901,0.07798685692250729
W38369,2Ery,0.5995422601699829,,0.5995422601699829
W38370,2Ery,0.6196034550666809,,0.6196034550666809
W38372,7MEP,0.27880653738975525,,0.27880653738975525
W38373,2Ery,0.6615324020385742,,0.6615324020385742
W38374,7MEP,0.015621057711541653,,0.015621057711541653
W38375,1Ery,0.894243597984314,,0.894243597984314
W38376,7MEP,0.3012969493865967,,0.3012969493865967
W38377,9GMP,,0.3892990052700043,0.3892990052700043
W38379,2Ery,0.6671658754348755,,0.6671658754348755
W38380,17Neu,,,
W38381,14Mo,,0.6815696358680725,0.6815696358680725
W38382,14Mo,,0.8318616151809692,0.8318616151809692
W38383,13Baso,,,
W38384,7MEP,0.344590425491333,,0.344590425491333
W38385,16Neu,,,
W38386,2Ery,0.643822968006134,,0.643822968006134
W38387,2Ery,0.6586899161338806,,0.6586899161338806
W38388,7MEP,0.29670217633247375,,0.29670217633247375
W38389,6Ery,0.340096652507782,,0.340096652507782
W38390,14Mo,,0.8302860260009766,0.8302860260009766
W38391,4Ery,0.6352340579032898,,0.6352340579032898
W38392,6Ery,0.3050169050693512,,0.3050169050693512
W38393,2Ery,0.6785581707954407,,0.6785581707954407
W38394,4Ery,0.6133466362953186,,0.6133466362953186
W38395,1Ery,0.7747754454612732,,0.7747754454612732
W38396,5Ery,0.5672333836555481,,0.5672333836555481
W38398,8Mk,0.29310062527656555,,0.29310062527656555
W38399,4Ery,0.6132574081420898,,0.6132574081420898
W38400,6Ery,0.3023371994495392,,0.3023371994495392
W38401,13Baso,,,
W38402,6Ery,0.5292676687240601,,0.5292676687240601
W38403,13Baso,,,
W38404,7MEP,0.28605663776397705,,0.28605663776397705
W38405,3Ery,0.6948975920677185,,0.6948975920677185
W38406,3Ery,0.821301281452179,,0.821301281452179
W38407,13Baso,,,
W38409,3Ery,0.5367239117622375,,0.5367239117622375
W38410,15Mo,,0.6173648834228516,0.6173648834228516
W38411,14Mo,,0.536272406578064,0.536272406578064
W38412,6Ery,0.5618451833724976,,0.5618451833724976
W38413,10GMP,0.14938302338123322,0.5769798755645752,0.3631814494729042
W38414,16Neu,,,
W38415,4Ery,0.6524803042411804,,0.6524803042411804
W38416,14Mo,,0.9593726396560669,0.9593726396560669
W38417,14Mo,,0.9290003180503845,0.9290003180503845
W38418,10GMP,0.15552261471748352,0.14586983621120453,0.15069622546434402
W38419,3Ery,0.5817734003067017,,0.5817734003067017
W38420,10GMP,0.09568945318460464,0.15263940393924713,0.12416442856192589
W38421,14Mo,,0.4902355372905731,0.4902355372905731
W38422,3Ery,0.6361793279647827,,0.6361793279647827
W38423,4Ery,0.6570665836334229,,0.6570665836334229
W38425,14Mo,,0.6214892864227295,0.6214892864227295
W38426,3Ery,0.7116730809211731,,0.7116730809211731
W38427,15Mo,,0.5562385320663452,0.5562385320663452
W38428,15Mo,,0.5636782050132751,0.5636782050132751
W38429,10GMP,0.048719871789216995,0.08689764887094498,0.06780876033008099
W38430,15Mo,,0.6016079187393188,0.6016079187393188
W38431,15Mo,,0.5851932764053345,0.5851932764053345
W38433,14Mo,,0.5416516661643982,0.5416516661643982
W38434,13Baso,,,
W38435,16Neu,,,
W38436,14Mo,,0.546521782875061,0.546521782875061
W38437,4Ery,0.6225698590278625,,0.6225698590278625
W38438,14Mo,,0.5283264517784119,0.5283264517784119
W38439,9GMP,,0.32532942295074463,0.32532942295074463
W38440,3Ery,0.7335532307624817,,0.7335532307624817
W38441,14Mo,,0.6410843133926392,0.6410843133926392
W38443,3Ery,0.6212307214736938,,0.6212307214736938
W38444,10GMP,0.016240086406469345,0.04830685630440712,0.03227347135543823
W38445,16Neu,,,
W38446,16Neu,,,
W38447,13Baso,,,
W38448,1Ery,0.905799388885498,,0.905799388885498
W38449,6Ery,0.3998355567455292,,0.3998355567455292
W38450,2Ery,0.6534678936004639,,0.6534678936004639
W38451,14Mo,,0.6259049773216248,0.6259049773216248
W38452,2Ery,0.7544658780097961,,0.7544658780097961
W38453,14Mo,,0.5503395795822144,0.5503395795822144
W38454,5Ery,0.5352702736854553,,0.5352702736854553
W38455,2Ery,0.6313016414642334,,0.6313016414642334
W38456,9GMP,,0.05418101325631142,0.05418101325631142
W38457,13Baso,,,
W38458,2Ery,0.748808741569519,,0.748808741569519
W38459,3Ery,0.5575886964797974,,0.5575886964797974
W38460,16Neu,,,
W38461,13Baso,,,
W38462,14Mo,,0.5925816297531128,0.5925816297531128
W38463,4Ery,0.6087381839752197,,0.6087381839752197
W38464,3Ery,0.6443523168563843,,0.6443523168563843
W38465,6Ery,0.42582690715789795,,0.42582690715789795
W38466,7MEP,0.22709855437278748,,0.22709855437278748
W38467,10GMP,0.1447068452835083,0.5640987157821655,0.3544027805328369
W38468,4Ery,0.6324524283409119,,0.6324524283409119
W38469,2Ery,0.7289699912071228,,0.7289699912071228
W38470,16Neu,,,
W38471,12Baso,,,
W38474,7MEP,0.3022656738758087,,0.3022656738758087
W38475,13Baso,,,
W38477,4Ery,0.6457168459892273,,0.6457168459892273
W38478,7MEP,0.30316296219825745,,0.30316296219825745
W38480,4Ery,0.6301625370979309,,0.6301625370979309
W38481,12Baso,,,
W38482,5Ery,0.5485364198684692,,0.5485364198684692
W38483,2Ery,0.6361697316169739,,0.6361697316169739
W38484,2Ery,0.6626023650169373,,0.6626023650169373
W38485,9GMP,,0.10319488495588303,0.10319488495588303
W38486,1Ery,0.8733766674995422,,0.8733766674995422
W38488,3Ery,0.6478061676025391,,0.6478061676025391
W38489,14Mo,,0.5647261738777161,0.5647261738777161
W38491,16Neu,,,
W38492,2Ery,0.7210789918899536,,0.7210789918899536
W38493,5Ery,0.617171049118042,,0.617171049118042
W38494,14Mo,,0.5600045323371887,0.5600045323371887
W38495,15Mo,,0.5570608973503113,0.5570608973503113
W38496,9GMP,,0.2310969978570938,0.2310969978570938
W38497,9GMP,,0.08824621140956879,0.08824621140956879
W38498,14Mo,,0.8985745906829834,0.8985745906829834
W38500,2Ery,0.6933386921882629,,0.6933386921882629
W38501,4Ery,0.648905873298645,,0.648905873298645
W38502,5Ery,0.5927286744117737,,0.5927286744117737
W38503,4Ery,0.623058021068573,,0.623058021068573
W38505,3Ery,0.6981013417243958,,0.6981013417243958
W38506,16Neu,,,
W38507,2Ery,0.7487469911575317,,0.7487469911575317
W38509,16Neu,,,
W38510,2Ery,0.7679088711738586,,0.7679088711738586
W38512,13Baso,,,
W38515,2Ery,0.6513559222221375,,0.6513559222221375
W38516,6Ery,0.5393604636192322,,0.5393604636192322
W38517,6Ery,0.5766813158988953,,0.5766813158988953
W38519,14Mo,,0.5369276404380798,0.5369276404380798
W38521,2Ery,0.6948292255401611,,0.6948292255401611
W38522,2Ery,0.7838479280471802,,0.7838479280471802
W38523,8Mk,0.28250768780708313,,0.28250768780708313
W38524,8Mk,0.5762050747871399,,0.5762050747871399
W38525,14Mo,,0.5973334312438965,0.5973334312438965
W38526,14Mo,,0.5655083060264587,0.5655083060264587
W38527,1Ery,0.8397072553634644,,0.8397072553634644
W38528,4Ery,0.7080737948417664,,0.7080737948417664
W38529,7MEP,0.06913280487060547,,0.06913280487060547
W38530,16Neu,,,
W38531,16Neu,,,
W38532,14Mo,,0.5710175037384033,0.5710175037384033
W38533,3Ery,0.6338684558868408,,0.6338684558868408
W38534,2Ery,0.7345717549324036,,0.7345717549324036
W38535,16Neu,,,
W38536,17Neu,,,
W38537,6Ery,0.5583633184432983,,0.5583633184432983
W38538,2Ery,0.7493526339530945,,0.7493526339530945
W38539,14Mo,,0.5159465074539185,0.5159465074539185
W38540,16Neu,,,
W38541,7MEP,0.2939607501029968,,0.2939607501029968
W38543,2Ery,0.6872692108154297,,0.6872692108154297
W38544,3Ery,0.8231897354125977,,0.8231897354125977
W38545,2Ery,0.7105650901794434,,0.7105650901794434
W38546,6Ery,0.4168413579463959,,0.4168413579463959
W38547,6Ery,0.5274869799613953,,0.5274869799613953
W38548,6Ery,0.28404486179351807,,0.28404486179351807
W38549,10GMP,0.03024258464574814,0.2263883650302887,0.12831547483801842
W38550,12Baso,,,
W38551,12Baso,,,
W38552,4Ery,0.6106040477752686,,0.6106040477752686
W38553,2Ery,0.6928914785385132,,0.6928914785385132
W38554,4Ery,0.5424749255180359,,0.5424749255180359
W38555,2Ery,0.7610493302345276,,0.7610493302345276
W38556,14Mo,,0.5579421520233154,0.5579421520233154
W38558,3Ery,0.6375247836112976,,0.6375247836112976
W38559,6Ery,0.4626164734363556,,0.4626164734363556
W38560,3Ery,0.7514303922653198,,0.7514303922653198
W38561,10GMP,0.182391956448555,0.2166907787322998,0.1995413675904274
W38563,2Ery,0.7798880338668823,,0.7798880338668823
W38564,14Mo,,0.5290371775627136,0.5290371775627136
W38565,16Neu,,,
W38567,18Eos,,,
W38568,13Baso,,,
W38569,6Ery,0.5443297028541565,,0.5443297028541565
W38570,14Mo,,0.579026997089386,0.579026997089386
W38571,13Baso,,,
W38572,2Ery,0.6578056812286377,,0.6578056812286377
W38573,2Ery,0.7143450975418091,,0.7143450975418091
W38575,5Ery,0.45888590812683105,,0.45888590812683105
W38576,10GMP,0.05467524006962776,0.10088634490966797,0.07778079248964787
W38577,5Ery,0.6289528608322144,,0.6289528608322144
W38578,14Mo,,0.5494117736816406,0.5494117736816406
W38579,13Baso,,,
W38580,14Mo,,0.44087880849838257,0.44087880849838257
W38581,16Neu,,,
W38582,2Ery,0.7372743487358093,,0.7372743487358093
W38583,10GMP,0.8971569538116455,0.31654542684555054,0.606851190328598
W38584,4Ery,0.6301223039627075,,0.6301223039627075
W38585,16Neu,,,
W38586,6Ery,0.3115721344947815,,0.3115721344947815
W38587,15Mo,,0.5114142298698425,0.5114142298698425
W38588,14Mo,,0.291164368391037,0.291164368391037
W38589,12Baso,,,
W38590,7MEP,0.28926610946655273,,0.28926610946655273
W38591,10GMP,0.02387824095785618,0.19566605985164642,0.1097721504047513
W38592,15Mo,,0.5550119280815125,0.5550119280815125
W38593,3Ery,0.8217148184776306,,0.8217148184776306
W38594,15Mo,,0.7424967885017395,0.7424967885017395
W38595,3Ery,0.8635106086730957,,0.8635106086730957
W38596,9GMP,,0.03294578939676285,0.03294578939676285
W38597,2Ery,0.70487380027771,,0.70487380027771
W38598,7MEP,0.28170478343963623,,0.28170478343963623
W38599,3Ery,0.6953260898590088,,0.6953260898590088
W38601,13Baso,,,
W38602,16Neu,,,
W38603,13Baso,,,
W38604,2Ery,0.7830376029014587,,0.7830376029014587
W38605,15Mo,,0.6324200630187988,0.6324200630187988
W38606,7MEP,0.2832811772823334,,0.2832811772823334
W38607,6Ery,0.5281084775924683,,0.5281084775924683
W38608,5Ery,0.5987966656684875,,0.5987966656684875
W38609,13Baso,,,
W38610,10GMP,0.02548014372587204,0.19198109209537506,0.10873061791062355
W38611,9GMP,,0.6000970005989075,0.6000970005989075
W38612,13Baso,,,
W38613,13Baso,,,
W38614,12Baso,,,
W38615,5Ery,0.6261460781097412,,0.6261460781097412
W38616,13Baso,,,
W38617,15Mo,,0.7016370296478271,0.7016370296478271
W38618,14Mo,,0.5937503576278687,0.5937503576278687
W38619,10GMP,0.04449181258678436,0.22334855794906616,0.13392018526792526
W38620,15Mo,,0.565937876701355,0.565937876701355
W38622,4Ery,0.61672043800354,,0.61672043800354
W38623,5Ery,0.541395366191864,,0.541395366191864
W38624,8Mk,0.30551648139953613,,0.30551648139953613
W38625,13Baso,,,
W38626,7MEP,0.2122889906167984,,0.2122889906167984
W38627,14Mo,,0.6088088750839233,0.6088088750839233
W38628,14Mo,,0.8250675201416016,0.8250675201416016
W38629,2Ery,0.7104177474975586,,0.7104177474975586
W38630,6Ery,0.4539918899536133,,0.4539918899536133
W38631,2Ery,0.7381333112716675,,0.7381333112716675
W38632,13Baso,,,
W38633,7MEP,0.28556933999061584,,0.28556933999061584
W38634,16Neu,,,
W38636,14Mo,,0.7675103545188904,0.7675103545188904
W38637,3Ery,0.5936088562011719,,0.5936088562011719
W38638,16Neu,,,
W38640,10GMP,0.025828665122389793,0.15555964410305023,0.09069415461272001
W38643,12Baso,,,
W38644,10GMP,0.060776472091674805,0.22292213141918182,0.14184930175542831
W38645,13Baso,,,
W38646,1Ery,0.8712557554244995,,0.8712557554244995
W38647,16Neu,,,
W38648,6Ery,0.30192169547080994,,0.30192169547080994
W38649,14Mo,,0.5433349013328552,0.5433349013328552
W38650,2Ery,0.6733463406562805,,0.6733463406562805
W38651,14Mo,,0.5309121608734131,0.5309121608734131
W38652,10GMP,0.1473226100206375,0.5353302955627441,0.3413264527916908
W38653,14Mo,,0.6305763125419617,0.6305763125419617
W38654,16Neu,,,
W38655,9GMP,,0.19199347496032715,0.19199347496032715
W38656,3Ery,0.530648946762085,,0.530648946762085
W38657,3Ery,0.6511245369911194,,0.6511245369911194
W38659,14Mo,,0.5601227283477783,0.5601227283477783
W38660,2Ery,0.7276705503463745,,0.7276705503463745
W38662,12Baso,,,
W38663,9GMP,,0.18819043040275574,0.18819043040275574
W38664,1Ery,0.8814090490341187,,0.8814090490341187
W38666,3Ery,0.6187251806259155,,0.6187251806259155
W38668,5Ery,0.6138769388198853,,0.6138769388198853
W38669,2Ery,0.7717296481132507,,0.7717296481132507
W38670,8Mk,0.8294216394424438,,0.8294216394424438
W38672,2Ery,0.7199008464813232,,0.7199008464813232
W38673,16Neu,,,
W38674,5Ery,0.5877817869186401,,0.5877817869186401
W38675,10GMP,0.16479425132274628,0.23712514340877533,0.2009596973657608
W38676,13Baso,,,
W38677,16Neu,,,
W38678,14Mo,,0.548258900642395,0.548258900642395
W38679,2Ery,0.7670700550079346,,0.7670700550079346
W38680,5Ery,0.5788674354553223,,0.5788674354553223
W38681,15Mo,,0.7783562541007996,0.7783562541007996
W38682,7MEP,0.3025306761264801,,0.3025306761264801
W38683,15Mo,,0.6295294761657715,0.6295294761657715
W38684,5Ery,0.6044993996620178,,0.6044993996620178
W38685,6Ery,0.5471009016036987,,0.5471009016036987
W38686,5Ery,0.5567556023597717,,0.5567556023597717
W38687,2Ery,0.6527714133262634,,0.6527714133262634
W38688,3Ery,0.6544283032417297,,0.6544283032417297
W38689,15Mo,,0.694067656993866,0.694067656993866
W38690,7MEP,0.30065152049064636,,0.30065152049064636
W38691,3Ery,0.6737377047538757,,0.6737377047538757
W38692,15Mo,,0.7687627673149109,0.7687627673149109
W38693,16Neu,,,
W38694,6Ery,0.47807419300079346,,0.47807419300079346
W38695,7MEP,0.29944002628326416,,0.29944002628326416
W38697,6Ery,0.5413284301757812,,0.5413284301757812
W38698,6Ery,0.4317277669906616,,0.4317277669906616
W38699,10GMP,0.16957314312458038,0.7088959217071533,0.43923453241586685
W38700,4Ery,0.6461807489395142,,0.6461807489395142
W38701,13Baso,,,
W38702,14Mo,,0.5557331442832947,0.5557331442832947
W38703,13Baso,,,
W38704,3Ery,0.667047917842865,,0.667047917842865
W38705,6Ery,0.45212939381599426,,0.45212939381599426
W38707,8Mk,0.37326401472091675,,0.37326401472091675
W38709,14Mo,,0.5262150168418884,0.5262150168418884
W38710,2Ery,0.6888822913169861,,0.6888822913169861
W38711,9GMP,,0.6564096212387085,0.6564096212387085
W38712,6Ery,0.537178635597229,,0.537178635597229
W38713,15Mo,,0.5669379234313965,0.5669379234313965
W38714,13Baso,,,
W38715,3Ery,0.5736231207847595,,0.5736231207847595
W38716,16Neu,,,
W38717,2Ery,0.7885331511497498,,0.7885331511497498
W38718,9GMP,,0.4531019628047943,0.4531019628047943
W38719,14Mo,,0.5472347140312195,0.5472347140312195
W38720,3Ery,0.6208370923995972,,0.6208370923995972
W38721,14Mo,,0.5301448106765747,0.5301448106765747
W38722,14Mo,,0.5440435409545898,0.5440435409545898
W38723,16Neu,,,
W38724,14Mo,,0.6100225448608398,0.6100225448608398
W38726,9GMP,,0.19396506249904633,0.19396506249904633
W38727,3Ery,0.6260342597961426,,0.6260342597961426
W38728,13Baso,,,
W38729,10GMP,0.33202844858169556,0.3347224295139313,0.3333754390478134
W38730,14Mo,,0.5333148837089539,0.5333148837089539
W38732,3Ery,0.534004807472229,,0.534004807472229
W38733,6Ery,0.5388856530189514,,0.5388856530189514
W38734,14Mo,,0.5508139729499817,0.5508139729499817
W38735,4Ery,0.6317542791366577,,0.6317542791366577
W38736,3Ery,0.7358646988868713,,0.7358646988868713
W38737,2Ery,0.7754902243614197,,0.7754902243614197
W38738,2Ery,0.7317237854003906,,0.7317237854003906
W38739,14Mo,,0.5233851075172424,0.5233851075172424
W38740,2Ery,0.6538087129592896,,0.6538087129592896
W38741,8Mk,0.459941565990448,,0.459941565990448
W38742,10GMP,0.07633132487535477,0.23879468441009521,0.157563004642725
W38744,10GMP,0.1226537749171257,0.35482823848724365,0.23874100670218468
W38745,14Mo,,0.470125675201416,0.470125675201416
W38747,10GMP,0.17260615527629852,0.6292159557342529,0.4009110555052757
W38748,16Neu,,,
W38750,10GMP,0.10702173411846161,0.19401589035987854,0.15051881223917007
W38751,10GMP,0.06782686710357666,0.126557856798172,0.09719236195087433
W38752,13Baso,,,
W38753,16Neu,,,
W38754,2Ery,0.6423593163490295,,0.6423593163490295
W38755,16Neu,,,
W38756,2Ery,0.6934436559677124,,0.6934436559677124
W38757,14Mo,,0.7384171485900879,0.7384171485900879
W38759,14Mo,,0.5537242889404297,0.5537242889404297
W38761,14Mo,,0.6251080632209778,0.6251080632209778
W38765,13Baso,,,
W38767,2Ery,0.7331607937812805,,0.7331607937812805
W38768,2Ery,0.757035493850708,,0.757035493850708
W38769,16Neu,,,
W38770,2Ery,0.6540753841400146,,0.6540753841400146
W38771,2Ery,0.6657499074935913,,0.6657499074935913
W38772,14Mo,,0.6049983501434326,0.6049983501434326
W38773,5Ery,0.635151743888855,,0.635151743888855
W38774,2Ery,0.6444323658943176,,0.6444323658943176
W38775,7MEP,0.2860422134399414,,0.2860422134399414
W38776,9GMP,,0.3232613503932953,0.3232613503932953
W38777,2Ery,0.6752892732620239,,0.6752892732620239
W38778,10GMP,0.15403422713279724,0.5754976272583008,0.364765927195549
W38779,7MEP,0.29942941665649414,,0.29942941665649414
W38781,6Ery,0.32838064432144165,,0.32838064432144165
W38782,15Mo,,0.5636242032051086,0.5636242032051086
W38783,5Ery,0.610639750957489,,0.610639750957489
W38784,5Ery,0.630707323551178,,0.630707323551178
W38785,15Mo,,0.7175875306129456,0.7175875306129456
W38786,14Mo,,0.3407665491104126,0.3407665491104126
W38788,8Mk,0.8395273089408875,,0.8395273089408875
W38789,14Mo,,0.8188720941543579,0.8188720941543579
W38790,15Mo,,0.6859928965568542,0.6859928965568542
W38791,4Ery,0.5385155081748962,,0.5385155081748962
W38793,14Mo,,0.558387041091919,0.558387041091919
W38794,13Baso,,,
W38795,6Ery,0.4680347740650177,,0.4680347740650177
W38796,4Ery,0.6602106690406799,,0.6602106690406799
W38797,13Baso,,,
W38798,4Ery,0.6275267004966736,,0.6275267004966736
W38799,9GMP,,0.09615256637334824,0.09615256637334824
W38800,3Ery,0.7423607110977173,,0.7423607110977173
W38801,8Mk,0.836946427822113,,0.836946427822113
W38802,8Mk,0.9976197481155396,,0.9976197481155396
W38803,15Mo,,0.6300007104873657,0.6300007104873657
W38804,2Ery,0.671863317489624,,0.671863317489624
W38805,12Baso,,,
W38806,3Ery,0.5400527715682983,,0.5400527715682983
W38807,15Mo,,0.7399923205375671,0.7399923205375671
W38808,15Mo,,0.6636083722114563,0.6636083722114563
W38809,9GMP,,0.6209729909896851,0.6209729909896851
W38810,3Ery,0.7111055850982666,,0.7111055850982666
W38811,10GMP,0.03669976070523262,0.0513642244040966,0.04403199255466461
W38812,15Mo,,0.6636203527450562,0.6636203527450562
W38813,16Neu,,,
W38814,4Ery,0.5970491170883179,,0.5970491170883179
W38815,3Ery,0.6309817433357239,,0.6309817433357239
W38816,14Mo,,0.554519534111023,0.554519534111023
W38818,3Ery,0.6303790807723999,,0.6303790807723999
W38819,16Neu,,,
W38820,6Ery,0.504867434501648,,0.504867434501648
W38821,5Ery,0.5633468627929688,,0.5633468627929688
W38822,13Baso,,,
W38823,13Baso,,,
W38825,13Baso,,,
W38826,8Mk,0.3038634657859802,,0.3038634657859802
W38827,2Ery,0.42488235235214233,,0.42488235235214233
W38828,13Baso,,,
W38829,13Baso,,,
W38830,8Mk,0.29320433735847473,,0.29320433735847473
W38831,8Mk,0.5558506846427917,,0.5558506846427917
W38832,15Mo,,0.7056727409362793,0.7056727409362793
W38833,14Mo,,0.6118809580802917,0.6118809580802917
W38834,14Mo,,0.5975242257118225,0.5975242257118225
W38836,6Ery,0.3489455580711365,,0.3489455580711365
W38837,5Ery,0.5533649325370789,,0.5533649325370789
W38838,15Mo,,0.570720911026001,0.570720911026001
W38839,7MEP,0.30632564425468445,,0.30632564425468445
W38840,15Mo,,0.6037728786468506,0.6037728786468506
W38841,15Mo,,0.7827546000480652,0.7827546000480652
W38843,6Ery,0.5753906965255737,,0.5753906965255737
W38845,12Baso,,,
W38846,2Ery,0.734218180179596,,0.734218180179596
W38847,13Baso,,,
W38848,3Ery,0.4871411621570587,,0.4871411621570587
W38849,4Ery,0.632560133934021,,0.632560133934021
W38850,14Mo,,0.5132788419723511,0.5132788419723511
W38851,10GMP,0.026603329926729202,0.16673684120178223,0.09667008556425571
W38852,16Neu,,,
W38853,15Mo,,0.6761395335197449,0.6761395335197449
W38854,6Ery,0.3109077215194702,,0.3109077215194702
W38855,13Baso,,,
W38858,15Mo,,0.726470410823822,0.726470410823822
W38859,6Ery,0.4650261700153351,,0.4650261700153351
W38860,2Ery,0.7213180065155029,,0.7213180065155029
W38861,15Mo,,0.6053915619850159,0.6053915619850159
W38862,3Ery,0.6532592177391052,,0.6532592177391052
W38863,13Baso,,,
W38864,6Ery,0.31671449542045593,,0.31671449542045593
W38865,13Baso,,,
W38866,9GMP,,0.17991848289966583,0.17991848289966583
W38867,10GMP,0.17251302301883698,0.6311848163604736,0.4018489196896553
W38868,10GMP,0.023589003831148148,0.06072326749563217,0.04215613566339016
W38869,14Mo,,0.5384641885757446,0.5384641885757446
W38870,2Ery,0.7183957695960999,,0.7183957695960999
W38871,6Ery,0.38679802417755127,,0.38679802417755127
W38872,10GMP,0.05178825929760933,0.14993230998516083,0.10086028464138508
W38873,7MEP,0.3036735951900482,,0.3036735951900482
W38874,6Ery,0.30336835980415344,,0.30336835980415344
W38875,14Mo,,0.4928138554096222,0.4928138554096222
W38876,2Ery,0.7211565375328064,,0.7211565375328064
W38877,2Ery,0.7133961319923401,,0.7133961319923401
W38878,7MEP,0.3034379482269287,,0.3034379482269287
W38879,5Ery,0.5987861156463623,,0.5987861156463623
W38880,13Baso,,,
W38881,13Baso,,,
W38882,14Mo,,0.6002415418624878,0.6002415418624878
W38883,3Ery,0.7447522282600403,,0.7447522282600403
W38884,13Baso,,,
W38886,4Ery,0.6353123188018799,,0.6353123188018799
W38887,3Ery,0.6916069388389587,,0.6916069388389587
W38889,2Ery,0.7500197887420654,,0.7500197887420654
W38890,15Mo,,0.6236308813095093,0.6236308813095093
W38891,7MEP,0.3189067244529724,,0.3189067244529724
W38892,1Ery,0.9122830033302307,,0.9122830033302307
W38893,15Mo,,0.7091134190559387,0.7091134190559387
W38894,2Ery,0.7009082436561584,,0.7009082436561584
W38895,13Baso,,,
W38896,8Mk,0.28485557436943054,,0.28485557436943054
W38897,9GMP,,0.14063480496406555,0.14063480496406555
W38900,8Mk,0.3400052785873413,,0.3400052785873413
W38901,17Neu,,,
W38902,13Baso,,,
W38903,13Baso,,,
W38904,13Baso,,,
W38905,3Ery,0.6892697215080261,,0.6892697215080261
W38906,12Baso,,,
W38907,16Neu,,,
W38908,10GMP,0.05903245136141777,0.08705021440982819,0.07304133288562298
W38909,15Mo,,0.6838962435722351,0.6838962435722351
W38910,7MEP,0.30595162510871887,,0.30595162510871887
W38911,13Baso,,,
W38912,13Baso,,,
W38913,14Mo,,0.7869911789894104,0.7869911789894104
W38914,16Neu,,,
W38915,3Ery,0.6559281349182129,,0.6559281349182129
W38916,7MEP,0.3401792347431183,,0.3401792347431183
W38917,13Baso,,,
W38918,13Baso,,,
W38919,3Ery,0.6846141815185547,,0.6846141815185547
W38920,1Ery,0.8192389011383057,,0.8192389011383057
W38921,14Mo,,0.5736715197563171,0.5736715197563171
W38922,15Mo,,0.6753274202346802,0.6753274202346802
W38923,10GMP,0.015488284640014172,0.17791475355625153,0.09670151909813285
W38924,15Mo,,0.5663155913352966,0.5663155913352966
W38925,4Ery,0.5834406018257141,,0.5834406018257141
W38926,9GMP,,0.2275402992963791,0.2275402992963791
W38927,14Mo,,0.5838534235954285,0.5838534235954285
W38928,9GMP,,0.7176006436347961,0.7176006436347961
W38929,13Baso,,,
W38930,10GMP,0.05445730686187744,0.12971094250679016,0.0920841246843338
W38931,9GMP,,0.7565861940383911,0.7565861940383911
W38932,5Ery,0.5544068813323975,,0.5544068813323975
W38933,2Ery,0.6650523543357849,,0.6650523543357849
W38934,7MEP,0.2856423258781433,,0.2856423258781433
W38935,13Baso,,,
W38937,6Ery,0.48114487528800964,,0.48114487528800964
W38938,7MEP,0.3070792555809021,,0.3070792555809021
W38939,10GMP,0.023592352867126465,0.0857466608285904,0.05466950684785843
W38940,7MEP,0.29967382550239563,,0.29967382550239563
W38941,10GMP,0.020746596157550812,0.05725184455513954,0.03899922035634518
W38942,3Ery,0.6087795495986938,,0.6087795495986938
W38943,5Ery,0.6457772850990295,,0.6457772850990295
W38944,10GMP,0.21903347969055176,0.27066943049430847,0.24485145509243011
W38945,6Ery,0.3506045639514923,,0.3506045639514923
W38947,8Mk,0.4721728563308716,,0.4721728563308716
W38948,4Ery,0.600028932094574,,0.600028932094574
W38949,14Mo,,0.605730414390564,0.605730414390564
W38950,16Neu,,,
W38951,14Mo,,0.49334269762039185,0.49334269762039185
W38952,10GMP,0.06274308264255524,0.06775103509426117,0.0652470588684082
W38953,10GMP,0.019721515476703644,0.049429647624492645,0.034575581550598145
W38954,13Baso,,,
W38955,7MEP,0.3395684063434601,,0.3395684063434601
W38956,15Mo,,0.6525599360466003,0.6525599360466003
W38957,10GMP,0.02830948680639267,0.0618949793279171,0.045102233067154884
W38958,15Mo,,0.5763369202613831,0.5763369202613831
W38959,15Mo,,0.6776602268218994,0.6776602268218994
W38960,14Mo,,0.592886209487915,0.592886209487915
W38961,5Ery,0.5534381866455078,,0.5534381866455078
W38962,13Baso,,,
W38963,9GMP,,0.2367430478334427,0.2367430478334427
W38964,7MEP,0.3000122606754303,,0.3000122606754303
W38965,14Mo,,0.564681351184845,0.564681351184845
W38966,6Ery,0.545949399471283,,0.545949399471283
W38967,2Ery,0.7422463297843933,,0.7422463297843933
W38968,8Mk,0.2913554608821869,,0.2913554608821869
W38969,7MEP,0.3041785955429077,,0.3041785955429077
W38970,5Ery,0.5788655281066895,,0.5788655281066895
W38971,7MEP,0.23059973120689392,,0.23059973120689392
W38972,13Baso,,,
W38973,7MEP,0.29627662897109985,,0.29627662897109985
W38974,5Ery,0.5808484554290771,,0.5808484554290771
W38975,8Mk,0.47047367691993713,,0.47047367691993713
W38976,2Ery,0.7382079362869263,,0.7382079362869263
W38977,2Ery,0.7427572011947632,,0.7427572011947632
W38978,4Ery,0.6553769111633301,,0.6553769111633301
W38979,14Mo,,0.5912468433380127,0.5912468433380127
W38980,15Mo,,0.7311230897903442,0.7311230897903442
W38981,13Baso,,,
W38982,3Ery,0.7393447756767273,,0.7393447756767273
W38983,2Ery,0.646256685256958,,0.646256685256958
W38985,5Ery,0.5307504534721375,,0.5307504534721375
W38987,13Baso,,,
W38989,3Ery,0.5875808000564575,,0.5875808000564575
W38990,6Ery,0.28611427545547485,,0.28611427545547485
W38991,8Mk,0.30996912717819214,,0.30996912717819214
W38992,6Ery,0.3175508975982666,,0.3175508975982666
W38993,15Mo,,0.7349608540534973,0.7349608540534973
W38994,2Ery,0.6270886063575745,,0.6270886063575745
W38996,5Ery,0.5571182370185852,,0.5571182370185852
W38997,6Ery,0.41154614090919495,,0.41154614090919495
W38998,9GMP,,0.22657589614391327,0.22657589614391327
W38999,8Mk,0.36914050579071045,,0.36914050579071045
W39000,15Mo,,0.6738576889038086,0.6738576889038086
W39001,13Baso,,,
W39002,10GMP,0.03583430126309395,0.04686355218291283,0.04134892672300339
W39003,15Mo,,0.7284117341041565,0.7284117341041565
W39004,15Mo,,0.6656680107116699,0.6656680107116699
W39005,2Ery,0.7305199503898621,,0.7305199503898621
W39006,13Baso,,,
W39007,14Mo,,0.6990934610366821,0.6990934610366821
W39008,9GMP,,0.3364361822605133,0.3364361822605133
W39009,2Ery,0.739615797996521,,0.739615797996521
W39010,3Ery,0.651199460029602,,0.651199460029602
W39011,17Neu,,,
W39012,16Neu,,,
W39013,13Baso,,,
W39015,6Ery,0.4890216588973999,,0.4890216588973999
W39017,13Baso,,,
W39018,10GMP,0.24189628660678864,0.78459233045578,0.5132443085312843
W39019,13Baso,,,
W39020,13Baso,,,
W39021,2Ery,0.6151414513587952,,0.6151414513587952
W39022,6Ery,0.2920338809490204,,0.2920338809490204
W39023,15Mo,,0.7936915755271912,0.7936915755271912
W39024,14Mo,,0.5648529529571533,0.5648529529571533
W39025,14Mo,,0.5344430208206177,0.5344430208206177
W39026,13Baso,,,
W39027,14Mo,,0.6380598545074463,0.6380598545074463
W39028,6Ery,0.5058431625366211,,0.5058431625366211
W39029,13Baso,,,
W39030,17Neu,,,
W39031,2Ery,0.6165322661399841,,0.6165322661399841
W39032,6Ery,0.36853405833244324,,0.36853405833244324
W39033,7MEP,0.283893883228302,,0.283893883228302
W39034,10GMP,0.04925382509827614,0.08905383944511414,0.06915383227169514
W39035,10GMP,0.1487884372472763,0.5786699652671814,0.36372920125722885
W39036,6Ery,0.5302725434303284,,0.5302725434303284
W39037,15Mo,,0.6516095399856567,0.6516095399856567
W39038,15Mo,,0.6525188684463501,0.6525188684463501
W39039,6Ery,0.3097960352897644,,0.3097960352897644
W39040,4Ery,0.6233170032501221,,0.6233170032501221
W39041,8Mk,0.8395627737045288,,0.8395627737045288
W39042,6Ery,0.4144521653652191,,0.4144521653652191
W39043,13Baso,,,
W39044,13Baso,,,
W39045,5Ery,0.5551958680152893,,0.5551958680152893
W39047,10GMP,0.19285821914672852,0.6703938841819763,0.4316260516643524
W39048,10GMP,0.26372477412223816,0.3166675269603729,0.29019615054130554
W39050,10GMP,0.047564733773469925,0.07599031925201416,0.06177752651274204
W39051,2Ery,0.6480534672737122,,0.6480534672737122
W39053,16Neu,,,
W39054,14Mo,,0.4938458800315857,0.4938458800315857
W39055,5Ery,0.5442070960998535,,0.5442070960998535
W39056,10GMP,0.16160060465335846,0.641804575920105,0.4017025902867317
W39057,6Ery,0.544838547706604,,0.544838547706604
W39058,2Ery,0.6636543273925781,,0.6636543273925781
W39059,10GMP,0.08218950033187866,0.24596980214118958,0.16407965123653412
W39060,15Mo,,0.6530295014381409,0.6530295014381409
W39061,16Neu,,,
W39062,6Ery,0.3086874783039093,,0.3086874783039093
W39064,10GMP,0.1126638874411583,0.3445341885089874,0.22859903797507286
W39065,15Mo,,0.6824921369552612,0.6824921369552612
W39066,13Baso,,,
W39067,5Ery,0.5333808660507202,,0.5333808660507202
W39068,7MEP,0.281905859708786,,0.281905859708786
W39069,4Ery,0.6284133791923523,,0.6284133791923523
W39070,7MEP,0.22884750366210938,,0.22884750366210938
W39071,3Ery,0.5535973310470581,,0.5535973310470581
W39073,13Baso,,,
W39074,13Baso,,,
W39075,13Baso,,,
W39076,3Ery,0.6558836698532104,,0.6558836698532104
W39077,1Ery,0.7708746790885925,,0.7708746790885925
W39078,15Mo,,0.5164096355438232,0.5164096355438232
W39079,8Mk,0.3021455407142639,,0.3021455407142639
W39081,7MEP,0.19157366454601288,,0.19157366454601288
W39082,7MEP,0.2896113693714142,,0.2896113693714142
W39083,13Baso,,,
W39084,13Baso,,,
W39085,5Ery,0.5641463994979858,,0.5641463994979858
W39087,6Ery,0.30111223459243774,,0.30111223459243774
W39088,15Mo,,0.7107809782028198,0.7107809782028198
W39089,13Baso,,,
W39090,14Mo,,0.5662265419960022,0.5662265419960022
W39091,10GMP,0.37607887387275696,0.3408541679382324,0.3584665209054947
W39092,13Baso,,,
W39093,7MEP,0.3012903332710266,,0.3012903332710266
W39094,15Mo,,0.586760938167572,0.586760938167572
W39095,8Mk,0.5143423676490784,,0.5143423676490784
W39096,9GMP,,0.7065879702568054,0.7065879702568054
W39097,4Ery,0.551626443862915,,0.551626443862915
W39098,17Neu,,,
W39099,2Ery,0.6666651368141174,,0.6666651368141174
W39100,14Mo,,0.5348311066627502,0.5348311066627502
W39101,15Mo,,0.6335234045982361,0.6335234045982361
W39103,14Mo,,0.5595558285713196,0.5595558285713196
W39104,6Ery,0.5367065668106079,,0.5367065668106079
W39105,6Ery,0.41473954916000366,,0.41473954916000366
W39106,10GMP,0.02626177854835987,0.06346475332975388,0.04486326593905687
W39107,6Ery,0.3116966485977173,,0.3116966485977173
W39109,13Baso,,,
W39110,6Ery,0.30808982253074646,,0.30808982253074646
W39111,12Baso,,,
W39112,3Ery,0.7244060039520264,,0.7244060039520264
W39113,13Baso,,,
W39114,13Baso,,,
W39115,16Neu,,,
W39116,10GMP,0.24178816378116608,0.8043525815010071,0.5230703726410866
W39117,16Neu,,,
W39118,13Baso,,,
W39119,5Ery,0.5455999374389648,,0.5455999374389648
W39120,2Ery,0.7466221451759338,,0.7466221451759338
W39121,9GMP,,0.46918800473213196,0.46918800473213196
W39122,16Neu,,,
W39123,8Mk,0.2797737717628479,,0.2797737717628479
W39125,13Baso,,,
W39126,10GMP,0.04176386073231697,0.08586955070495605,0.06381670571863651
W39127,5Ery,0.560844898223877,,0.560844898223877
W39128,15Mo,,0.5781640410423279,0.5781640410423279
W39129,13Baso,,,
W39130,9GMP,,0.5919046998023987,0.5919046998023987
W39131,14Mo,,0.4965009391307831,0.4965009391307831
W39134,13Baso,,,
W39135,14Mo,,0.5759143829345703,0.5759143829345703
W39137,15Mo,,0.6487427353858948,0.6487427353858948
W39138,15Mo,,0.6360825896263123,0.6360825896263123
W39139,10GMP,0.008846728131175041,0.029830336570739746,0.019338532350957394
W39140,15Mo,,0.7383778095245361,0.7383778095245361
W39141,16Neu,,,
W39142,6Ery,0.48997703194618225,,0.48997703194618225
W39143,2Ery,0.6262755990028381,,0.6262755990028381
W39144,13Baso,,,
W39145,5Ery,0.3103044331073761,,0.3103044331073761
W39146,7MEP,0.301392138004303,,0.301392138004303
W39148,6Ery,0.31579846143722534,,0.31579846143722534
W39149,13Baso,,,
W39150,2Ery,0.6804050803184509,,0.6804050803184509
W39152,7MEP,0.29870498180389404,,0.29870498180389404
W39153,13Baso,,,
W39154,2Ery,0.6360369920730591,,0.6360369920730591
W39155,14Mo,,0.5415574908256531,0.5415574908256531
W39156,13Baso,,,
W39157,8Mk,0.8295276761054993,,0.8295276761054993
W39158,13Baso,,,
W39159,7MEP,0.32204151153564453,,0.32204151153564453
W39160,10GMP,0.07081284373998642,0.06261783093214035,0.06671533733606339
W39161,10GMP,0.15522651374340057,0.6038945317268372,0.37956052273511887
W39162,14Mo,,0.5618195533752441,0.5618195533752441
W39163,16Neu,,,
W39164,2Ery,0.6241071224212646,,0.6241071224212646
W39165,13Baso,,,
W39166,7MEP,0.2858272194862366,,0.2858272194862366
W39167,15Mo,,0.5998284816741943,0.5998284816741943
W39168,3Ery,0.6384595632553101,,0.6384595632553101
