cell_id,paul15_clusters,umap1,umap2,dpt_pseudotime_finite
W31105,7MEP,5.714427471160889,0.2884764075279236,0.26394036412239075
W31106,15Mo,8.525863647460938,15.880221366882324,0.2705714702606201
W31107,3Ery,-11.033063888549805,-1.1747450828552246,0.8279320597648621
W31108,15Mo,12.421757698059082,20.803335189819336,0.2984533905982971
W31109,3Ery,-10.24229621887207,-1.5771689414978027,0.8032098412513733
W31110,15Mo,10.372251510620117,8.024048805236816,0.11116164177656174
W31111,4Ery,1.659590482711792,-13.942825317382812,0.5717760920524597
W31113,2Ery,6.038065433502197,-6.0980048179626465,0.44718968868255615
W31114,3Ery,5.736551284790039,-4.705605983734131,0.4654439389705658
W31115,2Ery,-9.311596870422363,-5.350938320159912,0.781943142414093
W31116,2Ery,8.20340633392334,-1.0205180644989014,0.6347707509994507
W31117,17Neu,13.558128356933594,5.9943413734436035,0.13448494672775269
W31118,14Mo,5.622185707092285,11.775628089904785,0.16898179054260254
W31119,13Baso,7.056563854217529,9.495683670043945,0.15300790965557098
W31120,3Ery,-4.844692707061768,-3.1124515533447266,0.7562916278839111
W31121,7MEP,6.492487907409668,1.966654658317566,0.21997907757759094
W31122,3Ery,-5.2394537925720215,1.157064437866211,0.7292134761810303
W31123,3Ery,-2.9852352142333984,-0.0008629236835986376,0.6881809830665588
W31124,2Ery,-8.18488883972168,-5.840954303741455,0.7469868659973145
W31125,8Mk,15.886004447937012,-2.8575351238250732,0.3730767071247101
W31126,3Ery,5.3047566413879395,-12.224747657775879,0.5128334164619446
W31127,9GMP,8.916537284851074,7.613503456115723,0.018819518387317657
W31128,8Mk,10.849722862243652,1.2710551023483276,0.217029869556427
W31129,10GMP,7.27933931350708,5.913023948669434,0.0
W31130,15Mo,7.776140213012695,16.08292579650879,0.19056154787540436
W31131,16Neu,11.473575592041016,19.134502410888672,0.2856970429420471
W31132,4Ery,-1.9555656909942627,-6.525272846221924,0.6538330912590027
W31133,13Baso,10.903499603271484,6.590338230133057,0.052392784506082535
W31134,17Neu,11.99344253540039,7.191420078277588,0.09715180844068527
W31136,3Ery,-6.300817012786865,-0.4277680814266205,0.7594070434570312
W31137,2Ery,-4.501400470733643,0.0034423465840518475,0.7229284644126892
W31138,3Ery,-4.7798027992248535,2.0742363929748535,0.6974040865898132
W31139,5Ery,4.876315116882324,-9.46280574798584,0.46873870491981506
W31140,3Ery,-0.7461225986480713,-15.258180618286133,0.6383286118507385
W31141,13Baso,5.823813438415527,11.699116706848145,0.16430340707302094
W31142,1Ery,-11.589323997497559,-10.197772026062012,1.0
W31143,3Ery,-9.459757804870605,-1.1915898323059082,0.7791982293128967
W31144,6Ery,5.019991874694824,-12.261539459228516,0.48527991771698
W31145,15Mo,15.381484031677246,14.091976165771484,0.32656335830688477
W31146,3Ery,3.461142063140869,-11.871818542480469,0.5063580870628357
W31147,3Ery,-5.139906883239746,-5.352383613586426,0.6454961895942688
W31148,14Mo,5.824687957763672,13.629769325256348,0.1515999585390091
W31150,12Baso,10.589945793151855,6.914491653442383,0.06286512315273285
W31151,3Ery,-11.634539604187012,-0.791985034942627,0.8505136370658875
W31152,14Mo,1.518418788909912,13.794652938842773,0.23782534897327423
W31153,6Ery,0.9456501007080078,-13.447199821472168,0.6470092535018921
W31154,4Ery,0.21988941729068756,-10.921640396118164,0.6162270307540894
W31155,7MEP,7.142639636993408,3.3400063514709473,0.16262954473495483
W31156,2Ery,-4.725284099578857,-5.299240589141846,0.8146461248397827
W31157,13Baso,2.691838502883911,5.6976094245910645,0.03319283947348595
W31158,14Mo,13.540285110473633,11.023428916931152,0.26825082302093506
W31159,6Ery,5.861899375915527,-11.20296573638916,0.5086367130279541
W31160,18Eos,23.492752075195312,9.955971717834473,0.618824303150177
W31161,4Ery,-3.0322656631469727,-4.317831039428711,0.7779309153556824
W31162,3Ery,-0.49635186791419983,-7.789762496948242,0.63681960105896
W31163,3Ery,-1.0572072267532349,-0.6870859265327454,0.7413932085037231
W31164,14Mo,2.3141427040100098,13.351099967956543,0.21424534916877747
W31165,2Ery,-7.946000099182129,-6.3753743171691895,0.8405082821846008
W31166,13Baso,3.3967182636260986,13.52957820892334,0.21210655570030212
W31167,2Ery,-8.047969818115234,-6.3711628913879395,0.8170979022979736
W31168,13Baso,18.481966018676758,9.07111644744873,0.2907301187515259
W31169,13Baso,15.75148868560791,8.881595611572266,0.26355794072151184
W31170,14Mo,16.075464248657227,7.31144905090332,0.2926763594150543
W31171,7MEP,6.510522842407227,1.245425820350647,0.2367812991142273
W31172,7MEP,6.307426929473877,-3.842024087905884,0.37046194076538086
W31173,7MEP,8.11927318572998,1.6425186395645142,0.241493359208107
W31174,10GMP,0.4916641414165497,5.729625225067139,0.0772295817732811
W31175,12Baso,10.191801071166992,7.1333818435668945,0.04620804265141487
W31176,6Ery,6.054841995239258,-1.7976856231689453,0.302534282207489
W31177,5Ery,7.784592628479004,-9.574407577514648,0.44795358180999756
W31178,5Ery,5.018331527709961,-9.98591423034668,0.5085709095001221
W31179,14Mo,13.68099308013916,11.72840690612793,0.23231041431427002
W31180,4Ery,-0.33920663595199585,-7.503674507141113,0.5943121314048767
W31181,16Neu,16.435882568359375,16.245634078979492,0.37413740158081055
W31182,16Neu,13.955008506774902,18.008502960205078,0.3613216280937195
W31183,3Ery,-4.510851860046387,1.0921562910079956,0.7012745141983032
W31184,2Ery,-5.187429904937744,-7.456614017486572,0.7165243029594421
W31185,6Ery,-0.10898014158010483,-9.034795761108398,0.6026491522789001
W31186,13Baso,3.8250234127044678,10.822957038879395,0.2321847379207611
W31187,13Baso,6.441003322601318,7.429806709289551,0.12217022478580475
W31188,10GMP,8.012151718139648,7.728215217590332,0.033118050545454025
W31189,14Mo,12.785661697387695,10.446308135986328,0.1885559856891632
W31190,5Ery,1.380334734916687,-8.12893009185791,0.6115854382514954
W31191,7MEP,7.543512344360352,0.14352767169475555,0.28177404403686523
W31192,7MEP,6.854078769683838,0.8572958111763,0.25562629103660583
W31193,5Ery,1.249319314956665,-11.255378723144531,0.6007234454154968
W31194,6Ery,8.542614936828613,-8.131340980529785,0.41668421030044556
W31195,2Ery,-8.395292282104492,-2.9767417907714844,0.7927730679512024
W31196,10GMP,8.131112098693848,-6.002163887023926,0.3535293638706207
W31197,10GMP,6.537711143493652,7.38819694519043,0.12946292757987976
W31198,2Ery,-3.471558094024658,-4.906008243560791,0.7513816952705383
W31199,7MEP,10.881562232971191,6.04543924331665,0.09680978953838348
W31200,6Ery,9.171499252319336,-6.204014778137207,0.3866201341152191
W31201,7MEP,7.638108730316162,-3.175004482269287,0.3579312860965729
W31202,14Mo,5.689493179321289,13.592297554016113,0.21119768917560577
W31203,16Neu,9.848321914672852,16.044212341308594,0.2453012615442276
W31204,10GMP,0.40989506244659424,5.806643009185791,0.07863511145114899
W31205,3Ery,-1.6297475099563599,-8.389490127563477,0.576553463935852
W31206,3Ery,-6.583435535430908,0.44604623317718506,0.8172678351402283
W31207,13Baso,1.1625713109970093,12.865440368652344,0.30347177386283875
W31209,1Ery,-11.777491569519043,-10.173206329345703,0.9563295841217041
W31210,14Mo,7.67240571975708,16.008010864257812,0.18053674697875977
W31211,15Mo,6.160791873931885,15.720931053161621,0.23968623578548431
W31212,2Ery,-5.731998920440674,-12.118025779724121,0.6832738518714905
W31213,5Ery,7.829570770263672,-6.949395656585693,0.4100719392299652
W31214,2Ery,-4.310251235961914,-8.535157203674316,0.7944887280464172
W31215,5Ery,7.479727268218994,-8.40209674835205,0.47615596652030945
W31217,3Ery,-5.265961647033691,-0.905694305896759,0.6895198225975037
W31218,14Mo,4.925512313842773,15.707849502563477,0.17448100447654724
W31219,10GMP,2.8510894775390625,5.495212554931641,0.032199881970882416
W31220,2Ery,-11.249869346618652,-7.49977970123291,0.9178597927093506
W31221,7MEP,6.247109889984131,1.9733272790908813,0.22143420577049255
W31222,4Ery,-3.8797247409820557,-1.2706564664840698,0.7573275566101074
W31223,9GMP,9.507144927978516,3.735093116760254,0.11490438133478165
W31224,7MEP,8.716955184936523,1.5609749555587769,0.2415304332971573
W31225,3Ery,-5.043389797210693,-5.178704738616943,0.6707071661949158
W31226,16Neu,18.416494369506836,17.42041015625,0.27530238032341003
W31228,10GMP,8.225540161132812,9.778770446777344,0.0640668123960495
W31229,6Ery,4.774172306060791,-12.381904602050781,0.5413151383399963
W31230,3Ery,6.157484531402588,-11.235146522521973,0.4716251492500305
W31231,2Ery,-5.566310882568359,-8.23469066619873,0.706914484500885
W31232,5Ery,-1.441153645515442,-6.617724895477295,0.6870708465576172
W31233,2Ery,-4.761420726776123,-7.4724016189575195,0.6465813517570496
W31234,2Ery,-4.609095096588135,-7.262948036193848,0.6298218965530396
W31236,5Ery,2.257521629333496,-9.27900218963623,0.6249301433563232
W31237,14Mo,0.8563623428344727,14.46912956237793,0.23737244307994843
W31238,5Ery,3.3574416637420654,-12.769634246826172,0.5936057567596436
W31239,14Mo,7.614328384399414,15.569917678833008,0.2361021488904953
W31240,3Ery,3.365100622177124,-12.661662101745605,0.5265201330184937
W31241,2Ery,-6.6524739265441895,-4.078034400939941,0.7466376423835754
W31242,16Neu,14.352022171020508,15.506017684936523,0.2827245593070984
W31243,2Ery,-10.751236915588379,-5.880309581756592,0.8386082053184509
W31244,13Baso,10.577374458312988,12.735505104064941,0.23419037461280823
W31245,16Neu,13.587352752685547,13.84985637664795,0.2219853699207306
W31246,2Ery,-4.710301399230957,-8.354305267333984,0.8059191107749939
W31247,3Ery,-7.570481777191162,-2.4952657222747803,0.7510141134262085
W31248,3Ery,-3.866880178451538,-0.5651465654373169,0.595257580280304
W31249,14Mo,7.377596855163574,15.82231330871582,0.19988010823726654
W31250,5Ery,-1.4109559059143066,-6.708689212799072,0.6287837028503418
W31251,16Neu,18.384498596191406,17.90792465209961,0.30775633454322815
W31252,14Mo,3.5008161067962646,13.68244743347168,0.20256167650222778
W31253,14Mo,10.40466022491455,12.645034790039062,0.22693929076194763
W31254,13Baso,16.070194244384766,9.197747230529785,0.21326462924480438
W31255,3Ery,-4.99349308013916,-5.175224304199219,0.6323851346969604
W31256,14Mo,10.139808654785156,14.648155212402344,0.27959108352661133
W31257,7MEP,5.070666313171387,-0.2989828288555145,0.2733954191207886
W31259,14Mo,9.54133415222168,8.969926834106445,0.08037234842777252
W31260,10GMP,10.495018005371094,12.79980182647705,0.22345410287380219
W31262,2Ery,6.588582992553711,-7.839770793914795,0.450199693441391
W31263,14Mo,8.935872077941895,10.959221839904785,0.14718283712863922
W31264,15Mo,12.670681953430176,13.953483581542969,0.22596128284931183
W31265,14Mo,4.909613132476807,15.211260795593262,0.23744863271713257
W31266,16Neu,16.553306579589844,18.065139770507812,0.35947850346565247
W31267,10GMP,3.081881046295166,5.484872817993164,0.037429776042699814
W31268,7MEP,9.460431098937988,4.720578193664551,0.07997453957796097
W31269,5Ery,6.728426933288574,-7.361671447753906,0.4589712619781494
W31270,16Neu,14.005345344543457,13.795918464660645,0.21715237200260162
W31271,2Ery,-5.347148895263672,-11.863578796386719,0.639449954032898
W31272,16Neu,12.747552871704102,13.781564712524414,0.2725943326950073
W31273,14Mo,11.700074195861816,11.518495559692383,0.27303555607795715
W31274,10GMP,9.084997177124023,8.501324653625488,0.044640034437179565
W31275,16Neu,19.401229858398438,17.339841842651367,0.4009317457675934
W31276,8Mk,10.515233993530273,1.5053616762161255,0.2453121691942215
W31277,7MEP,8.639585494995117,-5.091273784637451,0.3751130700111389
W31278,14Mo,4.741082668304443,14.066570281982422,0.1812993586063385
W31279,7MEP,7.898777484893799,0.8582692742347717,0.24314133822917938
W31280,2Ery,-5.1628570556640625,-7.89899206161499,0.6989999413490295
W31281,14Mo,1.2210934162139893,14.10177993774414,0.22253429889678955
W31282,14Mo,9.83400821685791,14.272804260253906,0.20686374604701996
W31283,4Ery,-1.8151452541351318,-8.000960350036621,0.6225748658180237
W31284,5Ery,5.455937385559082,-9.032400131225586,0.5513603687286377
W31285,14Mo,10.101741790771484,12.73819351196289,0.2126619815826416
W31286,14Mo,11.02479362487793,14.921178817749023,0.2823083996772766
W31287,10GMP,10.841670036315918,1.6876723766326904,0.224115252494812
W31288,6Ery,4.389636516571045,0.5578753352165222,0.2857872247695923
W31289,5Ery,4.910314083099365,-8.089160919189453,0.45418021082878113
W31290,14Mo,6.535118579864502,15.305654525756836,0.22677364945411682
W31291,3Ery,-8.109306335449219,-2.2907028198242188,0.7685691714286804
W31292,5Ery,2.484804630279541,-12.11407470703125,0.5313524007797241
W31293,15Mo,12.590253829956055,10.83538818359375,0.23720954358577728
W31294,5Ery,-1.6455652713775635,-6.869276523590088,0.7355489134788513
W31295,14Mo,7.6314496994018555,16.050315856933594,0.17899921536445618
W31296,16Neu,7.9881510734558105,14.989853858947754,0.32888689637184143
W31297,8Mk,9.126630783081055,1.6858793497085571,0.2801554799079895
W31298,3Ery,-8.149478912353516,-3.565167188644409,0.7251592874526978
W31299,14Mo,12.08413314819336,20.004892349243164,0.22375063598155975
W31300,12Baso,9.987445831298828,0.6084972620010376,0.21067772805690765
W31301,14Mo,10.257344245910645,8.829961776733398,0.12319888174533844
W31302,3Ery,-8.913736343383789,-1.893487572669983,0.668157696723938
W31303,5Ery,7.7541184425354,-5.980502605438232,0.3883573114871979
W31305,16Neu,13.046631813049316,14.247184753417969,0.1855095475912094
W31306,15Mo,12.269853591918945,21.30643653869629,0.31484928727149963
W31307,13Baso,0.29324471950531006,14.041544914245605,0.30995211005210876
W31309,5Ery,3.0618607997894287,-12.341631889343262,0.5876190066337585
W31310,3Ery,-4.398618698120117,0.6874285936355591,0.7138867378234863
W31311,13Baso,4.917025089263916,9.192083358764648,0.16072115302085876
W31312,12Baso,11.391241073608398,6.504095077514648,0.10011829435825348
W31313,8Mk,7.393477916717529,2.8662073612213135,0.18084660172462463
W31314,7MEP,7.956448554992676,0.2924087345600128,0.27720534801483154
W31315,6Ery,7.9532151222229,-9.082517623901367,0.42276090383529663
W31316,2Ery,-4.5558552742004395,-6.751524448394775,0.6627975702285767
W31317,3Ery,-7.465414047241211,-0.8217816352844238,0.7690426707267761
W31318,3Ery,-9.905223846435547,-1.121602177619934,0.7361729741096497
W31319,15Mo,7.947035312652588,14.711882591247559,0.18119865655899048
W31321,3Ery,5.505616188049316,-4.778159141540527,0.46717000007629395
W31322,3Ery,-3.791153907775879,-0.898973286151886,0.7006580233573914
W31323,3Ery,0.5050641298294067,-14.663081169128418,0.609907865524292
W31324,8Mk,7.584235191345215,-0.8991711735725403,0.324062317609787
W31325,2Ery,-0.7682034969329834,-7.947826862335205,0.6576752066612244
W31326,2Ery,-5.140599250793457,-5.445438385009766,0.7307759523391724
W31327,14Mo,9.48433780670166,18.986309051513672,0.25736021995544434
W31328,3Ery,-4.032062530517578,-1.1226035356521606,0.6800503730773926
W31329,15Mo,10.48582649230957,19.310144424438477,0.23385962843894958
W31330,14Mo,5.72805643081665,13.704488754272461,0.25901541113853455
W31331,7MEP,7.171480178833008,-1.0253740549087524,0.32731449604034424
W31332,15Mo,16.162616729736328,16.14151954650879,0.3380921185016632
W31333,3Ery,0.30998602509498596,-9.287752151489258,0.6331691741943359
W31334,3Ery,-3.7415833473205566,-1.2346943616867065,0.736925482749939
W31335,13Baso,11.46280288696289,11.603925704956055,0.22557078301906586
W31336,15Mo,10.818496704101562,19.2904109954834,0.2708255648612976
W31337,3Ery,-11.164027214050293,-1.0905985832214355,0.7798714637756348
W31338,15Mo,11.202861785888672,19.168344497680664,0.23560594022274017
W31339,13Baso,15.721396446228027,8.506487846374512,0.2806531488895416
W31340,3Ery,0.7704346776008606,-14.441253662109375,0.5763634443283081
W31341,15Mo,12.824549674987793,14.235272407531738,0.25777798891067505
W31342,15Mo,12.879270553588867,19.601383209228516,0.35349661111831665
W31343,13Baso,18.525503158569336,9.183381080627441,0.28864753246307373
W31345,4Ery,-0.19597147405147552,-13.10377311706543,0.5891650319099426
W31346,3Ery,1.2526938915252686,-13.564253807067871,0.6076672673225403
W31347,14Mo,7.248300075531006,11.771034240722656,0.1860240399837494
W31348,4Ery,-2.9335551261901855,-5.787486553192139,0.7297624945640564
W31349,6Ery,7.73322868347168,-6.03226375579834,0.39721524715423584
W31350,16Neu,18.937997817993164,19.793888092041016,0.40162739157676697
W31351,14Mo,16.452760696411133,7.356573104858398,0.2470342218875885
W31353,3Ery,-9.706185340881348,-5.002807140350342,0.8189782500267029
W31354,17Neu,14.81936264038086,4.366470813751221,0.27061745524406433
W31355,15Mo,10.315128326416016,11.765515327453613,0.2097560614347458
W31356,4Ery,1.8033479452133179,-11.499489784240723,0.6166911125183105
W31357,3Ery,-2.0673768520355225,-0.20821581780910492,0.758961021900177
W31358,6Ery,8.080742835998535,-5.530830383300781,0.36726683378219604
W31359,14Mo,3.6995797157287598,12.804412841796875,0.22166450321674347
W31360,3Ery,0.4807109534740448,-14.947452545166016,0.5785679221153259
W31361,16Neu,12.347174644470215,15.198670387268066,0.2299598902463913
W31362,14Mo,19.12000846862793,9.219635009765625,0.34742870926856995
W31363,15Mo,11.81307601928711,11.663542747497559,0.2701936364173889
W31364,7MEP,7.781930923461914,-0.6303682327270508,0.32297301292419434
W31365,13Baso,5.526888847351074,9.427382469177246,0.14520756900310516
W31366,15Mo,12.532718658447266,13.855637550354004,0.23596888780593872
W31367,14Mo,15.41903018951416,8.425727844238281,0.2824755012989044
W31368,3Ery,-5.271554470062256,1.1352386474609375,0.7353712916374207
W31369,2Ery,-5.272033214569092,-8.49470043182373,0.7815896272659302
W31370,2Ery,-3.010061264038086,-4.370988845825195,0.7871498465538025
W31371,14Mo,11.100841522216797,9.417500495910645,0.14142771065235138
W31372,2Ery,-10.678373336791992,-6.018960952758789,0.745720386505127
W31373,13Baso,11.960294723510742,7.22428035736084,0.08004168421030045
W31374,2Ery,-4.1189775466918945,-5.136963844299316,0.6693277955055237
W31375,3Ery,1.123233675956726,-12.912367820739746,0.5388814806938171
W31376,13Baso,7.6128716468811035,7.709588050842285,0.05542409420013428
W31377,12Baso,8.951443672180176,4.763705253601074,0.11304952204227448
W31378,2Ery,-4.773513317108154,-7.483348369598389,0.6222242116928101
W31379,10GMP,8.621769905090332,4.447820663452148,0.0782209113240242
W31380,5Ery,5.8991193771362305,-9.01056957244873,0.555724024772644
W31381,13Baso,0.5267431139945984,14.194478988647461,0.2578447759151459
W31382,3Ery,-4.93125581741333,1.8028544187545776,0.6817812919616699
W31383,9GMP,6.0302629470825195,6.2917609214782715,0.02546701766550541
W31386,15Mo,13.99695110321045,16.373737335205078,0.2950993776321411
W31387,2Ery,-5.574549198150635,-7.703887939453125,0.7303016185760498
W31388,10GMP,7.10423469543457,6.020040988922119,0.00643056770786643
W31389,5Ery,1.6792646646499634,-11.754667282104492,0.5913271903991699
W31390,5Ery,6.165838241577148,-9.273255348205566,0.5744770169258118
W31391,2Ery,-5.412355899810791,-8.152320861816406,0.7399040460586548
W31392,14Mo,7.371477127075195,11.293429374694824,0.13162727653980255
W31393,13Baso,4.819150447845459,9.436134338378906,0.18967285752296448
W31394,2Ery,-5.737611770629883,-6.762947082519531,0.7104595899581909
W31395,14Mo,6.31605339050293,14.223723411560059,0.2544289827346802
W31396,16Neu,17.3458194732666,15.228235244750977,0.3371575176715851
W31397,12Baso,9.764867782592773,5.073604583740234,0.11352850496768951
W31398,14Mo,7.666857719421387,13.6835298538208,0.19712898135185242
W31399,14Mo,9.662344932556152,14.188586235046387,0.23096808791160583
W31401,3Ery,-3.8372414112091064,-0.9945394396781921,0.7397193312644958
W31402,14Mo,5.825335502624512,11.72266960144043,0.18377403914928436
W31403,13Baso,5.307606220245361,9.082146644592285,0.1175677701830864
W31405,12Baso,9.596207618713379,11.996581077575684,0.1711830347776413
W31406,5Ery,6.115749835968018,-9.041120529174805,0.5268825888633728
W31407,10GMP,8.875489234924316,3.833794116973877,0.1292235404253006
W31409,14Mo,4.440425872802734,14.846280097961426,0.2491464912891388
W31410,4Ery,2.0236427783966064,-12.008996963500977,0.5254286527633667
W31411,15Mo,10.10933780670166,16.07466697692871,0.2760891914367676
W31413,3Ery,0.13934627175331116,-14.725042343139648,0.626774787902832
W31414,4Ery,-0.35730141401290894,-6.484703540802002,0.6963026523590088
W31415,4Ery,1.950717806816101,-8.523250579833984,0.5472951531410217
W31416,4Ery,-1.3118082284927368,-7.696727275848389,0.7126148343086243
W31418,4Ery,-5.6282734870910645,-4.894860744476318,0.6532008647918701
W31419,5Ery,4.165431499481201,-8.169419288635254,0.4989629089832306
W31420,1Ery,-12.031665802001953,-8.74515438079834,0.8960534334182739
W31421,16Neu,14.996349334716797,17.817752838134766,0.24895697832107544
W31422,14Mo,3.9195938110351562,15.516984939575195,0.1897267997264862
W31423,2Ery,-5.229072093963623,-7.087637901306152,0.7832812666893005
W31424,5Ery,5.452192306518555,-9.67322826385498,0.5819833874702454
W31425,15Mo,16.323713302612305,14.635577201843262,0.2882508337497711
W31426,5Ery,2.9728000164031982,-12.944014549255371,0.5944921374320984
W31427,2Ery,-3.6911559104919434,-11.447595596313477,0.6926710605621338
W31428,5Ery,3.706660509109497,-11.795836448669434,0.5513669848442078
W31429,1Ery,-11.727949142456055,-8.239327430725098,0.7600645422935486
W31430,7MEP,7.059779644012451,-2.8621785640716553,0.2735976278781891
W31431,2Ery,-3.806920051574707,-8.335694313049316,0.680496335029602
W31432,14Mo,10.959718704223633,11.400799751281738,0.14182892441749573
W31433,10GMP,12.293545722961426,1.6258128881454468,0.22450195252895355
W31434,2Ery,0.13695847988128662,-8.456388473510742,0.6660025119781494
W31436,14Mo,8.059398651123047,15.793187141418457,0.19531705975532532
W31437,6Ery,7.511538982391357,-5.299930572509766,0.3562856912612915
W31439,9GMP,10.844686508178711,2.5312798023223877,0.156142458319664
W31440,3Ery,-9.924914360046387,-1.7730735540390015,0.7586907744407654
W31441,2Ery,-0.8758797645568848,-8.446847915649414,0.613059937953949
W31442,3Ery,0.15214234590530396,-8.619985580444336,0.6926016807556152
W31443,12Baso,9.51594066619873,4.749578952789307,0.10904860496520996
W31444,2Ery,3.1067252159118652,-8.498291015625,0.6055985689163208
W31445,18Eos,23.595678329467773,10.03561019897461,0.7444073557853699
W31446,5Ery,0.055670060217380524,-9.47299575805664,0.565067708492279
W31447,3Ery,1.6360222101211548,-8.885031700134277,0.5980916619300842
W31448,15Mo,11.00245189666748,15.478665351867676,0.18642167747020721
W31451,14Mo,8.316603660583496,11.80622673034668,0.15363624691963196
W31452,2Ery,-7.831583499908447,-5.838717460632324,0.6864460706710815
W31453,6Ery,8.745299339294434,-6.642757892608643,0.41942882537841797
W31454,14Mo,9.911626815795898,12.464359283447266,0.19279803335666656
W31455,2Ery,-11.343255043029785,-7.590817451477051,0.8287384510040283
W31456,5Ery,3.570927858352661,-8.632590293884277,0.6266636848449707
W31457,12Baso,10.304193496704102,5.6295881271362305,0.09087469428777695
W31458,7MEP,11.049654006958008,1.9252773523330688,0.22070100903511047
W31459,17Neu,14.287261962890625,5.062121868133545,0.1951608806848526
W31460,14Mo,8.992066383361816,15.743370056152344,0.19589675962924957
W31461,2Ery,-2.9797987937927246,-8.468896865844727,0.671449601650238
W31462,5Ery,4.149371147155762,-8.030903816223145,0.4817931354045868
W31463,2Ery,-4.929325580596924,-11.468955993652344,0.7034679055213928
W31464,14Mo,0.24910888075828552,14.688377380371094,0.3122577369213104
W31465,13Baso,3.667658805847168,16.28934097290039,0.24111440777778625
W31466,15Mo,8.99255657196045,15.791726112365723,0.2746163010597229
W31467,2Ery,-2.7048180103302,-4.639754295349121,0.731209933757782
W31468,13Baso,6.7194108963012695,10.988398551940918,0.11341935396194458
W31469,16Neu,16.55059242248535,17.254484176635742,0.3025726079940796
W31470,5Ery,1.2090924978256226,-12.215436935424805,0.6061751842498779
W31471,14Mo,18.74323844909668,9.3077974319458,0.30796101689338684
W31472,16Neu,16.84228515625,17.201662063598633,0.256734699010849
W31473,14Mo,10.386302947998047,14.399492263793945,0.22767730057239532
W31474,16Neu,19.350749969482422,17.6814022064209,0.34618377685546875
W31475,14Mo,0.7417330145835876,16.186086654663086,0.2915128469467163
W31476,8Mk,16.50551986694336,-3.4203622341156006,0.4432106912136078
W31477,10GMP,8.501873970031738,6.7066216468811035,0.0273098424077034
W31478,14Mo,10.417032241821289,15.154159545898438,0.25778141617774963
W31479,5Ery,2.741697311401367,-8.529439926147461,0.5845109820365906
W31480,7MEP,4.042926788330078,0.17631986737251282,0.27186471223831177
W31481,2Ery,-2.4912383556365967,-6.410571575164795,0.7019122838973999
W31483,14Mo,12.048747062683105,9.210968971252441,0.32075485587120056
W31484,13Baso,-0.033785559237003326,14.479226112365723,0.3292675018310547
W31485,2Ery,-1.546726942062378,-6.61994743347168,0.6513946652412415
W31486,5Ery,4.624411106109619,-9.006051063537598,0.46711036562919617
W31487,14Mo,3.292296886444092,16.7210750579834,0.2440415769815445
W31489,14Mo,3.1986746788024902,14.798086166381836,0.20977431535720825
W31491,9GMP,5.693118572235107,6.2973833084106445,0.02158058062195778
W31492,4Ery,-0.21099978685379028,-6.924970626831055,0.7048397660255432
W31493,10GMP,8.162930488586426,9.886116981506348,0.05783499777317047
W31494,13Baso,12.511702537536621,10.882767677307129,0.22595186531543732
W31495,10GMP,9.312238693237305,3.9657840728759766,0.11495362967252731
W31497,7MEP,6.469847679138184,-0.4012877941131592,0.26583459973335266
W31498,10GMP,0.9537726044654846,5.693613052368164,0.07287091761827469
W31499,3Ery,4.827450275421143,-12.60863971710205,0.5523181557655334
W31500,2Ery,-4.7285990715026855,-5.027494430541992,0.6457261443138123
W31501,14Mo,4.145419120788574,14.03344440460205,0.16385895013809204
W31502,10GMP,4.551559925079346,6.334283351898193,0.02960832603275776
W31503,15Mo,13.363584518432617,16.03968048095703,0.2540845274925232
W31504,13Baso,12.155466079711914,20.9340877532959,0.3120407462120056
W31505,7MEP,7.385024070739746,2.073580741882324,0.20562198758125305
W31506,6Ery,7.144676208496094,-0.5375922322273254,0.35288792848587036
W31507,7MEP,6.619475364685059,-4.09859037399292,0.3480750024318695
W31508,5Ery,6.574164390563965,-9.680356979370117,0.5493718385696411
W31509,14Mo,8.40323543548584,15.888323783874512,0.23582623898983002
W31510,13Baso,2.890784502029419,16.483402252197266,0.24971215426921844
W31511,10GMP,6.844885349273682,6.772757053375244,0.04533809423446655
W31512,7MEP,7.349200248718262,-3.6408019065856934,0.3347809612751007
W31513,3Ery,-6.555978775024414,0.2178267240524292,0.7574663162231445
W31514,7MEP,8.46466064453125,1.0334713459014893,0.22222751379013062
W31515,13Baso,3.7487900257110596,11.23948860168457,0.18231090903282166
W31516,1Ery,-10.337814331054688,-6.048871040344238,0.7897394299507141
W31517,14Mo,8.537440299987793,12.38741683959961,0.17027409374713898
W31518,13Baso,-0.0312512069940567,14.232443809509277,0.3408493399620056
W31519,10GMP,8.515005111694336,9.645878791809082,0.05417473241686821
W31520,9GMP,8.40717887878418,7.431320667266846,0.018550707027316093
W31521,3Ery,0.2150193601846695,-14.607949256896973,0.5797708630561829
W31522,13Baso,4.117955207824707,12.463229179382324,0.21598248183727264
W31523,2Ery,-7.8627610206604,-5.563087463378906,0.7857686281204224
W31524,13Baso,7.577365875244141,13.036205291748047,0.16564913094043732
W31525,2Ery,-3.488856554031372,-4.196431636810303,0.7406883835792542
W31526,6Ery,6.287224292755127,2.136221170425415,0.21671472489833832
W31527,6Ery,7.152457237243652,-1.6900385618209839,0.318276047706604
W31528,13Baso,6.138150691986084,11.532258033752441,0.17128939926624298
W31529,3Ery,4.419674396514893,-12.798399925231934,0.5770601034164429
W31530,13Baso,6.720317840576172,13.604829788208008,0.26611435413360596
W31532,14Mo,15.835586547851562,14.506718635559082,0.31998181343078613
W31533,10GMP,3.9036333560943604,5.844691753387451,0.03834712505340576
W31534,8Mk,15.771230697631836,-2.7573421001434326,0.3481658101081848
W31535,9GMP,9.391398429870605,6.740386962890625,0.045718979090452194
W31536,2Ery,-2.739032745361328,-6.311751842498779,0.6955297589302063
W31537,13Baso,7.994266510009766,13.389434814453125,0.24616634845733643
W31538,14Mo,4.045849323272705,16.628326416015625,0.309937447309494
W31539,13Baso,7.472122669219971,12.375633239746094,0.15918268263339996
W31540,14Mo,5.961827754974365,17.147123336791992,0.2920091450214386
W31541,5Ery,0.9526879787445068,-8.162353515625,0.6193730235099792
W31542,14Mo,3.117687940597534,16.6064510345459,0.2728777229785919
W31543,5Ery,5.767704486846924,-8.820988655090332,0.5092389583587646
W31544,13Baso,5.061384677886963,15.523303985595703,0.19177913665771484
W31545,12Baso,13.215165138244629,6.2618889808654785,0.1190633773803711
W31546,16Neu,20.666263580322266,18.96165657043457,0.35370510816574097
W31548,13Baso,6.818386077880859,6.264165878295898,0.01842387206852436
W31549,13Baso,1.9166206121444702,15.490813255310059,0.26651641726493835
W31550,2Ery,-8.071712493896484,-6.1344523429870605,0.803903341293335
W31551,2Ery,2.0515687465667725,-8.808365821838379,0.5751219391822815
W31552,14Mo,9.029047966003418,11.627935409545898,0.2110920548439026
W31553,7MEP,6.48302698135376,2.3099210262298584,0.18481135368347168
W31554,4Ery,4.257761478424072,-8.556857109069824,0.5300333499908447
W31555,6Ery,6.962238311767578,-6.130293846130371,0.4224216341972351
W31556,13Baso,8.811799049377441,13.792970657348633,0.1844322681427002
W31558,14Mo,10.98021411895752,11.09038257598877,0.20068256556987762
W31559,14Mo,2.4015114307403564,14.899681091308594,0.20462283492088318
W31560,6Ery,5.311301231384277,1.0077540874481201,0.251762717962265
W31562,12Baso,12.586002349853516,7.031233787536621,0.09953673183917999
W31563,6Ery,3.2318952083587646,-12.620057106018066,0.5071069598197937
W31564,14Mo,10.921577453613281,11.718148231506348,0.1418541669845581
W31565,2Ery,-1.84153413772583,-7.365285396575928,0.7041947245597839
W31566,13Baso,10.842568397521973,14.656607627868652,0.25574973225593567
W31567,13Baso,2.615792989730835,14.826247215270996,0.21714402735233307
W31568,14Mo,10.100058555603027,14.683645248413086,0.2612842619419098
W31569,7MEP,5.461589813232422,0.8859326243400574,0.25299569964408875
W31570,7MEP,7.140688896179199,0.7614553570747375,0.26398417353630066
W31571,15Mo,16.389141082763672,16.763654708862305,0.27430346608161926
W31572,5Ery,6.374016761779785,-8.828045845031738,0.5045961737632751
W31573,5Ery,7.41431999206543,-8.13479232788086,0.4508530795574188
W31575,5Ery,7.5669403076171875,-2.959620952606201,0.3208410441875458
W31576,5Ery,3.198063611984253,-8.565535545349121,0.6094402074813843
W31577,15Mo,15.615474700927734,17.489652633666992,0.2881195843219757
W31578,1Ery,-9.538034439086914,-5.152324199676514,0.8636530637741089
W31580,13Baso,7.643942832946777,10.70029354095459,0.1925998032093048
W31581,10GMP,5.198733806610107,6.611368656158447,0.057400137186050415
W31583,12Baso,8.276420593261719,1.8139235973358154,0.20512600243091583
W31586,4Ery,-6.784534931182861,0.3573875427246094,0.8225817084312439
W31587,7MEP,10.031088829040527,0.693452000617981,0.20984327793121338
W31588,15Mo,17.749521255493164,20.12298011779785,0.3274990916252136
W31590,13Baso,1.8872920274734497,13.077610969543457,0.1821918487548828
W31591,13Baso,5.881537914276123,13.371030807495117,0.19473348557949066
W31593,3Ery,-6.382409572601318,0.5984984040260315,0.7954340577125549
W31594,3Ery,0.5501016974449158,-9.72118854522705,0.699090301990509
W31595,15Mo,14.931011199951172,17.131242752075195,0.300584614276886
W31596,16Neu,19.67731475830078,18.163705825805664,0.3336906135082245
W31597,13Baso,2.6578011512756348,15.53197956085205,0.3308987319469452
W31598,2Ery,-5.298933506011963,-4.662499904632568,0.6500556468963623
W31599,15Mo,14.160603523254395,17.869733810424805,0.2938101291656494
W31600,17Neu,12.76738166809082,6.663463592529297,0.11487316340208054
W31601,15Mo,13.281447410583496,11.178094863891602,0.17514923214912415
W31602,13Baso,5.379697799682617,11.523432731628418,0.17691509425640106
W31603,16Neu,16.084251403808594,16.025243759155273,0.3394710421562195
W31604,6Ery,7.2570600509643555,-0.5798476934432983,0.26414263248443604
W31605,5Ery,4.9510345458984375,-11.9815092086792,0.5178186297416687
W31606,15Mo,8.437408447265625,15.611681938171387,0.2682172656059265
W31607,9GMP,8.790696144104004,3.821336030960083,0.12419474869966507
W31608,13Baso,1.7502785921096802,13.444294929504395,0.2391098588705063
W31609,15Mo,12.280223846435547,21.087217330932617,0.29510027170181274
W31611,13Baso,4.009952068328857,12.823917388916016,0.18541884422302246
W31613,6Ery,8.819538116455078,-5.473832130432129,0.3895036578178406
W31614,7MEP,7.161915302276611,1.0938292741775513,0.2453632354736328
W31615,12Baso,8.602649688720703,6.625725746154785,0.03502017632126808
W31617,15Mo,16.750402450561523,16.897836685180664,0.3248656690120697
W31618,2Ery,-6.714519500732422,-7.504339218139648,0.8035287857055664
W31620,13Baso,6.837638854980469,10.384218215942383,0.1746520847082138
W31621,10GMP,8.19111442565918,9.096240043640137,0.03842952474951744
W31622,14Mo,13.24012279510498,15.106426239013672,0.17923954129219055
W31623,14Mo,5.0623579025268555,16.49327278137207,0.2324630171060562
W31624,14Mo,13.154646873474121,16.15795135498047,0.28241994976997375
W31625,15Mo,14.51701831817627,17.02157974243164,0.298878937959671
W31626,5Ery,8.431173324584961,-8.381099700927734,0.43376922607421875
W31628,16Neu,16.93348503112793,17.591442108154297,0.3061387538909912
W31629,5Ery,5.1436662673950195,-8.923298835754395,0.46917954087257385
W31630,14Mo,7.823908805847168,15.102542877197266,0.18622732162475586
W31631,13Baso,1.7612701654434204,13.882357597351074,0.18343715369701385
W31632,15Mo,17.665748596191406,18.520336151123047,0.31486696004867554
W31634,2Ery,-7.355500221252441,-7.158170223236084,0.7119884490966797
W31635,2Ery,-5.136160373687744,-8.006490707397461,0.8061532974243164
W31636,2Ery,-3.4647696018218994,-8.787970542907715,0.7302746772766113
W31638,13Baso,4.833666801452637,15.944855690002441,0.266006201505661
W31639,13Baso,3.631834030151367,11.629240036010742,0.18116211891174316
W31640,5Ery,8.02185344696045,-9.783638000488281,0.465636670589447
W31641,5Ery,6.823464393615723,-9.600427627563477,0.5012627243995667
W31642,9GMP,8.581925392150879,3.567837953567505,0.15265671908855438
W31644,14Mo,7.523700714111328,15.858323097229004,0.1644388735294342
W31645,7MEP,6.54740047454834,0.952695906162262,0.24637435376644135
W31646,14Mo,11.326885223388672,10.948522567749023,0.19501818716526031
W31648,16Neu,18.2431583404541,17.412612915039062,0.34893685579299927
W31649,2Ery,-7.8698883056640625,-6.07368803024292,0.7303562760353088
W31650,2Ery,2.2727015018463135,-8.57405948638916,0.5757662653923035
W31651,10GMP,8.231673240661621,1.7726595401763916,0.1985424906015396
W31652,8Mk,15.327330589294434,-2.3013834953308105,0.3345031142234802
W31653,2Ery,-2.6302030086517334,-4.817852973937988,0.6997808814048767
W31654,5Ery,4.405689239501953,-8.480314254760742,0.495266318321228
W31655,13Baso,19.073423385620117,9.36700439453125,0.3264625072479248
W31656,13Baso,1.4585434198379517,15.134673118591309,0.27674099802970886
W31657,12Baso,9.916105270385742,7.326690673828125,0.03403463959693909
W31658,7MEP,7.272780418395996,-3.48370361328125,0.30690842866897583
W31659,7MEP,7.293970584869385,1.4980528354644775,0.22601987421512604
W31660,13Baso,3.127855062484741,16.8935489654541,0.28527477383613586
W31661,6Ery,6.939554691314697,0.5486246943473816,0.29148730635643005
W31662,5Ery,2.3157143592834473,-8.358678817749023,0.5590506792068481
W31663,16Neu,20.92110824584961,19.2133846282959,0.3953121602535248
W31664,14Mo,4.6749701499938965,16.896133422851562,0.31884506344795227
W31665,13Baso,2.991654872894287,13.938925743103027,0.2099047303199768
W31666,2Ery,-5.134269714355469,-5.005993843078613,0.6327114105224609
W31667,14Mo,9.257932662963867,15.094622611999512,0.20996162295341492
W31668,5Ery,5.648007869720459,-7.88950252532959,0.5095003247261047
W31669,7MEP,9.04636287689209,4.098649024963379,0.13757984340190887
W31670,10GMP,11.870149612426758,3.8569674491882324,0.11009132862091064
W31674,14Mo,11.91280460357666,8.146732330322266,0.16744469106197357
W31676,4Ery,-3.132534980773926,-0.6860533356666565,0.5441792011260986
W31678,14Mo,13.670782089233398,10.360189437866211,0.223947212100029
W31681,12Baso,9.869401931762695,6.582372665405273,0.08561092615127563
W31682,9GMP,8.089031219482422,5.195347785949707,0.0962938591837883
W31683,15Mo,12.437294006347656,21.1483097076416,0.35631340742111206
W31684,17Neu,14.922613143920898,4.250156402587891,0.2965586185455322
W31685,7MEP,8.485196113586426,1.6874221563339233,0.2205246537923813
W31686,16Neu,17.475597381591797,14.668749809265137,0.33163899183273315
W31687,13Baso,15.71172046661377,9.272395133972168,0.22443503141403198
W31689,3Ery,-0.2212079018354416,-14.484806060791016,0.6751413941383362
W31690,15Mo,19.743263244628906,18.106042861938477,0.37396928668022156
W31691,3Ery,-0.3355856239795685,-6.717155456542969,0.7536503672599792
W31692,7MEP,8.701765060424805,-6.071116924285889,0.3558158576488495
W31693,8Mk,16.336332321166992,-3.3017449378967285,0.4461085796356201
W31695,3Ery,0.3581988513469696,-9.490580558776855,0.650173544883728
W31696,13Baso,3.1595458984375,16.563030242919922,0.23526591062545776
W31697,9GMP,4.268693447113037,5.8626837730407715,0.04386790841817856
W31698,3Ery,-0.05260416120290756,-14.684322357177734,0.5947546362876892
W31699,3Ery,1.653100609779358,-11.060945510864258,0.5839667320251465
W31700,2Ery,-10.647933006286621,-6.668466091156006,0.7578873038291931
W31701,16Neu,19.67768669128418,17.797134399414062,0.38401004672050476
W31702,14Mo,3.4357118606567383,15.40061092376709,0.21694892644882202
W31703,16Neu,18.988555908203125,17.79253578186035,0.304231196641922
W31704,6Ery,7.791182041168213,-3.7662644386291504,0.3400242328643799
W31705,14Mo,8.643197059631348,16.908761978149414,0.3351575434207916
W31706,5Ery,7.851170063018799,-8.506031036376953,0.4702643156051636
W31707,14Mo,5.271553039550781,15.348634719848633,0.18388786911964417
W31708,14Mo,11.515250205993652,10.499205589294434,0.19102361798286438
W31711,15Mo,15.090703964233398,14.169904708862305,0.28835228085517883
W31712,13Baso,3.5661747455596924,5.749444007873535,0.09261635690927505
W31713,14Mo,12.815762519836426,15.28703784942627,0.24453306198120117
W31714,13Baso,4.975324630737305,10.952259063720703,0.21138998866081238
W31715,17Neu,14.681896209716797,4.552492141723633,0.24701695144176483
W31716,14Mo,7.453096866607666,15.352862358093262,0.13882850110530853
W31717,1Ery,-10.588663101196289,-7.024271488189697,0.8442249298095703
W31718,2Ery,0.6588209271430969,-8.848567962646484,0.6291839480400085
W31719,5Ery,4.387381076812744,-8.695735931396484,0.524192750453949
W31720,6Ery,4.212263107299805,0.7003853917121887,0.26505330204963684
W31721,15Mo,11.74177360534668,19.105091094970703,0.32612377405166626
W31722,10GMP,5.347105503082275,5.90653133392334,0.06457895040512085
W31723,6Ery,5.637662887573242,0.7221823334693909,0.266487717628479
W31724,10GMP,8.292671203613281,9.906414985656738,0.0487104207277298
W31725,7MEP,7.317141056060791,2.2683489322662354,0.21970070898532867
W31726,14Mo,8.990885734558105,15.365572929382324,0.1866104006767273
W31727,13Baso,4.925842761993408,8.630903244018555,0.08019141852855682
W31728,2Ery,-2.801321506500244,-5.009544849395752,0.6960828304290771
W31729,14Mo,12.190571784973145,20.223163604736328,0.2223069816827774
W31730,14Mo,10.384673118591309,14.865806579589844,0.27250418066978455
W31731,6Ery,5.562689304351807,1.1448134183883667,0.24692001938819885
W31732,13Baso,7.011552333831787,6.1065802574157715,0.026977084577083588
W31733,14Mo,4.706935405731201,16.594768524169922,0.23188138008117676
W31734,14Mo,9.386658668518066,13.98172664642334,0.19057516753673553
W31735,2Ery,-2.3619444370269775,-8.206613540649414,0.5934903025627136
W31736,6Ery,8.030830383300781,-7.509335041046143,0.45518940687179565
W31737,13Baso,6.10506534576416,10.342440605163574,0.13195489346981049
W31738,10GMP,9.043172836303711,11.261039733886719,0.11121205985546112
W31739,15Mo,16.40908432006836,15.132864952087402,0.2647534906864166
W31740,16Neu,19.533893585205078,17.503446578979492,0.4179941713809967
W31741,10GMP,8.015811920166016,7.167529582977295,0.021042758598923683
W31742,1Ery,-11.868416786193848,-8.631919860839844,0.918239176273346
W31743,14Mo,6.47289514541626,17.224525451660156,0.2882053554058075
W31744,12Baso,10.94676685333252,6.2065606117248535,0.09352430701255798
W31745,10GMP,0.3491739332675934,5.776777267456055,0.09629027545452118
W31746,12Baso,6.778456687927246,2.5563602447509766,0.1899079531431198
W31748,16Neu,19.530948638916016,18.15757942199707,0.34311357140541077
W31749,10GMP,9.518608093261719,3.9024882316589355,0.08456943929195404
W31750,13Baso,16.412683486938477,9.199075698852539,0.19225144386291504
W31751,16Neu,19.004690170288086,17.081958770751953,0.38882070779800415
W31752,6Ery,5.938948631286621,1.2479416131973267,0.24671977758407593
W31755,5Ery,7.277132511138916,-9.488946914672852,0.48395904898643494
W31756,10GMP,6.598475933074951,6.123553276062012,0.02373894862830639
W31758,13Baso,4.034631729125977,13.628691673278809,0.1428392380475998
W31760,14Mo,10.70313549041748,14.805998802185059,0.21742793917655945
W31761,5Ery,7.501397132873535,-8.787447929382324,0.5039030909538269
W31762,13Baso,4.169929504394531,12.542451858520508,0.2218552678823471
W31764,13Baso,3.629794120788574,15.32992935180664,0.2213091403245926
W31765,13Baso,2.8504557609558105,14.716935157775879,0.16262184083461761
W31767,13Baso,11.62904167175293,8.927328109741211,0.20733045041561127
W31768,4Ery,-4.517697334289551,-2.6126012802124023,0.748245358467102
W31771,12Baso,8.704063415527344,4.991189956665039,0.08486897498369217
W31773,10GMP,8.410412788391113,8.841580390930176,0.035894956439733505
W31775,1Ery,-12.030511856079102,-8.945439338684082,0.8845879435539246
W31777,3Ery,-4.695420265197754,-3.189589500427246,0.7235756516456604
W31778,6Ery,7.44978141784668,-3.829901933670044,0.32078245282173157
W31779,6Ery,4.971818923950195,-0.6095481514930725,0.27798429131507874
W31780,2Ery,-3.4650301933288574,-4.277493953704834,0.7290013432502747
W31781,2Ery,-10.200703620910645,-5.679533958435059,0.8237656950950623
W31782,13Baso,15.505658149719238,8.943510055541992,0.2462683618068695
W31783,3Ery,5.6709771156311035,-11.945039749145508,0.45307034254074097
W31785,15Mo,18.61899185180664,19.011634826660156,0.36526942253112793
W31786,2Ery,-3.047452449798584,-4.548546314239502,0.7799263000488281
W31787,10GMP,9.571796417236328,6.4500203132629395,0.05613001063466072
W31788,5Ery,8.406489372253418,-7.54877233505249,0.39736807346343994
W31789,13Baso,7.48354434967041,12.37966537475586,0.22764891386032104
W31791,9GMP,1.496832013130188,5.740168571472168,0.034030813723802567
W31792,9GMP,4.10620641708374,6.020712852478027,0.02138817124068737
W31793,12Baso,11.881331443786621,7.065866947174072,0.08286020159721375
W31794,17Neu,14.289275169372559,5.065101146697998,0.2000104784965515
W31795,6Ery,5.455301761627197,-1.6088600158691406,0.29167428612709045
W31796,7MEP,6.773014068603516,1.0381383895874023,0.23857979476451874
W31797,6Ery,5.402500152587891,-9.969921112060547,0.4828534722328186
W31798,14Mo,3.8488383293151855,16.766212463378906,0.3222323954105377
W31799,14Mo,4.951812744140625,15.10739803314209,0.18012133240699768
W31801,13Baso,3.5077593326568604,16.008228302001953,0.2671310305595398
W31802,13Baso,3.866044521331787,16.631330490112305,0.24961428344249725
W31803,2Ery,-1.8447388410568237,-8.057405471801758,0.6850697994232178
W31804,13Baso,4.29735803604126,16.10287857055664,0.2329740673303604
W31805,7MEP,7.142589569091797,2.3076226711273193,0.200100377202034
W31806,3Ery,2.0172619819641113,-11.781189918518066,0.5562767386436462
W31807,13Baso,7.246171474456787,10.943753242492676,0.1448391228914261
W31808,15Mo,13.467694282531738,17.367332458496094,0.3335089087486267
W31809,13Baso,6.90741491317749,14.843974113464355,0.214519202709198
W31811,17Neu,14.544032096862793,4.673534393310547,0.24204014241695404
W31812,13Baso,10.433423042297363,9.08319091796875,0.07256965339183807
W31813,14Mo,7.011129856109619,16.855344772338867,0.22589197754859924
W31814,2Ery,-1.9998197555541992,-7.829277992248535,0.6430547833442688
W31816,13Baso,7.898434162139893,8.61470890045166,0.09288664162158966
W31817,13Baso,4.565920352935791,16.378780364990234,0.2648180425167084
W31818,2Ery,-2.7327842712402344,-4.762362003326416,0.7178657650947571
W31819,2Ery,-6.678009033203125,-7.345808982849121,0.6784812808036804
W31820,16Neu,18.479284286499023,16.80876922607422,0.3102881908416748
W31821,14Mo,7.242600440979004,14.72249984741211,0.18872296810150146
W31822,10GMP,3.4902443885803223,5.626938819885254,0.044574085623025894
W31823,16Neu,16.393272399902344,16.544281005859375,0.3170332610607147
W31824,13Baso,3.018639087677002,15.15898609161377,0.2709542512893677
W31825,10GMP,4.00277853012085,11.644847869873047,0.19082805514335632
W31826,16Neu,15.108246803283691,14.325037956237793,0.3064899444580078
W31827,2Ery,3.6646101474761963,-8.62021541595459,0.5772095322608948
W31828,14Mo,8.578731536865234,13.053054809570312,0.17978163063526154
W31829,12Baso,9.293517112731934,4.890299320220947,0.0518752820789814
W31830,9GMP,1.6139105558395386,5.449721813201904,0.034144073724746704
W31831,2Ery,-2.9721319675445557,-6.211315155029297,0.6211263537406921
W31832,2Ery,-7.651081085205078,-5.4382171630859375,0.757988452911377
W31834,2Ery,-2.600543975830078,-4.964859485626221,0.78407883644104
W31835,6Ery,6.780704975128174,-8.288440704345703,0.47796934843063354
W31836,13Baso,3.4480881690979004,11.640937805175781,0.21719714999198914
W31837,14Mo,9.830945014953613,12.409790992736816,0.19110050797462463
W31838,2Ery,-1.4702330827713013,-6.643972396850586,0.6796776652336121
W31839,5Ery,0.8277564644813538,-10.113494873046875,0.6800074577331543
W31840,16Neu,19.0831298828125,18.744306564331055,0.3012346923351288
W31841,6Ery,6.942809581756592,-2.469965696334839,0.3056069612503052
W31842,13Baso,11.56148624420166,11.469223022460938,0.2097238302230835
W31845,14Mo,3.4351806640625,16.848920822143555,0.27331483364105225
W31846,5Ery,6.22227668762207,-9.744603157043457,0.5893447995185852
W31847,5Ery,4.827057361602783,-8.167600631713867,0.525095522403717
W31849,2Ery,-8.743483543395996,-5.707817077636719,0.8122563362121582
W31850,4Ery,1.7915558815002441,-9.372221946716309,0.6530914902687073
W31851,2Ery,-5.255797863006592,-8.485352516174316,0.7508561015129089
W31854,10GMP,8.440058708190918,9.540338516235352,0.0771615207195282
W31855,5Ery,-1.4489794969558716,-6.807219505310059,0.6346295475959778
W31856,13Baso,7.5955424308776855,11.74943733215332,0.16913162171840668
W31857,13Baso,5.255251884460449,13.259369850158691,0.2742903232574463
W31858,2Ery,-3.1056199073791504,-5.754491329193115,0.7116049528121948
W31859,12Baso,10.027124404907227,5.358860015869141,0.09444306790828705
W31860,12Baso,13.930939674377441,5.542909622192383,0.16240328550338745
W31861,15Mo,11.44102954864502,15.175517082214355,0.22406625747680664
W31864,13Baso,8.313572883605957,15.143139839172363,0.1619659960269928
W31865,13Baso,1.593430757522583,14.97506046295166,0.2306811660528183
W31866,13Baso,0.23056161403656006,14.38199520111084,0.2659721076488495
W31868,13Baso,6.915448188781738,11.20960807800293,0.15184277296066284
W31870,10GMP,5.39846134185791,6.657460689544678,0.07985512912273407
W31871,14Mo,13.964627265930176,15.291215896606445,0.22942985594272614
W31872,13Baso,16.118694305419922,7.987369537353516,0.2914268672466278
W36865,7MEP,5.816717147827148,1.5065046548843384,0.24569152295589447
W36866,13Baso,10.796307563781738,13.04283332824707,0.26859578490257263
W36867,9GMP,9.3500394821167,0.6152941584587097,0.25540608167648315
W36868,14Mo,2.056361675262451,13.187446594238281,0.27971190214157104
W36869,1Ery,-11.973612785339355,-9.459156036376953,0.8993582129478455
W36871,3Ery,-4.8455610275268555,2.0104336738586426,0.7294183373451233
W36873,13Baso,16.09212303161621,8.69111156463623,0.33269819617271423
W36874,13Baso,0.9097395539283752,13.866466522216797,0.2436608374118805
W36875,15Mo,13.373374938964844,19.700727462768555,0.40858373045921326
W36876,2Ery,-2.4960527420043945,-9.219067573547363,0.7530218958854675
W36877,13Baso,10.784122467041016,9.296710014343262,0.09209772199392319
W36878,5Ery,-2.0663630962371826,-0.18144096434116364,0.7238335013389587
W36879,14Mo,6.481939315795898,15.364233016967773,0.223335862159729
W36881,3Ery,-2.361919641494751,-0.030785661190748215,0.7856511473655701
W36882,6Ery,7.426700115203857,-7.092775821685791,0.4193568527698517
W36883,2Ery,-2.736513614654541,-8.403603553771973,0.6980677247047424
W36885,15Mo,13.650096893310547,15.313549041748047,0.17382261157035828
W36886,12Baso,12.693923950195312,6.704529285430908,0.10166364908218384
W36887,7MEP,8.91966724395752,1.2276111841201782,0.22211384773254395
W36889,2Ery,-11.270946502685547,-6.308072090148926,0.8862364888191223
W36890,8Mk,15.589544296264648,-2.5612025260925293,0.3454224467277527
W36891,14Mo,15.603001594543457,7.7928948402404785,0.31726571917533875
W36892,14Mo,16.38167953491211,7.238016128540039,0.2589181065559387
W36893,8Mk,12.441747665405273,1.5347241163253784,0.2064434289932251
W36894,5Ery,3.1259217262268066,-12.666325569152832,0.5929837226867676
W36895,14Mo,12.72241497039795,14.328961372375488,0.21575911343097687
W36897,2Ery,-9.547433853149414,-4.646341323852539,0.798948347568512
W36898,3Ery,-0.631184458732605,-15.04446029663086,0.6349859237670898
W36899,9GMP,8.197772979736328,7.2927565574646,0.03711893782019615
W36900,5Ery,1.8987066745758057,-12.334099769592285,0.6159579157829285
W36901,3Ery,-2.1491446495056152,-0.7818986773490906,0.6320939660072327
W36902,5Ery,0.26998448371887207,-11.80845832824707,0.5639854073524475
W36903,14Mo,4.518305778503418,16.557754516601562,0.2900722920894623
W36905,2Ery,-2.275047779083252,-1.2516262531280518,0.7216500639915466
W36906,2Ery,-8.642664909362793,-1.1577576398849487,0.8052355647087097
W36907,14Mo,11.532140731811523,13.837815284729004,0.23692749440670013
W36908,16Neu,13.96315860748291,16.07779312133789,0.25352075695991516
W36909,9GMP,6.834292411804199,0.9197074174880981,0.2538907527923584
W36910,16Neu,18.7362060546875,19.938987731933594,0.42936232686042786
W36911,15Mo,13.355498313903809,19.642004013061523,0.38897913694381714
W36912,10GMP,6.9948577880859375,8.096878051757812,0.06674619764089584
W36913,3Ery,-2.234539031982422,-0.8143218755722046,0.7194837927818298
W36914,14Mo,7.6207146644592285,14.381387710571289,0.2301255464553833
W36915,8Mk,10.697113990783691,2.4593727588653564,0.22964566946029663
W36916,14Mo,10.920814514160156,12.200552940368652,0.15843205153942108
W36917,15Mo,9.356184005737305,16.11178207397461,0.21973925828933716
W36918,16Neu,13.635544776916504,13.538984298706055,0.2628190815448761
W36919,5Ery,-0.639515221118927,-11.578984260559082,0.6401141881942749
W36920,14Mo,6.70851469039917,12.681862831115723,0.18433251976966858
W36921,16Neu,17.70293426513672,14.51471996307373,0.344797819852829
W36922,4Ery,6.2952141761779785,-8.38342571258545,0.49585750699043274
W36923,2Ery,-7.485492706298828,-3.4092047214508057,0.81207275390625
W36924,13Baso,1.8751128911972046,13.318625450134277,0.21913620829582214
W36925,14Mo,1.1392985582351685,13.063464164733887,0.2618570327758789
W36926,13Baso,6.949387550354004,10.2737455368042,0.20109130442142487
W36927,5Ery,5.9335103034973145,-10.431156158447266,0.5071542859077454
W36928,13Baso,10.006925582885742,9.064651489257812,0.10498218983411789
W36929,7MEP,6.780128002166748,0.9981231093406677,0.2505131959915161
W36930,15Mo,15.400663375854492,14.41270923614502,0.2671976685523987
W36931,6Ery,7.506193161010742,-2.6248762607574463,0.31393197178840637
W36932,16Neu,17.670568466186523,16.29591178894043,0.27870482206344604
W36933,15Mo,13.626255989074707,11.502318382263184,0.27710652351379395
W36934,12Baso,13.733795166015625,5.814943790435791,0.1480051428079605
W36935,6Ery,8.926017761230469,-5.567402362823486,0.37727004289627075
W36936,13Baso,1.4805867671966553,15.490968704223633,0.2783222198486328
W36939,14Mo,13.264867782592773,9.946632385253906,0.21164853870868683
W36940,16Neu,16.986053466796875,15.46086597442627,0.2604541480541229
W36941,14Mo,7.0603437423706055,14.381030082702637,0.2016841173171997
W36942,14Mo,5.930812358856201,15.007007598876953,0.18283899128437042
W36943,2Ery,-5.364290714263916,-7.219493389129639,0.8171131610870361
W36944,6Ery,8.025227546691895,-4.275816917419434,0.3590548038482666
W36945,6Ery,6.385694980621338,0.777286171913147,0.2588653564453125
W36946,13Baso,7.368884563446045,10.888313293457031,0.1947689950466156
W36947,14Mo,8.060813903808594,13.338082313537598,0.19434064626693726
W36948,16Neu,16.82647705078125,18.38960075378418,0.3361603319644928
W36949,2Ery,-8.424919128417969,-3.0896315574645996,0.7429107427597046
W36950,2Ery,-10.755946159362793,-5.991974353790283,0.8741210103034973
W36951,5Ery,-2.2200005054473877,-11.350373268127441,0.584794819355011
W36952,2Ery,-2.1252827644348145,-9.244551658630371,0.6992344260215759
W36953,5Ery,5.077681541442871,-9.265774726867676,0.5548701882362366
W36954,1Ery,-10.79629898071289,-6.89084005355835,0.8456047773361206
W36955,13Baso,4.328575134277344,9.662398338317871,0.2054760754108429
W36956,14Mo,9.637275695800781,14.190290451049805,0.26839691400527954
W36957,14Mo,7.905142307281494,15.751102447509766,0.22009514272212982
W36958,16Neu,18.59708023071289,19.891462326049805,0.3591978847980499
W36959,1Ery,-9.661551475524902,-5.291876316070557,0.8107861876487732
W36960,6Ery,2.25706148147583,-13.699881553649902,0.593793511390686
W36961,14Mo,12.687257766723633,10.980464935302734,0.21251407265663147
W36962,14Mo,6.74397087097168,15.530120849609375,0.24688860774040222
W36963,15Mo,13.392717361450195,9.893902778625488,0.21965885162353516
W36964,13Baso,0.6434628367424011,13.512718200683594,0.2906001806259155
W36966,15Mo,13.043516159057617,15.248869895935059,0.2540479302406311
W36967,1Ery,-11.963984489440918,-9.812850952148438,0.9007067084312439
W36969,8Mk,16.42637062072754,-3.397717237472534,0.5029380321502686
W36970,15Mo,16.669397354125977,16.984678268432617,0.24320003390312195
W36971,14Mo,1.259526014328003,15.344369888305664,0.22926492989063263
W36972,10GMP,8.89036750793457,8.52864933013916,0.05636550858616829
W36973,9GMP,9.52866268157959,7.614201068878174,0.03947944566607475
W36974,4Ery,4.522355556488037,-11.29505729675293,0.5398993492126465
W36975,15Mo,11.575335502624512,19.22076416015625,0.2822963297367096
W36976,4Ery,6.299430847167969,-5.613753795623779,0.4015040993690491
W36978,2Ery,-7.492234230041504,-5.771015644073486,0.866850733757019
W36979,14Mo,6.788492202758789,12.010467529296875,0.1321282535791397
W36980,14Mo,7.944379806518555,12.88904094696045,0.25998204946517944
W36981,8Mk,13.40468978881836,0.5737946033477783,0.279528945684433
W36982,13Baso,9.892145156860352,8.681092262268066,0.06066156551241875
W36983,6Ery,8.201403617858887,-9.642132759094238,0.4822045862674713
W36984,13Baso,5.982383728027344,11.4578218460083,0.19522489607334137
W36985,4Ery,-1.3877215385437012,-11.549968719482422,0.6035456657409668
W36987,13Baso,2.8147480487823486,5.554127216339111,0.06804092973470688
W36990,15Mo,9.785255432128906,15.045618057250977,0.22111737728118896
W36991,13Baso,5.669389247894287,10.336243629455566,0.20390212535858154
W36992,4Ery,-6.284231185913086,-0.31193017959594727,0.6527697443962097
W36993,2Ery,-9.23228931427002,-5.7673258781433105,0.7749031782150269
W36994,16Neu,18.269906997680664,15.22805404663086,0.354430228471756
W36995,2Ery,-10.127050399780273,-6.6794114112854,0.7887548208236694
W36996,5Ery,6.745389461517334,-8.55145263671875,0.49526068568229675
W36997,2Ery,-9.115824699401855,-5.373390197753906,0.7148297429084778
W36998,5Ery,7.094410419464111,-7.072304725646973,0.42491886019706726
W36999,10GMP,11.833230972290039,3.763733386993408,0.08105923980474472
W37000,13Baso,2.488450050354004,13.535027503967285,0.1805344969034195
W37001,13Baso,6.101424217224121,11.941984176635742,0.25037431716918945
W37003,8Mk,9.559930801391602,0.35192322731018066,0.25388240814208984
W37004,16Neu,18.140609741210938,16.044578552246094,0.3761689364910126
W37005,13Baso,5.465680122375488,10.602426528930664,0.19734522700309753
W37006,7MEP,5.432353973388672,-0.4280533194541931,0.3134186267852783
W37008,4Ery,-1.5618107318878174,-0.8294529318809509,0.7144773006439209
W37009,13Baso,7.670138835906982,12.249808311462402,0.1885000616312027
W37010,6Ery,6.663233757019043,0.04867700859904289,0.2587624490261078
W37011,2Ery,-5.479756832122803,-11.95608139038086,0.7411990761756897
W37012,14Mo,10.164383888244629,12.99736213684082,0.2150370180606842
W37013,16Neu,17.988027572631836,16.31041717529297,0.29556435346603394
W37014,2Ery,-9.166118621826172,-4.65517520904541,0.8221123218536377
W37015,13Baso,9.870396614074707,9.207415580749512,0.10440503060817719
W37016,14Mo,13.254652976989746,13.299276351928711,0.22440654039382935
W37017,6Ery,4.187684535980225,-11.646039962768555,0.5443959832191467
W37018,2Ery,-11.092865943908691,-7.30917501449585,0.8423630595207214
W37019,2Ery,-2.284085750579834,-9.033519744873047,0.7100918292999268
W37020,2Ery,-9.158090591430664,-6.367120742797852,0.7932432293891907
W37022,8Mk,10.131753921508789,2.9241645336151123,0.16384589672088623
W37023,2Ery,-5.303847789764404,-6.719658374786377,0.7609891891479492
W37024,4Ery,-3.210704803466797,0.05879107117652893,0.689247190952301
W37025,14Mo,0.9618278741836548,15.846954345703125,0.2516299784183502
W37026,17Neu,12.959284782409668,6.79526948928833,0.10205741971731186
W37027,5Ery,7.022209644317627,-9.11744499206543,0.5213611125946045
W37028,13Baso,6.998490333557129,15.707459449768066,0.293136864900589
W37029,7MEP,5.923352241516113,1.7237070798873901,0.24158534407615662
W37030,3Ery,0.2331065833568573,-12.020374298095703,0.6188559532165527
W37031,5Ery,0.035537391901016235,-11.998888969421387,0.5842013359069824
W37032,13Baso,1.7148821353912354,13.426897048950195,0.27523374557495117
W37034,8Mk,16.55063247680664,-3.537224054336548,0.517274022102356
W37035,6Ery,5.713376045227051,0.6101235747337341,0.2527255415916443
W37036,5Ery,-1.862847924232483,-11.60869312286377,0.731918215751648
W37037,5Ery,7.410046577453613,-6.527727127075195,0.38573890924453735
W37039,5Ery,-5.153758525848389,-6.63278865814209,0.7489228844642639
W37040,15Mo,13.799431800842285,15.099251747131348,0.23585940897464752
W37041,2Ery,-3.118868350982666,-6.856281757354736,0.6653499603271484
W37042,2Ery,-3.7000460624694824,-10.868165016174316,0.6614748239517212
W37043,15Mo,13.993289947509766,14.037700653076172,0.23205778002738953
W37044,15Mo,14.051435470581055,13.554435729980469,0.3200509548187256
W37045,13Baso,10.284043312072754,8.848287582397461,0.07541634142398834
W37046,14Mo,2.581428289413452,16.17357063293457,0.27907559275627136
W37047,14Mo,8.634928703308105,15.944926261901855,0.2732282280921936
W37048,14Mo,9.805862426757812,14.189356803894043,0.27557456493377686
W37049,5Ery,5.17375373840332,-9.044203758239746,0.5514503121376038
W37050,7MEP,5.747757434844971,0.9198058843612671,0.24896593391895294
W37051,3Ery,2.9803450107574463,-12.311408042907715,0.5701737999916077
W37052,2Ery,-1.3954135179519653,-0.6565234065055847,0.7566108107566833
W37053,7MEP,6.489610195159912,0.6893673539161682,0.25581982731819153
W37054,1Ery,-11.918270111083984,-8.751862525939941,0.9299996495246887
W37055,14Mo,1.3211818933486938,16.49331283569336,0.33211126923561096
W37056,2Ery,-3.8114941120147705,-7.954184055328369,0.743579626083374
W37057,15Mo,13.301126480102539,16.660085678100586,0.2981308400630951
W37058,13Baso,9.115216255187988,19.342294692993164,0.3475567698478699
W37059,4Ery,4.135073184967041,-8.889396667480469,0.5498636960983276
W37060,13Baso,9.016054153442383,18.955631256103516,0.23959258198738098
W37061,6Ery,8.442056655883789,-6.787220001220703,0.4145030677318573
W37063,9GMP,9.670150756835938,7.610649108886719,0.04397842660546303
W37065,3Ery,-11.989738464355469,-0.6691983342170715,0.859201192855835
W37066,6Ery,8.211517333984375,-7.706053256988525,0.46854501962661743
W37067,1Ery,-10.214186668395996,-5.483137607574463,0.7151490449905396
W37068,4Ery,-0.5723332166671753,-14.927122116088867,0.6538152694702148
W37069,13Baso,15.761526107788086,8.741411209106445,0.2650320529937744
W37070,9GMP,5.616243362426758,5.850771903991699,0.03587484732270241
W37072,7MEP,6.9403767585754395,-2.9676854610443115,0.29465872049331665
W37073,14Mo,9.147457122802734,16.625244140625,0.3251018524169922
W37074,13Baso,10.577093124389648,8.866860389709473,0.07651236653327942
W37075,13Baso,15.930098533630371,8.358046531677246,0.2940065264701843
W37077,10GMP,5.024460792541504,6.646656513214111,0.03236745670437813
W37078,9GMP,8.68537712097168,8.62056827545166,0.08161372691392899
W37079,5Ery,6.838826656341553,-8.482240676879883,0.44522175192832947
W37080,16Neu,18.42926025390625,15.267207145690918,0.4209529161453247
W37081,14Mo,6.260727882385254,15.4173002243042,0.2063402533531189
W37082,15Mo,13.417198181152344,11.318502426147461,0.22134314477443695
W37083,2Ery,-0.20833314955234528,-6.843560695648193,0.7231833338737488
W37084,3Ery,-2.1323390007019043,-0.38040149211883545,0.7131388187408447
W37085,13Baso,11.214433670043945,9.407398223876953,0.1511201113462448
W37086,6Ery,5.957048416137695,-9.551998138427734,0.41316938400268555
W37087,4Ery,2.4639892578125,-8.546669960021973,0.5936455130577087
W37088,3Ery,-3.780400514602661,0.11597664654254913,0.7500272393226624
W37089,16Neu,16.40086555480957,18.332103729248047,0.26427218317985535
W37090,9GMP,9.231276512145996,4.016944408416748,0.09593456238508224
W37091,9GMP,4.132788181304932,6.02685546875,0.01830947771668434
W37092,12Baso,8.587413787841797,3.4489822387695312,0.16331712901592255
W37093,7MEP,8.328981399536133,1.827038288116455,0.21524955332279205
W37094,16Neu,15.205742835998535,17.106599807739258,0.2851654589176178
W37095,6Ery,7.811474323272705,-3.858943462371826,0.34445565938949585
W37096,13Baso,7.930571556091309,12.247992515563965,0.19791102409362793
W37097,17Neu,13.528589248657227,6.0413007736206055,0.1280697137117386
W37098,14Mo,8.045615196228027,15.57766342163086,0.16925181448459625
W37099,3Ery,-8.53116226196289,-4.006870746612549,0.8291715383529663
W37100,16Neu,17.662832260131836,15.829774856567383,0.33425095677375793
W37101,13Baso,7.414828300476074,8.95167350769043,0.11962287873029709
W37102,14Mo,1.5272001028060913,15.265734672546387,0.24360360205173492
W37103,3Ery,-9.653311729431152,-1.178143858909607,0.8578987717628479
W37104,14Mo,8.770508766174316,12.709145545959473,0.21608364582061768
W37105,16Neu,18.356904983520508,17.600147247314453,0.29858556389808655
W37106,2Ery,-6.857738971710205,-5.028804779052734,0.7089483737945557
W37107,18Eos,23.40243148803711,10.131413459777832,0.6293424963951111
W37108,7MEP,4.618698596954346,-0.250772625207901,0.2827141284942627
W37109,7MEP,6.263993263244629,0.3757916986942291,0.2595197558403015
W37110,5Ery,-2.4959278106689453,-11.769830703735352,0.6604375839233398
W37111,16Neu,9.63049030303955,16.317567825317383,0.27025243639945984
W37112,2Ery,-3.907811164855957,-7.962626934051514,0.6855207085609436
W37113,5Ery,0.45575398206710815,-8.911489486694336,0.633406400680542
W37114,13Baso,3.787909984588623,13.149015426635742,0.200497567653656
W37115,6Ery,6.715051651000977,-0.43967923521995544,0.2627424895763397
W37116,14Mo,4.541679859161377,15.779988288879395,0.24090638756752014
W37117,12Baso,14.02036190032959,5.47681999206543,0.16954341530799866
W37118,13Baso,6.531013011932373,10.214065551757812,0.12730026245117188
W37119,5Ery,-1.6812975406646729,-11.46225643157959,0.6797541379928589
W37120,2Ery,-2.330094814300537,-9.187939643859863,0.6671825647354126
W37121,2Ery,-2.8966169357299805,-8.922752380371094,0.6186454892158508
W37122,14Mo,15.571389198303223,8.130936622619629,0.2545771598815918
W37123,16Neu,15.991520881652832,15.035329818725586,0.30287230014801025
W37124,14Mo,10.651117324829102,10.597098350524902,0.22127476334571838
W37125,1Ery,-10.21196460723877,-5.629673480987549,0.8967307209968567
W37127,1Ery,-10.55431842803955,-5.824307918548584,0.7992950677871704
W37128,13Baso,8.297657012939453,10.800699234008789,0.15616187453269958
W37130,3Ery,-0.3449719250202179,-8.222490310668945,0.5797299146652222
W37131,5Ery,-5.713362216949463,-4.791753768920898,0.7902128100395203
W37132,16Neu,17.30263328552246,15.539236068725586,0.29245200753211975
W37133,16Neu,15.997312545776367,17.195070266723633,0.3055609166622162
W37134,6Ery,7.7620110511779785,-6.21474552154541,0.3914034068584442
W37135,1Ery,-11.633517265319824,-10.022222518920898,0.9386845827102661
W37137,14Mo,10.42175579071045,9.07201099395752,0.10381422936916351
W37138,16Neu,14.54652214050293,15.405620574951172,0.34393495321273804
W37139,2Ery,-4.2724432945251465,-4.965149879455566,0.7015941143035889
W37140,10GMP,8.523391723632812,3.091334819793701,0.1655409038066864
W37141,5Ery,2.7481932640075684,-8.682673454284668,0.6060068011283875
W37142,14Mo,18.959579467773438,9.226717948913574,0.30509498715400696
W37143,2Ery,-2.9678637981414795,-9.291074752807617,0.7124817371368408
W37144,6Ery,6.858561038970947,-8.5464448928833,0.45352962613105774
W37145,5Ery,-0.6149161458015442,-11.851978302001953,0.7155048251152039
W37146,1Ery,-11.903345108032227,-9.03779125213623,0.8625022768974304
W37147,5Ery,4.14707612991333,0.4771477282047272,0.2820661664009094
W37148,15Mo,13.505542755126953,15.456483840942383,0.21241748332977295
W37150,10GMP,1.0187721252441406,5.781437873840332,0.043216392397880554
W37151,2Ery,-6.772441387176514,-4.756137371063232,0.7048565149307251
W37152,5Ery,-2.697206735610962,-11.629859924316406,0.6425867080688477
W37153,7MEP,6.095898151397705,1.3412058353424072,0.23656335473060608
W37154,6Ery,2.5840885639190674,-13.469684600830078,0.6162147521972656
W37156,4Ery,-1.4761775732040405,-0.9862995743751526,0.7249356508255005
W37157,15Mo,15.782326698303223,7.316580295562744,0.3092382848262787
W37158,3Ery,-7.382713794708252,-3.724459171295166,0.6743587851524353
W37159,2Ery,-9.964400291442871,-5.203723907470703,0.7911219000816345
W37161,7MEP,7.025721073150635,-0.8565747141838074,0.2866431176662445
W37162,1Ery,-10.448240280151367,-5.5982985496521,0.7894115447998047
W37163,7MEP,7.746281623840332,-0.14543408155441284,0.34755489230155945
W37164,5Ery,4.964776039123535,-8.830144882202148,0.46389973163604736
W37165,3Ery,-4.8707427978515625,1.5109894275665283,0.8055882453918457
W37166,3Ery,-1.3452187776565552,-0.6457342505455017,0.7176452279090881
W37167,13Baso,5.800240993499756,10.67141056060791,0.21109843254089355
W37168,3Ery,-4.091660976409912,0.005334631539881229,0.6265442371368408
W37169,15Mo,14.888931274414062,16.89068603515625,0.2381378412246704
W37170,15Mo,10.367607116699219,11.95000171661377,0.16842566430568695
W37171,4Ery,-1.8802214860916138,-11.447332382202148,0.6178041100502014
W37172,14Mo,15.335624694824219,8.02270793914795,0.29676762223243713
W37173,2Ery,-4.261427402496338,-10.837331771850586,0.7644909620285034
W37174,2Ery,-7.049310207366943,-3.6891262531280518,0.8074069023132324
W37175,16Neu,17.5104923248291,15.814645767211914,0.27825355529785156
W37176,13Baso,5.450011253356934,13.585089683532715,0.172845259308815
W37177,14Mo,5.719610691070557,11.708050727844238,0.19137081503868103
W37178,5Ery,6.576967716217041,-8.891907691955566,0.4952318072319031
W37179,16Neu,14.168216705322266,13.707521438598633,0.2810298502445221
W37180,14Mo,3.124051809310913,15.436393737792969,0.21955446898937225
W37181,16Neu,14.984846115112305,13.012064933776855,0.3157765865325928
W37182,8Mk,13.585624694824219,0.3264757990837097,0.2894236743450165
W37183,7MEP,5.278636932373047,-0.10783495754003525,0.2653714120388031
W37184,8Mk,7.425750732421875,1.9976694583892822,0.21652548015117645
W37185,14Mo,7.465590953826904,15.253378868103027,0.1851862221956253
W37186,10GMP,11.619091987609863,3.9539809226989746,0.05147087574005127
W37187,5Ery,-2.9634475708007812,-11.363764762878418,0.6068836450576782
W37188,10GMP,9.351924896240234,1.8652914762496948,0.2575266361236572
W37190,3Ery,-1.3882946968078613,-1.5479230880737305,0.6292192339897156
W37191,13Baso,10.357460021972656,8.975993156433105,0.12368632853031158
W37192,14Mo,7.664152145385742,14.229808807373047,0.1930031180381775
W37193,3Ery,-1.9538410902023315,-0.6230744123458862,0.669357419013977
W37194,2Ery,-3.08388352394104,-11.425199508666992,0.643925666809082
W37195,2Ery,-10.2598295211792,-6.734134197235107,0.7959834337234497
W37196,14Mo,13.489786148071289,14.383960723876953,0.23927097022533417
W37197,2Ery,-4.838769912719727,-11.40714168548584,0.6393977999687195
W37198,6Ery,9.177617073059082,-6.2129106521606445,0.38505586981773376
W37199,4Ery,-2.1804914474487305,-0.13440732657909393,0.7026188373565674
W37200,15Mo,12.904190063476562,15.107562065124512,0.28128594160079956
W37201,13Baso,6.462790489196777,11.596624374389648,0.1558656394481659
W37202,6Ery,5.020390033721924,-7.744619369506836,0.48034220933914185
W37203,12Baso,10.719461441040039,6.33606481552124,0.06094760447740555
W37204,16Neu,18.138790130615234,14.953165054321289,0.33226725459098816
W37205,14Mo,1.8818391561508179,16.36623764038086,0.32017311453819275
W37206,15Mo,13.385530471801758,13.882721900939941,0.23234090209007263
W37207,13Baso,16.05010986328125,8.070841789245605,0.30125245451927185
W37208,2Ery,-4.8328728675842285,-6.046599864959717,0.7099825143814087
W37209,14Mo,9.42570686340332,14.23140811920166,0.22157137095928192
W37210,14Mo,9.215218544006348,14.216839790344238,0.20761606097221375
W37211,12Baso,9.135570526123047,4.818516254425049,0.11259227246046066
W37212,10GMP,8.108779907226562,9.74030590057373,0.047533877193927765
W37213,7MEP,6.52610969543457,0.060781095176935196,0.261400431394577
W37215,2Ery,-3.126133918762207,-9.203804016113281,0.7214303016662598
W37216,4Ery,5.185417175292969,-9.740314483642578,0.5567380785942078
W37217,3Ery,-1.5735218524932861,-8.92529296875,0.6702642440795898
W37218,16Neu,14.500693321228027,13.632164001464844,0.2923851013183594
W37219,5Ery,4.936266899108887,-8.312812805175781,0.4825249910354614
W37220,2Ery,-5.852955341339111,-7.767253398895264,0.7380606532096863
W37221,3Ery,-0.1125483438372612,-11.945765495300293,0.6260873675346375
W37223,2Ery,-3.8788297176361084,-8.250658988952637,0.7173851132392883
W37224,14Mo,7.603826999664307,14.983428001403809,0.23284243047237396
W37225,14Mo,1.6327797174453735,16.280202865600586,0.290878027677536
W37226,8Mk,16.091142654418945,-3.0595510005950928,0.39829742908477783
W37227,5Ery,-1.9928209781646729,-7.644083023071289,0.7321339845657349
W37228,7MEP,7.28619909286499,-0.22929218411445618,0.2873135209083557
W37229,7MEP,7.570818901062012,0.748515784740448,0.25124889612197876
W37230,16Neu,16.511770248413086,15.3854341506958,0.2921251058578491
W37231,2Ery,-6.130446910858154,-12.404241561889648,0.7223759889602661
W37232,13Baso,4.776455402374268,8.70158576965332,0.1328595131635666
W37233,5Ery,0.440707802772522,-10.70543384552002,0.6926389336585999
W37234,5Ery,3.0250895023345947,-8.625743865966797,0.5611411333084106
W37235,14Mo,11.64848804473877,12.440155982971191,0.21206271648406982
W37236,6Ery,7.924528121948242,-3.610987663269043,0.36061978340148926
W37237,14Mo,6.978909492492676,17.251543045043945,0.2566528618335724
W37238,7MEP,9.702824592590332,5.325587749481201,0.11035735160112381
W37239,2Ery,-4.697617530822754,-7.492084980010986,0.6544133424758911
W37240,13Baso,6.9391350746154785,10.235180854797363,0.1407427191734314
W37241,2Ery,-9.342286109924316,-6.120632171630859,0.7746376395225525
W37242,14Mo,7.584542274475098,12.6732759475708,0.23118241131305695
W37243,2Ery,-3.590160369873047,-7.660388946533203,0.7104572057723999
W37244,15Mo,14.872570037841797,15.363129615783691,0.35294485092163086
W37245,3Ery,1.9833736419677734,-9.482314109802246,0.6649889945983887
W37246,5Ery,3.079820156097412,-13.047943115234375,0.6382816433906555
W37247,10GMP,9.590522766113281,0.3332698941230774,0.25044527649879456
W37248,6Ery,7.4447431564331055,-5.278087615966797,0.3267289698123932
W37249,15Mo,10.957025527954102,13.115912437438965,0.27737051248550415
W37250,1Ery,-11.144852638244629,-6.1817193031311035,0.866761326789856
W37251,4Ery,0.5950096249580383,-13.381935119628906,0.6868884563446045
W37252,12Baso,10.116591453552246,0.45452651381492615,0.17823787033557892
W37253,4Ery,0.6419779062271118,-8.552720069885254,0.6409339904785156
W37258,13Baso,18.472139358520508,9.205096244812012,0.2782091498374939
W37259,6Ery,-0.06312429904937744,-14.487555503845215,0.5706891417503357
W37260,3Ery,6.179786205291748,-6.240455627441406,0.4410766065120697
W37261,8Mk,7.402012348175049,-1.830258846282959,0.34337788820266724
W37262,6Ery,5.047356605529785,-12.480700492858887,0.4915415942668915
W37264,3Ery,-0.28437817096710205,-13.230648040771484,0.6676000952720642
W37265,3Ery,-4.086219310760498,-0.8327487111091614,0.707807719707489
W37266,4Ery,-6.56882905960083,0.5510988235473633,0.7939543724060059
W37267,16Neu,17.645206451416016,20.28179931640625,0.4021431505680084
W37268,7MEP,6.267728328704834,-2.1738288402557373,0.31541377305984497
W37269,3Ery,-11.855850219726562,-0.7676749229431152,0.8737522959709167
W37270,15Mo,12.389902114868164,21.01122283935547,0.32947632670402527
W37273,10GMP,0.5812752842903137,5.642960548400879,0.0675036683678627
W37274,12Baso,12.52678394317627,6.906574249267578,0.09285508096218109
W37275,3Ery,-9.783405303955078,-1.961264729499817,0.8308597803115845
W37276,3Ery,-3.408480167388916,-0.05762539803981781,0.5987980365753174
W37277,14Mo,16.65156364440918,8.19678020477295,0.2345508337020874
W37278,9GMP,9.957029342651367,6.999171257019043,0.05165091156959534
W37279,12Baso,12.463871955871582,6.72817325592041,0.09439439326524734
W37280,15Mo,13.032865524291992,17.89241600036621,0.2779872715473175
W37281,15Mo,12.772336959838867,19.450366973876953,0.28079596161842346
W37282,2Ery,-6.9390997886657715,-4.576046943664551,0.5886787176132202
W37283,14Mo,4.682645320892334,16.62798500061035,0.2883361577987671
W37284,4Ery,-2.9573822021484375,-6.5795674324035645,0.698973536491394
W37285,3Ery,-7.376954078674316,-0.7365833520889282,0.7449078559875488
W37286,14Mo,16.035953521728516,7.857551574707031,0.3009484112262726
W37288,14Mo,1.5658775568008423,13.572005271911621,0.21747815608978271
W37289,8Mk,16.630882263183594,-3.596461057662964,0.4671284258365631
W37290,16Neu,20.687135696411133,19.002483367919922,0.39395830035209656
W37291,10GMP,3.9302351474761963,5.8875885009765625,0.016843903809785843
W37292,2Ery,-5.251338958740234,-5.340252876281738,0.5943291187286377
W37293,2Ery,-7.9221367835998535,-6.011602878570557,0.7577609419822693
W37294,3Ery,-5.170165061950684,1.006018042564392,0.7955179810523987
W37295,9GMP,8.224392890930176,0.5482145547866821,0.2655368447303772
W37296,15Mo,12.910916328430176,18.87543296813965,0.23497052490711212
W37297,14Mo,2.592686653137207,14.134217262268066,0.22221235930919647
W37298,5Ery,2.3874735832214355,-8.259332656860352,0.6196895241737366
W37300,14Mo,7.416236877441406,11.164505958557129,0.16161637008190155
W37301,2Ery,-4.130877494812012,-4.357300281524658,0.7769221067428589
W37302,13Baso,2.455629587173462,13.271437644958496,0.22296558320522308
W37303,14Mo,15.902791023254395,8.804673194885254,0.2388094961643219
W37304,14Mo,18.82163429260254,9.056321144104004,0.30721062421798706
W37305,14Mo,10.45923137664795,9.02005386352539,0.12322588264942169
W37306,2Ery,-7.03598165512085,-3.1598141193389893,0.7778093814849854
W37307,2Ery,-7.324350357055664,-4.812163829803467,0.666380763053894
W37308,13Baso,2.5206127166748047,14.95064926147461,0.245639830827713
W37309,6Ery,7.1514482498168945,-5.735994338989258,0.39453181624412537
W37310,7MEP,8.466583251953125,3.43290376663208,0.143732950091362
W37311,7MEP,6.854482173919678,2.5220229625701904,0.19786949455738068
W37312,13Baso,9.066478729248047,19.477920532226562,0.3095701038837433
W37313,3Ery,-0.3394709825515747,-15.167414665222168,0.6602763533592224
W37314,3Ery,8.186225891113281,-8.309831619262695,0.4134509563446045
W37315,14Mo,8.708765983581543,13.181641578674316,0.21605795621871948
W37317,2Ery,5.926741123199463,-6.153316497802734,0.4808073937892914
W37318,2Ery,-5.583658695220947,-7.817539691925049,0.7574231028556824
W37319,8Mk,12.98993968963623,1.0462712049484253,0.24833545088768005
W37320,7MEP,6.532873630523682,-1.9712058305740356,0.31002435088157654
W37322,16Neu,18.21506690979004,17.196340560913086,0.27442923188209534
W37323,5Ery,5.003245830535889,-9.6184720993042,0.4882843494415283
W37324,14Mo,0.6223140358924866,16.38304328918457,0.29275959730148315
W37325,2Ery,2.356205940246582,-9.139714241027832,0.6183188557624817
W37326,14Mo,9.138554573059082,15.404891967773438,0.20667465031147003
W37327,8Mk,11.254621505737305,2.34952449798584,0.1924712210893631
W37328,7MEP,8.479179382324219,1.4275263547897339,0.21196451783180237
W37330,14Mo,12.471878051757812,11.116545677185059,0.2763034999370575
W37331,12Baso,4.447559356689453,0.4579731523990631,0.2714664041996002
W37332,13Baso,3.342129945755005,12.233627319335938,0.18141254782676697
W37334,12Baso,9.511228561401367,2.0810861587524414,0.21184295415878296
W37335,13Baso,15.591609954833984,9.193318367004395,0.3021690547466278
W37336,4Ery,-5.013059139251709,-0.11447171121835709,0.7165273427963257
W37337,14Mo,5.9976983070373535,13.695123672485352,0.13679958879947662
W37338,2Ery,-8.154436111450195,-3.5640149116516113,0.7906372547149658
W37339,5Ery,-1.7342551946640015,-6.984887599945068,0.659371018409729
W37341,16Neu,19.1881103515625,19.063095092773438,0.31759390234947205
W37342,3Ery,-5.2742156982421875,0.05545564368367195,0.7321819067001343
W37344,3Ery,-4.14980411529541,0.18552163243293762,0.7565767765045166
W37345,4Ery,-6.553470134735107,-0.42854467034339905,0.7683658003807068
W37346,3Ery,-8.118134498596191,-3.7563881874084473,0.7659532427787781
W37347,6Ery,6.639496803283691,-11.639784812927246,0.45034730434417725
W37348,15Mo,12.136153221130371,19.700082778930664,0.3010488748550415
W37349,17Neu,14.591596603393555,4.626675605773926,0.25349435210227966
W37350,14Mo,4.9620208740234375,16.771236419677734,0.281703919172287
W37353,4Ery,-7.956322193145752,-1.0366030931472778,0.8195158839225769
W37354,9GMP,11.618391990661621,3.866083860397339,0.0818537250161171
W37355,7MEP,6.3255391120910645,-0.5131387710571289,0.3095379173755646
W37356,7MEP,6.730187892913818,1.0743337869644165,0.24812425673007965
W37357,14Mo,10.922292709350586,19.262086868286133,0.2641846537590027
W37358,13Baso,5.497128963470459,13.436708450317383,0.23178710043430328
W37361,4Ery,-0.6236547827720642,-15.265057563781738,0.6833928227424622
W37362,13Baso,8.101691246032715,9.315629005432129,0.05980851128697395
W37363,14Mo,2.2570948600769043,14.8645658493042,0.22688975930213928
W37364,3Ery,0.18859151005744934,-8.878799438476562,0.6381345391273499
W37365,2Ery,-8.30217456817627,-5.627066135406494,0.815150797367096
W37366,3Ery,-4.819527626037598,1.8199050426483154,0.6993828415870667
W37367,14Mo,2.8080739974975586,14.858946800231934,0.24534587562084198
W37369,6Ery,3.250180721282959,-12.054911613464355,0.5376753807067871
W37371,2Ery,-5.409145355224609,-8.28216552734375,0.709700882434845
W37372,10GMP,11.785806655883789,3.8911819458007812,0.11532190442085266
W37373,13Baso,18.358304977416992,9.368721008300781,0.26451951265335083
W37374,5Ery,5.779418468475342,-10.616790771484375,0.5118340253829956
W37375,7MEP,5.6676483154296875,1.0353703498840332,0.24750472605228424
W37376,13Baso,2.3727760314941406,13.599672317504883,0.29941439628601074
W37377,3Ery,-8.177469253540039,-4.051063537597656,0.7809808254241943
W37378,2Ery,-3.8212838172912598,-4.223001480102539,0.7936573028564453
W37379,14Mo,6.992319583892822,14.436246871948242,0.2423265427350998
W37380,3Ery,-5.8033061027526855,-0.9658656120300293,0.7297715544700623
W37381,2Ery,-5.555606365203857,-5.1721415519714355,0.6636255383491516
W37382,10GMP,7.172079563140869,2.5794851779937744,0.18926739692687988
W37384,13Baso,16.531007766723633,8.755528450012207,0.21001386642456055
W37385,14Mo,4.293376445770264,13.63609790802002,0.2538817524909973
W37386,4Ery,-4.732196807861328,-3.4171359539031982,0.7150315046310425
W37387,5Ery,5.512064456939697,-8.749042510986328,0.5495919585227966
W37388,18Eos,11.911408424377441,9.000778198242188,0.1901644617319107
W37389,2Ery,4.403773307800293,-8.145280838012695,0.5363163352012634
W37390,14Mo,14.512842178344727,15.792344093322754,0.2928856909275055
W37391,3Ery,-5.1426496505737305,0.6607102155685425,0.7590282559394836
W37392,13Baso,5.859585762023926,9.954622268676758,0.19507141411304474
W37393,5Ery,2.5579018592834473,-12.6925687789917,0.5870535969734192
W37394,12Baso,11.825262069702148,6.976750373840332,0.07745493203401566
W37395,5Ery,7.5213422775268555,-7.152087688446045,0.4025564193725586
W37396,2Ery,-4.842065811157227,-5.922799110412598,0.6365484595298767
W37397,7MEP,6.156896114349365,2.1341564655303955,0.21764959394931793
W37398,5Ery,7.430041313171387,-2.5449202060699463,0.32671472430229187
W37399,16Neu,17.203346252441406,14.572588920593262,0.3470366299152374
W37401,15Mo,12.304970741271973,21.2298641204834,0.3582885265350342
W37402,14Mo,11.7970552444458,9.048603057861328,0.1850385218858719
W37403,5Ery,1.6399154663085938,-10.938149452209473,0.670676589012146
W37405,16Neu,14.740482330322266,16.884384155273438,0.27855196595191956
W37406,2Ery,-2.846475124359131,-6.777914524078369,0.7432279586791992
W37407,2Ery,-7.98061466217041,-5.110241889953613,0.8121335506439209
W37409,6Ery,8.26060676574707,-9.769665718078613,0.4821985363960266
W37410,2Ery,-2.348689079284668,-6.345685005187988,0.6716836094856262
W37411,5Ery,0.06148780509829521,-8.927900314331055,0.5816335082054138
W37412,14Mo,6.1399312019348145,11.591936111450195,0.1973806619644165
W37413,2Ery,-7.878354549407959,-4.529021739959717,0.8329483270645142
W37414,3Ery,2.760219097137451,-13.528654098510742,0.5320968627929688
W37415,5Ery,2.3443405628204346,-12.472526550292969,0.5782389640808105
W37417,16Neu,16.910381317138672,18.2408447265625,0.33787959814071655
W37418,10GMP,5.324450492858887,6.19345235824585,0.0575113482773304
W37419,14Mo,6.902822971343994,16.30576515197754,0.2725953459739685
W37420,1Ery,-11.562003135681152,-7.987001419067383,0.8123565316200256
W37421,2Ery,-6.440378665924072,-7.7396440505981445,0.7883247137069702
W37422,3Ery,-10.109393119812012,-1.7043662071228027,0.808292806148529
W37424,15Mo,15.771150588989258,17.475614547729492,0.31465354561805725
W37425,7MEP,10.734457015991211,2.3094425201416016,0.2235887199640274
W37426,4Ery,0.5322136282920837,-10.008524894714355,0.7003920078277588
W37427,7MEP,8.899388313293457,0.6710494160652161,0.24513237178325653
W37428,5Ery,6.230426788330078,-8.953089714050293,0.5059771537780762
W37429,2Ery,-1.1862785816192627,-6.823559284210205,0.618613600730896
W37430,13Baso,4.276580810546875,9.575885772705078,0.20085059106349945
W37431,14Mo,1.6223866939544678,16.110687255859375,0.26571476459503174
W37432,15Mo,6.07817268371582,15.420453071594238,0.27749818563461304
W37433,2Ery,-4.827970027923584,-3.541302442550659,0.7830951809883118
W37434,14Mo,12.995421409606934,9.867002487182617,0.24604806303977966
W37435,6Ery,8.08792495727539,-9.628430366516113,0.4455212354660034
W37436,12Baso,11.549373626708984,7.275453567504883,0.08797851204872131
W37437,2Ery,-4.222967624664307,-4.801387786865234,0.7515435218811035
W37442,6Ery,6.38056755065918,-4.373329162597656,0.3952258229255676
W37443,14Mo,9.815057754516602,19.415843963623047,0.23800738155841827
W37446,6Ery,6.519581317901611,-1.0958712100982666,0.2945161759853363
W37449,17Neu,14.565220832824707,4.676485061645508,0.2459414303302765
W37450,6Ery,4.7540202140808105,-11.580686569213867,0.559448778629303
W37451,6Ery,7.144373416900635,1.8738582134246826,0.2306467741727829
W37452,9GMP,8.364123344421387,5.799731731414795,0.052271854132413864
W37453,3Ery,-0.3559991419315338,-14.742749214172363,0.6670781970024109
W37454,14Mo,1.7637238502502441,14.276118278503418,0.19538924098014832
W37455,6Ery,5.625678539276123,-4.566123008728027,0.4732668101787567
W37456,15Mo,12.21677017211914,21.266769409179688,0.3031420111656189
W37457,15Mo,9.214604377746582,16.298309326171875,0.28095322847366333
W37458,13Baso,2.0316450595855713,13.025598526000977,0.2278907597064972
W37459,3Ery,-4.676079273223877,-4.513269901275635,0.6696338653564453
W37460,16Neu,17.855913162231445,16.766765594482422,0.2745305597782135
W37461,7MEP,4.940816402435303,0.6935514807701111,0.2638649046421051
W37462,3Ery,-10.906122207641602,-1.13713800907135,0.7647865414619446
W37463,13Baso,9.299518585205078,19.32342529296875,0.2781486511230469
W37465,3Ery,-7.965301036834717,-0.6536200046539307,0.7790604829788208
W37466,14Mo,11.272997856140137,11.317051887512207,0.15034258365631104
W37467,14Mo,16.78267478942871,9.122479438781738,0.24841153621673584
W37468,8Mk,13.255729675292969,0.7569658160209656,0.2754737436771393
W37469,16Neu,18.45328140258789,15.816530227661133,0.38341861963272095
W37470,14Mo,11.395955085754395,9.593435287475586,0.16746775805950165
W37471,17Neu,14.670012474060059,4.5199666023254395,0.2561785876750946
W37473,3Ery,-9.142838478088379,-1.3155357837677002,0.6740862727165222
W37474,5Ery,6.630095481872559,-8.442902565002441,0.4642692804336548
W37475,10GMP,6.999782085418701,6.433588981628418,0.026237908750772476
W37476,16Neu,18.136146545410156,17.82367515563965,0.35659509897232056
W37477,2Ery,-0.35379499197006226,-8.72924518585205,0.5810397267341614
W37478,14Mo,12.108884811401367,13.577670097351074,0.2921449542045593
W37479,6Ery,5.799693584442139,-1.8236581087112427,0.31727468967437744
W37480,14Mo,0.6000781059265137,14.207998275756836,0.27375826239585876
W37481,13Baso,16.293581008911133,8.972601890563965,0.21145036816596985
W37482,5Ery,6.614670753479004,-9.647271156311035,0.5822465419769287
W37483,10GMP,9.643302917480469,6.055784225463867,0.07119683921337128
W37484,7MEP,4.229019641876221,0.2683292031288147,0.26741766929626465
W37485,2Ery,-1.4305853843688965,-6.844907760620117,0.6035054922103882
W37486,2Ery,-3.90533709526062,-7.741424083709717,0.6384910345077515
W37487,2Ery,-7.930542945861816,-4.655021667480469,0.837834894657135
W37488,14Mo,10.849747657775879,11.52916145324707,0.17175045609474182
W37489,7MEP,7.000924587249756,-3.9202163219451904,0.31510448455810547
W37490,8Mk,15.253179550170898,-2.168586015701294,0.3088066875934601
W37491,14Mo,4.677151203155518,16.75520896911621,0.28535646200180054
W37492,2Ery,-2.9676918983459473,-8.006930351257324,0.7019304633140564
W37493,2Ery,-2.59009051322937,-6.52392053604126,0.6766828894615173
W37494,14Mo,11.140423774719238,10.916665077209473,0.17930147051811218
W37496,13Baso,9.695293426513672,19.183414459228516,0.1944030225276947
W37497,7MEP,7.566312789916992,-1.6860517263412476,0.3049241602420807
W37498,4Ery,-9.243624687194824,-1.7212098836898804,0.7982835173606873
W37499,13Baso,6.489616870880127,12.883832931518555,0.19063466787338257
W37500,13Baso,3.0497851371765137,16.84639549255371,0.25042495131492615
W37501,5Ery,6.161456108093262,-9.649715423583984,0.5136483907699585
W37502,2Ery,-3.0459325313568115,-6.60044527053833,0.6865036487579346
W37503,18Eos,23.616849899291992,10.001851081848145,0.7403724193572998
W37504,15Mo,13.066457748413086,17.261531829833984,0.2984512150287628
W37505,5Ery,1.899597406387329,-13.841657638549805,0.6239960789680481
W37506,7MEP,7.134613513946533,-0.3645476698875427,0.255713552236557
W37507,2Ery,-8.091625213623047,-5.46661376953125,0.805980384349823
W37508,13Baso,19.088376998901367,9.292132377624512,0.33303749561309814
W37509,14Mo,0.7628664970397949,16.147035598754883,0.30277588963508606
W37510,6Ery,5.236827850341797,-1.342296838760376,0.2919633686542511
W37511,5Ery,5.05560302734375,-10.519789695739746,0.4805661737918854
W37512,4Ery,2.1827874183654785,-12.196578025817871,0.5719982981681824
W37514,13Baso,3.829080820083618,11.812509536743164,0.20914942026138306
W37515,7MEP,6.857738971710205,-0.20967386662960052,0.2666226625442505
W37516,5Ery,8.491856575012207,-5.082606315612793,0.38462838530540466
W37517,5Ery,1.8264819383621216,-8.643017768859863,0.5347201228141785
W37518,10GMP,2.688192129135132,5.774658679962158,0.05607012286782265
W37519,16Neu,17.726806640625,18.21847152709961,0.34587937593460083
W37520,2Ery,-4.653931617736816,-2.8993778228759766,0.747270941734314
W37521,14Mo,12.227758407592773,11.244160652160645,0.23473387956619263
W37522,3Ery,-6.356649398803711,-0.6483842730522156,0.7711545825004578
W37523,2Ery,0.5313690900802612,-8.743069648742676,0.6118901968002319
W37524,10GMP,5.778481483459473,6.747733116149902,0.03960513323545456
W37525,16Neu,15.344428062438965,17.230484008789062,0.30889561772346497
W37526,8Mk,8.32315731048584,2.2765870094299316,0.18564394116401672
W37527,6Ery,8.81898307800293,-5.978427410125732,0.36459338665008545
W37528,15Mo,12.0077486038208,19.111631393432617,0.3640539348125458
W37529,5Ery,1.1129095554351807,-13.093746185302734,0.6413871645927429
W37530,10GMP,5.350565433502197,6.705537796020508,0.05850204825401306
W37531,7MEP,7.292006969451904,-2.8488197326660156,0.32283368706703186
W37532,14Mo,2.8846333026885986,15.20341682434082,0.2273627668619156
W37534,2Ery,-6.838726043701172,-2.8613808155059814,0.7912929058074951
W37535,15Mo,14.6287841796875,16.161701202392578,0.3098709285259247
W37537,3Ery,-6.253332138061523,-0.7904823422431946,0.7570809125900269
W37538,6Ery,8.387256622314453,-8.063821792602539,0.4088062644004822
W37539,1Ery,-11.677538871765137,-10.14189624786377,0.9392896890640259
W37540,2Ery,-7.614663124084473,-1.0060898065567017,0.7639468312263489
W37541,3Ery,-9.372591018676758,-1.936955451965332,0.7089508771896362
W37542,4Ery,-5.014474868774414,-0.7432803511619568,0.7488974928855896
W37545,6Ery,6.582998752593994,-11.720073699951172,0.4520125389099121
W37546,13Baso,2.1217007637023926,13.303949356079102,0.20870517194271088
W37548,3Ery,-4.638097286224365,-2.8315653800964355,0.7689388990402222
W37549,5Ery,3.1041791439056396,-11.819774627685547,0.5189262628555298
W37551,14Mo,15.262258529663086,12.957941055297852,0.35252636671066284
W37552,13Baso,9.10664176940918,19.304691314697266,0.27482321858406067
W37553,13Baso,5.214829921722412,11.074369430541992,0.2647939622402191
W37554,3Ery,-1.5334715843200684,-1.1170517206192017,0.7221986055374146
W37555,4Ery,1.0976078510284424,-9.26909065246582,0.6350172162055969
W37557,7MEP,7.683411598205566,1.6987278461456299,0.2207871526479721
W37558,10GMP,5.622695446014404,6.51604700088501,0.06266272813081741
W37561,3Ery,-5.807279586791992,-0.4314955174922943,0.6795380711555481
W37562,13Baso,8.74508285522461,9.251625061035156,0.11301557719707489
W37563,2Ery,-0.16594913601875305,-8.666159629821777,0.5989596247673035
W37564,13Baso,4.355756759643555,16.071945190429688,0.2419082224369049
W37565,2Ery,-4.999194622039795,-4.1364521980285645,0.7220879197120667
W37566,4Ery,-3.513807773590088,-0.5378177762031555,0.5991195440292358
W37567,10GMP,2.2076823711395264,5.730270862579346,0.031745828688144684
W37568,16Neu,17.984363555908203,19.845483779907227,0.3487080931663513
W37569,14Mo,13.184080123901367,10.242042541503906,0.1705445796251297
W37570,16Neu,14.915081977844238,16.764991760253906,0.2896011769771576
W37572,10GMP,9.670937538146973,4.2159199714660645,0.10311517119407654
W37573,2Ery,-2.222207546234131,-8.633160591125488,0.6726036071777344
W37574,2Ery,-3.8069260120391846,-4.262568473815918,0.774146556854248
W37575,6Ery,6.692883491516113,-11.589812278747559,0.4525081515312195
W37577,3Ery,-6.327775955200195,-0.43601036071777344,0.7122612595558167
W37578,14Mo,3.3269901275634766,15.190232276916504,0.19979606568813324
W37579,14Mo,7.644321918487549,12.83530044555664,0.16483715176582336
W37580,15Mo,15.606253623962402,14.553174018859863,0.3200315237045288
W37581,10GMP,9.614892959594727,8.393912315368652,0.044685568660497665
W37582,13Baso,0.7919439077377319,14.56567096710205,0.24294544756412506
W37583,3Ery,2.3884336948394775,-13.510043144226074,0.5731616616249084
W37584,7MEP,8.546455383300781,0.8637225031852722,0.23404428362846375
W37585,13Baso,18.209213256835938,9.229660034179688,0.25042539834976196
W37586,2Ery,-9.602933883666992,-6.440062999725342,0.8506042957305908
W37587,14Mo,7.1566572189331055,12.09019660949707,0.17112116515636444
W37588,14Mo,16.452640533447266,9.206972122192383,0.2577498257160187
W37589,15Mo,0.84827721118927,16.256471633911133,0.30764496326446533
W37591,4Ery,-4.565104961395264,-2.620645761489868,0.7549076676368713
W37593,15Mo,13.358039855957031,16.98736572265625,0.300112247467041
W37594,14Mo,3.550366163253784,16.390743255615234,0.2664223909378052
W37595,10GMP,5.1239800453186035,6.4332475662231445,0.04528992250561714
W37596,13Baso,7.564215183258057,11.067987442016602,0.16985872387886047
W37597,16Neu,15.998350143432617,15.974993705749512,0.3525685966014862
W37599,8Mk,15.4814453125,-2.450057029724121,0.3397075831890106
W37601,13Baso,4.693681716918945,13.110869407653809,0.23012028634548187
W37602,5Ery,5.1284871101379395,-10.680965423583984,0.524578869342804
W37603,6Ery,7.412936210632324,-8.006912231445312,0.46624264121055603
W37604,14Mo,4.9944634437561035,13.205086708068848,0.2438899427652359
W37605,2Ery,-3.691499710083008,-8.115755081176758,0.6800253987312317
W37606,6Ery,6.830301284790039,-10.432978630065918,0.4634409248828888
W37607,3Ery,-0.6205515265464783,-15.10107421875,0.6688165068626404
W37608,14Mo,10.224810600280762,12.810247421264648,0.21398326754570007
W37609,7MEP,7.67025089263916,-0.8036176562309265,0.2854909300804138
W37610,7MEP,6.277040004730225,0.6487512588500977,0.255524605512619
W37611,14Mo,0.9453191757202148,15.973891258239746,0.26273250579833984
W37612,5Ery,7.646503448486328,-8.248793601989746,0.46250611543655396
W37613,13Baso,18.93838882446289,9.180222511291504,0.31131401658058167
W37614,2Ery,-3.117048978805542,-4.466389179229736,0.7454617023468018
W37615,16Neu,15.26378345489502,16.98434066772461,0.30734673142433167
W37617,12Baso,7.355743885040283,-3.347036838531494,0.3241550326347351
W37618,14Mo,12.807912826538086,10.89385986328125,0.2601887285709381
W37619,8Mk,15.941521644592285,-2.9143052101135254,0.357431560754776
W37620,4Ery,-1.8631019592285156,-7.404057502746582,0.7487924098968506
W37621,3Ery,-4.250236988067627,-2.140939712524414,0.7572059631347656
W37622,2Ery,-4.422525405883789,-2.997044801712036,0.6598686575889587
W37624,14Mo,0.6679118871688843,13.543293952941895,0.28837820887565613
W37625,7MEP,7.817420482635498,2.6660780906677246,0.18321987986564636
W37627,7MEP,11.067373275756836,1.2441034317016602,0.22329260408878326
W37628,10GMP,8.208444595336914,3.059379816055298,0.17159035801887512
W37629,13Baso,3.9451866149902344,13.809901237487793,0.21470576524734497
W37630,2Ery,-4.370763301849365,-5.490550518035889,0.7924743294715881
W37631,2Ery,-8.027113914489746,-6.2011637687683105,0.7933495044708252
W37633,3Ery,-5.596344470977783,-0.5795441269874573,0.673880398273468
W37634,3Ery,-4.895351886749268,1.2736274003982544,0.6664232015609741
W37635,6Ery,6.4896626472473145,-11.273727416992188,0.43622609972953796
W37642,7MEP,7.867794036865234,1.1092923879623413,0.2228642851114273
W37644,8Mk,8.760719299316406,4.368039608001709,0.12141085416078568
W37650,2Ery,5.780364990234375,-6.427552223205566,0.4854392111301422
W37651,1Ery,-8.712306022644043,-1.2526137828826904,0.7699135541915894
W37653,9GMP,8.241446495056152,4.984775543212891,0.08549989759922028
W37654,13Baso,17.188392639160156,8.641242027282715,0.2731136679649353
W37657,15Mo,10.880756378173828,13.070502281188965,0.26039454340934753
W37658,6Ery,6.949051380157471,-3.7186288833618164,0.32845360040664673
W37660,13Baso,5.453151702880859,11.098405838012695,0.20795486867427826
W37661,3Ery,-4.659196376800537,1.3140416145324707,0.7705937623977661
W37663,16Neu,13.489046096801758,19.66286277770996,0.3812079429626465
W37664,14Mo,6.738648891448975,14.793001174926758,0.2303333878517151
W37665,5Ery,0.879037618637085,-10.599246978759766,0.6943147778511047
W37666,7MEP,5.498495578765869,-0.03031029738485813,0.26781150698661804
W37667,13Baso,15.769536018371582,8.946338653564453,0.28341174125671387
W37668,4Ery,2.013284921646118,-13.5288724899292,0.6707309484481812
W37669,13Baso,9.349685668945312,13.828763008117676,0.26211485266685486
W37670,2Ery,-2.714564561843872,-0.17076580226421356,0.6654576659202576
W37673,15Mo,13.600099563598633,14.565899848937988,0.24954044818878174
W37674,7MEP,10.170660018920898,0.41975656151771545,0.17745371162891388
W37675,3Ery,-4.342898368835449,0.4134511351585388,0.6509765982627869
W37676,10GMP,7.478172779083252,9.920694351196289,0.08986813575029373
W37680,13Baso,5.615442276000977,11.172186851501465,0.192040354013443
W37682,3Ery,-1.4392118453979492,-1.477995753288269,0.68314528465271
W37683,1Ery,-9.0470609664917,-4.058822154998779,0.7791717648506165
W37684,13Baso,10.019537925720215,7.743865013122559,0.04481339454650879
W37685,13Baso,6.127298355102539,10.310296058654785,0.1852056384086609
W37686,7MEP,6.536015033721924,-2.388441801071167,0.29385411739349365
W37687,16Neu,9.95107650756836,16.203819274902344,0.3239852786064148
W37689,14Mo,10.680975914001465,11.504325866699219,0.18464742600917816
W37691,3Ery,-9.862968444824219,-1.0822759866714478,0.8037557005882263
W37692,2Ery,-8.444775581359863,-1.260908842086792,0.7755059003829956
W37693,1Ery,-8.127466201782227,-3.4543848037719727,0.7669634819030762
W37694,13Baso,15.753260612487793,7.8131632804870605,0.30185821652412415
W37696,15Mo,13.092635154724121,17.13262939453125,0.2535367012023926
W37698,8Mk,12.601675987243652,1.3945412635803223,0.22866711020469666
W37699,2Ery,-9.240165710449219,-1.348112940788269,0.7917681932449341
W37700,14Mo,1.4599653482437134,13.090103149414062,0.23535315692424774
W37701,14Mo,5.221485614776611,15.652934074401855,0.22239847481250763
W37702,14Mo,9.151620864868164,14.280900001525879,0.22861021757125854
W37704,9GMP,8.476275444030762,7.8425445556640625,0.05376318097114563
W37706,14Mo,16.470619201660156,7.440295696258545,0.21626560389995575
W37707,14Mo,11.480223655700684,9.482172966003418,0.15270760655403137
W37708,2Ery,-4.381652355194092,-7.380739212036133,0.6961863040924072
W37709,7MEP,6.1201863288879395,1.238901138305664,0.24775004386901855
W37710,2Ery,-9.033390998840332,-1.229625940322876,0.7639548778533936
W37711,16Neu,18.333505630493164,16.028379440307617,0.3953065276145935
W37712,10GMP,5.415952205657959,7.691507816314697,0.12845875322818756
W37713,6Ery,8.50667667388916,-5.36245059967041,0.39573198556900024
W37714,2Ery,-9.104186058044434,-4.457136631011963,0.6986708045005798
W37715,15Mo,6.643219470977783,15.084711074829102,0.23961353302001953
W37716,14Mo,13.117124557495117,10.156676292419434,0.205733522772789
W37717,15Mo,13.959556579589844,17.256784439086914,0.32490596175193787
W37718,3Ery,2.921621799468994,-12.671826362609863,0.5656126737594604
W37719,12Baso,10.87894344329834,7.36461877822876,0.09186441451311111
W37720,2Ery,-1.9904484748840332,-1.9336928129196167,0.6740342974662781
W37721,13Baso,4.518979549407959,9.666192054748535,0.1453385055065155
W37722,13Baso,5.480600357055664,11.726973533630371,0.23910823464393616
W37723,7MEP,7.729610443115234,1.123620629310608,0.22117334604263306
W37724,6Ery,7.32512092590332,-8.495471954345703,0.4192722737789154
W37725,5Ery,1.214482069015503,-12.226606369018555,0.5915143489837646
W37726,2Ery,-1.2374507188796997,-8.667960166931152,0.6143688559532166
W37728,14Mo,13.087850570678711,10.009389877319336,0.2469344586133957
W37729,12Baso,6.60236120223999,1.7860742807388306,0.21588851511478424
W37730,2Ery,-8.90260124206543,-4.208056449890137,0.8006088733673096
W37731,16Neu,15.913311004638672,17.601016998291016,0.3244335651397705
W37737,4Ery,1.1558986902236938,-11.448123931884766,0.65034419298172
W37738,6Ery,7.706033229827881,-4.374151706695557,0.36504584550857544
W37739,13Baso,6.009555339813232,9.876174926757812,0.17863646149635315
W37745,4Ery,-0.46423324942588806,-11.760624885559082,0.6288737058639526
W37746,2Ery,-7.3868303298950195,-3.670997142791748,0.7893823385238647
W37747,4Ery,-3.302772045135498,-1.0483232736587524,0.6283584237098694
W37748,15Mo,15.270268440246582,13.129356384277344,0.3529036045074463
W37753,1Ery,-11.931051254272461,-10.02086067199707,0.917529284954071
W37754,15Mo,12.568976402282715,20.40113639831543,0.36151400208473206
W37756,13Baso,6.07516622543335,11.99181079864502,0.19471752643585205
W37758,15Mo,13.378013610839844,15.130228996276855,0.22220320999622345
W37759,3Ery,-2.8356330394744873,-9.332145690917969,0.7021390795707703
W37761,6Ery,8.283064842224121,-9.183834075927734,0.4641345739364624
W37762,12Baso,9.611851692199707,5.124786853790283,0.06838284432888031
W37763,12Baso,12.362001419067383,6.881869316101074,0.09031450003385544
W37764,13Baso,9.100688934326172,13.26567268371582,0.17656391859054565
W37765,5Ery,1.907841682434082,-12.544902801513672,0.5728783011436462
W37766,16Neu,17.171466827392578,14.322299003601074,0.35848063230514526
W37769,6Ery,6.6092400550842285,-11.655549049377441,0.5002666115760803
W37770,13Baso,15.904423713684082,9.11817455291748,0.26409345865249634
W37771,2Ery,-9.37925910949707,-1.2781413793563843,0.7578371167182922
W37772,14Mo,16.35034942626953,7.602001667022705,0.2659591734409332
W37776,3Ery,6.303720474243164,-11.723073959350586,0.5075586438179016
W37777,14Mo,6.872704029083252,16.955358505249023,0.26162779331207275
W37778,8Mk,9.536739349365234,0.3118678331375122,0.25049394369125366
W37779,2Ery,-2.7324159145355225,-9.340060234069824,0.7168326377868652
W37780,9GMP,3.20672607421875,5.62774133682251,0.027416590601205826
W37781,4Ery,3.2093136310577393,-12.577237129211426,0.5541382431983948
W37782,3Ery,2.424543619155884,-13.9080171585083,0.5953824520111084
W37786,3Ery,-1.7438502311706543,-0.12825727462768555,0.7647858262062073
W37788,14Mo,7.103226184844971,14.609015464782715,0.221126988530159
W37790,2Ery,-2.5833990573883057,-8.65825366973877,0.6125986576080322
W37793,10GMP,5.846521854400635,9.748435974121094,0.15673944354057312
W37794,16Neu,18.082529067993164,20.26872444152832,0.3677249550819397
W37795,6Ery,9.058238983154297,-6.18971061706543,0.39268481731414795
W37796,14Mo,15.525480270385742,8.311086654663086,0.22952419519424438
W37797,16Neu,14.080290794372559,14.754130363464355,0.28922373056411743
W37798,5Ery,-0.7197310328483582,-11.736227989196777,0.642949640750885
W37799,10GMP,5.073891639709473,8.90671157836914,0.11856114864349365
W37800,16Neu,5.863888263702393,15.904467582702637,0.24822978675365448
W37801,12Baso,7.811093807220459,-0.21204233169555664,0.28399917483329773
W37803,15Mo,13.747122764587402,14.127799034118652,0.2680586874485016
W37804,2Ery,-2.8030831813812256,-8.454328536987305,0.5592167973518372
W37805,13Baso,4.458645343780518,13.590788841247559,0.23172472417354584
W37806,7MEP,7.525651931762695,2.964085578918457,0.18069851398468018
W37807,13Baso,1.1949803829193115,13.683847427368164,0.23191675543785095
W37809,13Baso,3.1578500270843506,14.163132667541504,0.2501916289329529
W37811,2Ery,-2.4861502647399902,-9.23276424407959,0.5953831076622009
W37812,6Ery,6.262241363525391,-4.585293292999268,0.42393654584884644
W37813,14Mo,7.109989643096924,12.924493789672852,0.19130387902259827
W37817,5Ery,1.962263822555542,-8.918776512145996,0.6057574152946472
W37818,16Neu,19.67105484008789,18.43646240234375,0.27860966324806213
W37819,5Ery,5.285569190979004,-9.616753578186035,0.5768231749534607
W37820,6Ery,8.241769790649414,-9.744988441467285,0.4926348626613617
W37821,18Eos,23.563810348510742,9.969351768493652,0.6301993727684021
W37822,14Mo,7.073627471923828,14.116719245910645,0.21266251802444458
W37825,14Mo,6.867237567901611,13.161809921264648,0.14430761337280273
W37826,13Baso,2.554518461227417,14.045920372009277,0.23747923970222473
W37828,15Mo,13.375225067138672,19.64165496826172,0.36313140392303467
W37830,2Ery,5.750960350036621,-6.630484580993652,0.5082283616065979
W37833,2Ery,-9.093069076538086,-2.186741590499878,0.8191600441932678
W37835,13Baso,5.606743335723877,9.621057510375977,0.1736086905002594
W37838,3Ery,5.721133708953857,-6.278147220611572,0.5361538529396057
W37841,2Ery,-6.891435623168945,-3.7100422382354736,0.8460572361946106
W37842,15Mo,10.055603981018066,15.979393005371094,0.30053406953811646
W37843,12Baso,11.720686912536621,6.764725685119629,0.09169002622365952
W37844,7MEP,7.618614673614502,-1.2354985475540161,0.32621923089027405
W37847,3Ery,5.97493314743042,-6.055990219116211,0.4688136577606201
W37848,4Ery,6.1076812744140625,-5.786745071411133,0.5091192126274109
W37849,15Mo,13.462526321411133,18.123714447021484,0.33842888474464417
W37850,14Mo,2.6359174251556396,15.870739936828613,0.32055526971817017
W37851,4Ery,-1.4122841358184814,-0.3551364839076996,0.7456725239753723
W37852,4Ery,-0.39188632369041443,-13.27026653289795,0.731004536151886
W37853,13Baso,5.599343299865723,12.023959159851074,0.15917964279651642
W37854,9GMP,5.883800506591797,5.907542705535889,0.03225744143128395
W37857,12Baso,12.082777976989746,6.750816822052002,0.09565206617116928
W37858,2Ery,-1.556687593460083,-1.5790011882781982,0.7387912273406982
W37859,4Ery,2.7115304470062256,-9.08503246307373,0.568941593170166
W37860,9GMP,9.872721672058105,3.438222885131836,0.1484699547290802
W37861,16Neu,18.74738121032715,19.885229110717773,0.4345393180847168
W37863,16Neu,15.62164306640625,17.805469512939453,0.3347839117050171
W37864,2Ery,-3.8263399600982666,-8.311558723449707,0.7260661721229553
W37865,2Ery,-7.082470893859863,-3.720275402069092,0.7196004390716553
W37866,16Neu,15.235376358032227,18.065736770629883,0.3072015047073364
W37867,7MEP,7.00044584274292,-1.1396498680114746,0.31502994894981384
W37868,14Mo,9.301713943481445,11.123147010803223,0.1621025800704956
W37870,14Mo,10.573832511901855,14.6009521484375,0.24403876066207886
W37872,14Mo,10.253920555114746,7.791621208190918,0.07406224310398102
W37873,5Ery,4.450684070587158,-8.56287670135498,0.5766019225120544
W37874,5Ery,-1.2228280305862427,-0.6325949430465698,0.706354558467865
W37875,3Ery,-3.265040397644043,-0.398927241563797,0.5768721699714661
W37876,3Ery,-4.731669902801514,1.3779617547988892,0.765034556388855
W37878,2Ery,-9.216450691223145,-4.365490436553955,0.805182933807373
W37879,18Eos,23.530298233032227,9.994087219238281,0.6829014420509338
W37880,14Mo,7.182069778442383,14.367402076721191,0.22484363615512848
W37881,3Ery,-2.074157953262329,-1.0760462284088135,0.636101245880127
W37882,14Mo,7.450143814086914,13.284615516662598,0.18609529733657837
W37883,14Mo,12.973736763000488,13.832979202270508,0.24487613141536713
W37885,12Baso,10.262982368469238,0.514575719833374,0.16216497123241425
W37886,14Mo,7.245541572570801,13.948959350585938,0.18844430148601532
W37887,4Ery,-0.3084709644317627,-13.583039283752441,0.6656233072280884
W37888,3Ery,-11.965502738952637,-0.7761781215667725,0.7962132692337036
W37889,14Mo,3.144338846206665,14.609151840209961,0.23497602343559265
W37890,7MEP,5.6616129875183105,-0.22504383325576782,0.284866064786911
W37891,5Ery,7.37149715423584,-4.873944282531738,0.32476183772087097
W37892,12Baso,12.060153007507324,6.958459377288818,0.0876893475651741
W37893,2Ery,-0.3718704581260681,-12.899760246276855,0.6608807444572449
W37894,15Mo,6.878674030303955,15.420307159423828,0.3023014962673187
W37895,14Mo,13.521565437316895,13.936923027038574,0.2262747585773468
W37896,3Ery,-1.6823666095733643,-1.2421389818191528,0.6805819272994995
W37898,14Mo,10.113801956176758,16.108959197998047,0.305130273103714
W37899,2Ery,-5.470975399017334,-6.851450443267822,0.7537733316421509
W37900,3Ery,-3.0876200199127197,-0.4908019006252289,0.561040997505188
W37901,2Ery,-9.456243515014648,-4.965630531311035,0.8216629028320312
W37902,16Neu,16.445674896240234,16.985515594482422,0.28941163420677185
W37903,7MEP,6.924989700317383,-0.1682652086019516,0.2733587324619293
W37904,2Ery,-5.176021099090576,-6.008857250213623,0.7935182452201843
W37906,10GMP,6.692280292510986,6.3454060554504395,0.034085094928741455
W37907,7MEP,9.19214153289795,4.522197723388672,0.14229342341423035
W37908,5Ery,6.615812301635742,-5.879749298095703,0.3847362995147705
W37909,5Ery,7.205300331115723,-6.807692527770996,0.3864622116088867
W37910,13Baso,9.907261848449707,7.779419422149658,0.07245872914791107
W37913,6Ery,7.477379322052002,-3.4591920375823975,0.31871774792671204
W37914,7MEP,5.812010288238525,0.7971767783164978,0.25276467204093933
W37915,3Ery,-4.204745292663574,-2.090292453765869,0.7695327997207642
W37916,10GMP,6.531345367431641,1.3350354433059692,0.2420482188463211
W37917,5Ery,-3.383913993835449,-11.36287784576416,0.6845811605453491
W37918,5Ery,2.786348342895508,-12.096258163452148,0.5440189242362976
W37919,1Ery,-5.342161655426025,-7.583505630493164,0.6986432075500488
W37921,13Baso,15.853546142578125,9.326257705688477,0.18874961137771606
W37922,15Mo,7.879104137420654,15.730195045471191,0.3070564270019531
W37923,3Ery,3.810598611831665,-12.023908615112305,0.5608453154563904
W37924,6Ery,7.012282371520996,-2.509133815765381,0.31381434202194214
W37929,14Mo,6.9168267250061035,13.156895637512207,0.2338770627975464
W37935,3Ery,-4.886782646179199,2.0464305877685547,0.7130944132804871
W37937,3Ery,1.715826153755188,-13.715621948242188,0.6017608046531677
W37938,3Ery,-9.768449783325195,-1.8407058715820312,0.7202991247177124
W37939,16Neu,15.872197151184082,17.192346572875977,0.31780797243118286
W37940,3Ery,4.751671314239502,-11.839967727661133,0.5362755656242371
W37941,9GMP,5.968692779541016,7.954179763793945,0.08772644400596619
W37942,14Mo,10.868758201599121,13.174202919006348,0.2715108394622803
W37943,12Baso,10.210344314575195,0.4901117980480194,0.17327964305877686
W37945,9GMP,8.315306663513184,6.540035247802734,0.032693687826395035
W37946,14Mo,4.638917922973633,13.68315601348877,0.2280176430940628
W37948,14Mo,8.278615951538086,15.186717987060547,0.2836940586566925
W37951,8Mk,10.434829711914062,1.1693685054779053,0.21408353745937347
W37952,5Ery,5.857070446014404,-6.290299892425537,0.474518746137619
W37953,15Mo,12.583243370056152,13.511040687561035,0.25214147567749023
W37954,15Mo,9.827682495117188,16.17682456970215,0.2499825358390808
W37955,3Ery,-9.461065292358398,-1.1534647941589355,0.7474426627159119
W37956,16Neu,17.972898483276367,18.525291442871094,0.3886590301990509
W37957,15Mo,15.416545867919922,13.794191360473633,0.2855914235115051
W37959,4Ery,-0.07690952718257904,-13.271637916564941,0.6525887846946716
W37960,3Ery,-0.042896099388599396,-9.315099716186523,0.5853961110115051
W37961,8Mk,13.391931533813477,0.6097639203071594,0.26538604497909546
W37962,15Mo,8.07657527923584,14.595264434814453,0.1939476728439331
W37963,14Mo,11.782928466796875,13.535970687866211,0.25962916016578674
W37964,5Ery,3.4779551029205322,-11.939974784851074,0.5318660736083984
W37965,3Ery,5.9532151222229,-11.79448413848877,0.5140002369880676
W37967,4Ery,6.15698766708374,-5.948774337768555,0.4516630172729492
W37969,2Ery,-5.689450740814209,-7.374743938446045,0.7301533222198486
W37970,8Mk,8.749775886535645,8.692235946655273,0.09565155953168869
W37971,7MEP,5.4708147048950195,0.12055230140686035,0.27036648988723755
W37972,10GMP,11.728489875793457,3.9033854007720947,0.07776030898094177
W37974,15Mo,13.173497200012207,16.4867000579834,0.2754662334918976
W37975,14Mo,15.878846168518066,7.328150749206543,0.35591286420822144
W37977,13Baso,7.571491241455078,10.269362449645996,0.14466151595115662
W37978,3Ery,-7.279460906982422,-3.8407986164093018,0.732255756855011
W37979,7MEP,9.103867530822754,0.9723409414291382,0.259223997592926
W37980,2Ery,-10.253986358642578,-5.422213554382324,0.7762646675109863
W37982,13Baso,15.661123275756836,7.77170467376709,0.3120526075363159
W37983,2Ery,-4.327033519744873,-7.30885124206543,0.5611762404441833
W37984,10GMP,1.1311945915222168,5.679691791534424,0.06289906054735184
W37985,2Ery,-11.087681770324707,-6.052931308746338,0.8093820214271545
W37986,2Ery,-2.132397174835205,-1.5109785795211792,0.6776133179664612
W37988,2Ery,-4.679591178894043,-6.262850284576416,0.6585251688957214
W37989,12Baso,12.812363624572754,6.592209339141846,0.10762923210859299
W37990,14Mo,6.279324054718018,15.004592895507812,0.20713482797145844
W37991,1Ery,-11.828028678894043,-9.889422416687012,0.8691388368606567
W37992,14Mo,10.190936088562012,14.19261360168457,0.25537678599357605
W37993,14Mo,11.21419620513916,10.633212089538574,0.15977030992507935
W37994,2Ery,-11.424922943115234,-6.827579975128174,0.8264056444168091
W37995,14Mo,13.255146980285645,10.774574279785156,0.25722089409828186
W37996,16Neu,17.123313903808594,18.468971252441406,0.33977341651916504
W37997,14Mo,3.2961034774780273,15.758492469787598,0.23693446815013885
W38000,8Mk,11.043964385986328,1.4628627300262451,0.20952419936656952
W38001,16Neu,9.295278549194336,16.24589729309082,0.22996675968170166
W38002,16Neu,15.125356674194336,17.88767433166504,0.30877161026000977
W38003,2Ery,-4.994691848754883,-7.322718143463135,0.6854040026664734
W38004,8Mk,13.236443519592285,0.7787224650382996,0.2596670687198639
W38005,5Ery,-0.21141697466373444,-11.850275993347168,0.6558469533920288
W38006,6Ery,8.191370010375977,-7.942119121551514,0.41897496581077576
W38008,15Mo,15.264073371887207,13.091163635253906,0.3468680679798126
W38009,13Baso,11.428853988647461,10.849946975708008,0.22733762860298157
W38010,5Ery,5.502953052520752,-10.678378105163574,0.5001274943351746
W38011,14Mo,9.539356231689453,19.374839782714844,0.24283048510551453
W38012,5Ery,-1.8565115928649902,-11.340715408325195,0.6088114976882935
W38013,6Ery,5.747195243835449,-9.57875919342041,0.445909708738327
W38014,16Neu,18.624046325683594,16.345767974853516,0.38707613945007324
W38017,3Ery,-11.240427017211914,-1.0092566013336182,0.7929573059082031
W38018,15Mo,12.177045822143555,20.461122512817383,0.2755149304866791
W38019,7MEP,5.509402275085449,-1.4181740283966064,0.28325939178466797
W38020,7MEP,6.810970306396484,-0.9181828498840332,0.25036701560020447
W38021,10GMP,4.025979042053223,10.540202140808105,0.15105293691158295
W38022,14Mo,5.474675178527832,13.688597679138184,0.2518909275531769
W38023,3Ery,-7.736405372619629,-0.26867440342903137,0.7536567449569702
W38025,4Ery,0.7886566519737244,-13.074073791503906,0.6088282465934753
W38026,13Baso,4.858086585998535,13.230539321899414,0.28030526638031006
W38027,15Mo,11.309024810791016,19.02924919128418,0.32105645537376404
W38030,17Neu,13.721308708190918,5.84293794631958,0.14121872186660767
W38031,4Ery,2.4142251014709473,-12.830501556396484,0.5850237011909485
W38032,6Ery,2.6071572303771973,-13.746516227722168,0.5732496380805969
W38033,3Ery,-11.741085052490234,-0.8785232305526733,0.7892585396766663
W38034,3Ery,-10.974226951599121,-1.073728084564209,0.7909752726554871
W38035,7MEP,5.309476375579834,1.1543818712234497,0.22637908160686493
W38036,8Mk,10.45261287689209,2.8155481815338135,0.14899106323719025
W38037,6Ery,7.731685638427734,-4.848623275756836,0.34860822558403015
W38039,16Neu,18.30101203918457,19.724910736083984,0.3717268705368042
W38040,3Ery,-5.261035919189453,-0.24830125272274017,0.6795400381088257
W38041,14Mo,18.23199462890625,9.240326881408691,0.24645741283893585
W38042,4Ery,-3.5880656242370605,-0.4550691246986389,0.6248301267623901
W38043,4Ery,-6.340189456939697,0.4276297390460968,0.824279248714447
W38045,3Ery,8.19328498840332,-8.62834644317627,0.44354987144470215
W38046,14Mo,16.51690101623535,7.2749481201171875,0.20803235471248627
W38047,15Mo,15.791186332702637,7.331366062164307,0.312081515789032
W38048,3Ery,-12.006126403808594,-0.7003875970840454,0.8762632012367249
W38049,10GMP,11.79593563079834,3.8838419914245605,0.07786117494106293
W38050,6Ery,6.4781694412231445,-4.3911027908325195,0.37765952944755554
W38051,2Ery,-1.66460382938385,-7.902713298797607,0.6339300870895386
W38052,16Neu,17.48066520690918,18.695026397705078,0.3150595724582672
W38053,15Mo,14.47996711730957,16.265457153320312,0.3189074695110321
W38054,7MEP,8.343225479125977,0.47343236207962036,0.28279629349708557
W38055,3Ery,-7.124079704284668,-0.5322815179824829,0.6762600541114807
W38056,10GMP,9.904918670654297,6.93690824508667,0.04190564900636673
W38057,3Ery,-11.564763069152832,-0.9162349700927734,0.7649481296539307
W38058,14Mo,5.564767360687256,11.99681282043457,0.17227177321910858
W38059,7MEP,6.1453166007995605,-0.23185348510742188,0.30909550189971924
W38060,6Ery,5.614276885986328,-9.545858383178711,0.5411582589149475
W38061,10GMP,2.4634971618652344,5.664379119873047,0.04256461188197136
W38062,10GMP,6.0964274406433105,7.36061429977417,0.06757652759552002
W38063,3Ery,-6.622521877288818,-0.053400520235300064,0.6978562474250793
W38064,7MEP,6.10209846496582,0.9388108253479004,0.2538607716560364
W38065,2Ery,-8.844124794006348,-2.2048709392547607,0.7119629979133606
W38066,4Ery,-0.00806040596216917,-8.768086433410645,0.5934171080589294
W38067,7MEP,7.192965030670166,-0.22335293889045715,0.24438081681728363
W38068,13Baso,4.335452556610107,11.735605239868164,0.21111352741718292
W38069,6Ery,5.9805498123168945,-10.424068450927734,0.4118506908416748
W38070,15Mo,11.173118591308594,15.060749053955078,0.28319087624549866
W38071,8Mk,8.906383514404297,1.5087978839874268,0.24598674476146698
W38072,10GMP,5.791782855987549,6.027194023132324,0.01479422952979803
W38073,4Ery,0.19081595540046692,-14.980177879333496,0.5951681733131409
W38074,4Ery,-4.357082366943359,-2.705949544906616,0.7508589625358582
W38075,3Ery,-0.765036940574646,-15.269549369812012,0.6833856701850891
W38076,7MEP,5.7458295822143555,-1.5692534446716309,0.30066442489624023
W38077,2Ery,-9.079514503479004,-5.512821674346924,0.7622247934341431
W38078,16Neu,15.000046730041504,17.667991638183594,0.26153284311294556
W38079,3Ery,-4.421334266662598,-6.33342981338501,0.6576547622680664
W38080,3Ery,-4.830464839935303,1.8876067399978638,0.6723813414573669
W38081,6Ery,5.7151994705200195,-11.400459289550781,0.5027498006820679
W38082,6Ery,6.666947364807129,-0.626905620098114,0.2944051921367645
W38083,7MEP,7.5607991218566895,1.2159959077835083,0.24370671808719635
W38084,4Ery,2.3377389907836914,-12.699971199035645,0.5724815130233765
W38085,16Neu,13.677623748779297,17.296537399291992,0.3076671361923218
W38086,2Ery,-4.822225570678711,-3.836117744445801,0.7862465381622314
W38087,13Baso,4.900430202484131,8.923001289367676,0.15108101069927216
W38088,10GMP,5.32879638671875,6.125211715698242,0.015282457694411278
W38090,3Ery,-6.953052520751953,0.16636250913143158,0.7618219256401062
W38091,3Ery,-7.478213787078857,-0.21271617710590363,0.8277289867401123
W38092,10GMP,9.39857006072998,8.345536231994629,0.044598110020160675
W38093,6Ery,7.838746070861816,-6.55875825881958,0.3913961946964264
W38094,14Mo,9.837865829467773,7.663645267486572,0.03600975498557091
W38095,15Mo,12.545053482055664,19.76289939880371,0.3059338927268982
W38096,7MEP,9.317091941833496,1.781555414199829,0.2517888844013214
W38097,13Baso,6.670668125152588,9.761038780212402,0.148640438914299
W38098,14Mo,3.360159158706665,16.480648040771484,0.2820046842098236
W38100,14Mo,3.2043867111206055,14.485328674316406,0.21356210112571716
W38101,14Mo,5.703172206878662,14.253006935119629,0.1417713761329651
W38102,2Ery,-3.0926880836486816,-4.692434310913086,0.738801896572113
W38103,16Neu,15.883275032043457,14.3433256149292,0.368645578622818
W38104,7MEP,6.680510520935059,0.2922055423259735,0.25292086601257324
W38105,14Mo,6.393904209136963,15.486618041992188,0.17203547060489655
W38106,10GMP,4.475362777709961,9.280807495117188,0.18980751931667328
W38107,14Mo,1.1021606922149658,12.948098182678223,0.26312631368637085
W38108,6Ery,8.807814598083496,-6.422895908355713,0.3875771164894104
W38109,14Mo,16.070144653320312,7.385516166687012,0.2812335789203644
W38110,16Neu,19.869956970214844,18.043563842773438,0.3870311975479126
W38111,2Ery,-4.346374034881592,-2.9632067680358887,0.6587936878204346
W38112,10GMP,5.797251224517822,9.774306297302246,0.1420050412416458
W38113,16Neu,16.83090591430664,14.469115257263184,0.3126377761363983
W38114,14Mo,7.566596508026123,12.588098526000977,0.2058980017900467
W38115,14Mo,3.5387513637542725,13.003128051757812,0.255771666765213
W38116,5Ery,4.8378143310546875,-10.674958229064941,0.5178368091583252
W38117,12Baso,12.700364112854004,6.620585918426514,0.09869936108589172
W38118,4Ery,-0.19238120317459106,-6.641058921813965,0.7244552373886108
W38119,3Ery,-9.903141975402832,-1.470557451248169,0.8118383288383484
W38121,13Baso,5.445224761962891,8.407197952270508,0.15173421800136566
W38123,2Ery,-5.0873637199401855,-4.837380409240723,0.6595773696899414
W38124,4Ery,-1.860465407371521,-6.554019451141357,0.652275025844574
W38125,4Ery,3.8724021911621094,-11.665834426879883,0.5352136492729187
W38126,3Ery,1.8330843448638916,-8.818710327148438,0.5707316994667053
W38127,3Ery,2.685983657836914,-12.350602149963379,0.531248927116394
W38128,13Baso,5.3301167488098145,13.699946403503418,0.16580240428447723
W38129,12Baso,9.890750885009766,5.116858959197998,0.0807662308216095
W38130,14Mo,8.239785194396973,13.004562377929688,0.20550543069839478
W38131,16Neu,19.759214401245117,18.067527770996094,0.3712729811668396
W38132,3Ery,5.055123329162598,-10.008735656738281,0.5212212800979614
W38133,5Ery,3.0873947143554688,-12.110466957092285,0.5047589540481567
W38134,6Ery,7.072732448577881,-1.401483178138733,0.277296781539917
W38135,7MEP,4.18910026550293,0.2773456573486328,0.28563573956489563
W38136,4Ery,-5.05823278427124,1.2829731702804565,0.7279383540153503
W38137,4Ery,1.3812118768692017,-11.683978080749512,0.5957332253456116
W38138,5Ery,0.6623023152351379,-10.65341854095459,0.7097366452217102
W38140,14Mo,8.51369571685791,15.949173927307129,0.23394621908664703
W38141,14Mo,5.3800368309021,11.306187629699707,0.22972886264324188
W38142,2Ery,-4.908256530761719,-7.531403064727783,0.7232885360717773
W38143,12Baso,7.084966659545898,2.3100240230560303,0.20804212987422943
W38144,3Ery,-9.398014068603516,-1.2862968444824219,0.754692792892456
W38145,5Ery,0.6491214036941528,-8.639626502990723,0.6165037751197815
W38146,2Ery,-3.586305856704712,-5.153371810913086,0.7476743459701538
W38147,2Ery,-9.869101524353027,-5.87963342666626,0.8241963386535645
W38148,16Neu,17.258071899414062,14.373172760009766,0.335822194814682
W38149,7MEP,8.8999662399292,4.057258605957031,0.13896526396274567
W38150,5Ery,4.987252712249756,-7.501270771026611,0.54952073097229
W38151,2Ery,-4.160041332244873,-7.443436145782471,0.6811791062355042
W38152,7MEP,4.944643974304199,0.8342733979225159,0.25437143445014954
W38153,3Ery,6.284293174743652,-11.887779235839844,0.5191403031349182
W38154,4Ery,-1.2400678396224976,-6.629026889801025,0.6819996237754822
W38155,2Ery,-5.336529731750488,-4.381455898284912,0.7407618761062622
W38156,5Ery,4.060528755187988,-8.122851371765137,0.490459680557251
W38157,10GMP,8.366755485534668,9.81576156616211,0.052401166409254074
W38158,1Ery,-10.69390869140625,-6.786314010620117,0.8458598852157593
W38159,10GMP,7.122781753540039,6.269359111785889,0.026976412162184715
W38161,16Neu,5.079713344573975,16.246231079101562,0.22424274682998657
W38162,2Ery,-5.10036563873291,-4.691784381866455,0.7802697420120239
W38163,2Ery,-4.703996658325195,-7.542179107666016,0.7489364743232727
W38164,2Ery,-10.86142349243164,-7.177617073059082,0.8183011412620544
W38165,5Ery,3.8944308757781982,-8.175646781921387,0.4712674617767334
W38166,5Ery,1.8954375982284546,-8.115070343017578,0.6495476961135864
W38167,14Mo,0.5589752793312073,16.43515968322754,0.3106310963630676
W38168,14Mo,6.217015266418457,15.479718208312988,0.234932079911232
W38169,16Neu,16.876651763916016,18.29041862487793,0.3559597134590149
W38170,10GMP,11.106395721435547,1.401620626449585,0.1983669251203537
W38171,14Mo,1.1688873767852783,14.87085247039795,0.21530963480472565
W38172,14Mo,7.7094340324401855,15.78994369506836,0.2669719457626343
W38173,4Ery,0.45605167746543884,-8.365293502807617,0.6256284117698669
W38175,2Ery,-9.663618087768555,-5.252290725708008,0.7595707774162292
W38176,6Ery,3.6315572261810303,-12.053775787353516,0.5852254033088684
W38177,2Ery,-3.1428372859954834,-6.299695014953613,0.7665852308273315
W38180,16Neu,16.01432991027832,16.984222412109375,0.37283119559288025
W38181,1Ery,-5.47490930557251,-8.499605178833008,0.7718785405158997
W38182,13Baso,5.609409809112549,10.41346549987793,0.16112171113491058
W38183,3Ery,-4.137872219085693,-0.730993390083313,0.6758694648742676
W38184,15Mo,11.142873764038086,19.32502555847168,0.3060963749885559
W38185,3Ery,-2.445098876953125,-0.05361856892704964,0.6912757754325867
W38186,5Ery,0.5528794527053833,-9.136051177978516,0.5705773234367371
W38187,2Ery,-2.8772506713867188,-4.812269687652588,0.6916145086288452
W38188,2Ery,-5.7124738693237305,-8.326642990112305,0.7655392289161682
W38189,16Neu,19.963428497314453,18.315284729003906,0.3338960111141205
W38190,4Ery,-0.2537887692451477,-8.540792465209961,0.5499758720397949
W38191,12Baso,13.761539459228516,5.790617942810059,0.14536146819591522
W38192,3Ery,-2.418459177017212,0.017022468149662018,0.7239601612091064
W38193,12Baso,9.688393592834473,5.004415035247803,0.09497889876365662
W38194,14Mo,6.653473377227783,17.172285079956055,0.28116607666015625
W38195,15Mo,14.390028953552246,16.73865509033203,0.29825517535209656
W38196,14Mo,3.0574145317077637,13.90780258178711,0.19559317827224731
W38197,10GMP,2.482689619064331,5.532719612121582,0.1015106588602066
W38198,6Ery,8.594232559204102,-8.375033378601074,0.4481877386569977
W38199,12Baso,12.91827392578125,6.680741310119629,0.10082430392503738
W38200,2Ery,-8.10684871673584,-3.8761684894561768,0.7788243889808655
W38201,3Ery,-5.847803115844727,-1.2787714004516602,0.7642322778701782
W38202,4Ery,-0.1455031931400299,-9.045628547668457,0.5384591817855835
W38203,7MEP,6.445660591125488,2.108447790145874,0.20073829591274261
W38204,4Ery,-3.797600030899048,-6.856941223144531,0.7170602083206177
W38205,15Mo,12.189037322998047,19.277637481689453,0.34666475653648376
W38206,2Ery,-6.016500949859619,-4.215882301330566,0.6672860383987427
W38207,7MEP,10.107030868530273,0.44844549894332886,0.18956762552261353
W38208,14Mo,11.467280387878418,12.028788566589355,0.21465326845645905
W38209,3Ery,0.3837395906448364,-14.396986961364746,0.6437752842903137
W38210,13Baso,15.928881645202637,7.7221503257751465,0.3198643922805786
W38211,3Ery,-7.9610419273376465,-0.9007757902145386,0.813580334186554
W38212,15Mo,13.632650375366211,11.482610702514648,0.2049693465232849
W38213,15Mo,12.665780067443848,18.182415008544922,0.30169445276260376
W38214,13Baso,16.963651657104492,8.50745677947998,0.2600873112678528
W38215,14Mo,9.620983123779297,19.228391647338867,0.20664285123348236
W38217,4Ery,-11.309028625488281,-6.416493892669678,0.9016045928001404
W38218,14Mo,16.621509552001953,7.16331148147583,0.24411641061306
W38219,6Ery,8.233668327331543,-4.395075798034668,0.3614594638347626
W38220,3Ery,-5.248640537261963,0.2855474352836609,0.7548325061798096
W38221,14Mo,4.914121150970459,13.67031192779541,0.2288416028022766
W38222,8Mk,9.571978569030762,2.006889820098877,0.282172828912735
W38223,8Mk,12.489117622375488,1.490842342376709,0.2392188012599945
W38224,7MEP,6.948301792144775,0.9181161522865295,0.25994154810905457
W38225,15Mo,13.109912872314453,19.488544464111328,0.3479284346103668
W38226,15Mo,14.049834251403809,17.60685157775879,0.30338773131370544
W38227,13Baso,3.6301403045654297,11.316350936889648,0.23661020398139954
W38228,16Neu,16.485584259033203,18.153661727905273,0.3309744894504547
W38229,6Ery,7.13344144821167,-1.2120813131332397,0.25974148511886597
W38230,3Ery,-8.391005516052246,-2.522916555404663,0.7831804752349854
W38231,2Ery,-7.886066913604736,-4.354337215423584,0.7931775450706482
W38232,13Baso,9.359620094299316,19.40147590637207,0.2809331715106964
W38233,3Ery,-7.8981852531433105,-0.7164480090141296,0.7665954828262329
W38234,3Ery,-5.081929683685303,-0.7521968483924866,0.7085409164428711
W38235,13Baso,18.153797149658203,9.079368591308594,0.290603905916214
W38237,10GMP,2.5909252166748047,5.775123119354248,0.056779492646455765
W38238,4Ery,1.8358893394470215,-11.981082916259766,0.6186909675598145
W38239,2Ery,-9.360555648803711,-5.308518409729004,0.8834903240203857
W38240,7MEP,7.848605155944824,-0.03400309011340141,0.2551446855068207
W38241,7MEP,6.93939733505249,2.131460428237915,0.22650089859962463
W38242,6Ery,8.067510604858398,-0.5893492698669434,0.5042796730995178
W38243,3Ery,-4.0387492179870605,-0.3075002133846283,0.7155954241752625
W38244,16Neu,15.636136054992676,15.44869613647461,0.3181014657020569
W38245,7MEP,6.559901714324951,-0.19725528359413147,0.26702913641929626
W38246,14Mo,12.180160522460938,11.038070678710938,0.18262441456317902
W38247,3Ery,5.83465576171875,-4.497417449951172,0.4269622564315796
W38248,6Ery,1.3761109113693237,-12.34897232055664,0.5664037466049194
W38249,9GMP,4.703935146331787,6.2010650634765625,0.02630200982093811
W38250,12Baso,11.580595016479492,6.61467981338501,0.08357629179954529
W38251,3Ery,-6.242711544036865,-1.522053599357605,0.7636611461639404
W38252,14Mo,2.6066441535949707,14.328171730041504,0.25697994232177734
W38253,10GMP,5.4176812171936035,6.900430202484131,0.08806213736534119
W38254,4Ery,0.5478948950767517,-12.982749938964844,0.618660032749176
W38255,7MEP,5.405649662017822,0.11452750116586685,0.30248764157295227
W38256,6Ery,6.5531182289123535,-11.302273750305176,0.47841280698776245
W38257,14Mo,5.242034435272217,13.362170219421387,0.23393943905830383
W38258,14Mo,16.480546951293945,9.088887214660645,0.28959786891937256
W38259,4Ery,-3.9936351776123047,-5.193802833557129,0.6758764982223511
W38260,3Ery,-6.973112106323242,-4.3098649978637695,0.7323999404907227
W38261,3Ery,1.8998898267745972,-12.84006404876709,0.6314423084259033
W38262,2Ery,-4.150355339050293,-4.764981269836426,0.7095040082931519
W38263,16Neu,12.973200798034668,18.3004150390625,0.3493897318840027
W38264,3Ery,-8.880297660827637,-2.0680723190307617,0.6886870265007019
W38266,7MEP,7.415302276611328,-0.22366073727607727,0.24994748830795288
W38267,18Eos,23.6106014251709,9.871941566467285,0.583540678024292
W38268,6Ery,5.181010723114014,-12.362421035766602,0.48918214440345764
W38269,13Baso,16.91179084777832,8.668150901794434,0.22141872346401215
W38270,4Ery,1.751955509185791,-11.33897876739502,0.6014431118965149
W38271,10GMP,6.91870641708374,6.2677903175354,0.027653390541672707
W38272,6Ery,6.040087699890137,-4.275079250335693,0.4056248962879181
W38273,2Ery,-2.8292880058288574,-6.03745174407959,0.6864018440246582
W38274,12Baso,7.021762847900391,1.9108039140701294,0.2095375657081604
W38275,1Ery,-10.660881042480469,-7.07904577255249,0.8589749932289124
W38276,4Ery,5.588857650756836,-10.364877700805664,0.534155547618866
W38277,13Baso,2.9725348949432373,13.447237014770508,0.15311941504478455
W38278,14Mo,8.886019706726074,13.235671043395996,0.1956837922334671
W38279,14Mo,13.566807746887207,9.874652862548828,0.2412300407886505
W38280,13Baso,6.222919940948486,6.021224021911621,0.04913371056318283
W38282,3Ery,0.1621415913105011,-15.107800483703613,0.5847198367118835
W38283,3Ery,-8.00393009185791,-0.6007848381996155,0.7747647762298584
W38284,16Neu,15.817231178283691,17.42521858215332,0.31959083676338196
W38285,15Mo,14.342225074768066,16.479341506958008,0.28469958901405334
W38286,14Mo,7.544146537780762,10.954334259033203,0.18192078173160553
W38287,3Ery,2.1692724227905273,-13.785174369812012,0.5888621807098389
W38288,6Ery,7.529040813446045,-7.566065788269043,0.421867311000824
W38289,2Ery,8.277141571044922,-1.1405525207519531,0.6677853465080261
W38290,10GMP,4.332398414611816,9.482653617858887,0.2087714970111847
W38291,14Mo,12.727701187133789,10.191264152526855,0.17460887134075165
W38292,5Ery,7.9692158699035645,-9.513374328613281,0.5043342113494873
W38293,4Ery,-0.3798235058784485,-7.266972064971924,0.7532626390457153
W38294,15Mo,13.145370483398438,11.56312084197998,0.2443571239709854
W38295,13Baso,2.2937605381011963,14.53883171081543,0.22309572994709015
W38296,15Mo,9.007389068603516,16.78795051574707,0.32455840706825256
W38297,13Baso,6.5141448974609375,14.786938667297363,0.18608829379081726
W38298,14Mo,4.008767604827881,12.314562797546387,0.22317010164260864
W38299,12Baso,14.072676658630371,5.3989973068237305,0.172724187374115
W38300,16Neu,15.334892272949219,15.445963859558105,0.2837791442871094
W38301,13Baso,7.272414684295654,7.560072422027588,0.042226217687129974
W38302,6Ery,8.11806869506836,-0.4008747935295105,0.5017773509025574
W38303,15Mo,12.787717819213867,14.502737045288086,0.24490971863269806
W38304,4Ery,0.7042807936668396,-8.453657150268555,0.6440629959106445
W38305,14Mo,10.761587142944336,9.128338813781738,0.07978436350822449
W38306,13Baso,5.982666969299316,9.594400405883789,0.1638917624950409
W38307,15Mo,13.743412017822266,12.012467384338379,0.28527581691741943
W38308,3Ery,0.13270966708660126,-13.280381202697754,0.6248855590820312
W38309,10GMP,9.640985488891602,5.572508335113525,0.10403633862733841
W38310,13Baso,5.508187294006348,11.347600936889648,0.2322051227092743
W38311,4Ery,-5.4385762214660645,-0.6320971846580505,0.6957053542137146
W38313,8Mk,11.307232856750488,2.2761032581329346,0.20857582986354828
W38314,3Ery,-0.8378140330314636,-11.737627983093262,0.642865777015686
W38315,14Mo,3.5327718257904053,16.53257942199707,0.23309536278247833
W38316,15Mo,8.999342918395996,16.147844314575195,0.22578389942646027
W38318,16Neu,16.479965209960938,16.357593536376953,0.3620702922344208
W38319,15Mo,13.312386512756348,9.86001968383789,0.25660938024520874
W38320,9GMP,5.882617473602295,6.10066032409668,0.06865797936916351
W38321,16Neu,20.77324676513672,19.091333389282227,0.34697073698043823
W38322,12Baso,13.149959564208984,6.5264387130737305,0.1434178203344345
W38323,10GMP,7.001798152923584,2.174301862716675,0.22008205950260162
W38324,14Mo,11.6738920211792,11.967750549316406,0.2361670434474945
W38326,14Mo,2.3682854175567627,16.147937774658203,0.2765696048736572
W38327,14Mo,6.916537761688232,15.686538696289062,0.24730010330677032
W38328,7MEP,6.5184454917907715,-4.641223430633545,0.39069345593452454
W38329,15Mo,0.9045730829238892,16.393260955810547,0.2972612679004669
W38330,17Neu,14.865006446838379,4.32131814956665,0.2820765972137451
W38331,2Ery,-5.476787090301514,-4.61665153503418,0.6544215679168701
W38332,14Mo,13.20566463470459,14.431903839111328,0.20613758265972137
W38333,14Mo,10.647550582885742,9.172612190246582,0.13500061631202698
W38334,4Ery,-3.913785696029663,-1.4126169681549072,0.7427329421043396
W38335,6Ery,7.679268836975098,-6.349252700805664,0.38597553968429565
W38336,15Mo,13.068680763244629,19.215904235839844,0.344018816947937
W38337,2Ery,-3.2499947547912598,-4.695756435394287,0.8273890018463135
W38338,2Ery,2.2728230953216553,-9.234524726867676,0.564235270023346
W38339,5Ery,6.65476655960083,-8.690268516540527,0.5115289688110352
W38340,2Ery,-3.608891487121582,-8.01033878326416,0.7147300243377686
W38341,2Ery,-3.642631769180298,-4.789821147918701,0.7392398715019226
W38342,14Mo,6.358765125274658,17.292882919311523,0.3113236129283905
W38343,2Ery,-3.583047389984131,-5.272695064544678,0.7215500473976135
W38344,14Mo,6.9595465660095215,14.774737358093262,0.22120477259159088
W38345,15Mo,8.793830871582031,16.20841407775879,0.24773113429546356
W38346,5Ery,0.6296523213386536,-9.967865943908691,0.6317690014839172
W38347,6Ery,7.3656110763549805,-5.471606254577637,0.33679211139678955
W38348,13Baso,7.50157356262207,10.430392265319824,0.08743662387132645
W38349,6Ery,5.324089050292969,-1.5161324739456177,0.28964728116989136
W38350,13Baso,2.91036057472229,16.354406356811523,0.24245578050613403
W38351,5Ery,6.752159118652344,-8.63707160949707,0.4608149528503418
W38352,15Mo,1.323523998260498,12.784323692321777,0.29862725734710693
W38353,3Ery,-2.9874353408813477,-6.807862281799316,0.7235875129699707
W38354,10GMP,7.772922515869141,7.011227130889893,0.01840127445757389
W38355,2Ery,-5.830337047576904,-12.253536224365234,0.665309727191925
W38356,14Mo,6.578408241271973,17.488445281982422,0.300067275762558
W38357,2Ery,-2.5663259029388428,-11.535786628723145,0.5936024188995361
W38358,14Mo,9.992574691772461,12.421277046203613,0.20644068717956543
W38359,2Ery,-3.371816635131836,-4.200084686279297,0.7253375053405762
W38360,2Ery,-8.325799942016602,-3.2415146827697754,0.8349602222442627
W38361,2Ery,-2.969395875930786,-4.7291035652160645,0.7310421466827393
W38362,5Ery,1.0904682874679565,-8.705670356750488,0.5807365775108337
W38363,14Mo,3.4895265102386475,15.610443115234375,0.1957620531320572
W38364,1Ery,-5.48748254776001,-7.596877098083496,0.7699169516563416
W38365,5Ery,-1.128677487373352,-8.869607925415039,0.6997457146644592
W38366,4Ery,-1.9420233964920044,-9.084404945373535,0.6695405840873718
W38367,2Ery,-2.9406871795654297,-6.474337577819824,0.7171717286109924
W38368,10GMP,7.840063571929932,7.767830848693848,0.03255009278655052
W38369,2Ery,1.9778982400894165,-9.123254776000977,0.682245671749115
W38370,2Ery,0.9732531309127808,-8.099142074584961,0.6730853319168091
W38372,7MEP,6.764183521270752,2.150489330291748,0.22572648525238037
W38373,2Ery,-5.1185150146484375,-8.48613166809082,0.7500367164611816
W38374,7MEP,7.8734354972839355,5.817267894744873,0.06015397235751152
W38375,1Ery,-11.738040924072266,-9.681185722351074,0.8977440595626831
W38376,7MEP,8.114019393920898,0.6980898380279541,0.2504462003707886
W38377,9GMP,3.501279354095459,5.65933895111084,0.022769270464777946
W38379,2Ery,-3.1127450466156006,-4.083133697509766,0.8097930550575256
W38380,17Neu,10.204421997070312,5.319745063781738,0.13287314772605896
W38381,14Mo,3.1976916790008545,16.92377471923828,0.29115593433380127
W38382,14Mo,0.41331079602241516,16.214496612548828,0.2959676682949066
W38383,13Baso,4.857166290283203,13.76462173461914,0.19998453557491302
W38384,7MEP,7.434622287750244,-2.5916295051574707,0.30679020285606384
W38385,16Neu,17.92643165588379,14.694151878356934,0.39343905448913574
W38386,2Ery,-2.692371368408203,-6.555297374725342,0.693316638469696
W38387,2Ery,-3.236246347427368,-4.325230121612549,0.7105752229690552
W38388,7MEP,5.406422138214111,1.1490845680236816,0.2518851161003113
W38389,6Ery,7.376880645751953,-2.738729238510132,0.315379798412323
W38390,14Mo,0.5097352862358093,16.3120059967041,0.30826616287231445
W38391,4Ery,-4.382001876831055,-2.388537645339966,0.7821833491325378
W38392,6Ery,5.49394416809082,-1.238386869430542,0.2746495306491852
W38393,2Ery,-4.283798694610596,-4.43673038482666,0.8214089274406433
W38394,4Ery,0.6116579174995422,-10.347766876220703,0.6545287370681763
W38395,1Ery,-8.094447135925293,-6.509212970733643,0.8081177473068237
W38396,5Ery,4.0040740966796875,-8.213316917419434,0.5035176873207092
W38398,8Mk,11.002301216125488,2.105511426925659,0.23114053905010223
W38399,4Ery,1.1460151672363281,-10.087045669555664,0.6660035252571106
W38400,6Ery,6.100864887237549,0.625909149646759,0.2598855495452881
W38401,13Baso,17.150392532348633,9.199654579162598,0.21333929896354675
W38402,6Ery,6.764422416687012,-11.38217830657959,0.4439857602119446
W38403,13Baso,15.230022430419922,8.319022178649902,0.27681127190589905
W38404,7MEP,8.013951301574707,1.109786033630371,0.23202751576900482
W38405,3Ery,-4.869394302368164,1.9499940872192383,0.7559521794319153
W38406,3Ery,-11.412483215332031,-1.018792748451233,0.7763689160346985
W38407,13Baso,3.1897270679473877,13.99917984008789,0.18958596885204315
W38409,3Ery,5.3033671379089355,-12.232067108154297,0.4728078246116638
W38410,15Mo,11.456888198852539,19.36602783203125,0.3219354748725891
W38411,14Mo,6.421639919281006,14.082001686096191,0.23522168397903442
W38412,6Ery,4.527990341186523,-11.577302932739258,0.5711297988891602
W38413,10GMP,2.3174819946289062,5.491971969604492,0.05692215636372566
W38414,16Neu,17.772504806518555,19.736906051635742,0.37667542695999146
W38415,4Ery,-0.8618053197860718,-15.226696014404297,0.7113246917724609
W38416,14Mo,17.592802047729492,9.1603364944458,0.25770464539527893
W38417,14Mo,15.848186492919922,7.137454032897949,0.30902987718582153
W38418,10GMP,7.098165035247803,3.781438112258911,0.13072030246257782
W38419,3Ery,2.5715184211730957,-12.251917839050293,0.5898747444152832
W38420,10GMP,4.7637810707092285,8.161213874816895,0.11377432942390442
W38421,14Mo,11.757452964782715,9.856009483337402,0.2200269252061844
W38422,3Ery,-0.2086864560842514,-15.20610523223877,0.6484028697013855
W38423,4Ery,-2.7559244632720947,-0.23134301602840424,0.7448720932006836
W38425,14Mo,10.44906234741211,13.111960411071777,0.24683327972888947
W38426,3Ery,-6.910056114196777,-4.012743949890137,0.7713063359260559
W38427,15Mo,13.018501281738281,10.875743865966797,0.2757449448108673
W38428,15Mo,13.42635440826416,11.177289009094238,0.3059118688106537
W38429,10GMP,6.9450578689575195,8.519014358520508,0.12145489454269409
W38430,15Mo,11.012187004089355,19.15737533569336,0.27539515495300293
W38431,15Mo,13.250957489013672,15.909059524536133,0.23939459025859833
W38433,14Mo,7.038257122039795,15.078049659729004,0.27433815598487854
W38434,13Baso,1.4216861724853516,15.116904258728027,0.2573990523815155
W38435,16Neu,16.162376403808594,14.581001281738281,0.3300900459289551
W38436,14Mo,11.285137176513672,13.966861724853516,0.23588626086711884
W38437,4Ery,-0.4957462251186371,-11.678936958312988,0.6392873525619507
W38438,14Mo,11.803939819335938,12.904870986938477,0.23461301624774933
W38439,9GMP,5.960293292999268,0.7446649074554443,0.2570180594921112
W38440,3Ery,-7.680825710296631,-0.8219367265701294,0.7788509726524353
W38441,14Mo,3.485185384750366,15.7112455368042,0.2859157621860504
W38443,3Ery,0.48306673765182495,-10.639564514160156,0.6419503688812256
W38444,10GMP,7.080627918243408,7.222033977508545,0.04150889068841934
W38445,16Neu,14.057724952697754,13.813794136047363,0.1989230215549469
W38446,16Neu,18.44728660583496,16.300655364990234,0.31453537940979004
W38447,13Baso,6.722565174102783,13.015740394592285,0.23330211639404297
W38448,1Ery,-11.914056777954102,-9.919078826904297,0.9135788083076477
W38449,6Ery,8.112369537353516,-4.036440372467041,0.37829747796058655
W38450,2Ery,-5.6959028244018555,-7.661473751068115,0.7037346959114075
W38451,14Mo,10.696852684020996,12.893142700195312,0.28011012077331543
W38452,2Ery,-6.242951393127441,-12.463017463684082,0.7396211624145508
W38453,14Mo,12.343878746032715,13.613581657409668,0.25360748171806335
W38454,5Ery,6.588297367095947,-7.263004779815674,0.47700628638267517
W38455,2Ery,-1.7458157539367676,-8.28062629699707,0.5823700428009033
W38456,9GMP,6.597455978393555,7.976378917694092,0.08272182941436768
W38457,13Baso,16.272075653076172,9.023537635803223,0.2847955524921417
W38458,2Ery,-6.006583213806152,-12.320924758911133,0.7192939519882202
W38459,3Ery,4.6359944343566895,-8.721131324768066,0.48891907930374146
W38460,16Neu,17.391603469848633,14.454391479492188,0.3425448536872864
W38461,13Baso,8.87739372253418,9.15841293334961,0.15389668941497803
W38462,14Mo,7.086044788360596,17.100399017333984,0.2402089536190033
W38463,4Ery,0.6049610376358032,-9.764264106750488,0.6050055623054504
W38464,3Ery,-0.7843616604804993,-15.183609008789062,0.6309667229652405
W38465,6Ery,6.522963523864746,-4.265020370483398,0.38444584608078003
W38466,7MEP,7.14490270614624,2.9388575553894043,0.20937927067279816
W38467,10GMP,2.5369338989257812,5.602977752685547,0.03152929246425629
W38468,4Ery,-2.481771230697632,-11.676458358764648,0.6077250242233276
W38469,2Ery,-5.273040771484375,-11.789739608764648,0.6923088431358337
W38470,16Neu,15.821717262268066,15.012712478637695,0.3137408196926117
W38471,12Baso,13.366328239440918,6.255586624145508,0.1223578080534935
W38474,7MEP,5.043072700500488,-0.5809003710746765,0.291284441947937
W38475,13Baso,9.158304214477539,13.708711624145508,0.23358622193336487
W38477,4Ery,-3.079596996307373,-11.394535064697266,0.6929940581321716
W38478,7MEP,5.681293487548828,1.1213444471359253,0.2409837394952774
W38480,4Ery,-0.07606638222932816,-14.306646347045898,0.6558204293251038
W38481,12Baso,13.201186180114746,6.485347270965576,0.12685872614383698
W38482,5Ery,6.545753002166748,-8.224352836608887,0.503424882888794
W38483,2Ery,-2.180358409881592,-8.889826774597168,0.6914014220237732
W38484,2Ery,-3.495702028274536,-9.579898834228516,0.7778683304786682
W38485,9GMP,5.813241958618164,6.432131290435791,0.06347857415676117
W38486,1Ery,-11.788728713989258,-8.60460376739502,0.8194763660430908
W38488,3Ery,-2.1417462825775146,0.01965976133942604,0.7209075093269348
W38489,14Mo,9.970932006835938,13.993074417114258,0.24523718655109406
W38491,16Neu,14.785558700561523,13.467900276184082,0.2943978011608124
W38492,2Ery,-7.095455646514893,-4.894399642944336,0.6824601888656616
W38493,5Ery,0.33749523758888245,-10.379388809204102,0.6429944634437561
W38494,14Mo,11.112114906311035,14.682337760925293,0.2622326612472534
W38495,15Mo,10.7495756149292,14.86197280883789,0.24520820379257202
W38496,9GMP,9.68928337097168,7.479060649871826,0.03434906527400017
W38497,9GMP,7.4547224044799805,5.43173885345459,0.08458204567432404
W38498,14Mo,15.335596084594727,8.08794116973877,0.3344781994819641
W38500,2Ery,-6.419082164764404,-7.555058002471924,0.8020080924034119
W38501,4Ery,-1.2852745056152344,-1.3438773155212402,0.7898877859115601
W38502,5Ery,2.329509735107422,-8.472987174987793,0.5883195996284485
W38503,4Ery,-0.8680525422096252,-7.561625957489014,0.6958158016204834
W38505,3Ery,-5.797198295593262,-0.8514853119850159,0.7566306591033936
W38506,16Neu,18.354299545288086,15.122114181518555,0.35774752497673035
W38507,2Ery,-9.285638809204102,-5.896067142486572,0.7493757009506226
W38509,16Neu,17.623125076293945,15.941340446472168,0.28162264823913574
W38510,2Ery,-10.314760208129883,-6.077256202697754,0.8546169400215149
W38512,13Baso,5.05928373336792,8.301094055175781,0.05052657052874565
W38515,2Ery,-2.863769292831421,-8.935375213623047,0.5924598574638367
W38516,6Ery,6.676389217376709,-7.566553115844727,0.4623661935329437
W38517,6Ery,5.093097686767578,-7.532858371734619,0.5078917145729065
W38519,14Mo,9.126241683959961,13.939406394958496,0.19962716102600098
W38521,2Ery,-4.348519802093506,-11.319269180297852,0.7181270122528076
W38522,2Ery,-6.599383354187012,-12.451739311218262,0.7381410002708435
W38523,8Mk,9.57227897644043,0.31503453850746155,0.2543788254261017
W38524,8Mk,13.460243225097656,0.5174341797828674,0.2629600167274475
W38525,14Mo,10.107161521911621,13.505355834960938,0.25898170471191406
W38526,14Mo,7.364563465118408,15.984625816345215,0.20964016020298004
W38527,1Ery,-11.24824333190918,-7.5835957527160645,0.8821765184402466
W38528,4Ery,-5.834146976470947,0.7579323649406433,0.7645001411437988
W38529,7MEP,6.811662673950195,4.312004566192627,0.14113934338092804
W38530,16Neu,14.651371002197266,13.248382568359375,0.2914925515651703
W38531,16Neu,16.520416259765625,14.336278915405273,0.2614525854587555
W38532,14Mo,9.899949073791504,13.904088973999023,0.26825016736984253
W38533,3Ery,-2.693584680557251,-11.75929069519043,0.631597101688385
W38534,2Ery,-7.497048377990723,-5.5186591148376465,0.8318568468093872
W38535,16Neu,15.141971588134766,8.019509315490723,0.2957908809185028
W38536,17Neu,14.924480438232422,4.279102325439453,0.28249022364616394
W38537,6Ery,5.878415584564209,-7.657024383544922,0.5035157203674316
W38538,2Ery,-6.086390018463135,-12.380334854125977,0.7251705527305603
W38539,14Mo,7.402089595794678,13.686403274536133,0.18744295835494995
W38540,16Neu,15.122076034545898,12.888175010681152,0.28711017966270447
W38541,7MEP,7.75463342666626,0.7795578241348267,0.25832152366638184
W38543,2Ery,-6.293738842010498,-4.207077503204346,0.7632347345352173
W38544,3Ery,-11.398208618164062,-0.9536740183830261,0.7575903534889221
W38545,2Ery,-4.623034477233887,-11.512068748474121,0.5902608036994934
W38546,6Ery,7.8346710205078125,-4.395511150360107,0.36000940203666687
W38547,6Ery,7.182245254516602,-7.284205913543701,0.43197333812713623
W38548,6Ery,7.5839762687683105,-1.998295545578003,0.28274139761924744
W38549,10GMP,8.58447265625,9.542548179626465,0.06915821135044098
W38550,12Baso,9.1270170211792,4.491738319396973,0.1357201486825943
W38551,12Baso,9.95627212524414,5.654857158660889,0.07741355150938034
W38552,4Ery,0.46133953332901,-12.422835350036621,0.6405110359191895
W38553,2Ery,-4.129486560821533,-11.155869483947754,0.6722080707550049
W38554,4Ery,6.771531581878662,-7.975627899169922,0.4738437831401825
W38555,2Ery,-6.321744441986084,-12.561737060546875,0.6877374649047852
W38556,14Mo,7.173649311065674,15.3706693649292,0.17183370888233185
W38558,3Ery,-2.5391347408294678,-11.350377082824707,0.6412029266357422
W38559,6Ery,7.760882377624512,-5.581564903259277,0.35998693108558655
W38560,3Ery,-8.11941909790039,-1.7389960289001465,0.7363144159317017
W38561,10GMP,9.131292343139648,4.844688415527344,0.07040721923112869
W38563,2Ery,-6.492500305175781,-12.365008354187012,0.7278034090995789
W38564,14Mo,9.330546379089355,13.466917037963867,0.1764717847108841
W38565,16Neu,17.85331153869629,14.790287017822266,0.3331356644630432
W38567,18Eos,23.41537094116211,9.903953552246094,0.48651325702667236
W38568,13Baso,3.7671256065368652,12.71452522277832,0.26052936911582947
W38569,6Ery,6.6076250076293945,-7.800815105438232,0.4742752015590668
W38570,14Mo,7.066965103149414,16.36451530456543,0.2140354961156845
W38571,13Baso,8.448234558105469,11.779380798339844,0.19787169992923737
W38572,2Ery,-3.5504863262176514,-11.454584121704102,0.6899616122245789
W38573,2Ery,-4.7322678565979,-11.349796295166016,0.6195019483566284
W38575,5Ery,7.923872470855713,-5.493192672729492,0.37466302514076233
W38576,10GMP,5.247194766998291,7.582576274871826,0.06199195608496666
W38577,5Ery,-1.970008373260498,-8.209817886352539,0.5910550355911255
W38578,14Mo,9.036187171936035,14.992305755615234,0.18948638439178467
W38579,13Baso,9.370859146118164,11.732932090759277,0.1396515965461731
W38580,14Mo,8.62332534790039,11.523819923400879,0.20657221972942352
W38581,16Neu,17.1970157623291,14.466167449951172,0.33455994725227356
W38582,2Ery,-5.648821830749512,-12.081010818481445,0.7188580632209778
W38583,10GMP,15.928143501281738,-2.8969154357910156,0.3788061738014221
W38584,4Ery,-1.5258653163909912,-7.869729042053223,0.6599016189575195
W38585,16Neu,19.396696090698242,17.773284912109375,0.35277727246284485
W38586,6Ery,5.349252700805664,-1.4443166255950928,0.2981297969818115
W38587,15Mo,11.414163589477539,12.318946838378906,0.19789515435695648
W38588,14Mo,10.35802173614502,8.670008659362793,0.07534496486186981
W38589,12Baso,11.175690650939941,6.430589199066162,0.09180235117673874
W38590,7MEP,5.904819965362549,1.512973666191101,0.23951709270477295
W38591,10GMP,8.349569320678711,8.882121086120605,0.07844322174787521
W38592,15Mo,7.8794121742248535,15.800374031066895,0.22321227192878723
W38593,3Ery,-11.546783447265625,-0.9006295800209045,0.865121603012085
W38594,15Mo,18.928651809692383,19.67621421813965,0.38480958342552185
W38595,3Ery,-11.95405387878418,-0.6853193044662476,0.8025972843170166
W38596,9GMP,6.346724510192871,5.977930545806885,0.0336437001824379
W38597,2Ery,-6.717714786529541,-3.9583442211151123,0.7189885377883911
W38598,7MEP,7.833702564239502,1.2203341722488403,0.21789498627185822
W38599,3Ery,-5.823251724243164,-0.6228298544883728,0.6397762298583984
W38601,13Baso,1.0050073862075806,14.154959678649902,0.2741047441959381
W38602,16Neu,17.080312728881836,17.032577514648438,0.22901307046413422
W38603,13Baso,3.4003334045410156,11.811277389526367,0.24032551050186157
W38604,2Ery,-9.770308494567871,-1.175837516784668,0.8424810171127319
W38605,15Mo,14.38581657409668,16.617216110229492,0.3254213035106659
W38606,7MEP,9.073136329650879,0.6397348642349243,0.2572006583213806
W38607,6Ery,7.667398452758789,-8.053149223327637,0.40566208958625793
W38608,5Ery,1.3091468811035156,-12.027337074279785,0.6214900016784668
W38609,13Baso,17.342731475830078,8.865779876708984,0.3057073950767517
W38610,10GMP,7.633078098297119,9.458636283874512,0.12794271111488342
W38611,9GMP,2.0624096393585205,5.465070724487305,0.028887761756777763
W38612,13Baso,4.518802642822266,8.841838836669922,0.17587919533252716
W38613,13Baso,3.420095682144165,13.000967025756836,0.24821455776691437
W38614,12Baso,8.299049377441406,1.2152875661849976,0.22291803359985352
W38615,5Ery,-1.4887638092041016,-11.468921661376953,0.5993701219558716
W38616,13Baso,7.687102794647217,12.701037406921387,0.21586954593658447
W38617,15Mo,16.95139503479004,18.036256790161133,0.34160369634628296
W38618,14Mo,6.727112770080566,16.702451705932617,0.2645009458065033
W38619,10GMP,6.233382701873779,10.01456356048584,0.15256154537200928
W38620,15Mo,9.3720121383667,15.561599731445312,0.27838391065597534
W38622,4Ery,1.5076477527618408,-8.032135009765625,0.6326072216033936
W38623,5Ery,5.250323295593262,-7.709445953369141,0.4607957899570465
W38624,8Mk,11.276914596557617,1.367568016052246,0.23424763977527618
W38625,13Baso,4.544493198394775,13.20191764831543,0.23584815859794617
W38626,7MEP,6.969635963439941,3.246366500854492,0.2374165952205658
W38627,14Mo,6.84524393081665,17.53832244873047,0.2935579717159271
W38628,14Mo,0.38935497403144836,14.254863739013672,0.29617202281951904
W38629,2Ery,-4.627277851104736,-11.306774139404297,0.7314515113830566
W38630,6Ery,7.229461669921875,-5.385669708251953,0.3598317503929138
W38631,2Ery,-7.3520050048828125,-5.461044788360596,0.8491632342338562
W38632,13Baso,5.440183639526367,11.500245094299316,0.18528929352760315
W38633,7MEP,10.512256622314453,1.3430887460708618,0.20597107708454132
W38634,16Neu,18.548988342285156,15.43791389465332,0.37172558903694153
W38636,14Mo,1.1367117166519165,15.782748222351074,0.26681652665138245
W38637,3Ery,4.811141014099121,-7.559595108032227,0.5553034543991089
W38638,16Neu,15.695427894592285,14.531781196594238,0.2918453514575958
W38640,10GMP,8.405588150024414,7.1013264656066895,0.02055385522544384
W38643,12Baso,11.44308853149414,6.611230373382568,0.0843161940574646
W38644,10GMP,4.4551262855529785,6.0358171463012695,0.03127416968345642
W38645,13Baso,6.494721412658691,11.797523498535156,0.16011154651641846
W38646,1Ery,-11.629069328308105,-8.156085014343262,0.9536224603652954
W38647,16Neu,16.05039405822754,14.684809684753418,0.2568818926811218
W38648,6Ery,6.348391532897949,0.926341712474823,0.24069203436374664
W38649,14Mo,6.2729291915893555,14.617982864379883,0.22865228354930878
W38650,2Ery,-3.5813729763031006,-10.208612442016602,0.681493878364563
W38651,14Mo,9.218026161193848,13.572808265686035,0.21624191105365753
W38652,10GMP,2.5678608417510986,5.398792266845703,0.025904987007379532
W38653,14Mo,10.617513656616211,12.829894065856934,0.24101558327674866
W38654,16Neu,15.229568481445312,12.80127239227295,0.33507317304611206
W38655,9GMP,8.608360290527344,8.422335624694824,0.0409260019659996
W38656,3Ery,8.455388069152832,-8.472624778747559,0.4401867687702179
W38657,3Ery,-2.306865930557251,-0.40991732478141785,0.7558220028877258
W38659,14Mo,12.873022079467773,13.512072563171387,0.2627042233943939
W38660,2Ery,-5.289124488830566,-11.74599838256836,0.6915677189826965
W38662,12Baso,11.322689056396484,6.576992511749268,0.07265932857990265
W38663,9GMP,8.913512229919434,7.034739971160889,0.030808119103312492
W38664,1Ery,-11.93162727355957,-8.837495803833008,0.9109752178192139
W38666,3Ery,0.6698681116104126,-10.882390022277832,0.684005856513977
W38668,5Ery,-2.492065668106079,-11.710503578186035,0.5891461372375488
W38669,2Ery,-6.274910926818848,-12.405746459960938,0.716971755027771
W38670,8Mk,15.49454116821289,-2.3854665756225586,0.3419080078601837
W38672,2Ery,-6.797554016113281,-5.260992527008057,0.7272588610649109
W38673,16Neu,20.559432983398438,19.062490463256836,0.36663955450057983
W38674,5Ery,2.249545097351074,-8.412261962890625,0.5174040794372559
W38675,10GMP,9.773215293884277,5.737753868103027,0.10672939568758011
W38676,13Baso,2.7371904850006104,14.859150886535645,0.21314217150211334
W38677,16Neu,18.594648361206055,15.59737777709961,0.4498867690563202
W38678,14Mo,9.64686107635498,13.96329402923584,0.1946539580821991
W38679,2Ery,-6.377976894378662,-12.587428092956543,0.7674615383148193
W38680,5Ery,3.237011194229126,-8.673348426818848,0.5928330421447754
W38681,15Mo,1.2889811992645264,16.41922950744629,0.29475337266921997
W38682,7MEP,4.578532695770264,0.8745020031929016,0.26171454787254333
W38683,15Mo,14.663163185119629,15.438104629516602,0.2506450116634369
W38684,5Ery,1.7793385982513428,-9.242813110351562,0.6348310112953186
W38685,6Ery,8.220978736877441,-9.498371124267578,0.46401649713516235
W38686,5Ery,5.750452518463135,-8.868342399597168,0.518520176410675
W38687,2Ery,-3.344493865966797,-5.5224385261535645,0.7557815313339233
W38688,3Ery,-1.8197500705718994,-1.5466808080673218,0.6821187734603882
W38689,15Mo,16.87351417541504,16.902952194213867,0.3451734483242035
W38690,7MEP,7.016550540924072,0.7664117813110352,0.24347802996635437
W38691,3Ery,-4.224581241607666,0.2939070165157318,0.7868313193321228
W38692,15Mo,1.2428611516952515,15.444708824157715,0.25432613492012024
W38693,16Neu,18.219205856323242,18.58344078063965,0.33087146282196045
W38694,6Ery,6.83525276184082,-5.237977504730225,0.39062660932540894
W38695,7MEP,7.5469584465026855,0.9483665823936462,0.2447880506515503
W38697,6Ery,8.066344261169434,-9.492735862731934,0.4367930591106415
W38698,6Ery,8.061952590942383,-4.771333694458008,0.37804049253463745
W38699,10GMP,1.0440027713775635,5.864948749542236,0.08179464936256409
W38700,4Ery,-1.6599358320236206,-0.48656517267227173,0.7071000933647156
W38701,13Baso,6.199949264526367,12.498516082763672,0.20175690948963165
W38702,14Mo,13.161478042602539,13.66196346282959,0.2843625247478485
W38703,13Baso,5.816950798034668,12.319480895996094,0.1607690453529358
W38704,3Ery,-2.521674394607544,-0.8707000017166138,0.6141972541809082
W38705,6Ery,8.030627250671387,-5.287489414215088,0.37254515290260315
W38707,8Mk,12.121672630310059,1.729085087776184,0.21474312245845795
W38709,14Mo,8.923914909362793,13.923590660095215,0.1538449376821518
W38710,2Ery,-6.168254852294922,-7.258542060852051,0.7135089635848999
W38711,9GMP,1.312695860862732,5.52606725692749,0.05236117169260979
W38712,6Ery,6.106873035430908,-11.65001106262207,0.44991859793663025
W38713,15Mo,13.531730651855469,13.376139640808105,0.29593196511268616
W38714,13Baso,8.24405288696289,11.941089630126953,0.16969181597232819
W38715,3Ery,5.2914299964904785,-7.559897422790527,0.4886375069618225
W38716,16Neu,17.556894302368164,15.262885093688965,0.3363882005214691
W38717,2Ery,-10.689899444580078,-6.4513421058654785,0.776705801486969
W38718,9GMP,3.226606607437134,5.663426876068115,0.0800132304430008
W38719,14Mo,12.619102478027344,13.61821174621582,0.28380146622657776
W38720,3Ery,-0.25073012709617615,-11.595141410827637,0.6968231797218323
W38721,14Mo,8.843278884887695,13.894736289978027,0.20196764171123505
W38722,14Mo,9.329678535461426,13.580266952514648,0.2300071269273758
W38723,16Neu,6.850457668304443,17.164501190185547,0.2562943696975708
W38724,14Mo,6.679832935333252,17.463531494140625,0.3192923665046692
W38726,9GMP,8.626588821411133,8.70810604095459,0.08819201588630676
W38727,3Ery,-0.3743661642074585,-11.882869720458984,0.6831293106079102
W38728,13Baso,17.411523818969727,8.798107147216797,0.26182642579078674
W38729,10GMP,7.129325866699219,-2.0336546897888184,0.2902625501155853
W38730,14Mo,11.947964668273926,13.53388500213623,0.20246419310569763
W38732,3Ery,6.912028789520264,-7.596417427062988,0.4698011577129364
W38733,6Ery,7.08740758895874,-7.892214775085449,0.4606427252292633
W38734,14Mo,9.478641510009766,13.827863693237305,0.27855148911476135
W38735,4Ery,-2.0945749282836914,-11.518556594848633,0.6212978959083557
W38736,3Ery,-7.634625434875488,-1.0087432861328125,0.7051644325256348
W38737,2Ery,-6.561246395111084,-12.469250679016113,0.7656610012054443
W38738,2Ery,-5.590658664703369,-12.060388565063477,0.6309311985969543
W38739,14Mo,8.93579387664795,13.504155158996582,0.16726210713386536
W38740,2Ery,-3.380594491958618,-11.312599182128906,0.6187027096748352
W38741,8Mk,7.656991004943848,-5.588721752166748,0.36648306250572205
W38742,10GMP,10.075932502746582,7.43751335144043,0.03879423066973686
W38744,10GMP,3.7773611545562744,5.825098514556885,0.023883359506726265
W38745,14Mo,9.043535232543945,12.334898948669434,0.12429065257310867
W38747,10GMP,1.4298925399780273,5.514053821563721,0.04211519658565521
W38748,16Neu,15.042977333068848,12.949259757995605,0.29155072569847107
W38750,10GMP,4.686900615692139,8.41532039642334,0.13582979142665863
W38751,10GMP,5.0892486572265625,7.469216823577881,0.11083868891000748
W38752,13Baso,4.602020263671875,13.887287139892578,0.201371967792511
W38753,16Neu,19.35995864868164,17.29686737060547,0.348534494638443
W38754,2Ery,-3.1582486629486084,-11.678868293762207,0.6710850596427917
W38755,16Neu,15.206241607666016,12.784419059753418,0.339902400970459
W38756,2Ery,-6.480947494506836,-7.145097732543945,0.6945984363555908
W38757,14Mo,1.5325804948806763,15.514577865600586,0.3031342625617981
W38759,14Mo,11.130134582519531,14.51624870300293,0.2743310332298279
W38761,14Mo,10.40168285369873,12.713775634765625,0.2219577431678772
W38765,13Baso,1.382285237312317,14.626826286315918,0.23707479238510132
W38767,2Ery,-7.214522838592529,-5.303125858306885,0.8723440170288086
W38768,2Ery,-8.599506378173828,-2.8121981620788574,0.8147649168968201
W38769,16Neu,17.63085174560547,14.884271621704102,0.3362213671207428
W38770,2Ery,-3.480970859527588,-11.38243579864502,0.6136212348937988
W38771,2Ery,-5.400310039520264,-6.514199733734131,0.7841227054595947
W38772,14Mo,6.851649761199951,17.29867172241211,0.2601991593837738
W38773,5Ery,-2.821749210357666,-11.581725120544434,0.6393603682518005
W38774,2Ery,-3.164720058441162,-11.671963691711426,0.6388352513313293
W38775,7MEP,6.652091026306152,-0.036867622286081314,0.2580588161945343
W38776,9GMP,8.846861839294434,1.8953970670700073,0.21300269663333893
W38777,2Ery,-2.555877685546875,-4.61835241317749,0.7380906343460083
W38778,10GMP,2.063433885574341,5.337717533111572,0.04448594152927399
W38779,7MEP,4.808834075927734,0.3886021375656128,0.27378737926483154
W38781,6Ery,6.399711608886719,-2.2307651042938232,0.30792394280433655
W38782,15Mo,8.902121543884277,15.836009979248047,0.23993049561977386
W38783,5Ery,1.6335757970809937,-9.23941707611084,0.5667234063148499
W38784,5Ery,-1.7636524438858032,-11.542975425720215,0.6925164461135864
W38785,15Mo,12.486799240112305,20.00032615661621,0.22730696201324463
W38786,14Mo,6.1077117919921875,10.936850547790527,0.1703070104122162
W38788,8Mk,15.58822250366211,-2.5558784008026123,0.3464004397392273
W38789,14Mo,1.6793017387390137,12.95257568359375,0.24256792664527893
W38790,15Mo,13.209492683410645,18.809951782226562,0.24023975431919098
W38791,4Ery,5.841437339782715,-11.729802131652832,0.5103092193603516
W38793,14Mo,8.02975845336914,15.240286827087402,0.1686568558216095
W38794,13Baso,9.599498748779297,12.811422348022461,0.18113678693771362
W38795,6Ery,8.667327880859375,-5.75086784362793,0.3661074936389923
W38796,4Ery,-1.055070161819458,-15.109230995178223,0.7210754752159119
W38797,13Baso,18.573379516601562,9.168702125549316,0.30121326446533203
W38798,4Ery,-0.48031139373779297,-6.8767218589782715,0.6903364658355713
W38799,9GMP,5.653461456298828,6.029295921325684,0.03287294879555702
W38800,3Ery,-7.791725158691406,-0.5766833424568176,0.7821140289306641
W38801,8Mk,15.484631538391113,-2.451533555984497,0.34385842084884644
W38802,8Mk,16.4952335357666,-3.466573476791382,0.493655264377594
W38803,15Mo,12.843561172485352,17.732118606567383,0.29794439673423767
W38804,2Ery,-4.661477088928223,-5.225744724273682,0.6878743767738342
W38805,12Baso,13.845181465148926,5.689958572387695,0.161736398935318
W38806,3Ery,6.403223514556885,-11.87948989868164,0.4943971037864685
W38807,15Mo,18.906599044799805,19.419757843017578,0.3615354895591736
W38808,15Mo,12.519837379455566,19.078908920288086,0.21967051923274994
W38809,9GMP,1.5468370914459229,5.599564075469971,0.043475814163684845
W38810,3Ery,-6.742405891418457,-0.629972517490387,0.8050945401191711
W38811,10GMP,6.600311756134033,7.770656585693359,0.05514555424451828
W38812,15Mo,16.163904190063477,16.08917808532715,0.35354337096214294
W38813,16Neu,17.552104949951172,20.210325241088867,0.37166398763656616
W38814,4Ery,1.2321078777313232,-13.41899299621582,0.5801109671592712
W38815,3Ery,0.2918820381164551,-15.17471694946289,0.5941206216812134
W38816,14Mo,6.338222026824951,15.037322998046875,0.23515084385871887
W38818,3Ery,-0.021341221407055855,-14.963207244873047,0.5850006341934204
W38819,16Neu,19.369157791137695,19.23444366455078,0.34750232100486755
W38820,6Ery,7.96753454208374,-6.74393892288208,0.3928673565387726
W38821,5Ery,6.444005012512207,-9.73541259765625,0.5431681275367737
W38822,13Baso,10.728875160217285,9.053153991699219,0.10928378999233246
W38823,13Baso,9.08920669555664,19.411455154418945,0.30985379219055176
W38825,13Baso,17.069246292114258,8.713824272155762,0.2816275358200073
W38826,8Mk,11.238580703735352,1.5254532098770142,0.2281130850315094
W38827,2Ery,8.278515815734863,-0.8011412620544434,0.5961074233055115
W38828,13Baso,2.7048473358154297,14.283336639404297,0.2405698448419571
W38829,13Baso,9.75080680847168,19.207292556762695,0.2063968926668167
W38830,8Mk,10.998847007751465,2.0383193492889404,0.20771482586860657
W38831,8Mk,13.332784652709961,0.6833455562591553,0.27583757042884827
W38832,15Mo,12.700027465820312,19.801437377929688,0.34134238958358765
W38833,14Mo,4.9276347160339355,16.08438491821289,0.22358717024326324
W38834,14Mo,14.51860237121582,14.039409637451172,0.28563496470451355
W38836,6Ery,7.283710479736328,-2.64853835105896,0.31858450174331665
W38837,5Ery,4.959904193878174,-10.469045639038086,0.48446977138519287
W38838,15Mo,13.09610652923584,15.927573204040527,0.267716646194458
W38839,7MEP,7.388105392456055,0.004419662524014711,0.29920315742492676
W38840,15Mo,13.186929702758789,16.841562271118164,0.3101865351200104
W38841,15Mo,12.468782424926758,21.055002212524414,0.3450201749801636
W38843,6Ery,3.6040258407592773,-11.741354942321777,0.5122129917144775
W38845,12Baso,1.52045476436615,5.525501728057861,0.06456485390663147
W38846,2Ery,-7.918449878692627,-5.553539276123047,0.7882855534553528
W38847,13Baso,17.701765060424805,9.248760223388672,0.224365234375
W38848,3Ery,6.472245216369629,-5.926064968109131,0.41253969073295593
W38849,4Ery,-0.2811107635498047,-14.668475151062012,0.5830937027931213
W38850,14Mo,11.802704811096191,11.700128555297852,0.23578879237174988
W38851,10GMP,8.276323318481445,7.669205665588379,0.035300955176353455
W38852,16Neu,15.905412673950195,17.626815795898438,0.355193167924881
W38853,15Mo,16.308855056762695,17.095556259155273,0.279962956905365
W38854,6Ery,6.313197135925293,-0.8008374571800232,0.2794606387615204
W38855,13Baso,4.012374401092529,12.255358695983887,0.18866799771785736
W38858,15Mo,18.063961029052734,20.278732299804688,0.4315551221370697
W38859,6Ery,8.751428604125977,-5.703078746795654,0.3581567704677582
W38860,2Ery,-7.505230903625488,-5.087636470794678,0.7046781778335571
W38861,15Mo,13.174371719360352,16.815383911132812,0.28556326031684875
W38862,3Ery,-3.164863348007202,-0.34879469871520996,0.5559688210487366
W38863,13Baso,10.764199256896973,12.104276657104492,0.14855603873729706
W38864,6Ery,5.940502643585205,-1.903110146522522,0.31507086753845215
W38865,13Baso,6.718169689178467,13.333911895751953,0.25364941358566284
W38866,9GMP,8.735895156860352,6.909407615661621,0.027830038219690323
W38867,10GMP,1.3187757730484009,5.6752824783325195,0.03630498796701431
W38868,10GMP,6.815157413482666,7.747852802276611,0.0503847561776638
W38869,14Mo,6.573488712310791,14.3806791305542,0.2481239140033722
W38870,2Ery,-7.242634296417236,-4.738400936126709,0.6810451149940491
W38871,6Ery,7.726998329162598,-3.749675750732422,0.3437720835208893
W38872,10GMP,4.788463592529297,6.8935418128967285,0.03642159700393677
W38873,7MEP,6.3980488777160645,0.5656599402427673,0.2517920434474945
W38874,6Ery,4.225949287414551,0.7729670405387878,0.27135199308395386
W38875,14Mo,8.713464736938477,12.860851287841797,0.20159462094306946
W38876,2Ery,-7.209580421447754,-4.467294692993164,0.6655134558677673
W38877,2Ery,-6.971365928649902,-4.043911457061768,0.7407419681549072
W38878,7MEP,5.798658847808838,0.6532913446426392,0.2598038613796234
W38879,5Ery,1.4157963991165161,-11.586338996887207,0.63878333568573
W38880,13Baso,15.435136795043945,9.5106782913208,0.22556154429912567
W38881,13Baso,4.220499515533447,16.417987823486328,0.23825904726982117
W38882,14Mo,8.983323097229004,16.852954864501953,0.3124581277370453
W38883,3Ery,-8.049694061279297,-2.3217194080352783,0.651594340801239
W38884,13Baso,0.12363335490226746,14.339632987976074,0.2928384840488434
W38886,4Ery,-0.44482749700546265,-13.309918403625488,0.7117312550544739
W38887,3Ery,-5.762762069702148,-0.3158574104309082,0.6073649525642395
W38889,2Ery,-8.354968070983887,-2.313765525817871,0.7448307275772095
W38890,15Mo,13.231287956237793,17.239036560058594,0.26452234387397766
W38891,7MEP,7.941849708557129,-0.11236944049596786,0.3731812536716461
W38892,1Ery,-11.783275604248047,-9.98029613494873,0.9450162053108215
W38893,15Mo,17.230712890625,18.401397705078125,0.34907203912734985
W38894,2Ery,-6.128314971923828,-4.807050704956055,0.7012909054756165
W38895,13Baso,10.335304260253906,13.822184562683105,0.2074449360370636
W38896,8Mk,10.193750381469727,1.414094090461731,0.23104557394981384
W38897,9GMP,7.972488880157471,7.612081527709961,0.03182816132903099
W38900,8Mk,11.733465194702148,1.8132151365280151,0.21891145408153534
W38901,17Neu,14.502692222595215,4.738683223724365,0.23450511693954468
W38902,13Baso,4.514695644378662,9.778751373291016,0.26642000675201416
W38903,13Baso,11.517925262451172,9.68051815032959,0.1233222559094429
W38904,13Baso,11.637231826782227,8.468599319458008,0.13530731201171875
W38905,3Ery,-5.373193264007568,-0.1668461114168167,0.6593747138977051
W38906,12Baso,7.740931987762451,-4.062880039215088,0.3406650722026825
W38907,16Neu,17.882993698120117,20.027015686035156,0.3840576112270355
W38908,10GMP,5.51523494720459,7.84344482421875,0.10816063731908798
W38909,15Mo,15.994531631469727,17.875337600708008,0.37274599075317383
W38910,7MEP,6.635475158691406,0.16866028308868408,0.26065751910209656
W38911,13Baso,13.559501647949219,10.224578857421875,0.2104884386062622
W38912,13Baso,8.66784954071045,15.476786613464355,0.2212325930595398
W38913,14Mo,12.469423294067383,21.142629623413086,0.3469610810279846
W38914,16Neu,19.41815757751465,18.20345687866211,0.34177035093307495
W38915,3Ery,-3.7472457885742188,-0.6008878350257874,0.5522938966751099
W38916,7MEP,7.122044563293457,-2.3417458534240723,0.29903900623321533
W38917,13Baso,3.2916312217712402,16.716779708862305,0.2806396186351776
W38918,13Baso,1.90207839012146,15.504659652709961,0.3107827603816986
W38919,3Ery,-4.810881614685059,0.18696074187755585,0.6957374811172485
W38920,1Ery,-11.405662536621094,-6.217033863067627,0.8053102493286133
W38921,14Mo,10.018560409545898,19.365095138549805,0.21837347745895386
W38922,15Mo,16.849390029907227,16.40951156616211,0.3779810965061188
W38923,10GMP,7.897570610046387,9.056730270385742,0.08103181421756744
W38924,15Mo,10.442830085754395,15.493346214294434,0.18488354980945587
W38925,4Ery,2.31123423576355,-13.725191116333008,0.6056128740310669
W38926,9GMP,9.687233924865723,6.359465599060059,0.05481385067105293
W38927,14Mo,10.621289253234863,19.397415161132812,0.29635903239250183
W38928,9GMP,0.7806923985481262,5.769347190856934,0.09015215188264847
W38929,13Baso,5.488394737243652,6.258448600769043,0.03772465139627457
W38930,10GMP,5.473480224609375,6.284426689147949,0.07144385576248169
W38931,9GMP,0.7624770998954773,5.903029441833496,0.09335040301084518
W38932,5Ery,5.991666316986084,-8.695881843566895,0.5330186486244202
W38933,2Ery,-3.8127541542053223,-4.41701602935791,0.7766990065574646
W38934,7MEP,7.00571346282959,1.9298646450042725,0.21743659675121307
W38935,13Baso,3.996999979019165,16.506635665893555,0.25455933809280396
W38937,6Ery,9.024372100830078,-6.29182767868042,0.3912712633609772
W38938,7MEP,7.839847087860107,0.13685718178749084,0.2981574833393097
W38939,10GMP,7.6530842781066895,5.572932720184326,0.06350547075271606
W38940,7MEP,5.502732276916504,-0.0924016609787941,0.27091458439826965
W38941,10GMP,7.063880920410156,7.838176727294922,0.06045449897646904
W38942,3Ery,0.25092288851737976,-9.496861457824707,0.5959386825561523
W38943,5Ery,-3.7295258045196533,-0.7427466511726379,0.5527317523956299
W38944,10GMP,8.380273818969727,3.5540881156921387,0.1347208321094513
W38945,6Ery,7.384734153747559,-3.1551198959350586,0.33942946791648865
W38947,8Mk,12.80159854888916,1.2244516611099243,0.25154680013656616
W38948,4Ery,1.2534675598144531,-11.427935600280762,0.6817098259925842
W38949,14Mo,4.22504997253418,15.285004615783691,0.22812089323997498
W38950,16Neu,17.819307327270508,19.95598602294922,0.3135654330253601
W38951,14Mo,7.059476852416992,12.993220329284668,0.16681386530399323
W38952,10GMP,6.4117279052734375,7.204914569854736,0.09647906571626663
W38953,10GMP,6.465922832489014,7.223228931427002,0.07459735870361328
W38954,13Baso,15.883992195129395,8.413853645324707,0.303565114736557
W38955,7MEP,6.823300361633301,-2.6057043075561523,0.3032309114933014
W38956,15Mo,14.813944816589355,17.29776382446289,0.29882118105888367
W38957,10GMP,6.1082000732421875,7.183279991149902,0.07953651249408722
W38958,15Mo,13.421653747558594,15.593561172485352,0.18914875388145447
W38959,15Mo,12.71001148223877,19.326580047607422,0.30644723773002625
W38960,14Mo,13.5501127243042,10.455769538879395,0.2234598696231842
W38961,5Ery,4.884774208068848,-12.584364891052246,0.5117343068122864
W38962,13Baso,15.669605255126953,9.354696273803711,0.2513974606990814
W38963,9GMP,10.682308197021484,6.532591342926025,0.05207524448633194
W38964,7MEP,4.7140092849731445,0.5440067052841187,0.2687802314758301
W38965,14Mo,13.432682037353516,10.514693260192871,0.22697080671787262
W38966,6Ery,7.598072052001953,-9.79699420928955,0.4737153649330139
W38967,2Ery,-9.56576919555664,-5.024668216705322,0.8037247657775879
W38968,8Mk,10.8655424118042,1.1960787773132324,0.23187799751758575
W38969,7MEP,5.953074932098389,0.5742306709289551,0.2557734251022339
W38970,5Ery,2.561732292175293,-12.885650634765625,0.5841432809829712
W38971,7MEP,8.554003715515137,3.140504837036133,0.18555311858654022
W38972,13Baso,3.905334234237671,11.939255714416504,0.154591903090477
W38973,7MEP,6.2851762771606445,1.2932121753692627,0.2405894249677658
W38974,5Ery,2.2001800537109375,-12.737983703613281,0.6178016662597656
W38975,8Mk,12.753808975219727,1.25925612449646,0.2422189861536026
W38976,2Ery,-8.05803108215332,-5.7081451416015625,0.8076684474945068
W38977,2Ery,-7.870145320892334,-4.808319568634033,0.8224933743476868
W38978,4Ery,-4.031085014343262,-0.8471583127975464,0.7007348537445068
W38979,14Mo,9.057076454162598,16.762298583984375,0.27934035658836365
W38980,15Mo,18.166593551635742,20.086685180664062,0.3844538629055023
W38981,13Baso,5.027052879333496,10.427834510803223,0.17685362696647644
W38982,3Ery,-8.020185470581055,-2.004290819168091,0.7983024716377258
W38983,2Ery,-4.564403533935547,-5.315674781799316,0.6409797668457031
W38985,5Ery,7.972424030303955,-8.230786323547363,0.4217394292354584
W38987,13Baso,7.122288703918457,12.382622718811035,0.16889554262161255
W38989,3Ery,2.038797616958618,-12.791337966918945,0.6530376076698303
W38990,6Ery,7.423937797546387,1.6457960605621338,0.2226162850856781
W38991,8Mk,11.398052215576172,2.13615083694458,0.225714311003685
W38992,6Ery,7.306610107421875,-0.9113072752952576,0.28791800141334534
W38993,15Mo,19.40378189086914,18.5651798248291,0.2617420256137848
W38994,2Ery,-4.749090671539307,-3.0201940536499023,0.7338420748710632
W38996,5Ery,5.95306921005249,-9.14262580871582,0.539007306098938
W38997,6Ery,7.580158233642578,-4.363128185272217,0.3336401581764221
W38998,9GMP,8.483599662780762,4.595188617706299,0.09389658272266388
W38999,8Mk,12.008305549621582,1.8550095558166504,0.22593118250370026
W39000,15Mo,12.71884822845459,19.136245727539062,0.31680524349212646
W39001,13Baso,2.0780205726623535,13.213369369506836,0.2167155146598816
W39002,10GMP,7.131965160369873,7.910761833190918,0.11070343106985092
W39003,15Mo,20.847553253173828,19.156570434570312,0.4126851558685303
W39004,15Mo,13.71021842956543,18.07205581665039,0.3117925226688385
W39005,2Ery,-7.827197074890137,-5.377030372619629,0.762344241142273
W39006,13Baso,4.753299713134766,14.819948196411133,0.21628552675247192
W39007,14Mo,1.8878185749053955,15.030397415161133,0.22408638894557953
W39008,9GMP,10.837077140808105,1.335229516029358,0.22038865089416504
W39009,2Ery,-8.13424015045166,-5.342417240142822,0.8204419016838074
W39010,3Ery,-3.9323482513427734,-1.2036411762237549,0.6536393165588379
W39011,17Neu,13.656275749206543,5.8958587646484375,0.14400620758533478
W39012,16Neu,17.455493927001953,14.72215747833252,0.3224170207977295
W39013,13Baso,15.271530151367188,9.46976375579834,0.269069105386734
W39015,6Ery,8.381436347961426,-6.599128246307373,0.38175415992736816
W39017,13Baso,4.539486408233643,14.15628719329834,0.20941101014614105
W39018,10GMP,0.29920950531959534,5.722995281219482,0.07138954848051071
W39019,13Baso,1.0351163148880005,15.2853364944458,0.2893400490283966
W39020,13Baso,0.47340768575668335,14.518190383911133,0.2439359426498413
W39021,2Ery,0.6240851283073425,-8.229071617126465,0.6703278422355652
W39022,6Ery,8.204987525939941,0.920527458190918,0.23242877423763275
W39023,15Mo,12.340725898742676,21.062271118164062,0.2884919047355652
W39024,14Mo,11.071425437927246,14.984358787536621,0.20099855959415436
W39025,14Mo,6.67374324798584,14.212797164916992,0.18394127488136292
W39026,13Baso,3.770216464996338,12.030972480773926,0.16630686819553375
W39027,14Mo,4.5273847579956055,16.39858055114746,0.2454850673675537
W39028,6Ery,8.332661628723145,-7.021312713623047,0.4142463803291321
W39029,13Baso,1.7442572116851807,15.170792579650879,0.2607221007347107
W39030,17Neu,9.416277885437012,4.912154197692871,0.08465313911437988
W39031,2Ery,-0.016399173066020012,-9.393095970153809,0.5081574320793152
W39032,6Ery,7.331394672393799,-3.153074026107788,0.3158714771270752
W39033,7MEP,7.5782790184021,1.8897336721420288,0.21566711366176605
W39034,10GMP,5.9386749267578125,6.822062015533447,0.06501258164644241
W39035,10GMP,2.4543263912200928,5.375816345214844,0.05259666219353676
W39036,6Ery,8.131793975830078,-8.208585739135742,0.43081414699554443
W39037,15Mo,15.869399070739746,15.49128246307373,0.3058113157749176
W39038,15Mo,16.184621810913086,15.170029640197754,0.2589179575443268
W39039,6Ery,5.131045818328857,-1.0029288530349731,0.2849147617816925
W39040,4Ery,0.21868956089019775,-13.339484214782715,0.6555206179618835
W39041,8Mk,15.290842056274414,-2.2586917877197266,0.3288513720035553
W39042,6Ery,7.8603363037109375,-4.301497936248779,0.3389122188091278
W39043,13Baso,11.433777809143066,10.631217002868652,0.14783653616905212
W39044,13Baso,10.19546890258789,9.467718124389648,0.13591283559799194
W39045,5Ery,6.335219860076904,-9.355751037597656,0.5237970948219299
W39047,10GMP,1.1424356698989868,5.851653099060059,0.06547382473945618
W39048,10GMP,10.224059104919434,2.520261287689209,0.2395922839641571
W39050,10GMP,6.167882919311523,7.237596035003662,0.09052572399377823
W39051,2Ery,-2.791318416595459,-6.48690128326416,0.7325151562690735
W39053,16Neu,19.70238494873047,18.39779281616211,0.35109925270080566
W39054,14Mo,12.026430130004883,10.11782455444336,0.1509467214345932
W39055,5Ery,6.458395004272461,-9.084400177001953,0.4740499258041382
W39056,10GMP,1.2474863529205322,5.579899787902832,0.05687328055500984
W39057,6Ery,5.712283611297607,-10.303023338317871,0.46963056921958923
W39058,2Ery,-4.27572774887085,-4.674009799957275,0.7423772215843201
W39059,10GMP,4.425365447998047,9.73770809173584,0.1915980726480484
W39060,15Mo,14.342842102050781,17.746557235717773,0.2524608075618744
W39061,16Neu,18.400070190429688,17.533172607421875,0.23968683183193207
W39062,6Ery,5.122815132141113,-0.8162170052528381,0.28289520740509033
W39064,10GMP,3.665125846862793,5.7136006355285645,0.03437182679772377
W39065,15Mo,12.988323211669922,19.39369010925293,0.2889869809150696
W39066,13Baso,2.4516592025756836,13.76026725769043,0.15020981431007385
W39067,5Ery,8.635133743286133,-8.716525077819824,0.4430665671825409
W39068,7MEP,8.169999122619629,1.8430285453796387,0.2202846109867096
W39069,4Ery,0.14904530346393585,-13.713507652282715,0.6857708096504211
W39070,7MEP,9.818913459777832,3.2047805786132812,0.17375153303146362
W39071,3Ery,4.815860271453857,-12.676344871520996,0.5310688018798828
W39073,13Baso,12.446126937866211,11.037128448486328,0.22804997861385345
W39074,13Baso,0.661198616027832,15.033365249633789,0.3181552290916443
W39075,13Baso,9.602044105529785,8.757314682006836,0.055561650544404984
W39076,3Ery,-3.9666130542755127,-5.106867790222168,0.7274077534675598
W39077,1Ery,-10.734251022338867,-6.34702730178833,0.8286635875701904
W39078,15Mo,11.8040132522583,12.184176445007324,0.28775763511657715
W39079,8Mk,6.270596981048584,1.193056344985962,0.24243901669979095
W39081,7MEP,9.350717544555664,4.648150444030762,0.10138801485300064
W39082,7MEP,8.522871971130371,1.2940984964370728,0.26246190071105957
W39083,13Baso,8.56102466583252,10.015531539916992,0.10293852537870407
W39084,13Baso,4.793715476989746,9.384651184082031,0.1358208805322647
W39085,5Ery,5.143383979797363,-9.678474426269531,0.5362011194229126
W39087,6Ery,4.142002105712891,0.4824816882610321,0.27047351002693176
W39088,15Mo,17.45954132080078,20.140384674072266,0.34495559334754944
W39089,13Baso,0.7178325653076172,14.458223342895508,0.22746607661247253
W39090,14Mo,8.222084999084473,15.58078384399414,0.25614914298057556
W39091,10GMP,7.146952152252197,-3.4796082973480225,0.3195992112159729
W39092,13Baso,6.498358726501465,11.202088356018066,0.20322252810001373
W39093,7MEP,7.143065929412842,0.4791008234024048,0.24341538548469543
W39094,15Mo,13.953697204589844,13.307636260986328,0.3281887471675873
W39095,8Mk,13.053364753723145,0.9659742116928101,0.24226748943328857
W39096,9GMP,0.9160739183425903,5.664283752441406,0.056248702108860016
W39097,4Ery,6.5425944328308105,-9.303290367126465,0.5043190717697144
W39098,17Neu,8.476941108703613,9.729522705078125,0.04770064353942871
W39099,2Ery,-3.3154489994049072,-3.987218141555786,0.7816952466964722
W39100,14Mo,5.23947286605835,14.070944786071777,0.14934313297271729
W39101,15Mo,14.126463890075684,16.96678924560547,0.33506399393081665
W39103,14Mo,13.281461715698242,10.255289077758789,0.21053627133369446
W39104,6Ery,7.762537956237793,-8.648322105407715,0.41536155343055725
W39105,6Ery,7.940008640289307,-4.40749979019165,0.35172346234321594
W39106,10GMP,6.557821750640869,8.039660453796387,0.13942566514015198
W39107,6Ery,5.20460319519043,-1.1186151504516602,0.28185829520225525
W39109,13Baso,6.02281379699707,11.629474639892578,0.17909182608127594
W39110,6Ery,5.406199932098389,-0.6612088680267334,0.2650713622570038
W39111,12Baso,11.759366035461426,8.382896423339844,0.18307392299175262
W39112,3Ery,-6.872396469116211,0.026316430419683456,0.747139573097229
W39113,13Baso,7.235973834991455,14.041231155395508,0.2108815610408783
W39114,13Baso,1.1455000638961792,14.673898696899414,0.22494234144687653
W39115,16Neu,19.879304885864258,18.507692337036133,0.36500084400177
W39116,10GMP,11.943674087524414,3.772793769836426,0.14192414283752441
W39117,16Neu,18.998374938964844,16.91469383239746,0.36391228437423706
W39118,13Baso,0.573145866394043,14.706823348999023,0.3140450417995453
W39119,5Ery,6.731940269470215,-8.952316284179688,0.47679269313812256
W39120,2Ery,-7.962380886077881,-4.939070701599121,0.8289385437965393
W39121,9GMP,9.397054672241211,11.980960845947266,0.1116049736738205
W39122,16Neu,20.66457176208496,19.01637077331543,0.3755583167076111
W39123,8Mk,9.608692169189453,1.727320909500122,0.243820920586586
W39125,13Baso,7.110744476318359,10.492637634277344,0.12419650703668594
W39126,10GMP,5.720353603363037,7.3917670249938965,0.09968511760234833
W39127,5Ery,4.566874980926514,-11.835192680358887,0.5528244376182556
W39128,15Mo,13.114469528198242,14.915406227111816,0.28897497057914734
W39129,13Baso,5.824626445770264,13.967134475708008,0.21740926802158356
W39130,9GMP,1.8527500629425049,5.419405460357666,0.045844413340091705
W39131,14Mo,11.312787055969238,11.171481132507324,0.17000342905521393
W39134,13Baso,9.227593421936035,9.856640815734863,0.11274861544370651
W39135,14Mo,5.513144016265869,15.5203218460083,0.196356400847435
W39137,15Mo,15.604985237121582,15.524298667907715,0.3028405010700226
W39138,15Mo,14.23594856262207,16.55083656311035,0.29120928049087524
W39139,10GMP,7.227045059204102,6.562315464019775,0.021445628255605698
W39140,15Mo,18.820301055908203,19.870140075683594,0.3683217465877533
W39141,16Neu,20.282146453857422,18.71428871154785,0.412818044424057
W39142,6Ery,8.548548698425293,-6.619743347167969,0.40545812249183655
W39143,2Ery,-1.4795445203781128,-8.085287094116211,0.6241384744644165
W39144,13Baso,6.172667026519775,15.206246376037598,0.2067546546459198
W39145,5Ery,4.885658264160156,-0.8543539643287659,0.3258667290210724
W39146,7MEP,4.32928991317749,0.37769636511802673,0.28706830739974976
W39148,6Ery,7.411076068878174,-2.1327884197235107,0.2793225944042206
W39149,13Baso,0.8571907877922058,14.236865997314453,0.2931445837020874
W39150,2Ery,-4.0655598640441895,-4.44692850112915,0.8233868479728699
W39152,7MEP,4.904972076416016,0.9278262257575989,0.2550128400325775
W39153,13Baso,10.723458290100098,11.64603328704834,0.13783444464206696
W39154,2Ery,-1.7085009813308716,-6.829087734222412,0.686318576335907
W39155,14Mo,4.3990159034729,13.824808120727539,0.1395002156496048
W39156,13Baso,0.05467957630753517,14.315223693847656,0.2909126281738281
W39157,8Mk,15.244902610778809,-2.2055954933166504,0.33367863297462463
W39158,13Baso,13.30557918548584,10.145503997802734,0.19259807467460632
W39159,7MEP,11.64459228515625,2.0685484409332275,0.21886391937732697
W39160,10GMP,6.589651584625244,7.531012058258057,0.07635017484426498
W39161,10GMP,2.383937358856201,5.7436442375183105,0.04092871770262718
W39162,14Mo,13.400971412658691,10.384931564331055,0.20376479625701904
W39163,16Neu,19.081541061401367,19.527484893798828,0.3783062696456909
W39164,2Ery,-1.157466173171997,-6.746986389160156,0.6694546937942505
W39165,13Baso,18.69887924194336,9.311909675598145,0.32828497886657715
W39166,7MEP,7.36566162109375,1.724955677986145,0.22634300589561462
W39167,15Mo,13.690529823303223,11.721616744995117,0.2571756839752197
W39168,3Ery,-4.334015846252441,-2.352199077606201,0.8136555552482605
