cell_id,paul15_clusters,dpt_erythrocyte_pseudotime,dpt_monocyte_pseudotime,dpt_lineage_pseudotime
W31105,7MEP,0.3632265031337738,,0.3632265031337738
W31106,15Mo,,0.7616174817085266,0.7616174817085266
W31107,3Ery,0.8798226714134216,,0.8798226714134216
W31108,15Mo,,0.6566999554634094,0.6566999554634094
W31109,3Ery,0.8799876570701599,,0.8799876570701599
W31110,15Mo,,0.4620380103588104,0.4620380103588104
W31111,4Ery,0.7539093494415283,,0.7539093494415283
W31113,2Ery,0.6213175058364868,,0.6213175058364868
W31114,3Ery,0.5998380780220032,,0.5998380780220032
W31115,2Ery,0.8999626040458679,,0.8999626040458679
W31116,2Ery,0.8237919807434082,,0.8237919807434082
W31117,17Neu,,,
W31118,14Mo,,0.4003482460975647,0.4003482460975647
W31119,13Baso,,,
W31120,3Ery,0.8409608006477356,,0.8409608006477356
W31121,7MEP,0.37555909156799316,,0.37555909156799316
W31122,3Ery,0.8358902335166931,,0.8358902335166931
W31123,3Ery,0.876768171787262,,0.876768171787262
W31124,2Ery,0.8741801977157593,,0.8741801977157593
W31125,8Mk,0.6693947315216064,,0.6693947315216064
W31126,3Ery,0.6275285482406616,,0.6275285482406616
W31127,9GMP,,0.07934669405221939,0.07934669405221939
W31128,8Mk,0.5036769509315491,,0.5036769509315491
W31129,10GMP,0.0,0.0,0.0
W31130,15Mo,,0.8156043887138367,0.8156043887138367
W31131,16Neu,,,
W31132,4Ery,0.770539402961731,,0.770539402961731
W31133,13Baso,,,
W31134,17Neu,,,
W31136,3Ery,0.8183318376541138,,0.8183318376541138
W31137,2Ery,0.8302231431007385,,0.8302231431007385
W31138,3Ery,0.7998600006103516,,0.7998600006103516
W31139,5Ery,0.6835852265357971,,0.6835852265357971
W31140,3Ery,0.7595350742340088,,0.7595350742340088
W31141,13Baso,,,
W31142,1Ery,0.9901605844497681,,0.9901605844497681
W31143,3Ery,0.9036088585853577,,0.9036088585853577
W31144,6Ery,0.6081029772758484,,0.6081029772758484
W31145,15Mo,,0.6725696325302124,0.6725696325302124
W31146,3Ery,0.6944029927253723,,0.6944029927253723
W31147,3Ery,0.8393613696098328,,0.8393613696098328
W31148,14Mo,,0.6502341032028198,0.6502341032028198
W31149,19Lymph,,,
W31150,12Baso,,,
W31151,3Ery,0.9021453261375427,,0.9021453261375427
W31152,14Mo,,0.8160967230796814,0.8160967230796814
W31153,6Ery,0.7413410544395447,,0.7413410544395447
W31154,4Ery,0.8032129406929016,,0.8032129406929016
W31155,7MEP,0.09370196610689163,,0.09370196610689163
W31156,2Ery,0.8461747169494629,,0.8461747169494629
W31157,13Baso,,,
W31158,14Mo,,0.5982916951179504,0.5982916951179504
W31159,6Ery,0.6219308972358704,,0.6219308972358704
W31160,18Eos,,,
W31161,4Ery,0.8172445893287659,,0.8172445893287659
W31162,3Ery,0.7624151110649109,,0.7624151110649109
W31163,3Ery,0.780866801738739,,0.780866801738739
W31164,14Mo,,0.8393815755844116,0.8393815755844116
W31165,2Ery,0.8744560480117798,,0.8744560480117798
W31166,13Baso,,,
W31167,2Ery,0.8640183210372925,,0.8640183210372925
W31168,13Baso,,,
W31169,13Baso,,,
W31170,14Mo,,0.8547549247741699,0.8547549247741699
W31171,7MEP,0.3625061810016632,,0.3625061810016632
W31172,7MEP,0.5718925595283508,,0.5718925595283508
W31173,7MEP,0.33430662751197815,,0.33430662751197815
W31174,10GMP,0.10272923111915588,0.17465171217918396,0.13869047164916992
W31175,12Baso,,,
W31176,6Ery,0.43829861283302307,,0.43829861283302307
W31177,5Ery,0.605276882648468,,0.605276882648468
W31178,5Ery,0.6323508024215698,,0.6323508024215698
W31179,14Mo,,0.5847296714782715,0.5847296714782715
W31180,4Ery,0.7739191651344299,,0.7739191651344299
W31181,16Neu,,,
W31182,16Neu,,,
W31183,3Ery,0.8094207644462585,,0.8094207644462585
W31184,2Ery,0.8248726725578308,,0.8248726725578308
W31185,6Ery,0.7441033720970154,,0.7441033720970154
W31186,13Baso,,,
W31187,13Baso,,,
W31188,10GMP,0.01490574236959219,0.05924170836806297,0.03707372536882758
W31189,14Mo,,0.5127971768379211,0.5127971768379211
W31190,5Ery,0.7429885864257812,,0.7429885864257812
W31191,7MEP,0.34342923760414124,,0.34342923760414124
W31192,7MEP,0.34211409091949463,,0.34211409091949463
W31193,5Ery,0.7633463740348816,,0.7633463740348816
W31194,6Ery,0.6168318390846252,,0.6168318390846252
W31195,2Ery,0.8895342946052551,,0.8895342946052551
W31196,10GMP,0.37743163108825684,0.23179005086421967,0.30461084097623825
W31197,10GMP,0.05115538090467453,0.11728721112012863,0.08422129601240158
W31198,2Ery,0.856442928314209,,0.856442928314209
W31199,7MEP,0.3254987597465515,,0.3254987597465515
W31200,6Ery,0.4884776771068573,,0.4884776771068573
W31201,7MEP,0.39441347122192383,,0.39441347122192383
W31202,14Mo,,0.582197368144989,0.582197368144989
W31203,16Neu,,,
W31204,10GMP,0.14332546293735504,0.30236685276031494,0.222846157848835
W31205,3Ery,0.7874915599822998,,0.7874915599822998
W31206,3Ery,0.9346796274185181,,0.9346796274185181
W31207,13Baso,,,
W31209,1Ery,0.9734219312667847,,0.9734219312667847
W31210,14Mo,,0.8584079146385193,0.8584079146385193
W31211,15Mo,,0.7545522451400757,0.7545522451400757
W31212,2Ery,0.8389115929603577,,0.8389115929603577
W31213,5Ery,0.6019571423530579,,0.6019571423530579
W31214,2Ery,0.9132962822914124,,0.9132962822914124
W31215,5Ery,0.5992085933685303,,0.5992085933685303
W31217,3Ery,0.8227826952934265,,0.8227826952934265
W31218,14Mo,,0.7514845728874207,0.7514845728874207
W31219,10GMP,0.10320703685283661,0.22077079117298126,0.16198891401290894
W31220,2Ery,0.9478297829627991,,0.9478297829627991
W31221,7MEP,0.3758624792098999,,0.3758624792098999
W31222,4Ery,0.8178994059562683,,0.8178994059562683
W31223,9GMP,,0.14884436130523682,0.14884436130523682
W31224,7MEP,0.34207847714424133,,0.34207847714424133
W31225,3Ery,0.853211522102356,,0.853211522102356
W31226,16Neu,,,
W31227,11DC,,,
W31228,10GMP,0.04447149857878685,0.061356257647275925,0.05291387811303139
W31229,6Ery,0.7338927984237671,,0.7338927984237671
W31230,3Ery,0.5851869583129883,,0.5851869583129883
W31231,2Ery,0.8626143336296082,,0.8626143336296082
W31232,5Ery,0.7781776785850525,,0.7781776785850525
W31233,2Ery,0.8289257287979126,,0.8289257287979126
W31234,2Ery,0.8331630229949951,,0.8331630229949951
W31236,5Ery,0.670446515083313,,0.670446515083313
W31237,14Mo,,0.8832607269287109,0.8832607269287109
W31238,5Ery,0.6516966223716736,,0.6516966223716736
W31239,14Mo,,0.7351978421211243,0.7351978421211243
W31240,3Ery,0.6546188592910767,,0.6546188592910767
W31241,2Ery,0.8461326360702515,,0.8461326360702515
W31242,16Neu,,,
W31243,2Ery,0.9114396572113037,,0.9114396572113037
W31244,13Baso,,,
W31245,16Neu,,,
W31246,2Ery,0.8854676485061646,,0.8854676485061646
W31247,3Ery,0.8882218599319458,,0.8882218599319458
W31248,3Ery,0.7903508543968201,,0.7903508543968201
W31249,14Mo,,0.7705835700035095,0.7705835700035095
W31250,5Ery,0.8003287315368652,,0.8003287315368652
W31251,16Neu,,,
W31252,14Mo,,0.6737465262413025,0.6737465262413025
W31253,14Mo,,0.4058222472667694,0.4058222472667694
W31254,13Baso,,,
W31255,3Ery,0.8498185873031616,,0.8498185873031616
W31256,14Mo,,0.6165230870246887,0.6165230870246887
W31257,7MEP,0.37195080518722534,,0.37195080518722534
W31259,14Mo,,0.22995102405548096,0.22995102405548096
W31260,10GMP,0.061760250478982925,0.3863823115825653,0.22407128103077412
W31262,2Ery,0.6119996905326843,,0.6119996905326843
W31263,14Mo,,0.006505266763269901,0.006505266763269901
W31264,15Mo,,0.6113566160202026,0.6113566160202026
W31265,14Mo,,0.7302302718162537,0.7302302718162537
W31266,16Neu,,,
W31267,10GMP,0.13438238203525543,0.1310645341873169,0.13272345811128616
W31268,7MEP,0.3319642245769501,,0.3319642245769501
W31269,5Ery,0.6037453413009644,,0.6037453413009644
W31270,16Neu,,,
W31271,2Ery,0.8421899080276489,,0.8421899080276489
W31272,16Neu,,,
W31273,14Mo,,0.5630720257759094,0.5630720257759094
W31274,10GMP,0.012528623454272747,0.007228058762848377,0.009878341108560562
W31275,16Neu,,,
W31276,8Mk,0.4707088768482208,,0.4707088768482208
W31277,7MEP,0.40166667103767395,,0.40166667103767395
W31278,14Mo,,0.7178220152854919,0.7178220152854919
W31279,7MEP,0.3518925607204437,,0.3518925607204437
W31280,2Ery,0.8056323528289795,,0.8056323528289795
W31281,14Mo,,0.7573399543762207,0.7573399543762207
W31282,14Mo,,0.7941475510597229,0.7941475510597229
W31283,4Ery,0.7582862973213196,,0.7582862973213196
W31284,5Ery,0.6239706873893738,,0.6239706873893738
W31285,14Mo,,0.436171293258667,0.436171293258667
W31286,14Mo,,0.5808778405189514,0.5808778405189514
W31287,10GMP,0.5459340810775757,0.2694312036037445,0.4076826423406601
W31288,6Ery,0.3907417953014374,,0.3907417953014374
W31289,5Ery,0.6389371752738953,,0.6389371752738953
W31290,14Mo,,0.6996712684631348,0.6996712684631348
W31291,3Ery,0.8890623450279236,,0.8890623450279236
W31292,5Ery,0.6194875836372375,,0.6194875836372375
W31293,15Mo,,0.5281842350959778,0.5281842350959778
W31294,5Ery,0.7801427245140076,,0.7801427245140076
W31295,14Mo,,0.7390979528427124,0.7390979528427124
W31296,16Neu,,,
W31297,8Mk,0.3356344401836395,,0.3356344401836395
W31298,3Ery,0.8868351578712463,,0.8868351578712463
W31299,14Mo,,0.6246731281280518,0.6246731281280518
W31300,12Baso,,,
W31301,14Mo,,0.06030423939228058,0.06030423939228058
W31302,3Ery,0.877579391002655,,0.877579391002655
W31303,5Ery,0.5765702724456787,,0.5765702724456787
W31305,16Neu,,,
W31306,15Mo,,0.6816396713256836,0.6816396713256836
W31307,13Baso,,,
W31309,5Ery,0.6969579458236694,,0.6969579458236694
W31310,3Ery,0.8011786341667175,,0.8011786341667175
W31311,13Baso,,,
W31312,12Baso,,,
W31313,8Mk,0.3375207483768463,,0.3375207483768463
W31314,7MEP,0.2841840088367462,,0.2841840088367462
W31315,6Ery,0.6154256463050842,,0.6154256463050842
W31316,2Ery,0.8815241456031799,,0.8815241456031799
W31317,3Ery,0.9224148988723755,,0.9224148988723755
W31318,3Ery,0.8905152678489685,,0.8905152678489685
W31319,15Mo,,0.7412709593772888,0.7412709593772888
W31321,3Ery,0.5797432661056519,,0.5797432661056519
W31322,3Ery,0.820090651512146,,0.820090651512146
W31323,3Ery,0.7746175527572632,,0.7746175527572632
W31324,8Mk,0.3464224338531494,,0.3464224338531494
W31325,2Ery,0.7701390385627747,,0.7701390385627747
W31326,2Ery,0.8438647389411926,,0.8438647389411926
W31327,14Mo,,0.5530208945274353,0.5530208945274353
W31328,3Ery,0.8075559735298157,,0.8075559735298157
W31329,15Mo,,0.6793963313102722,0.6793963313102722
W31330,14Mo,,0.6579667329788208,0.6579667329788208
W31331,7MEP,0.3564717471599579,,0.3564717471599579
W31332,15Mo,,0.6300248503684998,0.6300248503684998
W31333,3Ery,0.7442289590835571,,0.7442289590835571
W31334,3Ery,0.8109652996063232,,0.8109652996063232
W31335,13Baso,,,
W31336,15Mo,,0.6593693494796753,0.6593693494796753
W31337,3Ery,0.9208461046218872,,0.9208461046218872
W31338,15Mo,,0.6133509874343872,0.6133509874343872
W31339,13Baso,,,
W31340,3Ery,0.7559873461723328,,0.7559873461723328
W31341,15Mo,,0.615132212638855,0.615132212638855
W31342,15Mo,,0.7306591272354126,0.7306591272354126
W31343,13Baso,,,
W31344,19Lymph,,,
W31345,4Ery,0.7659677267074585,,0.7659677267074585
W31346,3Ery,0.6879931092262268,,0.6879931092262268
W31347,14Mo,,0.5109628438949585,0.5109628438949585
W31348,4Ery,0.837005078792572,,0.837005078792572
W31349,6Ery,0.5447486639022827,,0.5447486639022827
W31350,16Neu,,,
W31351,14Mo,,0.8409542441368103,0.8409542441368103
W31353,3Ery,0.894422173500061,,0.894422173500061
W31354,17Neu,,,
W31355,15Mo,,0.5276582837104797,0.5276582837104797
W31356,4Ery,0.6782858371734619,,0.6782858371734619
W31357,3Ery,0.8155415058135986,,0.8155415058135986
W31358,6Ery,0.5482643246650696,,0.5482643246650696
W31359,14Mo,,0.7404239773750305,0.7404239773750305
W31360,3Ery,0.7931780815124512,,0.7931780815124512
W31361,16Neu,,,
W31362,14Mo,,0.9981794953346252,0.9981794953346252
W31363,15Mo,,0.5873001217842102,0.5873001217842102
W31364,7MEP,0.3365187346935272,,0.3365187346935272
W31365,13Baso,,,
W31366,15Mo,,0.48964357376098633,0.48964357376098633
W31367,14Mo,,0.962378203868866,0.962378203868866
W31368,3Ery,0.8423941135406494,,0.8423941135406494
W31369,2Ery,0.8313547968864441,,0.8313547968864441
W31370,2Ery,0.8492552638053894,,0.8492552638053894
W31371,14Mo,,0.1720540076494217,0.1720540076494217
W31372,2Ery,0.917199969291687,,0.917199969291687
W31373,13Baso,,,
W31374,2Ery,0.8443134427070618,,0.8443134427070618
W31375,3Ery,0.7567062973976135,,0.7567062973976135
W31376,13Baso,,,
W31377,12Baso,,,
W31378,2Ery,0.8198593854904175,,0.8198593854904175
W31379,10GMP,0.14314427971839905,0.14096195995807648,0.14205311983823776
W31380,5Ery,0.6541354656219482,,0.6541354656219482
W31381,13Baso,,,
W31382,3Ery,0.8166971802711487,,0.8166971802711487
W31383,9GMP,,0.0677822008728981,0.0677822008728981
W31386,15Mo,,0.682749330997467,0.682749330997467
W31387,2Ery,0.8747791647911072,,0.8747791647911072
W31388,10GMP,0.1463010460138321,0.13520194590091705,0.14075149595737457
W31389,5Ery,0.6930260062217712,,0.6930260062217712
W31390,5Ery,0.6689570546150208,,0.6689570546150208
W31391,2Ery,0.8652434945106506,,0.8652434945106506
W31392,14Mo,,0.20806066691875458,0.20806066691875458
W31393,13Baso,,,
W31394,2Ery,0.8590859770774841,,0.8590859770774841
W31395,14Mo,,0.6577389240264893,0.6577389240264893
W31396,16Neu,,,
W31397,12Baso,,,
W31398,14Mo,,0.6973885893821716,0.6973885893821716
W31399,14Mo,,0.6375759840011597,0.6375759840011597
W31401,3Ery,0.8356515169143677,,0.8356515169143677
W31402,14Mo,,0.6527616381645203,0.6527616381645203
W31403,13Baso,,,
W31405,12Baso,,,
W31406,5Ery,0.6269851922988892,,0.6269851922988892
W31407,10GMP,0.1488516926765442,0.1441725641489029,0.14651212841272354
W31409,14Mo,,0.7809999585151672,0.7809999585151672
W31410,4Ery,0.6814771294593811,,0.6814771294593811
W31411,15Mo,,0.7842302322387695,0.7842302322387695
W31412,11DC,,,
W31413,3Ery,0.7662701606750488,,0.7662701606750488
W31414,4Ery,0.825663149356842,,0.825663149356842
W31415,4Ery,0.6471942663192749,,0.6471942663192749
W31416,4Ery,0.7569637298583984,,0.7569637298583984
W31418,4Ery,0.8530063033103943,,0.8530063033103943
W31419,5Ery,0.6202507615089417,,0.6202507615089417
W31420,1Ery,0.9700711369514465,,0.9700711369514465
W31421,16Neu,,,
W31422,14Mo,,0.7806288599967957,0.7806288599967957
W31423,2Ery,0.8519593477249146,,0.8519593477249146
W31424,5Ery,0.6284592747688293,,0.6284592747688293
W31425,15Mo,,0.6661337614059448,0.6661337614059448
W31426,5Ery,0.658519983291626,,0.658519983291626
W31427,2Ery,0.804107129573822,,0.804107129573822
W31428,5Ery,0.707878589630127,,0.707878589630127
W31429,1Ery,0.9702823162078857,,0.9702823162078857
W31430,7MEP,0.33953890204429626,,0.33953890204429626
W31431,2Ery,0.8408430218696594,,0.8408430218696594
W31432,14Mo,,0.5809196829795837,0.5809196829795837
W31433,10GMP,0.4416755735874176,0.25966396927833557,0.3506697714328766
W31434,2Ery,0.7757789492607117,,0.7757789492607117
W31436,14Mo,,0.7244265079498291,0.7244265079498291
W31437,6Ery,0.4715742766857147,,0.4715742766857147
W31439,9GMP,,0.21533744037151337,0.21533744037151337
W31440,3Ery,0.8839508295059204,,0.8839508295059204
W31441,2Ery,0.7783240079879761,,0.7783240079879761
W31442,3Ery,0.7444846630096436,,0.7444846630096436
W31443,12Baso,,,
W31444,2Ery,0.7774144411087036,,0.7774144411087036
W31445,18Eos,,,
W31446,5Ery,0.7485044598579407,,0.7485044598579407
W31447,3Ery,0.684177815914154,,0.684177815914154
W31448,15Mo,,0.7695851922035217,0.7695851922035217
W31451,14Mo,,0.37208250164985657,0.37208250164985657
W31452,2Ery,0.865597128868103,,0.865597128868103
W31453,6Ery,0.47368529438972473,,0.47368529438972473
W31454,14Mo,,0.5044676661491394,0.5044676661491394
W31455,2Ery,0.9618133306503296,,0.9618133306503296
W31456,5Ery,0.6523205637931824,,0.6523205637931824
W31457,12Baso,,,
W31458,7MEP,0.24541622400283813,,0.24541622400283813
W31459,17Neu,,,
W31460,14Mo,,0.6384738087654114,0.6384738087654114
W31461,2Ery,0.8369865417480469,,0.8369865417480469
W31462,5Ery,0.6266854405403137,,0.6266854405403137
W31463,2Ery,0.8563941121101379,,0.8563941121101379
W31464,14Mo,,0.8817882537841797,0.8817882537841797
W31465,13Baso,,,
W31466,15Mo,,0.7287013530731201,0.7287013530731201
W31467,2Ery,0.8368226885795593,,0.8368226885795593
W31468,13Baso,,,
W31469,16Neu,,,
W31470,5Ery,0.7094109654426575,,0.7094109654426575
W31471,14Mo,,0.9453726410865784,0.9453726410865784
W31472,16Neu,,,
W31473,14Mo,,0.6474827527999878,0.6474827527999878
W31474,16Neu,,,
W31475,14Mo,,0.9321309328079224,0.9321309328079224
W31476,8Mk,0.7497109174728394,,0.7497109174728394
W31477,10GMP,0.14557816088199615,0.1458277702331543,0.14570296555757523
W31478,14Mo,,0.5623270273208618,0.5623270273208618
W31479,5Ery,0.6634059548377991,,0.6634059548377991
W31480,7MEP,0.3927111327648163,,0.3927111327648163
W31481,2Ery,0.823223352432251,,0.823223352432251
W31483,14Mo,,0.5077154636383057,0.5077154636383057
W31484,13Baso,,,
W31485,2Ery,0.7788496613502502,,0.7788496613502502
W31486,5Ery,0.6870942711830139,,0.6870942711830139
W31487,14Mo,,0.8839244842529297,0.8839244842529297
W31489,14Mo,,0.7539715766906738,0.7539715766906738
W31491,9GMP,,0.02071305364370346,0.02071305364370346
W31492,4Ery,0.8182491064071655,,0.8182491064071655
W31493,10GMP,0.07403670996427536,0.10305403918027878,0.08854537457227707
W31494,13Baso,,,
W31495,10GMP,0.14971812069416046,0.1446349322795868,0.14717652648687363
W31497,7MEP,0.3745990991592407,,0.3745990991592407
W31498,10GMP,0.1035141572356224,0.22595198452472687,0.16473307088017464
W31499,3Ery,0.607860803604126,,0.607860803604126
W31500,2Ery,0.8356850147247314,,0.8356850147247314
W31501,14Mo,,0.7784152030944824,0.7784152030944824
W31502,10GMP,0.05912163108587265,0.09801443666219711,0.07856803387403488
W31503,15Mo,,0.6494181156158447,0.6494181156158447
W31504,13Baso,,,
W31505,7MEP,0.3614426553249359,,0.3614426553249359
W31506,6Ery,0.3900855779647827,,0.3900855779647827
W31507,7MEP,0.36686038970947266,,0.36686038970947266
W31508,5Ery,0.6332272887229919,,0.6332272887229919
W31509,14Mo,,0.7643765807151794,0.7643765807151794
W31510,13Baso,,,
W31511,10GMP,0.02042512781918049,0.05464255437254906,0.03753384109586477
W31512,7MEP,0.32731321454048157,,0.32731321454048157
W31513,3Ery,0.8517254590988159,,0.8517254590988159
W31514,7MEP,0.34229835867881775,,0.34229835867881775
W31515,13Baso,,,
W31516,1Ery,0.9120335578918457,,0.9120335578918457
W31517,14Mo,,0.55655437707901,0.55655437707901
W31518,13Baso,,,
W31519,10GMP,0.0038932585157454014,0.002280139597132802,0.0030866990564391017
W31520,9GMP,,0.05230560898780823,0.05230560898780823
W31521,3Ery,0.7662049531936646,,0.7662049531936646
W31522,13Baso,,,
W31523,2Ery,0.8904122114181519,,0.8904122114181519
W31524,13Baso,,,
W31525,2Ery,0.8351126313209534,,0.8351126313209534
W31526,6Ery,0.37607884407043457,,0.37607884407043457
W31527,6Ery,0.460394024848938,,0.460394024848938
W31528,13Baso,,,
W31529,3Ery,0.6208558678627014,,0.6208558678627014
W31530,13Baso,,,
W31531,11DC,,,
W31532,14Mo,,0.6712835431098938,0.6712835431098938
W31533,10GMP,0.12848928570747375,0.12553620338439941,0.12701274454593658
W31534,8Mk,0.6735812425613403,,0.6735812425613403
W31535,9GMP,,0.06904246658086777,0.06904246658086777
W31536,2Ery,0.8456990718841553,,0.8456990718841553
W31537,13Baso,,,
W31538,14Mo,,0.8836506009101868,0.8836506009101868
W31539,13Baso,,,
W31540,14Mo,,0.7862441539764404,0.7862441539764404
W31541,5Ery,0.7685561180114746,,0.7685561180114746
W31542,14Mo,,0.7052252292633057,0.7052252292633057
W31543,5Ery,0.6204789280891418,,0.6204789280891418
W31544,13Baso,,,
W31545,12Baso,,,
W31546,16Neu,,,
W31547,11DC,,,
W31548,13Baso,,,
W31549,13Baso,,,
W31550,2Ery,0.86531662940979,,0.86531662940979
W31551,2Ery,0.7491670250892639,,0.7491670250892639
W31552,14Mo,,0.4137248992919922,0.4137248992919922
W31553,7MEP,0.3696804940700531,,0.3696804940700531
W31554,4Ery,0.6528306603431702,,0.6528306603431702
W31555,6Ery,0.6287404298782349,,0.6287404298782349
W31556,13Baso,,,
W31558,14Mo,,0.48978859186172485,0.48978859186172485
W31559,14Mo,,0.8296270966529846,0.8296270966529846
W31560,6Ery,0.38035669922828674,,0.38035669922828674
W31562,12Baso,,,
W31563,6Ery,0.6134020686149597,,0.6134020686149597
W31564,14Mo,,0.4899839162826538,0.4899839162826538
W31565,2Ery,0.7827376127243042,,0.7827376127243042
W31566,13Baso,,,
W31567,13Baso,,,
W31568,14Mo,,0.7231007814407349,0.7231007814407349
W31569,7MEP,0.3725897967815399,,0.3725897967815399
W31570,7MEP,0.33113956451416016,,0.33113956451416016
W31571,15Mo,,0.6704819202423096,0.6704819202423096
W31572,5Ery,0.623198926448822,,0.623198926448822
W31573,5Ery,0.6113125681877136,,0.6113125681877136
W31575,5Ery,0.4751923680305481,,0.4751923680305481
W31576,5Ery,0.6946805715560913,,0.6946805715560913
W31577,15Mo,,0.7501509785652161,0.7501509785652161
W31578,1Ery,0.9129618406295776,,0.9129618406295776
W31580,13Baso,,,
W31581,10GMP,0.05237765982747078,0.0835084393620491,0.06794304959475994
W31583,12Baso,,,
W31586,4Ery,0.873512864112854,,0.873512864112854
W31587,7MEP,0.32595399022102356,,0.32595399022102356
W31588,15Mo,,0.8978977203369141,0.8978977203369141
W31589,19Lymph,,,
W31590,13Baso,,,
W31591,13Baso,,,
W31593,3Ery,0.9367592334747314,,0.9367592334747314
W31594,3Ery,0.7471848130226135,,0.7471848130226135
W31595,15Mo,,0.6645171642303467,0.6645171642303467
W31596,16Neu,,,
W31597,13Baso,,,
W31598,2Ery,0.850308358669281,,0.850308358669281
W31599,15Mo,,0.7615567445755005,0.7615567445755005
W31600,17Neu,,,
W31601,15Mo,,0.6187396049499512,0.6187396049499512
W31602,13Baso,,,
W31603,16Neu,,,
W31604,6Ery,0.3916347622871399,,0.3916347622871399
W31605,5Ery,0.6209834218025208,,0.6209834218025208
W31606,15Mo,,0.7096481323242188,0.7096481323242188
W31607,9GMP,,0.1664147675037384,0.1664147675037384
W31608,13Baso,,,
W31609,15Mo,,0.6677470207214355,0.6677470207214355
W31611,13Baso,,,
W31613,6Ery,0.38424816727638245,,0.38424816727638245
W31614,7MEP,0.33724740147590637,,0.33724740147590637
W31615,12Baso,,,
W31617,15Mo,,0.7012597322463989,0.7012597322463989
W31618,2Ery,0.8528952598571777,,0.8528952598571777
W31620,13Baso,,,
W31621,10GMP,0.34165313839912415,0.2212391048669815,0.2814461216330528
W31622,14Mo,,0.6257670521736145,0.6257670521736145
W31623,14Mo,,0.8053154945373535,0.8053154945373535
W31624,14Mo,,0.675351619720459,0.675351619720459
W31625,15Mo,,0.7588973641395569,0.7588973641395569
W31626,5Ery,0.6071608066558838,,0.6071608066558838
W31628,16Neu,,,
W31629,5Ery,0.6173833608627319,,0.6173833608627319
W31630,14Mo,,0.6807878017425537,0.6807878017425537
W31631,13Baso,,,
W31632,15Mo,,0.8328608870506287,0.8328608870506287
W31634,2Ery,0.8667547106742859,,0.8667547106742859
W31635,2Ery,0.8798811435699463,,0.8798811435699463
W31636,2Ery,0.8291447162628174,,0.8291447162628174
W31638,13Baso,,,
W31639,13Baso,,,
W31640,5Ery,0.6122584342956543,,0.6122584342956543
W31641,5Ery,0.6138367056846619,,0.6138367056846619
W31642,9GMP,,0.1906607449054718,0.1906607449054718
W31644,14Mo,,0.7869784235954285,0.7869784235954285
W31645,7MEP,0.34972083568573,,0.34972083568573
W31646,14Mo,,0.5070627331733704,0.5070627331733704
W31647,11DC,,,
W31648,16Neu,,,
W31649,2Ery,0.8750375509262085,,0.8750375509262085
W31650,2Ery,0.7450403571128845,,0.7450403571128845
W31651,10GMP,0.2665167450904846,0.19789089262485504,0.23220381885766983
W31652,8Mk,0.6025997400283813,,0.6025997400283813
W31653,2Ery,0.8429701328277588,,0.8429701328277588
W31654,5Ery,0.6863202452659607,,0.6863202452659607
W31655,13Baso,,,
W31656,13Baso,,,
W31657,12Baso,,,
W31658,7MEP,0.3578205108642578,,0.3578205108642578
W31659,7MEP,0.3743593990802765,,0.3743593990802765
W31660,13Baso,,,
W31661,6Ery,0.36909690499305725,,0.36909690499305725
W31662,5Ery,0.66996830701828,,0.66996830701828
W31663,16Neu,,,
W31664,14Mo,,0.8541442155838013,0.8541442155838013
W31665,13Baso,,,
W31666,2Ery,0.8332605957984924,,0.8332605957984924
W31667,14Mo,,0.5945082306861877,0.5945082306861877
W31668,5Ery,0.622872531414032,,0.622872531414032
W31669,7MEP,0.3589887022972107,,0.3589887022972107
W31670,10GMP,0.0953025370836258,0.14193035662174225,0.11861644685268402
W31671,19Lymph,,,
W31674,14Mo,,0.44568538665771484,0.44568538665771484
W31676,4Ery,0.8069364428520203,,0.8069364428520203
W31678,14Mo,,0.4942120909690857,0.4942120909690857
W31681,12Baso,,,
W31682,9GMP,,0.09956377744674683,0.09956377744674683
W31683,15Mo,,0.6690601706504822,0.6690601706504822
W31684,17Neu,,,
W31685,7MEP,0.35051608085632324,,0.35051608085632324
W31686,16Neu,,,
W31687,13Baso,,,
W31689,3Ery,0.7993473410606384,,0.7993473410606384
W31690,15Mo,,0.6727650761604309,0.6727650761604309
W31691,3Ery,0.8144981861114502,,0.8144981861114502
W31692,7MEP,0.4145873486995697,,0.4145873486995697
W31693,8Mk,0.692743182182312,,0.692743182182312
W31694,19Lymph,,,
W31695,3Ery,0.7414248585700989,,0.7414248585700989
W31696,13Baso,,,
W31697,9GMP,,0.05231393873691559,0.05231393873691559
W31698,3Ery,0.7782915830612183,,0.7782915830612183
W31699,3Ery,0.7497189044952393,,0.7497189044952393
W31700,2Ery,0.9101889729499817,,0.9101889729499817
W31701,16Neu,,,
W31702,14Mo,,0.8152656555175781,0.8152656555175781
W31703,16Neu,,,
W31704,6Ery,0.4478582739830017,,0.4478582739830017
W31705,14Mo,,0.8433792591094971,0.8433792591094971
W31706,5Ery,0.6080888509750366,,0.6080888509750366
W31707,14Mo,,0.8080659508705139,0.8080659508705139
W31708,14Mo,,0.42140477895736694,0.42140477895736694
W31709,19Lymph,,,
W31711,15Mo,,0.6442007422447205,0.6442007422447205
W31712,13Baso,,,
W31713,14Mo,,0.6256310343742371,0.6256310343742371
W31714,13Baso,,,
W31715,17Neu,,,
W31716,14Mo,,0.5911361575126648,0.5911361575126648
W31717,1Ery,0.9607585668563843,,0.9607585668563843
W31718,2Ery,0.7458202242851257,,0.7458202242851257
W31719,5Ery,0.655517578125,,0.655517578125
W31720,6Ery,0.37905651330947876,,0.37905651330947876
W31721,15Mo,,0.6896923184394836,0.6896923184394836
W31722,10GMP,0.03510857746005058,0.0814560130238533,0.05828229524195194
W31723,6Ery,0.39013925194740295,,0.39013925194740295
W31724,10GMP,0.08404470235109329,0.0894797146320343,0.0867622084915638
W31725,7MEP,0.36978912353515625,,0.36978912353515625
W31726,14Mo,,0.8147154450416565,0.8147154450416565
W31727,13Baso,,,
W31728,2Ery,0.8301016092300415,,0.8301016092300415
W31729,14Mo,,0.6076418161392212,0.6076418161392212
W31730,14Mo,,0.6207364797592163,0.6207364797592163
W31731,6Ery,0.3260315954685211,,0.3260315954685211
W31732,13Baso,,,
W31733,14Mo,,0.8437778353691101,0.8437778353691101
W31734,14Mo,,0.5997726917266846,0.5997726917266846
W31735,2Ery,0.8083648681640625,,0.8083648681640625
W31736,6Ery,0.5932183861732483,,0.5932183861732483
W31737,13Baso,,,
W31738,10GMP,0.005158697254955769,0.005271165166050196,0.005214931210502982
W31739,15Mo,,0.6554285287857056,0.6554285287857056
W31740,16Neu,,,
W31741,10GMP,0.016557471826672554,0.050857216119766235,0.033707343973219395
W31742,1Ery,0.9708428978919983,,0.9708428978919983
W31743,14Mo,,0.7983270287513733,0.7983270287513733
W31744,12Baso,,,
W31745,10GMP,0.11058201640844345,0.24654889106750488,0.17856545373797417
W31746,12Baso,,,
W31748,16Neu,,,
W31749,10GMP,0.02418404631316662,0.057208143174648285,0.04069609474390745
W31750,13Baso,,,
W31751,16Neu,,,
W31752,6Ery,0.3922134041786194,,0.3922134041786194
W31755,5Ery,0.617084264755249,,0.617084264755249
W31756,10GMP,0.035036686807870865,0.05826375260949135,0.04665021970868111
W31758,13Baso,,,
W31759,19Lymph,,,
W31760,14Mo,,0.6156893968582153,0.6156893968582153
W31761,5Ery,0.6173239946365356,,0.6173239946365356
W31762,13Baso,,,
W31764,13Baso,,,
W31765,13Baso,,,
W31766,19Lymph,,,
W31767,13Baso,,,
W31768,4Ery,0.8385759592056274,,0.8385759592056274
W31771,12Baso,,,
W31773,10GMP,0.12424249202013016,0.11553920805454254,0.11989085003733635
W31774,11DC,,,
W31775,1Ery,0.9899246096611023,,0.9899246096611023
W31776,19Lymph,,,
W31777,3Ery,0.8459357619285583,,0.8459357619285583
W31778,6Ery,0.428244411945343,,0.428244411945343
W31779,6Ery,0.3748045861721039,,0.3748045861721039
W31780,2Ery,0.8308225274085999,,0.8308225274085999
W31781,2Ery,0.9125987887382507,,0.9125987887382507
W31782,13Baso,,,
W31783,3Ery,0.6234427094459534,,0.6234427094459534
W31785,15Mo,,0.848953127861023,0.848953127861023
W31786,2Ery,0.8773324489593506,,0.8773324489593506
W31787,10GMP,0.042996689677238464,0.0665106326341629,0.054753661155700684
W31788,5Ery,0.6015876531600952,,0.6015876531600952
W31789,13Baso,,,
W31791,9GMP,,0.2191350907087326,0.2191350907087326
W31792,9GMP,,0.06921263784170151,0.06921263784170151
W31793,12Baso,,,
W31794,17Neu,,,
W31795,6Ery,0.39145559072494507,,0.39145559072494507
W31796,7MEP,0.39391225576400757,,0.39391225576400757
W31797,6Ery,0.6115129590034485,,0.6115129590034485
W31798,14Mo,,0.7965171933174133,0.7965171933174133
W31799,14Mo,,0.7657092213630676,0.7657092213630676
W31800,19Lymph,,,
W31801,13Baso,,,
W31802,13Baso,,,
W31803,2Ery,0.7699923515319824,,0.7699923515319824
W31804,13Baso,,,
W31805,7MEP,0.3712589144706726,,0.3712589144706726
W31806,3Ery,0.7510295510292053,,0.7510295510292053
W31807,13Baso,,,
W31808,15Mo,,0.6752398610115051,0.6752398610115051
W31809,13Baso,,,
W31810,11DC,,,
W31811,17Neu,,,
W31812,13Baso,,,
W31813,14Mo,,0.7611581683158875,0.7611581683158875
W31814,2Ery,0.7879595756530762,,0.7879595756530762
W31815,11DC,,,
W31816,13Baso,,,
W31817,13Baso,,,
W31818,2Ery,0.8496816754341125,,0.8496816754341125
W31819,2Ery,0.8657520413398743,,0.8657520413398743
W31820,16Neu,,,
W31821,14Mo,,0.6539646983146667,0.6539646983146667
W31822,10GMP,0.012718853540718555,0.023919692263007164,0.01831927290186286
W31823,16Neu,,,
W31824,13Baso,,,
W31825,10GMP,0.0583493672311306,0.4862649440765381,0.27230715565383434
W31826,16Neu,,,
W31827,2Ery,0.6242833137512207,,0.6242833137512207
W31828,14Mo,,0.7489972710609436,0.7489972710609436
W31829,12Baso,,,
W31830,9GMP,,0.16415567696094513,0.16415567696094513
W31831,2Ery,0.8363770246505737,,0.8363770246505737
W31832,2Ery,0.8652806282043457,,0.8652806282043457
W31834,2Ery,0.8327388167381287,,0.8327388167381287
W31835,6Ery,0.6196221709251404,,0.6196221709251404
W31836,13Baso,,,
W31837,14Mo,,0.382862389087677,0.382862389087677
W31838,2Ery,0.7793375849723816,,0.7793375849723816
W31839,5Ery,0.7605964541435242,,0.7605964541435242
W31840,16Neu,,,
W31841,6Ery,0.3792940080165863,,0.3792940080165863
W31842,13Baso,,,
W31845,14Mo,,0.9183215498924255,0.9183215498924255
W31846,5Ery,0.6233876943588257,,0.6233876943588257
W31847,5Ery,0.624842643737793,,0.624842643737793
W31849,2Ery,0.8618765473365784,,0.8618765473365784
W31850,4Ery,0.767886757850647,,0.767886757850647
W31851,2Ery,0.8320267796516418,,0.8320267796516418
W31854,10GMP,0.02595711499452591,0.04582461714744568,0.035890866070985794
W31855,5Ery,0.7783047556877136,,0.7783047556877136
W31856,13Baso,,,
W31857,13Baso,,,
W31858,2Ery,0.8079904317855835,,0.8079904317855835
W31859,12Baso,,,
W31860,12Baso,,,
W31861,15Mo,,0.5911250710487366,0.5911250710487366
W31864,13Baso,,,
W31865,13Baso,,,
W31866,13Baso,,,
W31868,13Baso,,,
W31870,10GMP,0.024378323927521706,0.03713159263134003,0.030754958279430866
W31871,14Mo,,0.6474539637565613,0.6474539637565613
W31872,13Baso,,,
W36865,7MEP,0.36983099579811096,,0.36983099579811096
W36866,13Baso,,,
W36867,9GMP,,0.2397404909133911,0.2397404909133911
W36868,14Mo,,0.8183430433273315,0.8183430433273315
W36869,1Ery,0.938363790512085,,0.938363790512085
W36871,3Ery,0.8137179017066956,,0.8137179017066956
W36873,13Baso,,,
W36874,13Baso,,,
W36875,15Mo,,0.9012777209281921,0.9012777209281921
W36876,2Ery,0.8072688579559326,,0.8072688579559326
W36877,13Baso,,,
W36878,5Ery,0.8109957575798035,,0.8109957575798035
W36879,14Mo,,0.7645407319068909,0.7645407319068909
W36881,3Ery,0.818731427192688,,0.818731427192688
W36882,6Ery,0.5462824702262878,,0.5462824702262878
W36883,2Ery,0.8080370426177979,,0.8080370426177979
W36884,19Lymph,,,
W36885,15Mo,,0.5888053178787231,0.5888053178787231
W36886,12Baso,,,
W36887,7MEP,0.32585766911506653,,0.32585766911506653
W36889,2Ery,0.9390272498130798,,0.9390272498130798
W36890,8Mk,0.6692941188812256,,0.6692941188812256
W36891,14Mo,,0.8107817769050598,0.8107817769050598
W36892,14Mo,,0.8172990679740906,0.8172990679740906
W36893,8Mk,0.385903537273407,,0.385903537273407
W36894,5Ery,0.6708540320396423,,0.6708540320396423
W36895,14Mo,,0.464693158864975,0.464693158864975
W36897,2Ery,0.9051316976547241,,0.9051316976547241
W36898,3Ery,0.7847774624824524,,0.7847774624824524
W36899,9GMP,,0.08195104449987411,0.08195104449987411
W36900,5Ery,0.7421383857727051,,0.7421383857727051
W36901,3Ery,0.8217891454696655,,0.8217891454696655
W36902,5Ery,0.7228403687477112,,0.7228403687477112
W36903,14Mo,,0.7702377438545227,0.7702377438545227
W36905,2Ery,0.8279331922531128,,0.8279331922531128
W36906,2Ery,0.8690459132194519,,0.8690459132194519
W36907,14Mo,,0.5764175057411194,0.5764175057411194
W36908,16Neu,,,
W36909,9GMP,,0.2546347379684448,0.2546347379684448
W36910,16Neu,,,
W36911,15Mo,,0.8278810381889343,0.8278810381889343
W36912,10GMP,0.04815363883972168,0.061798762530088425,0.05497620068490505
W36913,3Ery,0.8495847582817078,,0.8495847582817078
W36914,14Mo,,0.7399179339408875,0.7399179339408875
W36915,8Mk,0.5105324387550354,,0.5105324387550354
W36916,14Mo,,0.5272310376167297,0.5272310376167297
W36917,15Mo,,0.7713404893875122,0.7713404893875122
W36918,16Neu,,,
W36919,5Ery,0.7067679166793823,,0.7067679166793823
W36920,14Mo,,0.39917030930519104,0.39917030930519104
W36921,16Neu,,,
W36922,4Ery,0.6170522570610046,,0.6170522570610046
W36923,2Ery,0.8626669645309448,,0.8626669645309448
W36924,13Baso,,,
W36925,14Mo,,0.8455941081047058,0.8455941081047058
W36926,13Baso,,,
W36927,5Ery,0.5997433066368103,,0.5997433066368103
W36928,13Baso,,,
W36929,7MEP,0.3572928011417389,,0.3572928011417389
W36930,15Mo,,0.6347042918205261,0.6347042918205261
W36931,6Ery,0.4386182129383087,,0.4386182129383087
W36932,16Neu,,,
W36933,15Mo,,0.5973706245422363,0.5973706245422363
W36934,12Baso,,,
W36935,6Ery,0.4923270344734192,,0.4923270344734192
W36936,13Baso,,,
W36939,14Mo,,0.5808954834938049,0.5808954834938049
W36940,16Neu,,,
W36941,14Mo,,0.6665213704109192,0.6665213704109192
W36942,14Mo,,0.7625141739845276,0.7625141739845276
W36943,2Ery,0.8436565399169922,,0.8436565399169922
W36944,6Ery,0.4465128183364868,,0.4465128183364868
W36945,6Ery,0.37894535064697266,,0.37894535064697266
W36946,13Baso,,,
W36947,14Mo,,0.731187105178833,0.731187105178833
W36948,16Neu,,,
W36949,2Ery,0.8944618701934814,,0.8944618701934814
W36950,2Ery,0.9052765965461731,,0.9052765965461731
W36951,5Ery,0.765525221824646,,0.765525221824646
W36952,2Ery,0.8440064787864685,,0.8440064787864685
W36953,5Ery,0.6177314519882202,,0.6177314519882202
W36954,1Ery,0.9096359014511108,,0.9096359014511108
W36955,13Baso,,,
W36956,14Mo,,0.7704258561134338,0.7704258561134338
W36957,14Mo,,0.7158435583114624,0.7158435583114624
W36958,16Neu,,,
W36959,1Ery,0.8886094093322754,,0.8886094093322754
W36960,6Ery,0.6695101261138916,,0.6695101261138916
W36961,14Mo,,0.4839652180671692,0.4839652180671692
W36962,14Mo,,0.7378948926925659,0.7378948926925659
W36963,15Mo,,0.635010838508606,0.635010838508606
W36964,13Baso,,,
W36966,15Mo,,0.6361366510391235,0.6361366510391235
W36967,1Ery,0.9551740884780884,,0.9551740884780884
W36969,8Mk,0.7509421110153198,,0.7509421110153198
W36970,15Mo,,0.9002861380577087,0.9002861380577087
W36971,14Mo,,0.7847693562507629,0.7847693562507629
W36972,10GMP,0.023088863119482994,0.03683292120695114,0.029960892163217068
W36973,9GMP,,0.06047922745347023,0.06047922745347023
W36974,4Ery,0.6663419604301453,,0.6663419604301453
W36975,15Mo,,0.6312911510467529,0.6312911510467529
W36976,4Ery,0.5823624134063721,,0.5823624134063721
W36977,11DC,,,
W36978,2Ery,0.8608130812644958,,0.8608130812644958
W36979,14Mo,,0.43903690576553345,0.43903690576553345
W36980,14Mo,,0.2616249620914459,0.2616249620914459
W36981,8Mk,0.5347750782966614,,0.5347750782966614
W36982,13Baso,,,
W36983,6Ery,0.599515974521637,,0.599515974521637
W36984,13Baso,,,
W36985,4Ery,0.7371835708618164,,0.7371835708618164
W36987,13Baso,,,
W36990,15Mo,,0.7014988660812378,0.7014988660812378
W36991,13Baso,,,
W36992,4Ery,0.8390490412712097,,0.8390490412712097
W36993,2Ery,0.8939860463142395,,0.8939860463142395
W36994,16Neu,,,
W36995,2Ery,0.9126545190811157,,0.9126545190811157
W36996,5Ery,0.6174476146697998,,0.6174476146697998
W36997,2Ery,0.9019558429718018,,0.9019558429718018
W36998,5Ery,0.5989243388175964,,0.5989243388175964
W36999,10GMP,0.11308668553829193,0.20821185410022736,0.16064926981925964
W37000,13Baso,,,
W37001,13Baso,,,
W37003,8Mk,0.3354921042919159,,0.3354921042919159
W37004,16Neu,,,
W37005,13Baso,,,
W37006,7MEP,0.435655415058136,,0.435655415058136
W37008,4Ery,0.824055552482605,,0.824055552482605
W37009,13Baso,,,
W37010,6Ery,0.3713628947734833,,0.3713628947734833
W37011,2Ery,0.8503562808036804,,0.8503562808036804
W37012,14Mo,,0.5090324878692627,0.5090324878692627
W37013,16Neu,,,
W37014,2Ery,0.8749548196792603,,0.8749548196792603
W37015,13Baso,,,
W37016,14Mo,,0.5696176290512085,0.5696176290512085
W37017,6Ery,0.6177078485488892,,0.6177078485488892
W37018,2Ery,0.9330954551696777,,0.9330954551696777
W37019,2Ery,0.8076385855674744,,0.8076385855674744
W37020,2Ery,0.9026542901992798,,0.9026542901992798
W37022,8Mk,0.200806125998497,,0.200806125998497
W37023,2Ery,0.8688991069793701,,0.8688991069793701
W37024,4Ery,0.8278342485427856,,0.8278342485427856
W37025,14Mo,,0.9546656012535095,0.9546656012535095
W37026,17Neu,,,
W37027,5Ery,0.6070770025253296,,0.6070770025253296
W37028,13Baso,,,
W37029,7MEP,0.33968284726142883,,0.33968284726142883
W37030,3Ery,0.7687177062034607,,0.7687177062034607
W37031,5Ery,0.757134199142456,,0.757134199142456
W37032,13Baso,,,
W37034,8Mk,0.7503029704093933,,0.7503029704093933
W37035,6Ery,0.39035534858703613,,0.39035534858703613
W37036,5Ery,0.7536318898200989,,0.7536318898200989
W37037,5Ery,0.5938602685928345,,0.5938602685928345
W37038,11DC,,,
W37039,5Ery,0.8236179351806641,,0.8236179351806641
W37040,15Mo,,0.6857392191886902,0.6857392191886902
W37041,2Ery,0.8409574627876282,,0.8409574627876282
W37042,2Ery,0.8369167447090149,,0.8369167447090149
W37043,15Mo,,0.6652644276618958,0.6652644276618958
W37044,15Mo,,0.6422770619392395,0.6422770619392395
W37045,13Baso,,,
W37046,14Mo,,0.7931501269340515,0.7931501269340515
W37047,14Mo,,0.8025452494621277,0.8025452494621277
W37048,14Mo,,0.7893381714820862,0.7893381714820862
W37049,5Ery,0.6302213072776794,,0.6302213072776794
W37050,7MEP,0.39261937141418457,,0.39261937141418457
W37051,3Ery,0.6602842807769775,,0.6602842807769775
W37052,2Ery,0.8290476202964783,,0.8290476202964783
W37053,7MEP,0.3595515787601471,,0.3595515787601471
W37054,1Ery,0.9960259795188904,,0.9960259795188904
W37055,14Mo,,0.7934018969535828,0.7934018969535828
W37056,2Ery,0.8387448787689209,,0.8387448787689209
W37057,15Mo,,0.6069183349609375,0.6069183349609375
W37058,13Baso,,,
W37059,4Ery,0.6240946650505066,,0.6240946650505066
W37060,13Baso,,,
W37061,6Ery,0.5792295336723328,,0.5792295336723328
W37063,9GMP,,0.08390041440725327,0.08390041440725327
W37065,3Ery,0.9063905477523804,,0.9063905477523804
W37066,6Ery,0.599861204624176,,0.599861204624176
W37067,1Ery,0.9078733325004578,,0.9078733325004578
W37068,4Ery,0.7843527793884277,,0.7843527793884277
W37069,13Baso,,,
W37070,9GMP,,0.0459417849779129,0.0459417849779129
W37072,7MEP,0.3461896479129791,,0.3461896479129791
W37073,14Mo,,0.7838554382324219,0.7838554382324219
W37074,13Baso,,,
W37075,13Baso,,,
W37076,19Lymph,,,
W37077,10GMP,0.027882009744644165,0.2797064185142517,0.15379421412944794
W37078,9GMP,,0.10651333630084991,0.10651333630084991
W37079,5Ery,0.6133307218551636,,0.6133307218551636
W37080,16Neu,,,
W37081,14Mo,,0.8198301196098328,0.8198301196098328
W37082,15Mo,,0.5974693298339844,0.5974693298339844
W37083,2Ery,0.8300398588180542,,0.8300398588180542
W37084,3Ery,0.8162685036659241,,0.8162685036659241
W37085,13Baso,,,
W37086,6Ery,0.5949118733406067,,0.5949118733406067
W37087,4Ery,0.6875543594360352,,0.6875543594360352
W37088,3Ery,0.8748118877410889,,0.8748118877410889
W37089,16Neu,,,
W37090,9GMP,,0.11997482925653458,0.11997482925653458
W37091,9GMP,,0.1592676043510437,0.1592676043510437
W37092,12Baso,,,
W37093,7MEP,0.35044538974761963,,0.35044538974761963
W37094,16Neu,,,
W37095,6Ery,0.48221975564956665,,0.48221975564956665
W37096,13Baso,,,
W37097,17Neu,,,
W37098,14Mo,,0.7713930010795593,0.7713930010795593
W37099,3Ery,0.8899762034416199,,0.8899762034416199
W37100,16Neu,,,
W37101,13Baso,,,
W37102,14Mo,,0.9551963806152344,0.9551963806152344
W37103,3Ery,0.9202591180801392,,0.9202591180801392
W37104,14Mo,,0.5475556254386902,0.5475556254386902
W37105,16Neu,,,
W37106,2Ery,0.8799883127212524,,0.8799883127212524
W37107,18Eos,,,
W37108,7MEP,0.35139957070350647,,0.35139957070350647
W37109,7MEP,0.36913809180259705,,0.36913809180259705
W37110,5Ery,0.7541143894195557,,0.7541143894195557
W37111,16Neu,,,
W37112,2Ery,0.8529155254364014,,0.8529155254364014
W37113,5Ery,0.7371948957443237,,0.7371948957443237
W37114,13Baso,,,
W37115,6Ery,0.3988937735557556,,0.3988937735557556
W37116,14Mo,,0.7735776901245117,0.7735776901245117
W37117,12Baso,,,
W37118,13Baso,,,
W37119,5Ery,0.7696187496185303,,0.7696187496185303
W37120,2Ery,0.7809507250785828,,0.7809507250785828
W37121,2Ery,0.8389952182769775,,0.8389952182769775
W37122,14Mo,,0.8577080965042114,0.8577080965042114
W37123,16Neu,,,
W37124,14Mo,,0.2877146899700165,0.2877146899700165
W37125,1Ery,0.9079179167747498,,0.9079179167747498
W37126,11DC,,,
W37127,1Ery,0.9109801054000854,,0.9109801054000854
W37128,13Baso,,,
W37130,3Ery,0.7511618137359619,,0.7511618137359619
W37131,5Ery,0.8243581652641296,,0.8243581652641296
W37132,16Neu,,,
W37133,16Neu,,,
W37134,6Ery,0.5811610817909241,,0.5811610817909241
W37135,1Ery,0.9722627401351929,,0.9722627401351929
W37137,14Mo,,0.18499355018138885,0.18499355018138885
W37138,16Neu,,,
W37139,2Ery,0.820830225944519,,0.820830225944519
W37140,10GMP,0.27584394812583923,0.21828456223011017,0.2470642551779747
W37141,5Ery,0.6655851602554321,,0.6655851602554321
W37142,14Mo,,1.0,1.0
W37143,2Ery,0.8417576551437378,,0.8417576551437378
W37144,6Ery,0.5883177518844604,,0.5883177518844604
W37145,5Ery,0.7962979078292847,,0.7962979078292847
W37146,1Ery,0.9941858053207397,,0.9941858053207397
W37147,5Ery,0.3914855718612671,,0.3914855718612671
W37148,15Mo,,0.5679073333740234,0.5679073333740234
W37149,19Lymph,,,
W37150,10GMP,0.10224268585443497,0.18847770988941193,0.14536019787192345
W37151,2Ery,0.8380914330482483,,0.8380914330482483
W37152,5Ery,0.7647155523300171,,0.7647155523300171
W37153,7MEP,0.35459935665130615,,0.35459935665130615
W37154,6Ery,0.6644180417060852,,0.6644180417060852
W37155,11DC,,,
W37156,4Ery,0.816843569278717,,0.816843569278717
W37157,15Mo,,0.8312667608261108,0.8312667608261108
W37158,3Ery,0.8536538481712341,,0.8536538481712341
W37159,2Ery,0.9178304672241211,,0.9178304672241211
W37161,7MEP,0.37090373039245605,,0.37090373039245605
W37162,1Ery,0.932381808757782,,0.932381808757782
W37163,7MEP,0.33698198199272156,,0.33698198199272156
W37164,5Ery,0.6246797442436218,,0.6246797442436218
W37165,3Ery,0.8046037554740906,,0.8046037554740906
W37166,3Ery,0.8186639547348022,,0.8186639547348022
W37167,13Baso,,,
W37168,3Ery,0.801903486251831,,0.801903486251831
W37169,15Mo,,0.6681284308433533,0.6681284308433533
W37170,15Mo,,0.6701512932777405,0.6701512932777405
W37171,4Ery,0.7553085088729858,,0.7553085088729858
W37172,14Mo,,0.8119138479232788,0.8119138479232788
W37173,2Ery,0.8422651886940002,,0.8422651886940002
W37174,2Ery,0.8541644811630249,,0.8541644811630249
W37175,16Neu,,,
W37176,13Baso,,,
W37177,14Mo,,0.2477046549320221,0.2477046549320221
W37178,5Ery,0.6252909302711487,,0.6252909302711487
W37179,16Neu,,,
W37180,14Mo,,0.9260659217834473,0.9260659217834473
W37181,16Neu,,,
W37182,8Mk,0.5477402806282043,,0.5477402806282043
W37183,7MEP,0.39153429865837097,,0.39153429865837097
W37184,8Mk,0.3396402895450592,,0.3396402895450592
W37185,14Mo,,0.7825436592102051,0.7825436592102051
W37186,10GMP,0.09129840135574341,0.14636871218681335,0.11883355677127838
W37187,5Ery,0.7693035006523132,,0.7693035006523132
W37188,10GMP,0.356704443693161,0.24850359559059143,0.3026040196418762
W37190,3Ery,0.7672309279441833,,0.7672309279441833
W37191,13Baso,,,
W37192,14Mo,,0.7855229377746582,0.7855229377746582
W37193,3Ery,0.8119820356369019,,0.8119820356369019
W37194,2Ery,0.8066366910934448,,0.8066366910934448
W37195,2Ery,0.8752989172935486,,0.8752989172935486
W37196,14Mo,,0.525406002998352,0.525406002998352
W37197,2Ery,0.8480402231216431,,0.8480402231216431
W37198,6Ery,0.470613569021225,,0.470613569021225
W37199,4Ery,0.8225148320198059,,0.8225148320198059
W37200,15Mo,,0.6804342269897461,0.6804342269897461
W37201,13Baso,,,
W37202,6Ery,0.6153307557106018,,0.6153307557106018
W37203,12Baso,,,
W37204,16Neu,,,
W37205,14Mo,,0.80507493019104,0.80507493019104
W37206,15Mo,,0.6115378737449646,0.6115378737449646
W37207,13Baso,,,
W37208,2Ery,0.8303207159042358,,0.8303207159042358
W37209,14Mo,,0.6504302024841309,0.6504302024841309
W37210,14Mo,,0.5974982380867004,0.5974982380867004
W37211,12Baso,,,
W37212,10GMP,0.003878143848851323,0.004965426865965128,0.0044217853574082255
W37213,7MEP,0.353583425283432,,0.353583425283432
W37215,2Ery,0.8451082706451416,,0.8451082706451416
W37216,4Ery,0.6748620867729187,,0.6748620867729187
W37217,3Ery,0.7860478758811951,,0.7860478758811951
W37218,16Neu,,,
W37219,5Ery,0.6222435832023621,,0.6222435832023621
W37220,2Ery,0.8449599742889404,,0.8449599742889404
W37221,3Ery,0.7786685228347778,,0.7786685228347778
W37223,2Ery,0.8323533535003662,,0.8323533535003662
W37224,14Mo,,0.7104550004005432,0.7104550004005432
W37225,14Mo,,0.7981281876564026,0.7981281876564026
W37226,8Mk,0.67624431848526,,0.67624431848526
W37227,5Ery,0.7759600281715393,,0.7759600281715393
W37228,7MEP,0.44163575768470764,,0.44163575768470764
W37229,7MEP,0.3175378739833832,,0.3175378739833832
W37230,16Neu,,,
W37231,2Ery,0.8318127393722534,,0.8318127393722534
W37232,13Baso,,,
W37233,5Ery,0.7648499011993408,,0.7648499011993408
W37234,5Ery,0.6666803359985352,,0.6666803359985352
W37235,14Mo,,0.5926830768585205,0.5926830768585205
W37236,6Ery,0.4699741005897522,,0.4699741005897522
W37237,14Mo,,0.8294859528541565,0.8294859528541565
W37238,7MEP,0.24711507558822632,,0.24711507558822632
W37239,2Ery,0.8313096761703491,,0.8313096761703491
W37240,13Baso,,,
W37241,2Ery,0.9350343942642212,,0.9350343942642212
W37242,14Mo,,0.5723525881767273,0.5723525881767273
W37243,2Ery,0.8320846557617188,,0.8320846557617188
W37244,15Mo,,0.6720794439315796,0.6720794439315796
W37245,3Ery,0.7444619536399841,,0.7444619536399841
W37246,5Ery,0.6505790948867798,,0.6505790948867798
W37247,10GMP,0.32729876041412354,0.2441529482603073,0.2857258543372154
W37248,6Ery,0.551546037197113,,0.551546037197113
W37249,15Mo,,0.7154690623283386,0.7154690623283386
W37250,1Ery,0.9216532707214355,,0.9216532707214355
W37251,4Ery,0.7455970048904419,,0.7455970048904419
W37252,12Baso,,,
W37253,4Ery,0.7526113986968994,,0.7526113986968994
W37258,13Baso,,,
W37259,6Ery,0.7684496641159058,,0.7684496641159058
W37260,3Ery,0.6733118295669556,,0.6733118295669556
W37261,8Mk,0.3465159833431244,,0.3465159833431244
W37262,6Ery,0.6005269289016724,,0.6005269289016724
W37264,3Ery,0.7469574213027954,,0.7469574213027954
W37265,3Ery,0.7992963194847107,,0.7992963194847107
W37266,4Ery,0.9318904280662537,,0.9318904280662537
W37267,16Neu,,,
W37268,7MEP,0.3421905040740967,,0.3421905040740967
W37269,3Ery,0.9084588289260864,,0.9084588289260864
W37270,15Mo,,0.6687690615653992,0.6687690615653992
W37273,10GMP,0.14216843247413635,0.3021695911884308,0.22216901183128357
W37274,12Baso,,,
W37275,3Ery,0.8972672820091248,,0.8972672820091248
W37276,3Ery,0.860592782497406,,0.860592782497406
W37277,14Mo,,0.8445149064064026,0.8445149064064026
W37278,9GMP,,0.06455483287572861,0.06455483287572861
W37279,12Baso,,,
W37280,15Mo,,0.8255836963653564,0.8255836963653564
W37281,15Mo,,0.6687130928039551,0.6687130928039551
W37282,2Ery,0.867341935634613,,0.867341935634613
W37283,14Mo,,0.7540674209594727,0.7540674209594727
W37284,4Ery,0.8357766270637512,,0.8357766270637512
W37285,3Ery,0.8941007256507874,,0.8941007256507874
W37286,14Mo,,0.8239546418190002,0.8239546418190002
W37288,14Mo,,0.7599291801452637,0.7599291801452637
W37289,8Mk,0.7541441321372986,,0.7541441321372986
W37290,16Neu,,,
W37291,10GMP,0.3318344056606293,0.23497416079044342,0.28340428322553635
W37292,2Ery,0.8444122672080994,,0.8444122672080994
W37293,2Ery,0.881941020488739,,0.881941020488739
W37294,3Ery,0.8471821546554565,,0.8471821546554565
W37295,9GMP,,0.24444064497947693,0.24444064497947693
W37296,15Mo,,0.6711805462837219,0.6711805462837219
W37297,14Mo,,0.8798919320106506,0.8798919320106506
W37298,5Ery,0.7462325096130371,,0.7462325096130371
W37300,14Mo,,0.520240306854248,0.520240306854248
W37301,2Ery,0.8664043545722961,,0.8664043545722961
W37302,13Baso,,,
W37303,14Mo,,0.843824028968811,0.843824028968811
W37304,14Mo,,0.9166688323020935,0.9166688323020935
W37305,14Mo,,0.20740309357643127,0.20740309357643127
W37306,2Ery,0.8763244152069092,,0.8763244152069092
W37307,2Ery,0.8620805740356445,,0.8620805740356445
W37308,13Baso,,,
W37309,6Ery,0.4755323529243469,,0.4755323529243469
W37310,7MEP,0.2938489019870758,,0.2938489019870758
W37311,7MEP,0.3836873173713684,,0.3836873173713684
W37312,13Baso,,,
W37313,3Ery,0.788524329662323,,0.788524329662323
W37314,3Ery,0.616117537021637,,0.616117537021637
W37315,14Mo,,0.5039546489715576,0.5039546489715576
W37317,2Ery,0.6189916729927063,,0.6189916729927063
W37318,2Ery,0.8234807848930359,,0.8234807848930359
W37319,8Mk,0.5135747790336609,,0.5135747790336609
W37320,7MEP,0.34292444586753845,,0.34292444586753845
W37322,16Neu,,,
W37323,5Ery,0.6291061043739319,,0.6291061043739319
W37324,14Mo,,0.8509080410003662,0.8509080410003662
W37325,2Ery,0.669252872467041,,0.669252872467041
W37326,14Mo,,0.6190009713172913,0.6190009713172913
W37327,8Mk,0.23638251423835754,,0.23638251423835754
W37328,7MEP,0.3320653736591339,,0.3320653736591339
W37329,19Lymph,,,
W37330,14Mo,,0.5945440530776978,0.5945440530776978
W37331,12Baso,,,
W37332,13Baso,,,
W37334,12Baso,,,
W37335,13Baso,,,
W37336,4Ery,0.8160399198532104,,0.8160399198532104
W37337,14Mo,,0.6598898768424988,0.6598898768424988
W37338,2Ery,0.894563615322113,,0.894563615322113
W37339,5Ery,0.7167066931724548,,0.7167066931724548
W37340,11DC,,,
W37341,16Neu,,,
W37342,3Ery,0.8289772272109985,,0.8289772272109985
W37343,11DC,,,
W37344,3Ery,0.8155440092086792,,0.8155440092086792
W37345,4Ery,0.8293524980545044,,0.8293524980545044
W37346,3Ery,0.8915930390357971,,0.8915930390357971
W37347,6Ery,0.5499593615531921,,0.5499593615531921
W37348,15Mo,,0.6590272188186646,0.6590272188186646
W37349,17Neu,,,
W37350,14Mo,,0.8621588945388794,0.8621588945388794
W37353,4Ery,0.9094208478927612,,0.9094208478927612
W37354,9GMP,,0.28070810437202454,0.28070810437202454
W37355,7MEP,0.34965723752975464,,0.34965723752975464
W37356,7MEP,0.3584640920162201,,0.3584640920162201
W37357,14Mo,,0.5955362319946289,0.5955362319946289
W37358,13Baso,,,
W37361,4Ery,0.7873268723487854,,0.7873268723487854
W37362,13Baso,,,
W37363,14Mo,,0.808657169342041,0.808657169342041
W37364,3Ery,0.7714905142784119,,0.7714905142784119
W37365,2Ery,0.8598952889442444,,0.8598952889442444
W37366,3Ery,0.798469603061676,,0.798469603061676
W37367,14Mo,,0.8589920997619629,0.8589920997619629
W37369,6Ery,0.6442541480064392,,0.6442541480064392
W37371,2Ery,0.8310939073562622,,0.8310939073562622
W37372,10GMP,0.08686115592718124,0.1139531061053276,0.10040713101625443
W37373,13Baso,,,
W37374,5Ery,0.623397707939148,,0.623397707939148
W37375,7MEP,0.3770134747028351,,0.3770134747028351
W37376,13Baso,,,
W37377,3Ery,0.8642740845680237,,0.8642740845680237
W37378,2Ery,0.8343545198440552,,0.8343545198440552
W37379,14Mo,,0.6547756791114807,0.6547756791114807
W37380,3Ery,0.872525155544281,,0.872525155544281
W37381,2Ery,0.8315597176551819,,0.8315597176551819
W37382,10GMP,0.37062638998031616,0.23588529229164124,0.3032558411359787
W37384,13Baso,,,
W37385,14Mo,,0.7034274935722351,0.7034274935722351
W37386,4Ery,0.8193039298057556,,0.8193039298057556
W37387,5Ery,0.6224948167800903,,0.6224948167800903
W37388,18Eos,,,
W37389,2Ery,0.6442587375640869,,0.6442587375640869
W37390,14Mo,,0.6236145496368408,0.6236145496368408
W37391,3Ery,0.7997462749481201,,0.7997462749481201
W37392,13Baso,,,
W37393,5Ery,0.7343522310256958,,0.7343522310256958
W37394,12Baso,,,
W37395,5Ery,0.6099748611450195,,0.6099748611450195
W37396,2Ery,0.8395044803619385,,0.8395044803619385
W37397,7MEP,0.35225632786750793,,0.35225632786750793
W37398,5Ery,0.5495956540107727,,0.5495956540107727
W37399,16Neu,,,
W37401,15Mo,,0.6978564858436584,0.6978564858436584
W37402,14Mo,,0.49655088782310486,0.49655088782310486
W37403,5Ery,0.7451677918434143,,0.7451677918434143
W37405,16Neu,,,
W37406,2Ery,0.8359749913215637,,0.8359749913215637
W37407,2Ery,0.866241991519928,,0.866241991519928
W37409,6Ery,0.6295175552368164,,0.6295175552368164
W37410,2Ery,0.8311722278594971,,0.8311722278594971
W37411,5Ery,0.7685509324073792,,0.7685509324073792
W37412,14Mo,,0.40976613759994507,0.40976613759994507
W37413,2Ery,0.8707907795906067,,0.8707907795906067
W37414,3Ery,0.6701570749282837,,0.6701570749282837
W37415,5Ery,0.7572757601737976,,0.7572757601737976
W37417,16Neu,,,
W37418,10GMP,0.09193053841590881,0.18115122616291046,0.13654088228940964
W37419,14Mo,,0.7265101075172424,0.7265101075172424
W37420,1Ery,0.9727756977081299,,0.9727756977081299
W37421,2Ery,0.855910062789917,,0.855910062789917
W37422,3Ery,0.8864595293998718,,0.8864595293998718
W37424,15Mo,,0.6837199926376343,0.6837199926376343
W37425,7MEP,0.35525599122047424,,0.35525599122047424
W37426,4Ery,0.7471978068351746,,0.7471978068351746
W37427,7MEP,0.34370753169059753,,0.34370753169059753
W37428,5Ery,0.625665009021759,,0.625665009021759
W37429,2Ery,0.7531363368034363,,0.7531363368034363
W37430,13Baso,,,
W37431,14Mo,,0.7342686653137207,0.7342686653137207
W37432,15Mo,,0.7340319752693176,0.7340319752693176
W37433,2Ery,0.8469352722167969,,0.8469352722167969
W37434,14Mo,,0.4706323444843292,0.4706323444843292
W37435,6Ery,0.6082149147987366,,0.6082149147987366
W37436,12Baso,,,
W37437,2Ery,0.824402928352356,,0.824402928352356
W37439,19Lymph,,,
W37442,6Ery,0.5761373043060303,,0.5761373043060303
W37443,14Mo,,0.547681450843811,0.547681450843811
W37446,6Ery,0.38924896717071533,,0.38924896717071533
W37449,17Neu,,,
W37450,6Ery,0.6466719508171082,,0.6466719508171082
W37451,6Ery,0.37508389353752136,,0.37508389353752136
W37452,9GMP,,0.13450166583061218,0.13450166583061218
W37453,3Ery,0.7768756151199341,,0.7768756151199341
W37454,14Mo,,0.8502517342567444,0.8502517342567444
W37455,6Ery,0.5943236351013184,,0.5943236351013184
W37456,15Mo,,0.6765847206115723,0.6765847206115723
W37457,15Mo,,0.7907834649085999,0.7907834649085999
W37458,13Baso,,,
W37459,3Ery,0.8281071186065674,,0.8281071186065674
W37460,16Neu,,,
W37461,7MEP,0.3529873490333557,,0.3529873490333557
W37462,3Ery,0.8963478803634644,,0.8963478803634644
W37463,13Baso,,,
W37465,3Ery,0.90437912940979,,0.90437912940979
W37466,14Mo,,0.5638453960418701,0.5638453960418701
W37467,14Mo,,0.9502923488616943,0.9502923488616943
W37468,8Mk,0.5213778018951416,,0.5213778018951416
W37469,16Neu,,,
W37470,14Mo,,0.4714388847351074,0.4714388847351074
W37471,17Neu,,,
W37473,3Ery,0.9090203046798706,,0.9090203046798706
W37474,5Ery,0.6236023306846619,,0.6236023306846619
W37475,10GMP,0.04841112717986107,0.10687396675348282,0.07764254696667194
W37476,16Neu,,,
W37477,2Ery,0.7622496485710144,,0.7622496485710144
W37478,14Mo,,0.5615766048431396,0.5615766048431396
W37479,6Ery,0.4378395080566406,,0.4378395080566406
W37480,14Mo,,0.8936253786087036,0.8936253786087036
W37481,13Baso,,,
W37482,5Ery,0.6228384375572205,,0.6228384375572205
W37483,10GMP,0.15168562531471252,0.1649656593799591,0.15832564234733582
W37484,7MEP,0.36938193440437317,,0.36938193440437317
W37485,2Ery,0.7829948663711548,,0.7829948663711548
W37486,2Ery,0.8096337914466858,,0.8096337914466858
W37487,2Ery,0.881178617477417,,0.881178617477417
W37488,14Mo,,0.5847135782241821,0.5847135782241821
W37489,7MEP,0.3511056900024414,,0.3511056900024414
W37490,8Mk,0.6687318086624146,,0.6687318086624146
W37491,14Mo,,0.7784320712089539,0.7784320712089539
W37492,2Ery,0.8275542259216309,,0.8275542259216309
W37493,2Ery,0.8326188325881958,,0.8326188325881958
W37494,14Mo,,0.4850207269191742,0.4850207269191742
W37496,13Baso,,,
W37497,7MEP,0.34966787695884705,,0.34966787695884705
W37498,4Ery,0.8769533038139343,,0.8769533038139343
W37499,13Baso,,,
W37500,13Baso,,,
W37501,5Ery,0.6322222948074341,,0.6322222948074341
W37502,2Ery,0.8358100056648254,,0.8358100056648254
W37503,18Eos,,,
W37504,15Mo,,0.6586067080497742,0.6586067080497742
W37505,5Ery,0.6767863631248474,,0.6767863631248474
W37506,7MEP,0.3629240393638611,,0.3629240393638611
W37507,2Ery,0.8888604044914246,,0.8888604044914246
W37508,13Baso,,,
W37509,14Mo,,0.9180599451065063,0.9180599451065063
W37510,6Ery,0.39292073249816895,,0.39292073249816895
W37511,5Ery,0.6452763080596924,,0.6452763080596924
W37512,4Ery,0.7732235193252563,,0.7732235193252563
W37514,13Baso,,,
W37515,7MEP,0.3786623775959015,,0.3786623775959015
W37516,5Ery,0.5657787919044495,,0.5657787919044495
W37517,5Ery,0.7849409580230713,,0.7849409580230713
W37518,10GMP,0.04926888272166252,0.11126774549484253,0.08026831410825253
W37519,16Neu,,,
W37520,2Ery,0.807547390460968,,0.807547390460968
W37521,14Mo,,0.6948257684707642,0.6948257684707642
W37522,3Ery,0.9227255582809448,,0.9227255582809448
W37523,2Ery,0.8201038837432861,,0.8201038837432861
W37524,10GMP,0.0857047438621521,0.1438913345336914,0.11479803919792175
W37525,16Neu,,,
W37526,8Mk,0.3343857228755951,,0.3343857228755951
W37527,6Ery,0.43868476152420044,,0.43868476152420044
W37528,15Mo,,0.6601136922836304,0.6601136922836304
W37529,5Ery,0.7437072396278381,,0.7437072396278381
W37530,10GMP,0.04109083488583565,0.05084872990846634,0.04596978239715099
W37531,7MEP,0.3636147379875183,,0.3636147379875183
W37532,14Mo,,0.7961133122444153,0.7961133122444153
W37533,19Lymph,,,
W37534,2Ery,0.8701475858688354,,0.8701475858688354
W37535,15Mo,,0.6385008096694946,0.6385008096694946
W37537,3Ery,0.922162652015686,,0.922162652015686
W37538,6Ery,0.6229050755500793,,0.6229050755500793
W37539,1Ery,0.9719290733337402,,0.9719290733337402
W37540,2Ery,0.9204533100128174,,0.9204533100128174
W37541,3Ery,0.8860822916030884,,0.8860822916030884
W37542,4Ery,0.8217619061470032,,0.8217619061470032
W37545,6Ery,0.6131232976913452,,0.6131232976913452
W37546,13Baso,,,
W37548,3Ery,0.802733302116394,,0.802733302116394
W37549,5Ery,0.6664407849311829,,0.6664407849311829
W37551,14Mo,,0.6650292277336121,0.6650292277336121
W37552,13Baso,,,
W37553,13Baso,,,
W37554,3Ery,0.8181822299957275,,0.8181822299957275
W37555,4Ery,0.7502573728561401,,0.7502573728561401
W37557,7MEP,0.3799128532409668,,0.3799128532409668
W37558,10GMP,0.017419734969735146,0.1679922491312027,0.09270599205046892
W37559,11DC,,,
W37561,3Ery,0.8671563267707825,,0.8671563267707825
W37562,13Baso,,,
W37563,2Ery,0.7840293645858765,,0.7840293645858765
W37564,13Baso,,,
W37565,2Ery,0.8395797610282898,,0.8395797610282898
W37566,4Ery,0.8083244562149048,,0.8083244562149048
W37567,10GMP,0.07029847800731659,0.12326256930828094,0.09678052365779877
W37568,16Neu,,,
W37569,14Mo,,0.552415132522583,0.552415132522583
W37570,16Neu,,,
W37572,10GMP,0.14167483150959015,0.1381521373987198,0.13991348445415497
W37573,2Ery,0.7783176302909851,,0.7783176302909851
W37574,2Ery,0.8492954969406128,,0.8492954969406128
W37575,6Ery,0.576122522354126,,0.576122522354126
W37577,3Ery,0.8872648477554321,,0.8872648477554321
W37578,14Mo,,0.7880010604858398,0.7880010604858398
W37579,14Mo,,0.4667331278324127,0.4667331278324127
W37580,15Mo,,0.6561203598976135,0.6561203598976135
W37581,10GMP,0.01132698729634285,0.03133852034807205,0.02133275382220745
W37582,13Baso,,,
W37583,3Ery,0.7479848265647888,,0.7479848265647888
W37584,7MEP,0.34071072936058044,,0.34071072936058044
W37585,13Baso,,,
W37586,2Ery,0.8740251660346985,,0.8740251660346985
W37587,14Mo,,0.22739560902118683,0.22739560902118683
W37588,14Mo,,0.9225500822067261,0.9225500822067261
W37589,15Mo,,0.8202415704727173,0.8202415704727173
W37591,4Ery,0.8065754771232605,,0.8065754771232605
W37593,15Mo,,0.6688251495361328,0.6688251495361328
W37594,14Mo,,0.8301494121551514,0.8301494121551514
W37595,10GMP,0.061276648193597794,0.10529645532369614,0.08328655175864697
W37596,13Baso,,,
W37597,16Neu,,,
W37599,8Mk,0.6677489876747131,,0.6677489876747131
W37601,13Baso,,,
W37602,5Ery,0.6312451958656311,,0.6312451958656311
W37603,6Ery,0.489641934633255,,0.489641934633255
W37604,14Mo,,0.4032530188560486,0.4032530188560486
W37605,2Ery,0.82352215051651,,0.82352215051651
W37606,6Ery,0.6013786792755127,,0.6013786792755127
W37607,3Ery,0.7865633964538574,,0.7865633964538574
W37608,14Mo,,0.496849924325943,0.496849924325943
W37609,7MEP,0.36360594630241394,,0.36360594630241394
W37610,7MEP,0.359514445066452,,0.359514445066452
W37611,14Mo,,0.7947502136230469,0.7947502136230469
W37612,5Ery,0.6131378412246704,,0.6131378412246704
W37613,13Baso,,,
W37614,2Ery,0.8297335505485535,,0.8297335505485535
W37615,16Neu,,,
W37617,12Baso,,,
W37618,14Mo,,0.49352699518203735,0.49352699518203735
W37619,8Mk,0.6660404801368713,,0.6660404801368713
W37620,4Ery,0.7689225673675537,,0.7689225673675537
W37621,3Ery,0.8286731839179993,,0.8286731839179993
W37622,2Ery,0.8372169137001038,,0.8372169137001038
W37624,14Mo,,0.8373261094093323,0.8373261094093323
W37625,7MEP,0.36473503708839417,,0.36473503708839417
W37626,19Lymph,,,
W37627,7MEP,0.5081226229667664,,0.5081226229667664
W37628,10GMP,0.2770707309246063,0.20262423157691956,0.23984748125076294
W37629,13Baso,,,
W37630,2Ery,0.8617166876792908,,0.8617166876792908
W37631,2Ery,0.8968017101287842,,0.8968017101287842
W37633,3Ery,0.8243738412857056,,0.8243738412857056
W37634,3Ery,0.8136837482452393,,0.8136837482452393
W37635,6Ery,0.5843994617462158,,0.5843994617462158
W37642,7MEP,0.3261907696723938,,0.3261907696723938
W37644,8Mk,0.027290020138025284,,0.027290020138025284
W37650,2Ery,0.6211058497428894,,0.6211058497428894
W37651,1Ery,0.9235482215881348,,0.9235482215881348
W37653,9GMP,,0.06239302456378937,0.06239302456378937
W37654,13Baso,,,
W37657,15Mo,,0.7234982848167419,0.7234982848167419
W37658,6Ery,0.4178687632083893,,0.4178687632083893
W37660,13Baso,,,
W37661,3Ery,0.8193932175636292,,0.8193932175636292
W37663,16Neu,,,
W37664,14Mo,,0.7266080975532532,0.7266080975532532
W37665,5Ery,0.7464922666549683,,0.7464922666549683
W37666,7MEP,0.3529769480228424,,0.3529769480228424
W37667,13Baso,,,
W37668,4Ery,0.6789067387580872,,0.6789067387580872
W37669,13Baso,,,
W37670,2Ery,0.8278838992118835,,0.8278838992118835
W37673,15Mo,,0.5744755864143372,0.5744755864143372
W37674,7MEP,0.32585597038269043,,0.32585597038269043
W37675,3Ery,0.8322241306304932,,0.8322241306304932
W37676,10GMP,0.0496266707777977,0.0660615786910057,0.0578441247344017
W37680,13Baso,,,
W37682,3Ery,0.8067952394485474,,0.8067952394485474
W37683,1Ery,0.9046335220336914,,0.9046335220336914
W37684,13Baso,,,
W37685,13Baso,,,
W37686,7MEP,0.3597251772880554,,0.3597251772880554
W37687,16Neu,,,
W37689,14Mo,,0.5014814138412476,0.5014814138412476
W37691,3Ery,0.9224324822425842,,0.9224324822425842
W37692,2Ery,0.8592724800109863,,0.8592724800109863
W37693,1Ery,0.8890178203582764,,0.8890178203582764
W37694,13Baso,,,
W37696,15Mo,,0.6827418208122253,0.6827418208122253
W37698,8Mk,0.5195857882499695,,0.5195857882499695
W37699,2Ery,0.8936240077018738,,0.8936240077018738
W37700,14Mo,,0.9475613236427307,0.9475613236427307
W37701,14Mo,,0.8161311745643616,0.8161311745643616
W37702,14Mo,,0.6968072652816772,0.6968072652816772
W37704,9GMP,,0.06135149300098419,0.06135149300098419
W37706,14Mo,,0.8878208994865417,0.8878208994865417
W37707,14Mo,,0.25846827030181885,0.25846827030181885
W37708,2Ery,0.8387615084648132,,0.8387615084648132
W37709,7MEP,0.37871623039245605,,0.37871623039245605
W37710,2Ery,0.8866496682167053,,0.8866496682167053
W37711,16Neu,,,
W37712,10GMP,0.11719577759504318,0.21977508068084717,0.16848542913794518
W37713,6Ery,0.5208881497383118,,0.5208881497383118
W37714,2Ery,0.9004708528518677,,0.9004708528518677
W37715,15Mo,,0.6217108964920044,0.6217108964920044
W37716,14Mo,,0.47063472867012024,0.47063472867012024
W37717,15Mo,,0.7512415051460266,0.7512415051460266
W37718,3Ery,0.6506419777870178,,0.6506419777870178
W37719,12Baso,,,
W37720,2Ery,0.8205393552780151,,0.8205393552780151
W37721,13Baso,,,
W37722,13Baso,,,
W37723,7MEP,0.3244330585002899,,0.3244330585002899
W37724,6Ery,0.615141749382019,,0.615141749382019
W37725,5Ery,0.744601845741272,,0.744601845741272
W37726,2Ery,0.8061797618865967,,0.8061797618865967
W37727,19Lymph,,,
W37728,14Mo,,0.5636917352676392,0.5636917352676392
W37729,12Baso,,,
W37730,2Ery,0.8887593150138855,,0.8887593150138855
W37731,16Neu,,,
W37737,4Ery,0.7390478849411011,,0.7390478849411011
W37738,6Ery,0.5899631381034851,,0.5899631381034851
W37739,13Baso,,,
W37745,4Ery,0.757335364818573,,0.757335364818573
W37746,2Ery,0.8602964282035828,,0.8602964282035828
W37747,4Ery,0.8276074528694153,,0.8276074528694153
W37748,15Mo,,0.6439664363861084,0.6439664363861084
W37753,1Ery,0.960163414478302,,0.960163414478302
W37754,15Mo,,0.8053939938545227,0.8053939938545227
W37756,13Baso,,,
W37758,15Mo,,0.6578510999679565,0.6578510999679565
W37759,3Ery,0.862815797328949,,0.862815797328949
W37761,6Ery,0.5863600969314575,,0.5863600969314575
W37762,12Baso,,,
W37763,12Baso,,,
W37764,13Baso,,,
W37765,5Ery,0.6582810878753662,,0.6582810878753662
W37766,16Neu,,,
W37769,6Ery,0.5967004299163818,,0.5967004299163818
W37770,13Baso,,,
W37771,2Ery,0.896155595779419,,0.896155595779419
W37772,14Mo,,0.8154426217079163,0.8154426217079163
W37776,3Ery,0.6138077974319458,,0.6138077974319458
W37777,14Mo,,0.8024505376815796,0.8024505376815796
W37778,8Mk,0.33160874247550964,,0.33160874247550964
W37779,2Ery,0.8655143976211548,,0.8655143976211548
W37780,9GMP,,0.19809786975383759,0.19809786975383759
W37781,4Ery,0.6370225548744202,,0.6370225548744202
W37782,3Ery,0.6758220195770264,,0.6758220195770264
W37786,3Ery,0.8251845836639404,,0.8251845836639404
W37788,14Mo,,0.7041013240814209,0.7041013240814209
W37790,2Ery,0.8081340789794922,,0.8081340789794922
W37793,10GMP,0.08134917169809341,0.09643631428480148,0.08889274299144745
W37794,16Neu,,,
W37795,6Ery,0.5622185468673706,,0.5622185468673706
W37796,14Mo,,0.7779026627540588,0.7779026627540588
W37797,16Neu,,,
W37798,5Ery,0.7905760407447815,,0.7905760407447815
W37799,10GMP,0.041457876563072205,0.05303291976451874,0.04724539816379547
W37800,16Neu,,,
W37801,12Baso,,,
W37802,11DC,,,
W37803,15Mo,,0.624712347984314,0.624712347984314
W37804,2Ery,0.8411734104156494,,0.8411734104156494
W37805,13Baso,,,
W37806,7MEP,0.33367329835891724,,0.33367329835891724
W37807,13Baso,,,
W37809,13Baso,,,
W37811,2Ery,0.7248480319976807,,0.7248480319976807
W37812,6Ery,0.5756602883338928,,0.5756602883338928
W37813,14Mo,,0.7862579226493835,0.7862579226493835
W37817,5Ery,0.6711946725845337,,0.6711946725845337
W37818,16Neu,,,
W37819,5Ery,0.620649516582489,,0.620649516582489
W37820,6Ery,0.6283531188964844,,0.6283531188964844
W37821,18Eos,,,
W37822,14Mo,,0.6412402987480164,0.6412402987480164
W37825,14Mo,,0.655811607837677,0.655811607837677
W37826,13Baso,,,
W37828,15Mo,,0.8208262920379639,0.8208262920379639
W37830,2Ery,0.7696115970611572,,0.7696115970611572
W37833,2Ery,0.9053163528442383,,0.9053163528442383
W37835,13Baso,,,
W37838,3Ery,0.6689837574958801,,0.6689837574958801
W37841,2Ery,0.8471694588661194,,0.8471694588661194
W37842,15Mo,,0.7786997556686401,0.7786997556686401
W37843,12Baso,,,
W37844,7MEP,0.3568422794342041,,0.3568422794342041
W37847,3Ery,0.6222337484359741,,0.6222337484359741
W37848,4Ery,0.6029286980628967,,0.6029286980628967
W37849,15Mo,,0.5907195210456848,0.5907195210456848
W37850,14Mo,,0.8078439831733704,0.8078439831733704
W37851,4Ery,0.8144580721855164,,0.8144580721855164
W37852,4Ery,0.7471196055412292,,0.7471196055412292
W37853,13Baso,,,
W37854,9GMP,,0.04365692287683487,0.04365692287683487
W37857,12Baso,,,
W37858,2Ery,0.8086029291152954,,0.8086029291152954
W37859,4Ery,0.6290017366409302,,0.6290017366409302
W37860,9GMP,,0.20827366411685944,0.20827366411685944
W37861,16Neu,,,
W37863,16Neu,,,
W37864,2Ery,0.8276353478431702,,0.8276353478431702
W37865,2Ery,0.8517975807189941,,0.8517975807189941
W37866,16Neu,,,
W37867,7MEP,0.3442710340023041,,0.3442710340023041
W37868,14Mo,,0.37268397212028503,0.37268397212028503
W37870,14Mo,,0.6848922371864319,0.6848922371864319
W37872,14Mo,,0.02231365628540516,0.02231365628540516
W37873,5Ery,0.6242820024490356,,0.6242820024490356
W37874,5Ery,0.8180030584335327,,0.8180030584335327
W37875,3Ery,0.8279960751533508,,0.8279960751533508
W37876,3Ery,0.804426372051239,,0.804426372051239
W37878,2Ery,0.8604424595832825,,0.8604424595832825
W37879,18Eos,,,
W37880,14Mo,,0.6406273245811462,0.6406273245811462
W37881,3Ery,0.8160625696182251,,0.8160625696182251
W37882,14Mo,,0.5493940114974976,0.5493940114974976
W37883,14Mo,,0.504183828830719,0.504183828830719
W37885,12Baso,,,
W37886,14Mo,,0.6220288872718811,0.6220288872718811
W37887,4Ery,0.8128495812416077,,0.8128495812416077
W37888,3Ery,0.9082028269767761,,0.9082028269767761
W37889,14Mo,,0.8646410703659058,0.8646410703659058
W37890,7MEP,0.3623568117618561,,0.3623568117618561
W37891,5Ery,0.4690936803817749,,0.4690936803817749
W37892,12Baso,,,
W37893,2Ery,0.8134122490882874,,0.8134122490882874
W37894,15Mo,,0.838034451007843,0.838034451007843
W37895,14Mo,,0.5762248039245605,0.5762248039245605
W37896,3Ery,0.8102847337722778,,0.8102847337722778
W37898,14Mo,,0.7309871912002563,0.7309871912002563
W37899,2Ery,0.8594763278961182,,0.8594763278961182
W37900,3Ery,0.8385348916053772,,0.8385348916053772
W37901,2Ery,0.8905209302902222,,0.8905209302902222
W37902,16Neu,,,
W37903,7MEP,0.3673500418663025,,0.3673500418663025
W37904,2Ery,0.8492880463600159,,0.8492880463600159
W37906,10GMP,0.06327434629201889,0.12789832055568695,0.09558633342385292
W37907,7MEP,0.32912951707839966,,0.32912951707839966
W37908,5Ery,0.6132096648216248,,0.6132096648216248
W37909,5Ery,0.5379087328910828,,0.5379087328910828
W37910,13Baso,,,
W37913,6Ery,0.4724278151988983,,0.4724278151988983
W37914,7MEP,0.3879159986972809,,0.3879159986972809
W37915,3Ery,0.8181958794593811,,0.8181958794593811
W37916,10GMP,0.3533155620098114,0.23940318822860718,0.2963593751192093
W37917,5Ery,0.7682380080223083,,0.7682380080223083
W37918,5Ery,0.6651557683944702,,0.6651557683944702
W37919,1Ery,0.8491700887680054,,0.8491700887680054
W37921,13Baso,,,
W37922,15Mo,,0.8222272396087646,0.8222272396087646
W37923,3Ery,0.6298534870147705,,0.6298534870147705
W37924,6Ery,0.44627052545547485,,0.44627052545547485
W37929,14Mo,,0.5163840651512146,0.5163840651512146
W37930,11DC,,,
W37935,3Ery,0.8112416863441467,,0.8112416863441467
W37937,3Ery,0.7035698890686035,,0.7035698890686035
W37938,3Ery,0.8895067572593689,,0.8895067572593689
W37939,16Neu,,,
W37940,3Ery,0.6480250954627991,,0.6480250954627991
W37941,9GMP,,0.09545714408159256,0.09545714408159256
W37942,14Mo,,0.7542474269866943,0.7542474269866943
W37943,12Baso,,,
W37945,9GMP,,0.13363288342952728,0.13363288342952728
W37946,14Mo,,0.6400519013404846,0.6400519013404846
W37948,14Mo,,0.6212652325630188,0.6212652325630188
W37951,8Mk,0.32825809717178345,,0.32825809717178345
W37952,5Ery,0.614812970161438,,0.614812970161438
W37953,15Mo,,0.5871132612228394,0.5871132612228394
W37954,15Mo,,0.6794513463973999,0.6794513463973999
W37955,3Ery,0.883155882358551,,0.883155882358551
W37956,16Neu,,,
W37957,15Mo,,0.6407172679901123,0.6407172679901123
W37959,4Ery,0.7446009516716003,,0.7446009516716003
W37960,3Ery,0.7178273797035217,,0.7178273797035217
W37961,8Mk,0.49907186627388,,0.49907186627388
W37962,15Mo,,0.678924024105072,0.678924024105072
W37963,14Mo,,0.6116749048233032,0.6116749048233032
W37964,5Ery,0.7070723176002502,,0.7070723176002502
W37965,3Ery,0.651760995388031,,0.651760995388031
W37967,4Ery,0.628091037273407,,0.628091037273407
W37969,2Ery,0.8451916575431824,,0.8451916575431824
W37970,8Mk,0.12140908092260361,,0.12140908092260361
W37971,7MEP,0.35669782757759094,,0.35669782757759094
W37972,10GMP,0.11550924181938171,0.20282530784606934,0.15916727483272552
W37974,15Mo,,0.6274721622467041,0.6274721622467041
W37975,14Mo,,0.8702942728996277,0.8702942728996277
W37977,13Baso,,,
W37978,3Ery,0.8658304214477539,,0.8658304214477539
W37979,7MEP,0.3006897568702698,,0.3006897568702698
W37980,2Ery,0.9087831377983093,,0.9087831377983093
W37982,13Baso,,,
W37983,2Ery,0.8038315176963806,,0.8038315176963806
W37984,10GMP,0.10754363983869553,0.237807035446167,0.17267533764243126
W37985,2Ery,0.9246849417686462,,0.9246849417686462
W37986,2Ery,0.8169565200805664,,0.8169565200805664
W37988,2Ery,0.8504663705825806,,0.8504663705825806
W37989,12Baso,,,
W37990,14Mo,,0.7076171040534973,0.7076171040534973
W37991,1Ery,0.9637182950973511,,0.9637182950973511
W37992,14Mo,,0.6822678446769714,0.6822678446769714
W37993,14Mo,,0.45052841305732727,0.45052841305732727
W37994,2Ery,0.9304454922676086,,0.9304454922676086
W37995,14Mo,,0.5958134531974792,0.5958134531974792
W37996,16Neu,,,
W37997,14Mo,,0.8343665599822998,0.8343665599822998
W38000,8Mk,0.4342532455921173,,0.4342532455921173
W38001,16Neu,,,
W38002,16Neu,,,
W38003,2Ery,0.8395837545394897,,0.8395837545394897
W38004,8Mk,0.5532963275909424,,0.5532963275909424
W38005,5Ery,0.7821242213249207,,0.7821242213249207
W38006,6Ery,0.5916154384613037,,0.5916154384613037
W38007,19Lymph,,,
W38008,15Mo,,0.6156328916549683,0.6156328916549683
W38009,13Baso,,,
W38010,5Ery,0.6069337129592896,,0.6069337129592896
W38011,14Mo,,0.586510956287384,0.586510956287384
W38012,5Ery,0.7770757675170898,,0.7770757675170898
W38013,6Ery,0.5803444385528564,,0.5803444385528564
W38014,16Neu,,,
W38017,3Ery,0.9219381213188171,,0.9219381213188171
W38018,15Mo,,0.6271688938140869,0.6271688938140869
W38019,7MEP,0.3582042455673218,,0.3582042455673218
W38020,7MEP,0.3897714912891388,,0.3897714912891388
W38021,10GMP,0.020811190828680992,0.03980107605457306,0.030306133441627026
W38022,14Mo,,0.7489832043647766,0.7489832043647766
W38023,3Ery,0.9043135046958923,,0.9043135046958923
W38025,4Ery,0.7453992962837219,,0.7453992962837219
W38026,13Baso,,,
W38027,15Mo,,0.6728294491767883,0.6728294491767883
W38028,11DC,,,
W38030,17Neu,,,
W38031,4Ery,0.6908612251281738,,0.6908612251281738
W38032,6Ery,0.6822388172149658,,0.6822388172149658
W38033,3Ery,0.9091269969940186,,0.9091269969940186
W38034,3Ery,0.9234619140625,,0.9234619140625
W38035,7MEP,0.28417903184890747,,0.28417903184890747
W38036,8Mk,0.21612496674060822,,0.21612496674060822
W38037,6Ery,0.4448292553424835,,0.4448292553424835
W38038,11DC,,,
W38039,16Neu,,,
W38040,3Ery,0.8464346528053284,,0.8464346528053284
W38041,14Mo,,0.9936092495918274,0.9936092495918274
W38042,4Ery,0.7999560832977295,,0.7999560832977295
W38043,4Ery,0.8538985848426819,,0.8538985848426819
W38044,11DC,,,
W38045,3Ery,0.6012663841247559,,0.6012663841247559
W38046,14Mo,,0.8736996650695801,0.8736996650695801
W38047,15Mo,,0.8603542447090149,0.8603542447090149
W38048,3Ery,0.9238259792327881,,0.9238259792327881
W38049,10GMP,0.09233745187520981,0.12327736616134644,0.10780740901827812
W38050,6Ery,0.48669302463531494,,0.48669302463531494
W38051,2Ery,0.8105561137199402,,0.8105561137199402
W38052,16Neu,,,
W38053,15Mo,,0.6679659485816956,0.6679659485816956
W38054,7MEP,0.3324054181575775,,0.3324054181575775
W38055,3Ery,0.8534457087516785,,0.8534457087516785
W38056,10GMP,0.02934858575463295,0.08034096658229828,0.054844776168465614
W38057,3Ery,0.913337767124176,,0.913337767124176
W38058,14Mo,,0.6597263216972351,0.6597263216972351
W38059,7MEP,0.34760764241218567,,0.34760764241218567
W38060,6Ery,0.6329529285430908,,0.6329529285430908
W38061,10GMP,0.11940915137529373,0.26289618015289307,0.1911526657640934
W38062,10GMP,0.04354394972324371,0.0529211163520813,0.048232533037662506
W38063,3Ery,0.8777371048927307,,0.8777371048927307
W38064,7MEP,0.37199899554252625,,0.37199899554252625
W38065,2Ery,0.8782636523246765,,0.8782636523246765
W38066,4Ery,0.7617672085762024,,0.7617672085762024
W38067,7MEP,0.34928351640701294,,0.34928351640701294
W38068,13Baso,,,
W38069,6Ery,0.6055205464363098,,0.6055205464363098
W38070,15Mo,,0.6168137192726135,0.6168137192726135
W38071,8Mk,0.30890610814094543,,0.30890610814094543
W38072,10GMP,0.05137955769896507,0.1102936640381813,0.08083661086857319
W38073,4Ery,0.7867529392242432,,0.7867529392242432
W38074,4Ery,0.8464820384979248,,0.8464820384979248
W38075,3Ery,0.7892248630523682,,0.7892248630523682
W38076,7MEP,0.4329145848751068,,0.4329145848751068
W38077,2Ery,0.8756014108657837,,0.8756014108657837
W38078,16Neu,,,
W38079,3Ery,0.8390220403671265,,0.8390220403671265
W38080,3Ery,0.8141216039657593,,0.8141216039657593
W38081,6Ery,0.6100682020187378,,0.6100682020187378
W38082,6Ery,0.43534529209136963,,0.43534529209136963
W38083,7MEP,0.3278987407684326,,0.3278987407684326
W38084,4Ery,0.7588317394256592,,0.7588317394256592
W38085,16Neu,,,
W38086,2Ery,0.8800202012062073,,0.8800202012062073
W38087,13Baso,,,
W38088,10GMP,0.08454331010580063,0.17237500846385956,0.1284591592848301
W38090,3Ery,0.8508697748184204,,0.8508697748184204
W38091,3Ery,0.9055688977241516,,0.9055688977241516
W38092,10GMP,0.01783384010195732,0.040302824229002,0.02906833216547966
W38093,6Ery,0.5430757999420166,,0.5430757999420166
W38094,14Mo,,0.06256728619337082,0.06256728619337082
W38095,15Mo,,0.6190382838249207,0.6190382838249207
W38096,7MEP,0.3476417064666748,,0.3476417064666748
W38097,13Baso,,,
W38098,14Mo,,0.8258721828460693,0.8258721828460693
W38100,14Mo,,0.7685497403144836,0.7685497403144836
W38101,14Mo,,0.7558234333992004,0.7558234333992004
W38102,2Ery,0.8367465138435364,,0.8367465138435364
W38103,16Neu,,,
W38104,7MEP,0.3591940104961395,,0.3591940104961395
W38105,14Mo,,0.7241483330726624,0.7241483330726624
W38106,10GMP,0.07551157474517822,0.09166789799928665,0.08358973637223244
W38107,14Mo,,0.8108618259429932,0.8108618259429932
W38108,6Ery,0.5480812788009644,,0.5480812788009644
W38109,14Mo,,0.8525196313858032,0.8525196313858032
W38110,16Neu,,,
W38111,2Ery,0.8215370774269104,,0.8215370774269104
W38112,10GMP,0.046345535665750504,0.05615768954157829,0.0512516126036644
W38113,16Neu,,,
W38114,14Mo,,0.07844878733158112,0.07844878733158112
W38115,14Mo,,0.6471015810966492,0.6471015810966492
W38116,5Ery,0.6447215676307678,,0.6447215676307678
W38117,12Baso,,,
W38118,4Ery,0.8024510145187378,,0.8024510145187378
W38119,3Ery,0.8971555233001709,,0.8971555233001709
W38121,13Baso,,,
W38123,2Ery,0.8687845468521118,,0.8687845468521118
W38124,4Ery,0.762533962726593,,0.762533962726593
W38125,4Ery,0.7094233632087708,,0.7094233632087708
W38126,3Ery,0.6668431758880615,,0.6668431758880615
W38127,3Ery,0.6807452440261841,,0.6807452440261841
W38128,13Baso,,,
W38129,12Baso,,,
W38130,14Mo,,0.5199949145317078,0.5199949145317078
W38131,16Neu,,,
W38132,3Ery,0.6293731927871704,,0.6293731927871704
W38133,5Ery,0.7338261604309082,,0.7338261604309082
W38134,6Ery,0.4750009775161743,,0.4750009775161743
W38135,7MEP,0.35078468918800354,,0.35078468918800354
W38136,4Ery,0.8143215179443359,,0.8143215179443359
W38137,4Ery,0.7731292843818665,,0.7731292843818665
W38138,5Ery,0.7706478238105774,,0.7706478238105774
W38140,14Mo,,0.7593068480491638,0.7593068480491638
W38141,14Mo,,0.23906156420707703,0.23906156420707703
W38142,2Ery,0.8479925394058228,,0.8479925394058228
W38143,12Baso,,,
W38144,3Ery,0.8771315217018127,,0.8771315217018127
W38145,5Ery,0.7558246850967407,,0.7558246850967407
W38146,2Ery,0.8418591022491455,,0.8418591022491455
W38147,2Ery,0.9189015626907349,,0.9189015626907349
W38148,16Neu,,,
W38149,7MEP,0.3495449721813202,,0.3495449721813202
W38150,5Ery,0.6446520090103149,,0.6446520090103149
W38151,2Ery,0.8419322371482849,,0.8419322371482849
W38152,7MEP,0.37217074632644653,,0.37217074632644653
W38153,3Ery,0.5989170670509338,,0.5989170670509338
W38154,4Ery,0.7417261600494385,,0.7417261600494385
W38155,2Ery,0.8633151054382324,,0.8633151054382324
W38156,5Ery,0.7455410361289978,,0.7455410361289978
W38157,10GMP,0.01929972693324089,0.038685962557792664,0.028992844745516777
W38158,1Ery,0.906693160533905,,0.906693160533905
W38159,10GMP,0.10176019370555878,0.09795179218053818,0.09985599294304848
W38160,11DC,,,
W38161,16Neu,,,
W38162,2Ery,0.8273314833641052,,0.8273314833641052
W38163,2Ery,0.8371841311454773,,0.8371841311454773
W38164,2Ery,0.9777436256408691,,0.9777436256408691
W38165,5Ery,0.6214482188224792,,0.6214482188224792
W38166,5Ery,0.7451340556144714,,0.7451340556144714
W38167,14Mo,,0.8634420037269592,0.8634420037269592
W38168,14Mo,,0.8042114973068237,0.8042114973068237
W38169,16Neu,,,
W38170,10GMP,0.5785173773765564,0.2665961980819702,0.4225567877292633
W38171,14Mo,,0.8516557216644287,0.8516557216644287
W38172,14Mo,,0.718777060508728,0.718777060508728
W38173,4Ery,0.7490090727806091,,0.7490090727806091
W38175,2Ery,0.892747163772583,,0.892747163772583
W38176,6Ery,0.6263683438301086,,0.6263683438301086
W38177,2Ery,0.8339826464653015,,0.8339826464653015
W38178,19Lymph,,,
W38180,16Neu,,,
W38181,1Ery,0.8463918566703796,,0.8463918566703796
W38182,13Baso,,,
W38183,3Ery,0.8143088221549988,,0.8143088221549988
W38184,15Mo,,0.6055883765220642,0.6055883765220642
W38185,3Ery,0.8306555151939392,,0.8306555151939392
W38186,5Ery,0.7469547986984253,,0.7469547986984253
W38187,2Ery,0.8504449725151062,,0.8504449725151062
W38188,2Ery,0.8563649654388428,,0.8563649654388428
W38189,16Neu,,,
W38190,4Ery,0.7564154267311096,,0.7564154267311096
W38191,12Baso,,,
W38192,3Ery,0.8264383673667908,,0.8264383673667908
W38193,12Baso,,,
W38194,14Mo,,0.6855883002281189,0.6855883002281189
W38195,15Mo,,0.6669912338256836,0.6669912338256836
W38196,14Mo,,0.7603867053985596,0.7603867053985596
W38197,10GMP,0.05559966340661049,0.11662311106920242,0.08611138723790646
W38198,6Ery,0.6183215379714966,,0.6183215379714966
W38199,12Baso,,,
W38200,2Ery,0.8677283525466919,,0.8677283525466919
W38201,3Ery,0.8622730374336243,,0.8622730374336243
W38202,4Ery,0.7425497770309448,,0.7425497770309448
W38203,7MEP,0.36839210987091064,,0.36839210987091064
W38204,4Ery,0.8245152831077576,,0.8245152831077576
W38205,15Mo,,0.6140772104263306,0.6140772104263306
W38206,2Ery,0.8493177890777588,,0.8493177890777588
W38207,7MEP,0.3260105550289154,,0.3260105550289154
W38208,14Mo,,0.5535172820091248,0.5535172820091248
W38209,3Ery,0.7789779305458069,,0.7789779305458069
W38210,13Baso,,,
W38211,3Ery,0.9114323854446411,,0.9114323854446411
W38212,15Mo,,0.5819926261901855,0.5819926261901855
W38213,15Mo,,0.664941132068634,0.664941132068634
W38214,13Baso,,,
W38215,14Mo,,0.555152177810669,0.555152177810669
W38217,4Ery,0.9300191402435303,,0.9300191402435303
W38218,14Mo,,0.8373684287071228,0.8373684287071228
W38219,6Ery,0.43196091055870056,,0.43196091055870056
W38220,3Ery,0.8061766624450684,,0.8061766624450684
W38221,14Mo,,0.6407540440559387,0.6407540440559387
W38222,8Mk,0.341372549533844,,0.341372549533844
W38223,8Mk,0.43969306349754333,,0.43969306349754333
W38224,7MEP,0.35796695947647095,,0.35796695947647095
W38225,15Mo,,0.7345882058143616,0.7345882058143616
W38226,15Mo,,0.8361698389053345,0.8361698389053345
W38227,13Baso,,,
W38228,16Neu,,,
W38229,6Ery,0.5615992546081543,,0.5615992546081543
W38230,3Ery,0.8933588266372681,,0.8933588266372681
W38231,2Ery,0.858809769153595,,0.858809769153595
W38232,13Baso,,,
W38233,3Ery,0.903229296207428,,0.903229296207428
W38234,3Ery,0.8239997625350952,,0.8239997625350952
W38235,13Baso,,,
W38236,11DC,,,
W38237,10GMP,0.020978135988116264,0.04425002634525299,0.03261408116668463
W38238,4Ery,0.7543532848358154,,0.7543532848358154
W38239,2Ery,0.8780319690704346,,0.8780319690704346
W38240,7MEP,0.33833950757980347,,0.33833950757980347
W38241,7MEP,0.34521806240081787,,0.34521806240081787
W38242,6Ery,0.6369678974151611,,0.6369678974151611
W38243,3Ery,0.8513414859771729,,0.8513414859771729
W38244,16Neu,,,
W38245,7MEP,0.3827633559703827,,0.3827633559703827
W38246,14Mo,,0.49900004267692566,0.49900004267692566
W38247,3Ery,0.6295727491378784,,0.6295727491378784
W38248,6Ery,0.7354007959365845,,0.7354007959365845
W38249,9GMP,,0.20133334398269653,0.20133334398269653
W38250,12Baso,,,
W38251,3Ery,0.8753553628921509,,0.8753553628921509
W38252,14Mo,,0.8441998958587646,0.8441998958587646
W38253,10GMP,0.0450785867869854,0.053151290863752365,0.04911493882536888
W38254,4Ery,0.744878351688385,,0.744878351688385
W38255,7MEP,0.34957408905029297,,0.34957408905029297
W38256,6Ery,0.6023263335227966,,0.6023263335227966
W38257,14Mo,,0.6529872417449951,0.6529872417449951
W38258,14Mo,,0.9027173519134521,0.9027173519134521
W38259,4Ery,0.8438883423805237,,0.8438883423805237
W38260,3Ery,0.8474199175834656,,0.8474199175834656
W38261,3Ery,0.7750639915466309,,0.7750639915466309
W38262,2Ery,0.8418670296669006,,0.8418670296669006
W38263,16Neu,,,
W38264,3Ery,0.879324197769165,,0.879324197769165
W38266,7MEP,0.3759434223175049,,0.3759434223175049
W38267,18Eos,,,
W38268,6Ery,0.6287293434143066,,0.6287293434143066
W38269,13Baso,,,
W38270,4Ery,0.7388569116592407,,0.7388569116592407
W38271,10GMP,0.04911789670586586,0.09806335717439651,0.07359062694013119
W38272,6Ery,0.5787075757980347,,0.5787075757980347
W38273,2Ery,0.8362823724746704,,0.8362823724746704
W38274,12Baso,,,
W38275,1Ery,0.8797242641448975,,0.8797242641448975
W38276,4Ery,0.6291881799697876,,0.6291881799697876
W38277,13Baso,,,
W38278,14Mo,,0.5903720259666443,0.5903720259666443
W38279,14Mo,,0.5663169026374817,0.5663169026374817
W38280,13Baso,,,
W38282,3Ery,0.8035473227500916,,0.8035473227500916
W38283,3Ery,0.9037173390388489,,0.9037173390388489
W38284,16Neu,,,
W38285,15Mo,,0.6620480418205261,0.6620480418205261
W38286,14Mo,,0.04428078606724739,0.04428078606724739
W38287,3Ery,0.7585999965667725,,0.7585999965667725
W38288,6Ery,0.5855556130409241,,0.5855556130409241
W38289,2Ery,0.8144187927246094,,0.8144187927246094
W38290,10GMP,0.07548882067203522,0.09049324691295624,0.08299103379249573
W38291,14Mo,,0.5374246835708618,0.5374246835708618
W38292,5Ery,0.6102690696716309,,0.6102690696716309
W38293,4Ery,0.7567555904388428,,0.7567555904388428
W38294,15Mo,,0.628221333026886,0.628221333026886
W38295,13Baso,,,
W38296,15Mo,,0.8233339190483093,0.8233339190483093
W38297,13Baso,,,
W38298,14Mo,,0.7562595009803772,0.7562595009803772
W38299,12Baso,,,
W38300,16Neu,,,
W38301,13Baso,,,
W38302,6Ery,0.656154453754425,,0.656154453754425
W38303,15Mo,,0.5461590886116028,0.5461590886116028
W38304,4Ery,0.7831999659538269,,0.7831999659538269
W38305,14Mo,,0.45188844203948975,0.45188844203948975
W38306,13Baso,,,
W38307,15Mo,,0.5901745557785034,0.5901745557785034
W38308,3Ery,0.7752829790115356,,0.7752829790115356
W38309,10GMP,0.24233020842075348,0.19616582989692688,0.21924801915884018
W38310,13Baso,,,
W38311,4Ery,0.8470245599746704,,0.8470245599746704
W38313,8Mk,0.3840175271034241,,0.3840175271034241
W38314,3Ery,0.7966824173927307,,0.7966824173927307
W38315,14Mo,,0.8109346032142639,0.8109346032142639
W38316,15Mo,,0.7776978015899658,0.7776978015899658
W38318,16Neu,,,
W38319,15Mo,,0.5855503678321838,0.5855503678321838
W38320,9GMP,,0.009627478197216988,0.009627478197216988
W38321,16Neu,,,
W38322,12Baso,,,
W38323,10GMP,0.32154643535614014,0.2296096235513687,0.2755780294537544
W38324,14Mo,,0.5164154767990112,0.5164154767990112
W38326,14Mo,,0.762848436832428,0.762848436832428
W38327,14Mo,,0.8081114292144775,0.8081114292144775
W38328,7MEP,0.5068379640579224,,0.5068379640579224
W38329,15Mo,,0.8062248826026917,0.8062248826026917
W38330,17Neu,,,
W38331,2Ery,0.868730366230011,,0.868730366230011
W38332,14Mo,,0.5855501294136047,0.5855501294136047
W38333,14Mo,,0.22140318155288696,0.22140318155288696
W38334,4Ery,0.8158987760543823,,0.8158987760543823
W38335,6Ery,0.5847828984260559,,0.5847828984260559
W38336,15Mo,,0.7610171437263489,0.7610171437263489
W38337,2Ery,0.8530179262161255,,0.8530179262161255
W38338,2Ery,0.7611777186393738,,0.7611777186393738
W38339,5Ery,0.598242998123169,,0.598242998123169
W38340,2Ery,0.8374831676483154,,0.8374831676483154
W38341,2Ery,0.8590965270996094,,0.8590965270996094
W38342,14Mo,,0.8515289425849915,0.8515289425849915
W38343,2Ery,0.8530805706977844,,0.8530805706977844
W38344,14Mo,,0.6661986112594604,0.6661986112594604
W38345,15Mo,,0.7859519124031067,0.7859519124031067
W38346,5Ery,0.6893381476402283,,0.6893381476402283
W38347,6Ery,0.5944362282752991,,0.5944362282752991
W38348,13Baso,,,
W38349,6Ery,0.3983664810657501,,0.3983664810657501
W38350,13Baso,,,
W38351,5Ery,0.6186309456825256,,0.6186309456825256
W38352,15Mo,,0.7985974550247192,0.7985974550247192
W38353,3Ery,0.8348713517189026,,0.8348713517189026
W38354,10GMP,0.08317860960960388,0.09973342716693878,0.09145601838827133
W38355,2Ery,0.8536688685417175,,0.8536688685417175
W38356,14Mo,,0.8657990097999573,0.8657990097999573
W38357,2Ery,0.7455391883850098,,0.7455391883850098
W38358,14Mo,,0.04854758456349373,0.04854758456349373
W38359,2Ery,0.8495110869407654,,0.8495110869407654
W38360,2Ery,0.8872735500335693,,0.8872735500335693
W38361,2Ery,0.8509635925292969,,0.8509635925292969
W38362,5Ery,0.7491670846939087,,0.7491670846939087
W38363,14Mo,,0.7690917253494263,0.7690917253494263
W38364,1Ery,0.8583342432975769,,0.8583342432975769
W38365,5Ery,0.7696289420127869,,0.7696289420127869
W38366,4Ery,0.8024004697799683,,0.8024004697799683
W38367,2Ery,0.8268377184867859,,0.8268377184867859
W38368,10GMP,0.012674159370362759,0.036279261112213135,0.024476710241287947
W38369,2Ery,0.7565670609474182,,0.7565670609474182
W38370,2Ery,0.775584876537323,,0.775584876537323
W38372,7MEP,0.3860011696815491,,0.3860011696815491
W38373,2Ery,0.8561339974403381,,0.8561339974403381
W38374,7MEP,0.32505494356155396,,0.32505494356155396
W38375,1Ery,1.0,,1.0
W38376,7MEP,0.3451177179813385,,0.3451177179813385
W38377,9GMP,,0.11882791668176651,0.11882791668176651
W38379,2Ery,0.83402019739151,,0.83402019739151
W38380,17Neu,,,
W38381,14Mo,,0.5612187385559082,0.5612187385559082
W38382,14Mo,,0.923172652721405,0.923172652721405
W38383,13Baso,,,
W38384,7MEP,0.3635302186012268,,0.3635302186012268
W38385,16Neu,,,
W38386,2Ery,0.7984458804130554,,0.7984458804130554
W38387,2Ery,0.8643808364868164,,0.8643808364868164
W38388,7MEP,0.370315819978714,,0.370315819978714
W38389,6Ery,0.4535542130470276,,0.4535542130470276
W38390,14Mo,,0.7930817604064941,0.7930817604064941
W38391,4Ery,0.811344563961029,,0.811344563961029
W38392,6Ery,0.3894340991973877,,0.3894340991973877
W38393,2Ery,0.8759902715682983,,0.8759902715682983
W38394,4Ery,0.7608299255371094,,0.7608299255371094
W38395,1Ery,0.890807032585144,,0.890807032585144
W38396,5Ery,0.6256584525108337,,0.6256584525108337
W38397,19Lymph,,,
W38398,8Mk,0.4757366180419922,,0.4757366180419922
W38399,4Ery,0.7608916759490967,,0.7608916759490967
W38400,6Ery,0.3823869824409485,,0.3823869824409485
W38401,13Baso,,,
W38402,6Ery,0.5823743939399719,,0.5823743939399719
W38403,13Baso,,,
W38404,7MEP,0.3310689926147461,,0.3310689926147461
W38405,3Ery,0.8423582315444946,,0.8423582315444946
W38406,3Ery,0.9103308320045471,,0.9103308320045471
W38407,13Baso,,,
W38409,3Ery,0.622033417224884,,0.622033417224884
W38410,15Mo,,0.589513897895813,0.589513897895813
W38411,14Mo,,0.7676790356636047,0.7676790356636047
W38412,6Ery,0.6574283242225647,,0.6574283242225647
W38413,10GMP,0.11850851774215698,0.26339101791381836,0.19094976782798767
W38414,16Neu,,,
W38415,4Ery,0.8004445433616638,,0.8004445433616638
W38416,14Mo,,0.7692423462867737,0.7692423462867737
W38417,14Mo,,0.8359072208404541,0.8359072208404541
W38418,10GMP,0.12325839698314667,0.18162022531032562,0.15243931114673615
W38419,3Ery,0.7662617564201355,,0.7662617564201355
W38420,10GMP,0.10274741053581238,0.15273885428905487,0.12774313241243362
W38421,14Mo,,0.4823111295700073,0.4823111295700073
W38422,3Ery,0.7858840823173523,,0.7858840823173523
W38423,4Ery,0.8311851024627686,,0.8311851024627686
W38424,19Lymph,,,
W38425,14Mo,,0.6477023363113403,0.6477023363113403
W38426,3Ery,0.8484494686126709,,0.8484494686126709
W38427,15Mo,,0.5780064463615417,0.5780064463615417
W38428,15Mo,,0.5998590588569641,0.5998590588569641
W38429,10GMP,0.031299300491809845,0.0736767128109932,0.05248800665140152
W38430,15Mo,,0.6372841596603394,0.6372841596603394
W38431,15Mo,,0.605847954750061,0.605847954750061
W38433,14Mo,,0.7732213735580444,0.7732213735580444
W38434,13Baso,,,
W38435,16Neu,,,
W38436,14Mo,,0.5719390511512756,0.5719390511512756
W38437,4Ery,0.7804701328277588,,0.7804701328277588
W38438,14Mo,,0.5725668668746948,0.5725668668746948
W38439,9GMP,,0.2428705245256424,0.2428705245256424
W38440,3Ery,0.8881086707115173,,0.8881086707115173
W38441,14Mo,,0.8237653970718384,0.8237653970718384
W38443,3Ery,0.7991288304328918,,0.7991288304328918
W38444,10GMP,0.02440737560391426,0.0278533473610878,0.02613036148250103
W38445,16Neu,,,
W38446,16Neu,,,
W38447,13Baso,,,
W38448,1Ery,0.9592458009719849,,0.9592458009719849
W38449,6Ery,0.4489407539367676,,0.4489407539367676
W38450,2Ery,0.838247537612915,,0.838247537612915
W38451,14Mo,,0.4488884210586548,0.4488884210586548
W38452,2Ery,0.8478854894638062,,0.8478854894638062
W38453,14Mo,,0.5299296975135803,0.5299296975135803
W38454,5Ery,0.6170780658721924,,0.6170780658721924
W38455,2Ery,0.7772813439369202,,0.7772813439369202
W38456,9GMP,,0.11853668093681335,0.11853668093681335
W38457,13Baso,,,
W38458,2Ery,0.8592164516448975,,0.8592164516448975
W38459,3Ery,0.6225652098655701,,0.6225652098655701
W38460,16Neu,,,
W38461,13Baso,,,
W38462,14Mo,,0.7833478450775146,0.7833478450775146
W38463,4Ery,0.7481727600097656,,0.7481727600097656
W38464,3Ery,0.7857937216758728,,0.7857937216758728
W38465,6Ery,0.5124942064285278,,0.5124942064285278
W38466,7MEP,0.3603968024253845,,0.3603968024253845
W38467,10GMP,0.07525695115327835,0.3764001727104187,0.22582856193184853
W38468,4Ery,0.6703111529350281,,0.6703111529350281
W38469,2Ery,0.8423274159431458,,0.8423274159431458
W38470,16Neu,,,
W38471,12Baso,,,
W38472,19Lymph,,,
W38474,7MEP,0.3572538197040558,,0.3572538197040558
W38475,13Baso,,,
W38477,4Ery,0.7845598459243774,,0.7845598459243774
W38478,7MEP,0.37556931376457214,,0.37556931376457214
W38480,4Ery,0.7889816164970398,,0.7889816164970398
W38481,12Baso,,,
W38482,5Ery,0.5626996159553528,,0.5626996159553528
W38483,2Ery,0.7143716812133789,,0.7143716812133789
W38484,2Ery,0.8678088188171387,,0.8678088188171387
W38485,9GMP,,0.10068408399820328,0.10068408399820328
W38486,1Ery,0.9523392915725708,,0.9523392915725708
W38487,11DC,,,
W38488,3Ery,0.8203034400939941,,0.8203034400939941
W38489,14Mo,,0.506706714630127,0.506706714630127
W38491,16Neu,,,
W38492,2Ery,0.9070213437080383,,0.9070213437080383
W38493,5Ery,0.7736510634422302,,0.7736510634422302
W38494,14Mo,,0.6835607290267944,0.6835607290267944
W38495,15Mo,,0.7088139653205872,0.7088139653205872
W38496,9GMP,,0.02435334399342537,0.02435334399342537
W38497,9GMP,,0.15501148998737335,0.15501148998737335
W38498,14Mo,,0.8493756055831909,0.8493756055831909
W38500,2Ery,0.8595916628837585,,0.8595916628837585
W38501,4Ery,0.8271271586418152,,0.8271271586418152
W38502,5Ery,0.7813815474510193,,0.7813815474510193
W38503,4Ery,0.790656328201294,,0.790656328201294
W38505,3Ery,0.8741612434387207,,0.8741612434387207
W38506,16Neu,,,
W38507,2Ery,0.8545273542404175,,0.8545273542404175
W38509,16Neu,,,
W38510,2Ery,0.9154229760169983,,0.9154229760169983
W38512,13Baso,,,
W38515,2Ery,0.8306096792221069,,0.8306096792221069
W38516,6Ery,0.6000878214836121,,0.6000878214836121
W38517,6Ery,0.6010728478431702,,0.6010728478431702
W38519,14Mo,,0.7839956879615784,0.7839956879615784
W38521,2Ery,0.7206704616546631,,0.7206704616546631
W38522,2Ery,0.8638412952423096,,0.8638412952423096
W38523,8Mk,0.3275175988674164,,0.3275175988674164
W38524,8Mk,0.5774744749069214,,0.5774744749069214
W38525,14Mo,,0.7361263036727905,0.7361263036727905
W38526,14Mo,,0.7155138254165649,0.7155138254165649
W38527,1Ery,0.9298166036605835,,0.9298166036605835
W38528,4Ery,0.8523266315460205,,0.8523266315460205
W38529,7MEP,0.3819180727005005,,0.3819180727005005
W38530,16Neu,,,
W38531,16Neu,,,
W38532,14Mo,,0.41557326912879944,0.41557326912879944
W38533,3Ery,0.7893407940864563,,0.7893407940864563
W38534,2Ery,0.9052891135215759,,0.9052891135215759
W38535,16Neu,,,
W38536,17Neu,,,
W38537,6Ery,0.6227013468742371,,0.6227013468742371
W38538,2Ery,0.8474134206771851,,0.8474134206771851
W38539,14Mo,,0.4315199851989746,0.4315199851989746
W38540,16Neu,,,
W38541,7MEP,0.3736831843852997,,0.3736831843852997
W38543,2Ery,0.8222635984420776,,0.8222635984420776
W38544,3Ery,0.9090133309364319,,0.9090133309364319
W38545,2Ery,0.812900960445404,,0.812900960445404
W38546,6Ery,0.5474383234977722,,0.5474383234977722
W38547,6Ery,0.5516356825828552,,0.5516356825828552
W38548,6Ery,0.40284278988838196,,0.40284278988838196
W38549,10GMP,0.008665948174893856,0.014921545051038265,0.01179374661296606
W38550,12Baso,,,
W38551,12Baso,,,
W38552,4Ery,0.7716978192329407,,0.7716978192329407
W38553,2Ery,0.7822650671005249,,0.7822650671005249
W38554,4Ery,0.6124662160873413,,0.6124662160873413
W38555,2Ery,0.8650758266448975,,0.8650758266448975
W38556,14Mo,,0.7884102463722229,0.7884102463722229
W38558,3Ery,0.8611277937889099,,0.8611277937889099
W38559,6Ery,0.49335676431655884,,0.49335676431655884
W38560,3Ery,0.8661902546882629,,0.8661902546882629
W38561,10GMP,0.10462802648544312,0.09342662990093231,0.09902732819318771
W38563,2Ery,0.852273166179657,,0.852273166179657
W38564,14Mo,,0.662162184715271,0.662162184715271
W38565,16Neu,,,
W38567,18Eos,,,
W38568,13Baso,,,
W38569,6Ery,0.5613487362861633,,0.5613487362861633
W38570,14Mo,,0.8555464148521423,0.8555464148521423
W38571,13Baso,,,
W38572,2Ery,0.7137267589569092,,0.7137267589569092
W38573,2Ery,0.8593845367431641,,0.8593845367431641
W38575,5Ery,0.5822795629501343,,0.5822795629501343
W38576,10GMP,0.062401287257671356,0.08032893389463425,0.0713651105761528
W38577,5Ery,0.7961920499801636,,0.7961920499801636
W38578,14Mo,,0.6951063871383667,0.6951063871383667
W38579,13Baso,,,
W38580,14Mo,,0.05012032762169838,0.05012032762169838
W38581,16Neu,,,
W38582,2Ery,0.8357669115066528,,0.8357669115066528
W38583,10GMP,0.588077962398529,0.26178526878356934,0.4249316155910492
W38584,4Ery,0.7772697806358337,,0.7772697806358337
W38585,16Neu,,,
W38586,6Ery,0.392526239156723,,0.392526239156723
W38587,15Mo,,0.7239300012588501,0.7239300012588501
W38588,14Mo,,0.09294743835926056,0.09294743835926056
W38589,12Baso,,,
W38590,7MEP,0.34087079763412476,,0.34087079763412476
W38591,10GMP,0.02998454123735428,0.052211061120033264,0.04109780117869377
W38592,15Mo,,0.7481690645217896,0.7481690645217896
W38593,3Ery,0.9131317734718323,,0.9131317734718323
W38594,15Mo,,0.8711013197898865,0.8711013197898865
W38595,3Ery,0.8988985419273376,,0.8988985419273376
W38596,9GMP,,0.06623291224241257,0.06623291224241257
W38597,2Ery,0.8486138582229614,,0.8486138582229614
W38598,7MEP,0.13428032398223877,,0.13428032398223877
W38599,3Ery,0.8499257564544678,,0.8499257564544678
W38601,13Baso,,,
W38602,16Neu,,,
W38603,13Baso,,,
W38604,2Ery,0.8983672857284546,,0.8983672857284546
W38605,15Mo,,0.6303679943084717,0.6303679943084717
W38606,7MEP,0.3320508897304535,,0.3320508897304535
W38607,6Ery,0.5331308245658875,,0.5331308245658875
W38608,5Ery,0.699394702911377,,0.699394702911377
W38609,13Baso,,,
W38610,10GMP,0.052610911428928375,0.07062872499227524,0.06161981821060181
W38611,9GMP,,0.07680423557758331,0.07680423557758331
W38612,13Baso,,,
W38613,13Baso,,,
W38614,12Baso,,,
W38615,5Ery,0.745161235332489,,0.745161235332489
W38616,13Baso,,,
W38617,15Mo,,0.8363409042358398,0.8363409042358398
W38618,14Mo,,0.7842388153076172,0.7842388153076172
W38619,10GMP,0.014323596842586994,0.047999508678913116,0.031161552760750055
W38620,15Mo,,0.7243130803108215,0.7243130803108215
W38622,4Ery,0.6650338172912598,,0.6650338172912598
W38623,5Ery,0.6212612986564636,,0.6212612986564636
W38624,8Mk,0.5707943439483643,,0.5707943439483643
W38625,13Baso,,,
W38626,7MEP,0.38440823554992676,,0.38440823554992676
W38627,14Mo,,0.8186250925064087,0.8186250925064087
W38628,14Mo,,0.9481144547462463,0.9481144547462463
W38629,2Ery,0.850001871585846,,0.850001871585846
W38630,6Ery,0.5057525634765625,,0.5057525634765625
W38631,2Ery,0.8881117105484009,,0.8881117105484009
W38632,13Baso,,,
W38633,7MEP,0.31926071643829346,,0.31926071643829346
W38634,16Neu,,,
W38636,14Mo,,0.8419843316078186,0.8419843316078186
W38637,3Ery,0.6373615264892578,,0.6373615264892578
W38638,16Neu,,,
W38639,19Lymph,,,
W38640,10GMP,0.009059415198862553,0.07950058579444885,0.0442800004966557
W38643,12Baso,,,
W38644,10GMP,0.07577479630708694,0.12049391120672226,0.0981343537569046
W38645,13Baso,,,
W38646,1Ery,0.9366239309310913,,0.9366239309310913
W38647,16Neu,,,
W38648,6Ery,0.40266352891921997,,0.40266352891921997
W38649,14Mo,,0.7425926923751831,0.7425926923751831
W38650,2Ery,0.8444226384162903,,0.8444226384162903
W38651,14Mo,,0.7002912759780884,0.7002912759780884
W38652,10GMP,0.08178947865962982,0.12796111404895782,0.10487529635429382
W38653,14Mo,,0.12903794646263123,0.12903794646263123
W38654,16Neu,,,
W38655,9GMP,,0.24099105596542358,0.24099105596542358
W38656,3Ery,0.5791201591491699,,0.5791201591491699
W38657,3Ery,0.8531785011291504,,0.8531785011291504
W38659,14Mo,,0.5765793323516846,0.5765793323516846
W38660,2Ery,0.8617175221443176,,0.8617175221443176
W38662,12Baso,,,
W38663,9GMP,,0.09598469734191895,0.09598469734191895
W38664,1Ery,0.9618471264839172,,0.9618471264839172
W38666,3Ery,0.7780256867408752,,0.7780256867408752
W38668,5Ery,0.7888845205307007,,0.7888845205307007
W38669,2Ery,0.8491512537002563,,0.8491512537002563
W38670,8Mk,0.6589508056640625,,0.6589508056640625
W38672,2Ery,0.8654133081436157,,0.8654133081436157
W38673,16Neu,,,
W38674,5Ery,0.6861314177513123,,0.6861314177513123
W38675,10GMP,0.14226865768432617,0.14819422364234924,0.1452314406633377
W38676,13Baso,,,
W38677,16Neu,,,
W38678,14Mo,,0.7648438215255737,0.7648438215255737
W38679,2Ery,0.853296160697937,,0.853296160697937
W38680,5Ery,0.6506534218788147,,0.6506534218788147
W38681,15Mo,,0.7754608392715454,0.7754608392715454
W38682,7MEP,0.3684336841106415,,0.3684336841106415
W38683,15Mo,,0.6477494239807129,0.6477494239807129
W38684,5Ery,0.7408278584480286,,0.7408278584480286
W38685,6Ery,0.5830356478691101,,0.5830356478691101
W38686,5Ery,0.6204982399940491,,0.6204982399940491
W38687,2Ery,0.8353511095046997,,0.8353511095046997
W38688,3Ery,0.8117674589157104,,0.8117674589157104
W38689,15Mo,,0.8894866704940796,0.8894866704940796
W38690,7MEP,0.3837716281414032,,0.3837716281414032
W38691,3Ery,0.8178386092185974,,0.8178386092185974
W38692,15Mo,,0.844781756401062,0.844781756401062
W38693,16Neu,,,
W38694,6Ery,0.5776864290237427,,0.5776864290237427
W38695,7MEP,0.34499984979629517,,0.34499984979629517
W38697,6Ery,0.5731462240219116,,0.5731462240219116
W38698,6Ery,0.5480917692184448,,0.5480917692184448
W38699,10GMP,0.031402263790369034,0.03249675780534744,0.03194951079785824
W38700,4Ery,0.8285009264945984,,0.8285009264945984
W38701,13Baso,,,
W38702,14Mo,,0.5642642378807068,0.5642642378807068
W38703,13Baso,,,
W38704,3Ery,0.839424729347229,,0.839424729347229
W38705,6Ery,0.5733264088630676,,0.5733264088630676
W38707,8Mk,0.36383116245269775,,0.36383116245269775
W38709,14Mo,,0.7491052150726318,0.7491052150726318
W38710,2Ery,0.8469312787055969,,0.8469312787055969
W38711,9GMP,,0.1263607293367386,0.1263607293367386
W38712,6Ery,0.6131556630134583,,0.6131556630134583
W38713,15Mo,,0.6533770561218262,0.6533770561218262
W38714,13Baso,,,
W38715,3Ery,0.6622089147567749,,0.6622089147567749
W38716,16Neu,,,
W38717,2Ery,0.9236018657684326,,0.9236018657684326
W38718,9GMP,,0.06484038382768631,0.06484038382768631
W38719,14Mo,,0.5111963748931885,0.5111963748931885
W38720,3Ery,0.79469233751297,,0.79469233751297
W38721,14Mo,,0.6479486227035522,0.6479486227035522
W38722,14Mo,,0.7233456969261169,0.7233456969261169
W38723,16Neu,,,
W38724,14Mo,,0.7948826551437378,0.7948826551437378
W38726,9GMP,,0.08247341960668564,0.08247341960668564
W38727,3Ery,0.7808253765106201,,0.7808253765106201
W38728,13Baso,,,
W38729,10GMP,0.39403364062309265,0.23430894315242767,0.31417129188776016
W38730,14Mo,,0.43005526065826416,0.43005526065826416
W38732,3Ery,0.6187199354171753,,0.6187199354171753
W38733,6Ery,0.5376816987991333,,0.5376816987991333
W38734,14Mo,,0.8180508017539978,0.8180508017539978
W38735,4Ery,0.7548597455024719,,0.7548597455024719
W38736,3Ery,0.8964483737945557,,0.8964483737945557
W38737,2Ery,0.8608307242393494,,0.8608307242393494
W38738,2Ery,0.8612574338912964,,0.8612574338912964
W38739,14Mo,,0.6154887080192566,0.6154887080192566
W38740,2Ery,0.7772729396820068,,0.7772729396820068
W38741,8Mk,0.5184232592582703,,0.5184232592582703
W38742,10GMP,0.0029408333357423544,0.03332697972655296,0.01813390653114766
W38744,10GMP,0.08708213269710541,0.08932720124721527,0.08820466697216034
W38745,14Mo,,0.1562514752149582,0.1562514752149582
W38747,10GMP,0.06657606363296509,0.12440134584903717,0.09548870474100113
W38748,16Neu,,,
W38750,10GMP,0.05689529702067375,0.2696613371372223,0.16327831707894802
W38751,10GMP,0.08995570242404938,0.1293543428182602,0.10965502262115479
W38752,13Baso,,,
W38753,16Neu,,,
W38754,2Ery,0.6688047647476196,,0.6688047647476196
W38755,16Neu,,,
W38756,2Ery,0.8640385866165161,,0.8640385866165161
W38757,14Mo,,0.9934415817260742,0.9934415817260742
W38758,11DC,,,
W38759,14Mo,,0.727483868598938,0.727483868598938
W38760,11DC,,,
W38761,14Mo,,0.5301987528800964,0.5301987528800964
W38765,13Baso,,,
W38767,2Ery,0.8696655035018921,,0.8696655035018921
W38768,2Ery,0.8818879723548889,,0.8818879723548889
W38769,16Neu,,,
W38770,2Ery,0.7165873646736145,,0.7165873646736145
W38771,2Ery,0.8688965439796448,,0.8688965439796448
W38772,14Mo,,0.7564123868942261,0.7564123868942261
W38773,5Ery,0.681806743144989,,0.681806743144989
W38774,2Ery,0.7890269756317139,,0.7890269756317139
W38775,7MEP,0.37735700607299805,,0.37735700607299805
W38776,9GMP,,0.14499226212501526,0.14499226212501526
W38777,2Ery,0.8353117108345032,,0.8353117108345032
W38778,10GMP,0.06606754660606384,0.12257422506809235,0.0943208858370781
W38779,7MEP,0.3269430696964264,,0.3269430696964264
W38781,6Ery,0.4477189779281616,,0.4477189779281616
W38782,15Mo,,0.7675206065177917,0.7675206065177917
W38783,5Ery,0.7476426362991333,,0.7476426362991333
W38784,5Ery,0.7454162836074829,,0.7454162836074829
W38785,15Mo,,0.6742241978645325,0.6742241978645325
W38786,14Mo,,0.5158266425132751,0.5158266425132751
W38788,8Mk,0.6052629351615906,,0.6052629351615906
W38789,14Mo,,0.8204358220100403,0.8204358220100403
W38790,15Mo,,0.6620863080024719,0.6620863080024719
W38791,4Ery,0.6148605346679688,,0.6148605346679688
W38793,14Mo,,0.6800887584686279,0.6800887584686279
W38794,13Baso,,,
W38795,6Ery,0.5156667232513428,,0.5156667232513428
W38796,4Ery,0.8083050847053528,,0.8083050847053528
W38797,13Baso,,,
W38798,4Ery,0.8272378444671631,,0.8272378444671631
W38799,9GMP,,0.017874417826533318,0.017874417826533318
W38800,3Ery,0.9108163118362427,,0.9108163118362427
W38801,8Mk,0.5771961808204651,,0.5771961808204651
W38802,8Mk,0.7501814365386963,,0.7501814365386963
W38803,15Mo,,0.6616125702857971,0.6616125702857971
W38804,2Ery,0.8720927834510803,,0.8720927834510803
W38805,12Baso,,,
W38806,3Ery,0.6085518002510071,,0.6085518002510071
W38807,15Mo,,0.8073714375495911,0.8073714375495911
W38808,15Mo,,0.615241527557373,0.615241527557373
W38809,9GMP,,0.08534243702888489,0.08534243702888489
W38810,3Ery,0.8795480728149414,,0.8795480728149414
W38811,10GMP,0.03935832530260086,0.07964228838682175,0.059500306844711304
W38812,15Mo,,0.6908963322639465,0.6908963322639465
W38813,16Neu,,,
W38814,4Ery,0.7243833541870117,,0.7243833541870117
W38815,3Ery,0.7928276062011719,,0.7928276062011719
W38816,14Mo,,0.7375543713569641,0.7375543713569641
W38818,3Ery,0.7865398526191711,,0.7865398526191711
W38819,16Neu,,,
W38820,6Ery,0.5800978541374207,,0.5800978541374207
W38821,5Ery,0.6325548887252808,,0.6325548887252808
W38822,13Baso,,,
W38823,13Baso,,,
W38824,11DC,,,
W38825,13Baso,,,
W38826,8Mk,0.4534802734851837,,0.4534802734851837
W38827,2Ery,0.8045650720596313,,0.8045650720596313
W38828,13Baso,,,
W38829,13Baso,,,
W38830,8Mk,0.31937092542648315,,0.31937092542648315
W38831,8Mk,0.5544151067733765,,0.5544151067733765
W38832,15Mo,,0.6682952642440796,0.6682952642440796
W38833,14Mo,,0.7027570605278015,0.7027570605278015
W38834,14Mo,,0.6597320437431335,0.6597320437431335
W38835,19Lymph,,,
W38836,6Ery,0.35523489117622375,,0.35523489117622375
W38837,5Ery,0.6587226390838623,,0.6587226390838623
W38838,15Mo,,0.5718027949333191,0.5718027949333191
W38839,7MEP,0.3492424488067627,,0.3492424488067627
W38840,15Mo,,0.6771288514137268,0.6771288514137268
W38841,15Mo,,0.7084470391273499,0.7084470391273499
W38843,6Ery,0.6250213384628296,,0.6250213384628296
W38845,12Baso,,,
W38846,2Ery,0.8585500121116638,,0.8585500121116638
W38847,13Baso,,,
W38848,3Ery,0.591960608959198,,0.591960608959198
W38849,4Ery,0.7783370018005371,,0.7783370018005371
W38850,14Mo,,0.6120653748512268,0.6120653748512268
W38851,10GMP,0.008432780392467976,0.018353093415498734,0.013392936903983355
W38852,16Neu,,,
W38853,15Mo,,0.8394675850868225,0.8394675850868225
W38854,6Ery,0.3560478985309601,,0.3560478985309601
W38855,13Baso,,,
W38856,19Lymph,,,
W38858,15Mo,,0.9077617526054382,0.9077617526054382
W38859,6Ery,0.3615051805973053,,0.3615051805973053
W38860,2Ery,0.8730795979499817,,0.8730795979499817
W38861,15Mo,,0.6771141886711121,0.6771141886711121
W38862,3Ery,0.8149717450141907,,0.8149717450141907
W38863,13Baso,,,
W38864,6Ery,0.4433881342411041,,0.4433881342411041
W38865,13Baso,,,
W38866,9GMP,,0.13616696000099182,0.13616696000099182
W38867,10GMP,0.13950052857398987,0.3004870116710663,0.21999377012252808
W38868,10GMP,0.054568178951740265,0.07439471781253815,0.0644814483821392
W38869,14Mo,,0.6964004039764404,0.6964004039764404
W38870,2Ery,0.8813281655311584,,0.8813281655311584
W38871,6Ery,0.3772181272506714,,0.3772181272506714
W38872,10GMP,0.04018804803490639,0.05047343671321869,0.04533074237406254
W38873,7MEP,0.3501417636871338,,0.3501417636871338
W38874,6Ery,0.3800615072250366,,0.3800615072250366
W38875,14Mo,,0.6162517070770264,0.6162517070770264
W38876,2Ery,0.880936861038208,,0.880936861038208
W38877,2Ery,0.8494935035705566,,0.8494935035705566
W38878,7MEP,0.352823942899704,,0.352823942899704
W38879,5Ery,0.6857255101203918,,0.6857255101203918
W38880,13Baso,,,
W38881,13Baso,,,
W38882,14Mo,,0.7986713647842407,0.7986713647842407
W38883,3Ery,0.9028533697128296,,0.9028533697128296
W38884,13Baso,,,
W38886,4Ery,0.8129603862762451,,0.8129603862762451
W38887,3Ery,0.8648183345794678,,0.8648183345794678
W38889,2Ery,0.9273887276649475,,0.9273887276649475
W38890,15Mo,,0.6736321449279785,0.6736321449279785
W38891,7MEP,0.33739346265792847,,0.33739346265792847
W38892,1Ery,0.9719998240470886,,0.9719998240470886
W38893,15Mo,,0.7569686770439148,0.7569686770439148
W38894,2Ery,0.8957979083061218,,0.8957979083061218
W38895,13Baso,,,
W38896,8Mk,0.453479140996933,,0.453479140996933
W38897,9GMP,,0.12035597860813141,0.12035597860813141
W38898,19Lymph,,,
W38899,11DC,,,
W38900,8Mk,0.5065835118293762,,0.5065835118293762
W38901,17Neu,,,
W38902,13Baso,,,
W38903,13Baso,,,
W38904,13Baso,,,
W38905,3Ery,0.844802975654602,,0.844802975654602
W38906,12Baso,,,
W38907,16Neu,,,
W38908,10GMP,0.007887348532676697,0.014568643644452095,0.011227996088564396
W38909,15Mo,,0.666246235370636,0.666246235370636
W38910,7MEP,0.37283217906951904,,0.37283217906951904
W38911,13Baso,,,
W38912,13Baso,,,
W38913,14Mo,,0.6160895824432373,0.6160895824432373
W38914,16Neu,,,
W38915,3Ery,0.8034080862998962,,0.8034080862998962
W38916,7MEP,0.362521231174469,,0.362521231174469
W38917,13Baso,,,
W38918,13Baso,,,
W38919,3Ery,0.8103711009025574,,0.8103711009025574
W38920,1Ery,0.9287180304527283,,0.9287180304527283
W38921,14Mo,,0.565216600894928,0.565216600894928
W38922,15Mo,,0.7362430095672607,0.7362430095672607
W38923,10GMP,0.026513032615184784,0.04789752885699272,0.03720528073608875
W38924,15Mo,,0.6426980495452881,0.6426980495452881
W38925,4Ery,0.7579034566879272,,0.7579034566879272
W38926,9GMP,,0.12949466705322266,0.12949466705322266
W38927,14Mo,,0.5831772685050964,0.5831772685050964
W38928,9GMP,,0.24351084232330322,0.24351084232330322
W38929,13Baso,,,
W38930,10GMP,0.019320301711559296,0.021870702505111694,0.020595502108335495
W38931,9GMP,,0.10584887117147446,0.10584887117147446
W38932,5Ery,0.610546350479126,,0.610546350479126
W38933,2Ery,0.8382634520530701,,0.8382634520530701
W38934,7MEP,0.3423680067062378,,0.3423680067062378
W38935,13Baso,,,
W38937,6Ery,0.5761788487434387,,0.5761788487434387
W38938,7MEP,0.33528032898902893,,0.33528032898902893
W38939,10GMP,0.03754282742738724,0.09560921043157578,0.0665760189294815
W38940,7MEP,0.3533710241317749,,0.3533710241317749
W38941,10GMP,0.042303260415792465,0.10458382964134216,0.07344354502856731
W38942,3Ery,0.7674362063407898,,0.7674362063407898
W38943,5Ery,0.8018494844436646,,0.8018494844436646
W38944,10GMP,0.09164855629205704,0.08684772253036499,0.08924813941121101
W38945,6Ery,0.4865974485874176,,0.4865974485874176
W38946,19Lymph,,,
W38947,8Mk,0.5462858080863953,,0.5462858080863953
W38948,4Ery,0.7244381308555603,,0.7244381308555603
W38949,14Mo,,0.7637314796447754,0.7637314796447754
W38950,16Neu,,,
W38951,14Mo,,0.5770617127418518,0.5770617127418518
W38952,10GMP,0.10156390815973282,0.19194050133228302,0.14675220474600792
W38953,10GMP,0.035162705928087234,0.02388041839003563,0.029521562159061432
W38954,13Baso,,,
W38955,7MEP,0.35297176241874695,,0.35297176241874695
W38956,15Mo,,0.6906698346138,0.6906698346138
W38957,10GMP,0.04069927707314491,0.08260389417409897,0.06165158562362194
W38958,15Mo,,0.6611856818199158,0.6611856818199158
W38959,15Mo,,0.6539305448532104,0.6539305448532104
W38960,14Mo,,0.5439966320991516,0.5439966320991516
W38961,5Ery,0.6203708052635193,,0.6203708052635193
W38962,13Baso,,,
W38963,9GMP,,0.11234001815319061,0.11234001815319061
W38964,7MEP,0.3583592474460602,,0.3583592474460602
W38965,14Mo,,0.6216857433319092,0.6216857433319092
W38966,6Ery,0.6055843830108643,,0.6055843830108643
W38967,2Ery,0.8596134781837463,,0.8596134781837463
W38968,8Mk,0.44713371992111206,,0.44713371992111206
W38969,7MEP,0.36720165610313416,,0.36720165610313416
W38970,5Ery,0.6440990567207336,,0.6440990567207336
W38971,7MEP,0.2893296778202057,,0.2893296778202057
W38972,13Baso,,,
W38973,7MEP,0.38123080134391785,,0.38123080134391785
W38974,5Ery,0.6373022198677063,,0.6373022198677063
W38975,8Mk,0.4605153501033783,,0.4605153501033783
W38976,2Ery,0.8619881868362427,,0.8619881868362427
W38977,2Ery,0.8946977853775024,,0.8946977853775024
W38978,4Ery,0.7509401440620422,,0.7509401440620422
W38979,14Mo,,0.8113629221916199,0.8113629221916199
W38980,15Mo,,0.9004622101783752,0.9004622101783752
W38981,13Baso,,,
W38982,3Ery,0.8904600143432617,,0.8904600143432617
W38983,2Ery,0.8233082294464111,,0.8233082294464111
W38985,5Ery,0.5249447226524353,,0.5249447226524353
W38987,13Baso,,,
W38989,3Ery,0.769071638584137,,0.769071638584137
W38990,6Ery,0.36073410511016846,,0.36073410511016846
W38991,8Mk,0.4778090715408325,,0.4778090715408325
W38992,6Ery,0.3898642957210541,,0.3898642957210541
W38993,15Mo,,0.8817351460456848,0.8817351460456848
W38994,2Ery,0.8274043202400208,,0.8274043202400208
W38996,5Ery,0.6606306433677673,,0.6606306433677673
W38997,6Ery,0.5176371335983276,,0.5176371335983276
W38998,9GMP,,0.17887932062149048,0.17887932062149048
W38999,8Mk,0.4612751007080078,,0.4612751007080078
W39000,15Mo,,0.8202690482139587,0.8202690482139587
W39001,13Baso,,,
W39002,10GMP,0.03423148766160011,0.0595925897359848,0.04691203869879246
W39003,15Mo,,0.7621706128120422,0.7621706128120422
W39004,15Mo,,0.8175487518310547,0.8175487518310547
W39005,2Ery,0.8681227564811707,,0.8681227564811707
W39006,13Baso,,,
W39007,14Mo,,0.7615576386451721,0.7615576386451721
W39008,9GMP,,0.21051858365535736,0.21051858365535736
W39009,2Ery,0.8618500232696533,,0.8618500232696533
W39010,3Ery,0.8470672965049744,,0.8470672965049744
W39011,17Neu,,,
W39012,16Neu,,,
W39013,13Baso,,,
W39015,6Ery,0.5392743945121765,,0.5392743945121765
W39017,13Baso,,,
W39018,10GMP,0.12007705867290497,0.25807908177375793,0.18907807022333145
W39019,13Baso,,,
W39020,13Baso,,,
W39021,2Ery,0.7872500419616699,,0.7872500419616699
W39022,6Ery,0.3450852930545807,,0.3450852930545807
W39023,15Mo,,0.7475660443305969,0.7475660443305969
W39024,14Mo,,0.6512136459350586,0.6512136459350586
W39025,14Mo,,0.6741347908973694,0.6741347908973694
W39026,13Baso,,,
W39027,14Mo,,0.7526227235794067,0.7526227235794067
W39028,6Ery,0.5716853141784668,,0.5716853141784668
W39029,13Baso,,,
W39030,17Neu,,,
W39031,2Ery,0.7576491832733154,,0.7576491832733154
W39032,6Ery,0.44010594487190247,,0.44010594487190247
W39033,7MEP,0.3661056458950043,,0.3661056458950043
W39034,10GMP,0.042616017162799835,0.10412322729825974,0.07336962223052979
W39035,10GMP,0.03217385336756706,0.0498560331761837,0.04101494327187538
W39036,6Ery,0.5863421559333801,,0.5863421559333801
W39037,15Mo,,0.6640026569366455,0.6640026569366455
W39038,15Mo,,0.6805846095085144,0.6805846095085144
W39039,6Ery,0.3939385712146759,,0.3939385712146759
W39040,4Ery,0.7556241154670715,,0.7556241154670715
W39041,8Mk,0.6657199859619141,,0.6657199859619141
W39042,6Ery,0.39241209626197815,,0.39241209626197815
W39043,13Baso,,,
W39044,13Baso,,,
W39045,5Ery,0.6334030032157898,,0.6334030032157898
W39047,10GMP,0.07841082662343979,0.09305620193481445,0.08573351427912712
W39048,10GMP,0.24701084196567535,0.22759783267974854,0.23730433732271194
W39050,10GMP,0.057565540075302124,0.11547449976205826,0.08652001991868019
W39051,2Ery,0.825257420539856,,0.825257420539856
W39052,11DC,,,
W39053,16Neu,,,
W39054,14Mo,,0.5591045022010803,0.5591045022010803
W39055,5Ery,0.6231034994125366,,0.6231034994125366
W39056,10GMP,0.10486529767513275,0.19074369966983795,0.14780449867248535
W39057,6Ery,0.6076318025588989,,0.6076318025588989
W39058,2Ery,0.8523940443992615,,0.8523940443992615
W39059,10GMP,0.08318217843770981,0.09943512082099915,0.09130864962935448
W39060,15Mo,,0.8472500443458557,0.8472500443458557
W39061,16Neu,,,
W39062,6Ery,0.37283000349998474,,0.37283000349998474
W39063,19Lymph,,,
W39064,10GMP,0.10455562174320221,0.2131432145833969,0.15884941816329956
W39065,15Mo,,0.6965252757072449,0.6965252757072449
W39066,13Baso,,,
W39067,5Ery,0.5738980174064636,,0.5738980174064636
W39068,7MEP,0.36019980907440186,,0.36019980907440186
W39069,4Ery,0.7660129070281982,,0.7660129070281982
W39070,7MEP,0.286558598279953,,0.286558598279953
W39071,3Ery,0.6051201820373535,,0.6051201820373535
W39072,19Lymph,,,
W39073,13Baso,,,
W39074,13Baso,,,
W39075,13Baso,,,
W39076,3Ery,0.8266632556915283,,0.8266632556915283
W39077,1Ery,0.9270326495170593,,0.9270326495170593
W39078,15Mo,,0.7150012850761414,0.7150012850761414
W39079,8Mk,0.35803860425949097,,0.35803860425949097
W39081,7MEP,0.3439669609069824,,0.3439669609069824
W39082,7MEP,0.35183990001678467,,0.35183990001678467
W39083,13Baso,,,
W39084,13Baso,,,
W39085,5Ery,0.6322612762451172,,0.6322612762451172
W39087,6Ery,0.3840401768684387,,0.3840401768684387
W39088,15Mo,,0.834064781665802,0.834064781665802
W39089,13Baso,,,
W39090,14Mo,,0.7223504185676575,0.7223504185676575
W39091,10GMP,0.3074693977832794,0.2317323237657547,0.26960086077451706
W39092,13Baso,,,
W39093,7MEP,0.3769156038761139,,0.3769156038761139
W39094,15Mo,,0.6138712763786316,0.6138712763786316
W39095,8Mk,0.48823055624961853,,0.48823055624961853
W39096,9GMP,,0.2906244993209839,0.2906244993209839
W39097,4Ery,0.6212717294692993,,0.6212717294692993
W39098,17Neu,,,
W39099,2Ery,0.833020031452179,,0.833020031452179
W39100,14Mo,,0.6326427459716797,0.6326427459716797
W39101,15Mo,,0.7533419132232666,0.7533419132232666
W39103,14Mo,,0.5645315647125244,0.5645315647125244
W39104,6Ery,0.6273581981658936,,0.6273581981658936
W39105,6Ery,0.46997663378715515,,0.46997663378715515
W39106,10GMP,0.06986315548419952,0.07962974905967712,0.07474645227193832
W39107,6Ery,0.38948607444763184,,0.38948607444763184
W39109,13Baso,,,
W39110,6Ery,0.39474761486053467,,0.39474761486053467
W39111,12Baso,,,
W39112,3Ery,0.8499339818954468,,0.8499339818954468
W39113,13Baso,,,
W39114,13Baso,,,
W39115,16Neu,,,
W39116,10GMP,0.08993234485387802,0.12176650017499924,0.10584942251443863
W39117,16Neu,,,
W39118,13Baso,,,
W39119,5Ery,0.6099011301994324,,0.6099011301994324
W39120,2Ery,0.9003621935844421,,0.9003621935844421
W39121,9GMP,,0.4786255955696106,0.4786255955696106
W39122,16Neu,,,
W39123,8Mk,0.41080939769744873,,0.41080939769744873
W39124,11DC,,,
W39125,13Baso,,,
W39126,10GMP,0.04821476712822914,0.06388958543539047,0.05605217628180981
W39127,5Ery,0.6394131183624268,,0.6394131183624268
W39128,15Mo,,0.5895605087280273,0.5895605087280273
W39129,13Baso,,,
W39130,9GMP,,0.12632931768894196,0.12632931768894196
W39131,14Mo,,0.5627309679985046,0.5627309679985046
W39134,13Baso,,,
W39135,14Mo,,0.7575578093528748,0.7575578093528748
W39137,15Mo,,0.6560510993003845,0.6560510993003845
W39138,15Mo,,0.656939685344696,0.656939685344696
W39139,10GMP,0.051353055983781815,0.09162959456443787,0.07149132527410984
W39140,15Mo,,0.9065070152282715,0.9065070152282715
W39141,16Neu,,,
W39142,6Ery,0.5995342135429382,,0.5995342135429382
W39143,2Ery,0.8165374398231506,,0.8165374398231506
W39144,13Baso,,,
W39145,5Ery,0.3937641680240631,,0.3937641680240631
W39146,7MEP,0.3399205505847931,,0.3399205505847931
W39147,19Lymph,,,
W39148,6Ery,0.5926370620727539,,0.5926370620727539
W39149,13Baso,,,
W39150,2Ery,0.8367694616317749,,0.8367694616317749
W39151,11DC,,,
W39152,7MEP,0.3663848638534546,,0.3663848638534546
W39153,13Baso,,,
W39154,2Ery,0.7679792642593384,,0.7679792642593384
W39155,14Mo,,0.7473776340484619,0.7473776340484619
W39156,13Baso,,,
W39157,8Mk,0.5306557416915894,,0.5306557416915894
W39158,13Baso,,,
W39159,7MEP,0.23593470454216003,,0.23593470454216003
W39160,10GMP,0.06995350867509842,0.1396847367286682,0.10481912270188332
W39161,10GMP,0.054938044399023056,0.10242904722690582,0.07868354581296444
W39162,14Mo,,0.5057145953178406,0.5057145953178406
W39163,16Neu,,,
W39164,2Ery,0.7576561570167542,,0.7576561570167542
W39165,13Baso,,,
W39166,7MEP,0.3369901776313782,,0.3369901776313782
W39167,15Mo,,0.6053505539894104,0.6053505539894104
W39168,3Ery,0.8110005259513855,,0.8110005259513855
